video_id,question_id,task,question,choices,answer,correct_choice,pred_answer,pred_choice,qa_acc,realtime,n_frames_seen,n_frames_loaded,sample_fps,truncated,tokens_kept,tokens_seen,token_keep_rate,n_tokens_fed,num_blocks,n_local,kv_cache_bytes,retrieve_size,chunk_size
COIN__KtVgFXWlr4g.mp4,COIN__KtVgFXWlr4g.mp4#q0,Step Verification,Is the person in the current frame still performing the 'fit on the boards'?,"['Yes', 'No']",No,B,A) Yes,A,0.0,41.0,42,152,1.0,False,438,8232,0.0532,588,3,15000,0,64,1
COIN__KtVgFXWlr4g.mp4,COIN__KtVgFXWlr4g.mp4#q1,Procedure Recall,What actions did the person perform in sequence in the last 90 seconds?,"['apply some glue on the borads -> fit on the boards -> prepare the ground floor', 'cut the raw boards -> fit on the boards -> apply some glue on the borads', 'fit on the boards -> apply some glue on the borads -> fit on the boards -> fit on the boards', 'fit on the boards -> prepare the ground floor -> apply some glue on the borads']",fit on the boards -> apply some glue on the borads -> fit on the boards -> fit on the boards,C,C) fit on the boards -> apply some glue on the borads -> fit,C,100.0,111.0,112,152,1.0,False,517,21952,0.0236,784,4,15000,0,64,1
COIN__KtVgFXWlr4g.mp4,COIN__KtVgFXWlr4g.mp4#q2,Step Localization,How long has the person in the scene been performing the 'fit on the boards'?,"['10-11s', '13-14s', '25-26s', '18-19s']",10-11s,A,C) 25-26s,C,0.0,136.0,137,152,1.0,False,549,26852,0.0204,980,5,15000,0,64,1
COIN__KtVgFXWlr4g.mp4,COIN__KtVgFXWlr4g.mp4#q3,Goal/Step Prediction,"Based on the series of actions performed by the person in the video, what is the ultimate goal?","['lubricate a lock', 'replace faucet', 'install wood flooring', 'replace toilet seat']",install wood flooring,C,C) install wood flooring,C,100.0,151.0,152,152,1.0,False,586,29792,0.0197,1176,6,15000,0,64,1
COIN__IsZLorpTBx8.mp4,COIN__IsZLorpTBx8.mp4#q0,Procedure Recall,What actions did the person perform in sequence in the last 15 seconds?,"['pass the basketball into the hole at the first time -> dribble and lay up -> dribble in the field', 'dribble and lay up -> dribble in the field -> pass the basketball into the hole at the first time', 'pass the basketball into the hole at the first time -> dribble in the field -> dribble and lay up', 'dribble and lay up -> pass the basketball into the hole at the first time -> shoot towards the basket']",pass the basketball into the hole at the first time -> dribble in the field -> dribble and lay up,C,B) dribble and lay up -> dribble in the field -> pass the,B,0.0,39.0,40,171,1.0,False,386,7840,0.0492,392,2,15000,0,64,1
COIN__IsZLorpTBx8.mp4,COIN__IsZLorpTBx8.mp4#q1,Step Verification,Is the person in the current frame still performing the 'dribble and lay up'?,"['Yes', 'No']",No,B,B) No,B,100.0,40.0,41,171,1.0,False,390,8036,0.0485,588,3,15000,0,64,1
COIN__IsZLorpTBx8.mp4,COIN__IsZLorpTBx8.mp4#q2,Goal/Step Prediction,My goal is 'attend NBA skills challenge'. What are the next steps I should take?,"['lift the barbell from the chin over the head', 'put inner tube back', 'shoot towards the basket', 'dribble in the field']",shoot towards the basket,C,C) shoot towards the basket,C,100.0,170.0,171,171,1.0,False,847,33516,0.0253,1176,6,15000,0,64,1
COIN__g_A-eOJpwzI.mp4,COIN__g_A-eOJpwzI.mp4#q0,Step Localization,How long has the person in the scene been performing the 'add seasoning'?,"['51-52s', '11-12s', '18-19s', '14-15s']",14-15s,D,A) 51-52s,A,0.0,45.0,46,134,1.0,False,406,9016,0.045,588,3,15000,0,64,1
COIN__g_A-eOJpwzI.mp4,COIN__g_A-eOJpwzI.mp4#q1,Goal/Step Prediction,"Based on the series of actions performed by the person in the video, what is the ultimate goal?","['cook omelet', 'make salmon', 'smash garlic', 'boil noodles']",make salmon,B,B) make salmon,B,100.0,115.0,116,134,1.0,False,791,22736,0.0348,980,5,15000,0,64,1
COIN__g_A-eOJpwzI.mp4,COIN__g_A-eOJpwzI.mp4#q2,Step Verification,Is the person in the current frame still performing the 'add seasoning on the salmon'?,"['Yes', 'No']",No,B,A) Yes,A,0.0,119.0,120,134,1.0,False,801,23520,0.0341,1176,6,15000,0,64,1
COIN__g_A-eOJpwzI.mp4,COIN__g_A-eOJpwzI.mp4#q3,Procedure Recall,What actions was the person performing before the last 30 seconds?,"['unroll the dough', 'transfer the solution and label', 'place the board on each side', 'add seasoning']",add seasoning,D,D) add seasoning,D,100.0,133.0,134,134,1.0,False,829,26264,0.0316,1372,7,15000,0,64,1
COIN__WpEMLYvG2is.mp4,COIN__WpEMLYvG2is.mp4#q0,Step Verification,Is the person in the current frame still performing the 'cut oranges'?,"['Yes', 'No']",No,B,A) Yes,A,0.0,36.0,37,123,1.0,False,246,7252,0.0339,392,2,15000,0,64,1
COIN__WpEMLYvG2is.mp4,COIN__WpEMLYvG2is.mp4#q1,Step Localization,How long has the person in the scene been performing the 'juice the oranges'?,"['24-25s', '29-30s', '13-14s', '41-42s']",24-25s,A,A) 24-25s,A,100.0,57.0,58,123,1.0,False,263,11368,0.0231,588,3,15000,0,64,1
COIN__WpEMLYvG2is.mp4,COIN__WpEMLYvG2is.mp4#q2,Goal/Step Prediction,My goal is 'make orange juice'. What are the next steps I should take?,"['cut oranges', 'put rubber on paddle', 'pour the orange juice into the cup', 'pour the wax into the vessel']",pour the orange juice into the cup,C,A) cut oranges,A,0.0,113.0,114,123,1.0,False,332,22344,0.0149,784,4,15000,0,64,1
COIN__WpEMLYvG2is.mp4,COIN__WpEMLYvG2is.mp4#q3,Procedure Recall,What goal was achieved in this video?,"['make coffee', 'make tea', 'make matcha tea', 'make orange juice']",make orange juice,D,D) make orange juice,D,100.0,122.0,123,123,1.0,False,348,24108,0.0144,980,5,15000,0,64,1
COIN__SaID5RamHt8.mp4,COIN__SaID5RamHt8.mp4#q0,Step Localization,How long has the person in the scene been performing the 'expand the flag'?,"['24-25s', '10-11s', '15-16s', '13-14s']",13-14s,D,A) 24-25s,A,0.0,13.0,14,75,1.0,False,229,2744,0.0835,392,2,15000,0,64,1
COIN__SaID5RamHt8.mp4,COIN__SaID5RamHt8.mp4#q1,Procedure Recall,Did the person follow the correct procedure to achieve the 'raise flag'?,"['Yes', 'No']",Yes,A,A) Yes,A,100.0,71.0,72,75,1.0,False,315,14112,0.0223,588,3,15000,0,64,1
COIN__SaID5RamHt8.mp4,COIN__SaID5RamHt8.mp4#q2,Step Verification,Is the person in the current frame still performing the 'raise the national flag'?,"['Yes', 'No']",No,B,A) Yes,A,0.0,74.0,75,75,1.0,False,331,14700,0.0225,784,4,15000,0,64,1
COIN__LLmYOcGdSvY.mp4,COIN__LLmYOcGdSvY.mp4#q0,Step Verification,Is the person in the current frame still performing the 'replace with the new drumhead'?,"['Yes', 'No']",Yes,A,A) Yes,A,100.0,74.0,75,153,1.0,False,506,14700,0.0344,588,3,15000,0,64,1
COIN__LLmYOcGdSvY.mp4,COIN__LLmYOcGdSvY.mp4#q1,Step Localization,How long has the person in the scene been performing the 'replace with the new drumhead'?,"['6-7s', '52-53s', '20-21s', '16-17s']",52-53s,B,D) 16-17s,D,0.0,85.0,86,153,1.0,False,524,16856,0.0311,784,4,15000,0,64,1
COIN__LLmYOcGdSvY.mp4,COIN__LLmYOcGdSvY.mp4#q2,Procedure Recall,What goal was achieved in this video?,"['replace drumhead', 'pitch a tent', 'prepare canvas', 'make chinese lantern']",replace drumhead,A,A) replace drumhead,A,100.0,152.0,153,153,1.0,False,686,29988,0.0229,980,5,15000,0,64,1
COIN__KyhiOivHI9k.mp4,COIN__KyhiOivHI9k.mp4#q0,Step Localization,How long has the person in the scene been performing the 'replace the battery'?,"['18-19s', '5-6s', '53-54s', '14-15s']",18-19s,A,D) 14-15s,D,0.0,19.0,20,82,1.0,False,293,3920,0.0747,392,2,15000,0,64,1
COIN__KyhiOivHI9k.mp4,COIN__KyhiOivHI9k.mp4#q1,Step Verification,Is the person in the current frame still performing the 'replace the battery'?,"['Yes', 'No']",Yes,A,A) Yes,A,100.0,20.0,21,82,1.0,False,300,4116,0.0729,588,3,15000,0,64,1
COIN__KyhiOivHI9k.mp4,COIN__KyhiOivHI9k.mp4#q2,Procedure Recall,What goal was achieved in this video?,"['replace battery on key to car', 'change battery of watch', 'use tapping gun', 'resize watch band']",change battery of watch,B,B) change battery of watch,B,100.0,81.0,82,82,1.0,False,503,16072,0.0313,980,5,15000,0,64,1
COIN__1jkA5Zr6NNs.mp4,COIN__1jkA5Zr6NNs.mp4#q0,Step Localization,How long has the person in the scene been performing the 'draw lines to mark the hole'?,"['10-11s', '55-56s', '13-14s', '17-18s']",17-18s,D,C) 13-14s,C,0.0,59.0,60,130,1.0,False,447,11760,0.038,588,3,15000,0,64,1
COIN__1jkA5Zr6NNs.mp4,COIN__1jkA5Zr6NNs.mp4#q1,Step Verification,Is the person in the current frame still performing the 'draw lines to mark the hole'?,"['Yes', 'No']",Yes,A,B) No,B,0.0,61.0,62,130,1.0,False,463,12152,0.0381,784,4,15000,0,64,1
COIN__1jkA5Zr6NNs.mp4,COIN__1jkA5Zr6NNs.mp4#q2,Procedure Recall,What goal was achieved in this video?,"['clean toilet', 'clean hamster cage', 'drill hole', 'iron clothes']",drill hole,C,C) drill hole,C,100.0,129.0,130,130,1.0,False,621,25480,0.0244,980,5,15000,0,64,1
COIN__avDdmIzMuvg.mp4,COIN__avDdmIzMuvg.mp4#q0,Step Localization,How long has the person in the scene been performing the 'remove the original protector'?,"['6-7s', '20-21s', '9-10s', '13-14s']",6-7s,A,A) 6-7s,A,100.0,85.0,86,189,1.0,False,545,16856,0.0323,588,3,15000,0,64,1
COIN__avDdmIzMuvg.mp4,COIN__avDdmIzMuvg.mp4#q1,Step Verification,Is the person in the current frame still performing the 'remove the original protector'?,"['Yes', 'No']",No,B,A) Yes,A,0.0,97.0,98,189,1.0,False,571,19208,0.0297,784,4,15000,0,64,1
COIN__avDdmIzMuvg.mp4,COIN__avDdmIzMuvg.mp4#q2,Procedure Recall,Which action did the person perform for the longest duration in the last 60 seconds?,"['fall to the ground', 'fry eggs', 'wipe screen again', 'paste protector on the screen']",paste protector on the screen,D,D) paste protector on the screen,D,100.0,105.0,106,189,1.0,False,584,20776,0.0281,980,5,15000,0,64,1
COIN__avDdmIzMuvg.mp4,COIN__avDdmIzMuvg.mp4#q3,Goal/Step Prediction,"Based on the series of actions performed by the person in the video, what is the ultimate goal?","['refill a stapler', 'replace SIM card', 'make RJ45 cable', 'replace mobile screen protector']",replace mobile screen protector,D,D) replace mobile screen protector,D,100.0,188.0,189,189,1.0,False,773,37044,0.0209,1176,6,15000,0,64,1
COIN__Ukw1Iqk5rek.mp4,COIN__Ukw1Iqk5rek.mp4#q0,Step Localization,How long has the person in the scene been performing the 'turn off the balde screw'?,"['6-7s', '13-14s', '33-34s', '40-41s']",13-14s,B,B) 13-14s,B,100.0,70.0,71,149,1.0,False,463,13916,0.0333,588,3,15000,0,64,1
COIN__Ukw1Iqk5rek.mp4,COIN__Ukw1Iqk5rek.mp4#q1,Step Verification,Is the person in the current frame still performing the 'install the new blade'?,"['Yes', 'No']",Yes,A,B) No,B,0.0,106.0,107,149,1.0,False,587,20972,0.028,784,4,15000,0,64,1
COIN__Ukw1Iqk5rek.mp4,COIN__Ukw1Iqk5rek.mp4#q2,Procedure Recall,How long has the person been performing the 'install the new blade' in the last 60 seconds?,"['13-14s', '31-32s', '6-7s', '4-5s']",31-32s,B,C) 6-7s,C,0.0,125.0,126,149,1.0,False,648,24696,0.0262,980,5,15000,0,64,1
COIN__Ukw1Iqk5rek.mp4,COIN__Ukw1Iqk5rek.mp4#q3,Goal/Step Prediction,"Based on the series of actions performed by the person in the video, what is the ultimate goal?","['replace blade of a saw', 'replace hard disk', 'replace filter for air purifier', 'replace electrical outlet']",replace blade of a saw,A,A) replace blade of a saw,A,100.0,148.0,149,149,1.0,False,690,29204,0.0236,1176,6,15000,0,64,1
COIN__PunxuZf6P1M.mp4,COIN__PunxuZf6P1M.mp4#q0,Step Verification,Is the person in the current frame still performing the 'pull the ears outwards'?,"['Yes', 'No']",No,B,A) Yes,A,0.0,144.0,145,146,1.0,False,1167,28420,0.0411,1176,6,15000,0,64,1
COIN__PunxuZf6P1M.mp4,COIN__PunxuZf6P1M.mp4#q1,Procedure Recall,What goal was achieved in this video?,"['use neti pot', 'use earplugs', 'draw blood', 'wash hair']",use earplugs,B,B) use earplugs,B,100.0,145.0,146,146,1.0,False,1179,28616,0.0412,1372,7,15000,0,64,1
COIN__Q-uCII9Rtz0.mp4,COIN__Q-uCII9Rtz0.mp4#q0,Step Verification,Is the person in the current frame still performing the 'unscrew the screws used to fix the screen'?,"['Yes', 'No']",No,B,A) Yes,A,0.0,58.5,59,95,1.0,False,473,11564,0.0409,588,3,15000,0,64,1
COIN__Q-uCII9Rtz0.mp4,COIN__Q-uCII9Rtz0.mp4#q1,Goal/Step Prediction,My goal is 'replace laptop screen'. What are the next steps I should take?,"['fasten the strap', 'close the front door or cover of the printer', 'unscrew the screws used to fix the screen', 'install the new screen']",install the new screen,D,C) unscrew the screws used to fix the screen,C,0.0,68.0,69,95,1.0,False,503,13524,0.0372,784,4,15000,0,64,1
COIN__Q-uCII9Rtz0.mp4,COIN__Q-uCII9Rtz0.mp4#q2,Step Localization,How long has the person in the scene been performing the 'reset and screw on the screws'?,"['31-32s', '6-7s', '12-13s', '29-30s']",6-7s,B,D) 29-30s,D,0.0,82.0,83,95,1.0,False,544,16268,0.0334,980,5,15000,0,64,1
COIN__Q-uCII9Rtz0.mp4,COIN__Q-uCII9Rtz0.mp4#q3,Procedure Recall,Did the person follow the correct procedure to achieve the 'replace laptop screen'?,"['Yes', 'No']",Yes,A,A) Yes,A,100.0,94.0,95,95,1.0,False,562,18620,0.0302,1176,6,15000,0,64,1
COIN__lIWz4YiPDEE.mp4,COIN__lIWz4YiPDEE.mp4#q0,Step Verification,Is the person in the current frame still performing the 'paste and level the wallpaper'?,"['Yes', 'No']",Yes,A,A) Yes,A,100.0,170.0,171,205,1.0,False,1167,33516,0.0348,1176,6,15000,0,64,1
COIN__lIWz4YiPDEE.mp4,COIN__lIWz4YiPDEE.mp4#q1,Procedure Recall,How long has the person been performing the 'crop the wallpaper' in the last 60 seconds?,"['71-72s', '19-20s', '24-25s', '5-6s']",5-6s,D,D) 5-6s,D,100.0,175.0,176,205,1.0,False,1197,34496,0.0347,1372,7,15000,0,64,1
COIN__lIWz4YiPDEE.mp4,COIN__lIWz4YiPDEE.mp4#q2,Step Localization,How long has the person in the scene been performing the 'crop the wallpaper'?,"['12-13s', '5-6s', '10-11s', '24-25s']",12-13s,A,C) 10-11s,C,0.0,182.0,183,205,1.0,False,1228,35868,0.0342,1568,8,15000,0,64,1
COIN__lIWz4YiPDEE.mp4,COIN__lIWz4YiPDEE.mp4#q3,Goal/Step Prediction,"Based on the series of actions performed by the person in the video, what is the ultimate goal?","['hang wallpaper', 'use triple beam balance', 'wrap gift box', 'make flower press']",hang wallpaper,A,A) hang wallpaper,A,100.0,204.0,205,205,1.0,False,1355,40180,0.0337,1764,9,15000,0,64,1
COIN__b2H8ph_FnTE.mp4,COIN__b2H8ph_FnTE.mp4#q0,Step Verification,Is the person in the current frame still performing the 'prepare and add the tea'?,"['Yes', 'No']",No,B,B) No,B,100.0,44.0,45,89,1.0,False,337,8820,0.0382,392,2,15000,0,64,1
COIN__b2H8ph_FnTE.mp4,COIN__b2H8ph_FnTE.mp4#q1,Goal/Step Prediction,"Based on the series of actions performed by the person in the video, what is the ultimate goal?","['make sugar coated haws', 'make tea', 'make cookie', 'make chocolate']",make tea,B,B) make tea,B,100.0,84.0,85,89,1.0,False,368,16660,0.0221,588,3,15000,0,64,1
COIN__b2H8ph_FnTE.mp4,COIN__b2H8ph_FnTE.mp4#q2,Procedure Recall,Which action did the person perform for the longest duration in the last 30 seconds?,"['dig a pit with proper size', 'pour the tea into the vessel', 'add some water to the tea', 'put in the oil to fry']",add some water to the tea,C,B) pour the tea into the vessel,B,0.0,87.0,88,89,1.0,False,369,17248,0.0214,784,4,15000,0,64,1
COIN__b2H8ph_FnTE.mp4,COIN__b2H8ph_FnTE.mp4#q3,Step Localization,How long has the person in the scene been performing the 'pour the tea into the vessel'?,"['8-9s', '19-20s', '5-6s', '33-34s']",5-6s,C,C) 5-6s,C,100.0,88.0,89,89,1.0,False,370,17444,0.0212,980,5,15000,0,64,1
COIN__upjoZBy9tf0.mp4,COIN__upjoZBy9tf0.mp4#q0,Goal/Step Prediction,My goal is 'perform CPR'. What are the next steps I should take?,"['check the breath of the patient', 'stir the ingredients', 'take out the slice of bread', 'do artificial breathing to the patient']",do artificial breathing to the patient,D,D) do artificial breathing to the patient,D,100.0,14.0,15,22,1.0,False,257,2940,0.0874,392,2,15000,0,64,1
COIN__upjoZBy9tf0.mp4,COIN__upjoZBy9tf0.mp4#q1,Procedure Recall,Which action did the person perform for the longest duration in the last 15 seconds?,"['sow on the soil', 'check the breath of the patient', 'rub back and forth with potatoes or rust remover', 'do artificial breathing to the patient']",do artificial breathing to the patient,D,D) do artificial breathing to the patient,D,100.0,16.0,17,22,1.0,False,261,3332,0.0783,588,3,15000,0,64,1
COIN__upjoZBy9tf0.mp4,COIN__upjoZBy9tf0.mp4#q2,Step Verification,Is the person in the current frame still performing the 'do artificial breathing to the patient'?,"['Yes', 'No']",No,B,A) Yes,A,0.0,21.0,22,22,1.0,False,281,4312,0.0652,784,4,15000,0,64,1
COIN__2ESPauwYUnQ.mp4,COIN__2ESPauwYUnQ.mp4#q0,Step Localization,How long has the person in the scene been performing the 'iron the cloths with the iron'?,"['18-19s', '15-16s', '12-13s', '7-8s']",7-8s,D,D) 7-8s,D,100.0,23.0,24,31,1.0,False,201,4704,0.0427,392,2,15000,0,64,1
COIN__2ESPauwYUnQ.mp4,COIN__2ESPauwYUnQ.mp4#q1,Procedure Recall,Did the person follow the correct procedure to achieve the 'clean leather seat'?,"['Yes', 'No']",No,B,B) No,B,100.0,29.0,30,31,1.0,False,203,5880,0.0345,588,3,15000,0,64,1
COIN__2ESPauwYUnQ.mp4,COIN__2ESPauwYUnQ.mp4#q2,Step Verification,Is the person in the current frame still performing the 'iron the cloths with the iron'?,"['Yes', 'No']",No,B,B) No,B,100.0,33.0,31,31,1.0,True,203,6076,0.0334,588,3,15000,0,64,1
COIN__OCFe6dROvq4.mp4,COIN__OCFe6dROvq4.mp4#q0,Step Verification,Is the person in the current frame still performing the 'put the thread on the spool'?,"['Yes', 'No']",Yes,A,B) No,B,0.0,45.0,46,76,1.0,False,306,9016,0.0339,392,2,15000,0,64,1
COIN__OCFe6dROvq4.mp4,COIN__OCFe6dROvq4.mp4#q1,Step Localization,How long has the person in the scene been performing the 'twine round the thread'?,"['14-15s', '59-60s', '7-8s', '11-12s']",14-15s,A,C) 7-8s,C,0.0,60.0,61,76,1.0,False,362,11956,0.0303,588,3,15000,0,64,1
COIN__OCFe6dROvq4.mp4,COIN__OCFe6dROvq4.mp4#q2,Procedure Recall,Which action did the person perform for the longest duration in the last 30 seconds?,"['expand the flag', 'thread thorugh the needle', 'twine round the thread', 'clean up the interior of thepumpkin']",twine round the thread,C,B) thread thorugh the needle,B,0.0,75.0,76,76,1.0,False,456,14896,0.0306,784,4,15000,0,64,1
COIN__wq0bNYQKpCY.mp4,COIN__wq0bNYQKpCY.mp4#q0,Step Verification,Is the person in the current frame still performing the 'pour the egg into the pot'?,"['Yes', 'No']",Yes,A,A) Yes,A,100.0,44.0,45,124,1.0,False,527,8820,0.0598,588,3,15000,0,64,1
COIN__wq0bNYQKpCY.mp4,COIN__wq0bNYQKpCY.mp4#q1,Step Localization,How long has the person in the scene been performing the 'fry eggs'?,"['9-10s', '16-17s', '50-51s', '5-6s']",5-6s,D,D) 5-6s,D,100.0,51.0,52,124,1.0,False,573,10192,0.0562,784,4,15000,0,64,1
COIN__wq0bNYQKpCY.mp4,COIN__wq0bNYQKpCY.mp4#q2,Procedure Recall,What goal was achieved in this video?,"['make french fries', 'boil noodles', 'make salmon', 'cook omelet']",cook omelet,D,D) cook omelet,D,100.0,123.0,124,124,1.0,False,928,24304,0.0382,1176,6,15000,0,64,1
COIN__2y1mQz3nTAU.mp4,COIN__2y1mQz3nTAU.mp4#q0,Step Localization,How long has the person in the scene been performing the 'put the sample to be measured on the balance'?,"['54-55s', '7-8s', '20-21s', '9-10s']",54-55s,A,B) 7-8s,B,0.0,53.0,54,131,1.0,False,283,10584,0.0267,392,2,15000,0,64,1
COIN__2y1mQz3nTAU.mp4,COIN__2y1mQz3nTAU.mp4#q1,Step Verification,Is the person in the current frame still performing the 'put the weight until the balance is balanced'?,"['Yes', 'No']",Yes,A,A) Yes,A,100.0,115.0,116,131,1.0,False,357,22736,0.0157,588,3,15000,0,64,1
COIN__2y1mQz3nTAU.mp4,COIN__2y1mQz3nTAU.mp4#q2,Procedure Recall,What goal was achieved in this video?,"['set up a hamster cage', 'use analytical balance', 'use triple beam balance', 'make paper dice']",use triple beam balance,C,C) use triple beam balance,C,100.0,130.0,131,131,1.0,False,373,25676,0.0145,784,4,15000,0,64,1
COIN__9oZ8EEr-w2o.mp4,COIN__9oZ8EEr-w2o.mp4#q0,Step Localization,How long has the person in the scene been performing the 'check the old chain'?,"['85-86s', '32-33s', '6-7s', '16-17s']",6-7s,C,C) 6-7s,C,100.0,59.0,60,169,1.0,False,550,11760,0.0468,588,3,15000,0,64,1
COIN__9oZ8EEr-w2o.mp4,COIN__9oZ8EEr-w2o.mp4#q1,Step Verification,Is the person in the current frame still performing the 'check the old chain'?,"['Yes', 'No']",Yes,A,A) Yes,A,100.0,61.0,62,169,1.0,False,561,12152,0.0462,784,4,15000,0,64,1
COIN__9oZ8EEr-w2o.mp4,COIN__9oZ8EEr-w2o.mp4#q2,Procedure Recall,Did the person follow the correct procedure to achieve the 'change bike chain'?,"['Yes', 'No']",Yes,A,A) Yes,A,100.0,168.0,169,169,1.0,False,944,33124,0.0285,1176,6,15000,0,64,1
COIN__eB6ZjmlmEG0.mp4,COIN__eB6ZjmlmEG0.mp4#q0,Step Verification,Is the person in the current frame still performing the 'soak and wash the rice'?,"['Yes', 'No']",No,B,A) Yes,A,0.0,56.0,57,81,1.0,False,511,11172,0.0457,588,3,15000,0,64,1
COIN__eB6ZjmlmEG0.mp4,COIN__eB6ZjmlmEG0.mp4#q1,Procedure Recall,Which action did the person perform for the longest duration in the last 30 seconds?,"['install the door', 'cook the rice by rice cooker', 'tighten the blade screw', 'soak and wash the rice']",soak and wash the rice,D,D) soak and wash the rice,D,100.0,64.0,65,81,1.0,False,548,12740,0.043,784,4,15000,0,64,1
COIN__eB6ZjmlmEG0.mp4,COIN__eB6ZjmlmEG0.mp4#q2,Step Localization,How long has the person in the scene been performing the 'put the washed rice into the rice cooker'?,"['10-11s', '17-18s', '13-14s', '23-24s']",23-24s,D,C) 13-14s,C,0.0,74.0,75,81,1.0,False,583,14700,0.0397,980,5,15000,0,64,1
COIN__eB6ZjmlmEG0.mp4,COIN__eB6ZjmlmEG0.mp4#q3,Goal/Step Prediction,My goal is 'use rice cooker to cook rice'. What are the next steps I should take?,"['put the washed rice into the rice cooker', 'cook the rice by rice cooker', 'lift the barbell directly over the head', 'take out the shell']",cook the rice by rice cooker,B,A) put the washed rice into the rice cooker,A,0.0,80.0,81,81,1.0,False,606,15876,0.0382,1176,6,15000,0,64,1
COIN__WQKsdi8jpUM.mp4,COIN__WQKsdi8jpUM.mp4#q0,Step Localization,How long has the person in the scene been performing the 'place gasket at injury'?,"['7-8s', '13-14s', '25-26s', '22-23s']",7-8s,A,A) 7-8s,A,100.0,9.0,10,35,1.0,False,212,1960,0.1082,392,2,15000,0,64,1
COIN__WQKsdi8jpUM.mp4,COIN__WQKsdi8jpUM.mp4#q1,Step Verification,Is the person in the current frame still performing the 'place gasket at injury'?,"['Yes', 'No']",No,B,A) Yes,A,0.0,12.0,13,35,1.0,False,223,2548,0.0875,588,3,15000,0,64,1
COIN__WQKsdi8jpUM.mp4,COIN__WQKsdi8jpUM.mp4#q2,Procedure Recall,Did the person follow the correct procedure to achieve the 'shave beard'?,"['Yes', 'No']",No,B,B) No,B,100.0,34.0,35,35,1.0,False,404,6860,0.0589,784,4,15000,0,64,1
COIN__eSCMGTYhJeg.mp4,COIN__eSCMGTYhJeg.mp4#q0,Step Localization,How long has the person in the scene been performing the 'unscrew the screw and take out the needle'?,"['9-10s', '14-15s', '11-12s', '29-30s']",14-15s,B,A) 9-10s,A,0.0,78.0,79,132,1.0,False,501,15484,0.0324,588,3,15000,0,64,1
COIN__eSCMGTYhJeg.mp4,COIN__eSCMGTYhJeg.mp4#q1,Procedure Recall,What actions did the person not perform in the last 60 seconds?,"['unscrew the screw and take out the needle', 'screw on the screw', 'let the flat side of the new needle towards the jack and insert the new needle', 'cut the packing paper']",cut the packing paper,D,D) cut the packing paper,D,100.0,127.0,128,132,1.0,False,683,25088,0.0272,784,4,15000,0,64,1
COIN__eSCMGTYhJeg.mp4,COIN__eSCMGTYhJeg.mp4#q2,Step Verification,Is the person in the current frame still performing the 'screw on the screw'?,"['Yes', 'No']",No,B,B) No,B,100.0,131.0,132,132,1.0,False,694,25872,0.0268,980,5,15000,0,64,1
COIN__Aj8iLckSntc.mp4,COIN__Aj8iLckSntc.mp4#q0,Step Verification,Is the person in the current frame still performing the 'pick up the button'?,"['Yes', 'No']",Yes,A,B) No,B,0.0,52.0,53,55,1.0,False,265,10388,0.0255,392,2,15000,0,64,1
COIN__Aj8iLckSntc.mp4,COIN__Aj8iLckSntc.mp4#q1,Procedure Recall,Did the person follow the correct procedure to achieve the 'clean laptop keyboard'?,"['Yes', 'No']",Yes,A,B) No,B,0.0,54.0,55,55,1.0,False,267,10780,0.0248,588,3,15000,0,64,1
COIN__HlwAARAdM2c.mp4,COIN__HlwAARAdM2c.mp4#q0,Step Localization,How long has the person in the scene been performing the 'scratch scales'?,"['71-72s', '5-6s', '12-13s', '29-30s']",12-13s,C,B) 5-6s,B,0.0,59.0,60,156,1.0,False,311,11760,0.0264,392,2,15000,0,64,1
COIN__HlwAARAdM2c.mp4,COIN__HlwAARAdM2c.mp4#q1,Step Verification,Is the person in the current frame still performing the 'scratch scales'?,"['Yes', 'No']",Yes,A,B) No,B,0.0,65.0,66,156,1.0,False,315,12936,0.0244,588,3,15000,0,64,1
COIN__HlwAARAdM2c.mp4,COIN__HlwAARAdM2c.mp4#q2,Procedure Recall,How long has the person been performing the 'remove the intestines and blood vessels' in the last 90 seconds?,"['49-50s', '28-29s', '11-12s', '76-77s']",11-12s,C,A) 49-50s,A,0.0,147.0,148,156,1.0,False,477,29008,0.0164,784,4,15000,0,64,1
COIN__HlwAARAdM2c.mp4,COIN__HlwAARAdM2c.mp4#q3,Goal/Step Prediction,My goal is 'clean fish'. What are the next steps I should take?,"['remove the gill', 'clean the scratch', 'clean toys and hamster cages', 'cut the head']",cut the head,D,D) cut the head,D,100.0,155.0,156,156,1.0,False,487,30576,0.0159,980,5,15000,0,64,1
COIN__3JkTv99kpvo.mp4,COIN__3JkTv99kpvo.mp4#q0,Step Verification,Is the person in the current frame still performing the 'insert a new toner cartridge'?,"['Yes', 'No']",No,B,A) Yes,A,0.0,49.0,50,50,1.0,False,402,9800,0.041,588,3,15000,0,64,1
COIN__3JkTv99kpvo.mp4,COIN__3JkTv99kpvo.mp4#q1,Procedure Recall,Did the person follow the correct procedure to achieve the 'replace blade of a saw'?,"['Yes', 'No']",No,B,B) No,B,100.0,49.0,50,50,1.0,False,402,9800,0.041,588,3,15000,0,64,1
COIN__eQexbZvfFj0.mp4,COIN__eQexbZvfFj0.mp4#q0,Step Verification,Is the person in the current frame still performing the 'take out the shell'?,"['Yes', 'No']",No,B,A) Yes,A,0.0,33.0,34,80,1.0,False,340,6664,0.051,392,2,15000,0,64,1
COIN__eQexbZvfFj0.mp4,COIN__eQexbZvfFj0.mp4#q1,Procedure Recall,Did the person follow the correct procedure to achieve the 'replace laptop screen'?,"['Yes', 'No']",No,B,B) No,B,100.0,79.0,80,80,1.0,False,605,15680,0.0386,784,4,15000,0,64,1
COIN__-NNb-TD9Utw.mp4,COIN__-NNb-TD9Utw.mp4#q0,Step Localization,How long has the person in the scene been performing the 'fold the edges of the paper'?,"['69-70s', '21-22s', '6-7s', '15-16s']",15-16s,D,C) 6-7s,C,0.0,25.0,26,110,1.0,False,330,5096,0.0648,392,2,15000,0,64,1
COIN__-NNb-TD9Utw.mp4,COIN__-NNb-TD9Utw.mp4#q1,Procedure Recall,Did the person follow the correct procedure to achieve the 'change guitar strings'?,"['Yes', 'No']",No,B,B) No,B,100.0,107.0,108,110,1.0,False,516,21168,0.0244,588,3,15000,0,64,1
COIN__-NNb-TD9Utw.mp4,COIN__-NNb-TD9Utw.mp4#q2,Step Verification,Is the person in the current frame still performing the 'fold the squares inward and fix them'?,"['Yes', 'No']",No,B,A) Yes,A,0.0,109.0,110,110,1.0,False,528,21560,0.0245,784,4,15000,0,64,1
COIN__ngrdX4jgFeI.mp4,COIN__ngrdX4jgFeI.mp4#q0,Step Localization,How long has the person in the scene been performing the 'put the thread on the spool'?,"['14-15s', '12-13s', '16-17s', '20-21s']",14-15s,A,A) 14-15s,A,100.0,23.0,24,101,1.0,False,202,4704,0.0429,392,2,15000,0,64,1
COIN__ngrdX4jgFeI.mp4,COIN__ngrdX4jgFeI.mp4#q1,Step Verification,Is the person in the current frame still performing the 'put the thread on the spool'?,"['Yes', 'No']",Yes,A,B) No,B,0.0,68.0,69,101,1.0,False,244,13524,0.018,588,3,15000,0,64,1
COIN__ngrdX4jgFeI.mp4,COIN__ngrdX4jgFeI.mp4#q2,Procedure Recall,Did the person follow the correct procedure to achieve the 'use vending machine'?,"['Yes', 'No']",No,B,B) No,B,100.0,100.0,101,101,1.0,False,260,19796,0.0131,784,4,15000,0,64,1
COIN__YcCcAaBSeII.mp4,COIN__YcCcAaBSeII.mp4#q0,Step Verification,Is the person in the current frame still performing the 'calibrate the liquid'?,"['Yes', 'No']",Yes,A,A) Yes,A,100.0,58.0,59,284,1.0,False,407,11564,0.0352,588,3,15000,0,64,1
COIN__YcCcAaBSeII.mp4,COIN__YcCcAaBSeII.mp4#q1,Step Localization,How long has the person in the scene been performing the 'calibrate the liquid'?,"['11-12s', '18-19s', '31-32s', '21-22s']",31-32s,C,D) 21-22s,D,0.0,97.0,98,284,1.0,False,572,19208,0.0298,784,4,15000,0,64,1
COIN__YcCcAaBSeII.mp4,COIN__YcCcAaBSeII.mp4#q2,Goal/Step Prediction,"Based on the series of actions performed by the person in the video, what is the ultimate goal?","['hang wallpaper', 'make soap', 'use volumetric flask', 'use volumetric pipette']",use volumetric pipette,D,D) use volumetric pipette,D,100.0,267.0,268,284,1.0,False,1072,52528,0.0204,1372,7,15000,0,64,1
COIN__YcCcAaBSeII.mp4,COIN__YcCcAaBSeII.mp4#q3,Procedure Recall,Did the person follow the correct procedure to achieve the 'use volumetric pipette'?,"['Yes', 'No']",Yes,A,A) Yes,A,100.0,283.0,284,284,1.0,False,1115,55664,0.02,1568,8,15000,0,64,1
COIN__6Gg0UUlK3Ns.mp4,COIN__6Gg0UUlK3Ns.mp4#q0,Step Localization,How long has the person in the scene been performing the 'add seasoning on the salmon'?,"['45-46s', '5-6s', '12-13s', '48-49s']",48-49s,D,B) 5-6s,B,0.0,76.0,77,146,1.0,False,388,15092,0.0257,392,2,15000,0,64,1
COIN__6Gg0UUlK3Ns.mp4,COIN__6Gg0UUlK3Ns.mp4#q1,Step Verification,Is the person in the current frame still performing the 'fry salmon'?,"['Yes', 'No']",Yes,A,A) Yes,A,100.0,134.0,135,146,1.0,False,488,26460,0.0184,588,3,15000,0,64,1
COIN__6Gg0UUlK3Ns.mp4,COIN__6Gg0UUlK3Ns.mp4#q2,Procedure Recall,Did the person follow the correct procedure to achieve the 'boil noodles'?,"['Yes', 'No']",No,B,B) No,B,100.0,145.0,146,146,1.0,False,502,28616,0.0175,784,4,15000,0,64,1
COIN__UyZfn6znkDc.mp4,COIN__UyZfn6znkDc.mp4#q0,Step Verification,Is the person in the current frame still performing the 'remove the bolt and pin board'?,"['Yes', 'No']",Yes,A,B) No,B,0.0,41.0,42,108,1.0,False,379,8232,0.046,392,2,15000,0,64,1
COIN__UyZfn6znkDc.mp4,COIN__UyZfn6znkDc.mp4#q1,Goal/Step Prediction,My goal is 'replace door knob'. What are the next steps I should take?,"['remove the bolt and pin board', 'iron the cloths with the iron', 'fix the ground nail', 'install the new door knob']",install the new door knob,D,D) install the new door knob,D,100.0,97.0,98,108,1.0,False,654,19208,0.034,784,4,15000,0,64,1
COIN__UyZfn6znkDc.mp4,COIN__UyZfn6znkDc.mp4#q2,Procedure Recall,Which action did the person perform for the longest duration in the last 60 seconds?,"['shake the mixture', 'clean bathtub with water', 'remove the bolt and pin board', 'remove the door knob']",remove the bolt and pin board,C,D) remove the door knob,D,0.0,99.0,100,108,1.0,False,661,19600,0.0337,980,5,15000,0,64,1
COIN__UyZfn6znkDc.mp4,COIN__UyZfn6znkDc.mp4#q3,Step Localization,How long has the person in the scene been performing the 'install the new door knob'?,"['13-14s', '7-8s', '11-12s', '18-19s']",11-12s,C,C) 11-12s,C,100.0,107.0,108,108,1.0,False,688,21168,0.0325,1176,6,15000,0,64,1
COIN__TS3ZiDWK8Os.mp4,COIN__TS3ZiDWK8Os.mp4#q0,Step Localization,How long has the person in the scene been performing the 'place gasket at injury'?,"['17-18s', '15-16s', '21-22s', '7-8s']",15-16s,B,D) 7-8s,D,0.0,37.0,38,77,1.0,False,356,7448,0.0478,392,2,15000,0,64,1
COIN__TS3ZiDWK8Os.mp4,COIN__TS3ZiDWK8Os.mp4#q1,Procedure Recall,What actions did the person not perform in the last 30 seconds?,"['place gasket at injury', 'insert oil gun in the car', 'knot at the end of the bandage', 'wind bandage around head']",insert oil gun in the car,B,B) insert oil gun in the car,B,100.0,72.0,73,77,1.0,False,408,14308,0.0285,588,3,15000,0,64,1
COIN__TS3ZiDWK8Os.mp4,COIN__TS3ZiDWK8Os.mp4#q2,Step Verification,Is the person in the current frame still performing the 'knot at the end of the bandage'?,"['Yes', 'No']",No,B,B) No,B,100.0,76.0,77,77,1.0,False,412,15092,0.0273,784,4,15000,0,64,1
COIN__BZwyLVUAS5Y.mp4,COIN__BZwyLVUAS5Y.mp4#q0,Step Verification,Is the person in the current frame still performing the 'fry meat'?,"['Yes', 'No']",No,B,B) No,B,100.0,17.5,18,110,1.0,False,385,3528,0.1091,392,2,15000,0,64,1
COIN__BZwyLVUAS5Y.mp4,COIN__BZwyLVUAS5Y.mp4#q1,Procedure Recall,Did the person follow the correct procedure to achieve the 'cook omelet'?,"['Yes', 'No']",No,B,B) No,B,100.0,109.0,110,110,1.0,False,878,21560,0.0407,980,5,15000,0,64,1
COIN__S1OtHKoHGk4.mp4,COIN__S1OtHKoHGk4.mp4#q0,Step Localization,How long has the person in the scene been performing the 'put a slice of bread in'?,"['11-12s', '18-19s', '7-8s', '14-15s']",11-12s,A,D) 14-15s,D,0.0,80.0,81,93,1.0,False,374,15876,0.0236,392,2,15000,0,64,1
COIN__S1OtHKoHGk4.mp4,COIN__S1OtHKoHGk4.mp4#q1,Step Verification,Is the person in the current frame still performing the 'put a slice of bread in'?,"['Yes', 'No']",Yes,A,B) No,B,0.0,89.0,90,93,1.0,False,377,17640,0.0214,588,3,15000,0,64,1
COIN__S1OtHKoHGk4.mp4,COIN__S1OtHKoHGk4.mp4#q2,Procedure Recall,Did the person follow the correct procedure to achieve the 'use toaster'?,"['Yes', 'No']",Yes,A,A) Yes,A,100.0,92.0,93,93,1.0,False,391,18228,0.0215,784,4,15000,0,64,1
COIN__lBE1RK28l_8.mp4,COIN__lBE1RK28l_8.mp4#q0,Step Localization,How long has the person in the scene been performing the 'remove the peel'?,"['34-35s', '21-22s', '8-9s', '15-16s']",8-9s,C,C) 8-9s,C,100.0,42.0,43,76,1.0,False,350,8428,0.0415,392,2,15000,0,64,1
COIN__lBE1RK28l_8.mp4,COIN__lBE1RK28l_8.mp4#q1,Procedure Recall,Did the person follow the correct procedure to achieve the 'cut mango'?,"['Yes', 'No']",No,B,A) Yes,A,0.0,70.0,71,76,1.0,False,384,13916,0.0276,588,3,15000,0,64,1
COIN__lBE1RK28l_8.mp4,COIN__lBE1RK28l_8.mp4#q2,Step Verification,Is the person in the current frame still performing the 'remove the peel'?,"['Yes', 'No']",No,B,A) Yes,A,0.0,75.0,76,76,1.0,False,393,14896,0.0264,784,4,15000,0,64,1
COIN__SyVgnkdgjXk.mp4,COIN__SyVgnkdgjXk.mp4#q0,Procedure Recall,How long has the person been performing the 'show the whole rope again' in the last 90 seconds?,"['27-28s', '41-42s', '5-6s', '25-26s']",27-28s,A,C) 5-6s,C,0.0,136.0,137,211,1.0,False,304,26852,0.0113,392,2,15000,0,64,1
COIN__SyVgnkdgjXk.mp4,COIN__SyVgnkdgjXk.mp4#q1,Step Localization,How long has the person in the scene been performing the 'knot the rope'?,"['22-23s', '15-16s', '11-12s', '9-10s']",22-23s,A,A) 22-23s,A,100.0,146.0,147,211,1.0,False,309,28812,0.0107,588,3,15000,0,64,1
COIN__SyVgnkdgjXk.mp4,COIN__SyVgnkdgjXk.mp4#q2,Goal/Step Prediction,My goal is 'cut and restore rope trick'. What are the next steps I should take?,"['knot the rope', 'make the hair dry', 'soak them in water', 'show the whole rope again']",show the whole rope again,D,A) knot the rope,A,0.0,162.0,163,211,1.0,False,321,31948,0.01,784,4,15000,0,64,1
COIN__SyVgnkdgjXk.mp4,COIN__SyVgnkdgjXk.mp4#q3,Step Verification,Is the person in the current frame still performing the 'knot the rope'?,"['Yes', 'No']",No,B,A) Yes,A,0.0,215.0,211,211,1.0,True,374,41356,0.009,980,5,15000,0,64,1
COIN__bgJxfnYfGjI.mp4,COIN__bgJxfnYfGjI.mp4#q0,Step Localization,How long has the person in the scene been performing the 'dip detergent with rag or apply detergent'?,"['37-38s', '17-18s', '9-10s', '11-12s']",17-18s,B,C) 9-10s,C,0.0,150.0,151,177,1.0,False,504,29596,0.017,588,3,15000,0,64,1
COIN__bgJxfnYfGjI.mp4,COIN__bgJxfnYfGjI.mp4#q1,Step Verification,Is the person in the current frame still performing the 'clean the floor'?,"['Yes', 'No']",No,B,A) Yes,A,0.0,165.0,166,177,1.0,False,552,32536,0.017,784,4,15000,0,64,1
COIN__bgJxfnYfGjI.mp4,COIN__bgJxfnYfGjI.mp4#q2,Goal/Step Prediction,"Based on the series of actions performed by the person in the video, what is the ultimate goal?","['wash dish', 'clean cement floor', 'clean toilet', 'remove crayon from walls']",clean cement floor,B,B) clean cement floor,B,100.0,169.0,170,177,1.0,False,563,33320,0.0169,980,5,15000,0,64,1
COIN__bgJxfnYfGjI.mp4,COIN__bgJxfnYfGjI.mp4#q3,Procedure Recall,What actions was the person performing before the last 90 seconds?,"['make the detergent', 'jack up the car', 'dip detergent with rag or apply detergent', 'take out the label']",dip detergent with rag or apply detergent,C,C) dip detergent with rag or apply detergent,C,100.0,176.0,177,177,1.0,False,594,34692,0.0171,1176,6,15000,0,64,1
COIN__UcU8nN88hyY.mp4,COIN__UcU8nN88hyY.mp4#q0,Step Localization,How long has the person in the scene been performing the 'put the melted soap block into the vessel'?,"['7-8s', '14-15s', '18-19s', '9-10s']",14-15s,B,D) 9-10s,D,0.0,26.0,27,117,1.0,False,244,5292,0.0461,392,2,15000,0,64,1
COIN__UcU8nN88hyY.mp4,COIN__UcU8nN88hyY.mp4#q1,Step Verification,Is the person in the current frame still performing the 'take out after freezing'?,"['Yes', 'No']",No,B,B) No,B,100.0,54.0,55,117,1.0,False,300,10780,0.0278,588,3,15000,0,64,1
COIN__UcU8nN88hyY.mp4,COIN__UcU8nN88hyY.mp4#q2,Goal/Step Prediction,My goal is 'make soap'. What are the next steps I should take?,"['cook the rice by rice cooker', 'put the melted soap block into the vessel', 'prepare a vacant vessel', 'paste protector on the screen']",put the melted soap block into the vessel,B,C) prepare a vacant vessel,C,0.0,75.0,76,117,1.0,False,353,14896,0.0237,784,4,15000,0,64,1
COIN__UcU8nN88hyY.mp4,COIN__UcU8nN88hyY.mp4#q3,Procedure Recall,Which action did the person perform for the longest duration in the last 60 seconds?,"['remove the old watch band and reconnect', 'put the melted soap block into the vessel', 'put materials into mold', 'prepare a vacant vessel']",put the melted soap block into the vessel,B,C) put materials into mold,C,0.0,116.0,117,117,1.0,False,445,22932,0.0194,980,5,15000,0,64,1
COIN__bBQ1spavlIc.mp4,COIN__bBQ1spavlIc.mp4#q0,Step Verification,Is the person in the current frame still performing the 'add ingredients into cone'?,"['Yes', 'No']",No,B,A) Yes,A,0.0,52.0,53,63,1.0,False,564,10388,0.0543,588,3,15000,0,64,1
COIN__bBQ1spavlIc.mp4,COIN__bBQ1spavlIc.mp4#q1,Step Localization,How long has the person in the scene been performing the 'fold the leaves'?,"['16-17s', '5-6s', '8-9s', '20-21s']",8-9s,C,A) 16-17s,A,0.0,56.0,57,63,1.0,False,584,11172,0.0523,784,4,15000,0,64,1
COIN__bBQ1spavlIc.mp4,COIN__bBQ1spavlIc.mp4#q2,Procedure Recall,How long has the person been performing the 'add ingredients into cone' in the last 30 seconds?,"['7-8s', '21-22s', '116-117s', '12-13s']",12-13s,D,D) 12-13s,D,100.0,61.0,62,63,1.0,False,638,12152,0.0525,980,5,15000,0,64,1
COIN__bBQ1spavlIc.mp4,COIN__bBQ1spavlIc.mp4#q3,Goal/Step Prediction,My goal is 'wrap zongzi'. What are the next steps I should take?,"['press the sticker', 'tie the zongzi tightly', 'put the ingredients into the bowl', 'fold the leaves']",tie the zongzi tightly,B,B) tie the zongzi tightly,B,100.0,62.0,63,63,1.0,False,657,12348,0.0532,1176,6,15000,0,64,1
COIN__RUdw2WZm3pg.mp4,COIN__RUdw2WZm3pg.mp4#q0,Step Verification,Is the person in the current frame still performing the 'install the new faucet'?,"['Yes', 'No']",Yes,A,A) Yes,A,100.0,75.0,76,104,1.0,False,625,14896,0.042,784,4,15000,0,64,1
COIN__RUdw2WZm3pg.mp4,COIN__RUdw2WZm3pg.mp4#q1,Procedure Recall,Which action did the person perform for the longest duration in the last 60 seconds?,"['bake pizza', 'install the new faucet', 'wipe the scratch with cloth', 'remove the old faucet']",install the new faucet,B,B) install the new faucet,B,100.0,90.0,91,104,1.0,False,649,17836,0.0364,980,5,15000,0,64,1
COIN__RUdw2WZm3pg.mp4,COIN__RUdw2WZm3pg.mp4#q2,Step Localization,How long has the person in the scene been performing the 'connect the water pipe'?,"['23-24s', '13-14s', '9-10s', '15-16s']",23-24s,A,B) 13-14s,B,0.0,103.0,104,104,1.0,False,667,20384,0.0327,1176,6,15000,0,64,1
COIN__p1VQH4Qrkr8.mp4,COIN__p1VQH4Qrkr8.mp4#q0,Step Localization,How long has the person in the scene been performing the 'take out the old filter'?,"['11-12s', '32-33s', '13-14s', '16-17s']",32-33s,B,A) 11-12s,A,0.0,33.0,34,104,1.0,False,385,6664,0.0578,392,2,15000,0,64,1
COIN__p1VQH4Qrkr8.mp4,COIN__p1VQH4Qrkr8.mp4#q1,Step Verification,Is the person in the current frame still performing the 'install the new filter'?,"['Yes', 'No']",Yes,A,A) Yes,A,100.0,93.0,94,104,1.0,False,765,18424,0.0415,784,4,15000,0,64,1
COIN__p1VQH4Qrkr8.mp4,COIN__p1VQH4Qrkr8.mp4#q2,Procedure Recall,What goal was achieved in this video?,"['refill cartridge', 'use soy milk maker', 'use vending machine', 'replace refrigerator water filter']",replace refrigerator water filter,D,D) replace refrigerator water filter,D,100.0,103.0,104,104,1.0,False,839,20384,0.0412,980,5,15000,0,64,1
COIN__C4P8VCekA3Y.mp4,COIN__C4P8VCekA3Y.mp4#q0,Step Verification,Is the person in the current frame still performing the 'look for leaks'?,"['Yes', 'No']",No,B,A) Yes,A,0.0,25.0,26,106,1.0,False,327,5096,0.0642,392,2,15000,0,64,1
COIN__C4P8VCekA3Y.mp4,COIN__C4P8VCekA3Y.mp4#q1,Step Localization,How long has the person in the scene been performing the 'use sandpaper/metal to polish rubber near leak'?,"['19-20s', '11-12s', '7-8s', '13-14s']",19-20s,A,A) 19-20s,A,100.0,49.0,50,106,1.0,False,393,9800,0.0401,588,3,15000,0,64,1
COIN__C4P8VCekA3Y.mp4,COIN__C4P8VCekA3Y.mp4#q2,Procedure Recall,What actions was the person performing before the last 30 seconds?,"['carve along the outline', 'apply glue', 'use sandpaper/metal to polish rubber near leak', 'fix the new string on the head of the guitar']",use sandpaper/metal to polish rubber near leak,C,C) use sandpaper/metal to polish rubber near leak,C,100.0,76.0,77,106,1.0,False,452,15092,0.0299,784,4,15000,0,64,1
COIN__C4P8VCekA3Y.mp4,COIN__C4P8VCekA3Y.mp4#q3,Goal/Step Prediction,My goal is 'patch bike inner tube'. What are the next steps I should take?,"['place cushion and backrest', 'put inner tube back', 'use sandpaper/metal to polish rubber near leak', 'assemble the cushion and the backrest']",put inner tube back,B,C) use sandpaper/metal to polish rubber near leak,C,0.0,105.0,106,106,1.0,False,527,20776,0.0254,980,5,15000,0,64,1
COIN__I1NcRRWK7lw.mp4,COIN__I1NcRRWK7lw.mp4#q0,Step Verification,Is the person in the current frame still performing the 'open the fuel tank cap'?,"['Yes', 'No']",No,B,B) No,B,100.0,43.0,44,228,1.0,False,423,8624,0.049,588,3,15000,0,64,1
COIN__I1NcRRWK7lw.mp4,COIN__I1NcRRWK7lw.mp4#q1,Step Localization,How long has the person in the scene been performing the 'operate the control panel'?,"['9-10s', '6-7s', '12-13s', '15-16s']",9-10s,A,A) 9-10s,A,100.0,86.0,87,228,1.0,False,519,17052,0.0304,784,4,15000,0,64,1
COIN__I1NcRRWK7lw.mp4,COIN__I1NcRRWK7lw.mp4#q2,Goal/Step Prediction,My goal is 'fuel car'. What are the next steps I should take?,"['install the new hard disk', 'close the fuel tank cap', 'pullthe  oil gun out', 'decorate the ice cream']",pullthe  oil gun out,C,B) close the fuel tank cap,B,0.0,168.0,169,228,1.0,False,698,33124,0.0211,980,5,15000,0,64,1
COIN__I1NcRRWK7lw.mp4,COIN__I1NcRRWK7lw.mp4#q3,Procedure Recall,What actions was the person performing before the last 30 seconds?,"['insert oil gun in the car', 'close the fuel tank cap', 'paste and level the wallpaper', 'cut potato into strips']",close the fuel tank cap,B,B) close the fuel tank cap,B,100.0,227.0,228,228,1.0,False,959,44688,0.0215,1372,7,15000,0,64,1
COIN__cq1giIa4pxs.mp4,COIN__cq1giIa4pxs.mp4#q0,Step Localization,How long has the person in the scene been performing the 'remove pumpkin pedicle'?,"['19-20s', '5-6s', '8-9s', '12-13s']",19-20s,A,B) 5-6s,B,0.0,41.0,42,72,1.0,False,455,8232,0.0553,588,3,15000,0,64,1
COIN__cq1giIa4pxs.mp4,COIN__cq1giIa4pxs.mp4#q1,Step Verification,Is the person in the current frame still performing the 'remove pumpkin pedicle'?,"['Yes', 'No']",Yes,A,A) Yes,A,100.0,42.0,43,72,1.0,False,459,8428,0.0545,784,4,15000,0,64,1
COIN__cq1giIa4pxs.mp4,COIN__cq1giIa4pxs.mp4#q2,Procedure Recall,Did the person follow the correct procedure to achieve the 'carve pumpkin'?,"['Yes', 'No']",Yes,A,A) Yes,A,100.0,71.0,72,72,1.0,False,635,14112,0.045,980,5,15000,0,64,1
COIN__uG4snW9SO8I.mp4,COIN__uG4snW9SO8I.mp4#q0,Step Verification,Is the person in the current frame still performing the 'replace the battery'?,"['Yes', 'No']",No,B,A) Yes,A,0.0,21.0,22,29,1.0,False,227,4312,0.0526,392,2,15000,0,64,1
COIN__uG4snW9SO8I.mp4,COIN__uG4snW9SO8I.mp4#q1,Step Localization,How long has the person in the scene been performing the 'install the back cover and waterproof ring'?,"['8-9s', '31-32s', '13-14s', '6-7s']",8-9s,A,D) 6-7s,D,0.0,26.0,27,29,1.0,False,234,5292,0.0442,588,3,15000,0,64,1
COIN__uG4snW9SO8I.mp4,COIN__uG4snW9SO8I.mp4#q2,Procedure Recall,Did the person follow the correct procedure to achieve the 'change battery of watch'?,"['Yes', 'No']",Yes,A,B) No,B,0.0,28.0,29,29,1.0,False,239,5684,0.042,784,4,15000,0,64,1
COIN__GQsAsIsfcGM.mp4,COIN__GQsAsIsfcGM.mp4#q0,Step Localization,How long has the person in the scene been performing the 'measure and label the lantern'?,"['28-29s', '16-17s', '10-11s', '12-13s']",16-17s,B,A) 28-29s,A,0.0,60.0,61,128,1.0,False,416,11956,0.0348,588,3,15000,0,64,1
COIN__GQsAsIsfcGM.mp4,COIN__GQsAsIsfcGM.mp4#q1,Step Verification,Is the person in the current frame still performing the 'measure and label the lantern'?,"['Yes', 'No']",Yes,A,A) Yes,A,100.0,79.0,80,128,1.0,False,467,15680,0.0298,784,4,15000,0,64,1
COIN__GQsAsIsfcGM.mp4,COIN__GQsAsIsfcGM.mp4#q2,Goal/Step Prediction,My goal is 'make chinese lantern'. What are the next steps I should take?,"['fasten the strap', 'fold or bent the paper', 'put the waterproof cover', 'draw pictures on the materials']",fold or bent the paper,B,B) fold or bent the paper,B,100.0,120.0,121,128,1.0,False,568,23716,0.024,980,5,15000,0,64,1
COIN__GQsAsIsfcGM.mp4,COIN__GQsAsIsfcGM.mp4#q3,Procedure Recall,Which action did the person perform for the longest duration in the last 90 seconds?,"['mop the floor', 'measure and label the lantern', 'install the new air nozzle', 'cut the raw materials']",measure and label the lantern,B,D) cut the raw materials,D,0.0,127.0,128,128,1.0,False,589,25088,0.0235,1176,6,15000,0,64,1
COIN__S4pgxEdt2Cs.mp4,COIN__S4pgxEdt2Cs.mp4#q0,Step Localization,How long has the person in the scene been performing the 'fill the injection head'?,"['20-21s', '57-58s', '7-8s', '9-10s']",20-21s,A,C) 7-8s,C,0.0,90.0,91,190,1.0,False,506,17836,0.0284,588,3,15000,0,64,1
COIN__S4pgxEdt2Cs.mp4,COIN__S4pgxEdt2Cs.mp4#q1,Procedure Recall,Which action did the person perform for the longest duration in the last 60 seconds?,"['wipe wall with detergent', 'inject to the muscular', 'calibrate the liquid', 'fill the injection head']",fill the injection head,D,B) inject to the muscular,B,0.0,142.0,143,190,1.0,False,730,28028,0.026,980,5,15000,0,64,1
COIN__S4pgxEdt2Cs.mp4,COIN__S4pgxEdt2Cs.mp4#q2,Goal/Step Prediction,My goal is 'give an intramuscular injection'. What are the next steps I should take?,"['paste protector on the screen', 'disinfect the injecting place', 'wet and wash the hair', 'pull out the needle and press']",pull out the needle and press,D,B) disinfect the injecting place,B,0.0,171.0,172,190,1.0,False,784,33712,0.0233,1176,6,15000,0,64,1
COIN__S4pgxEdt2Cs.mp4,COIN__S4pgxEdt2Cs.mp4#q3,Step Verification,Is the person in the current frame still performing the 'pull out the needle and press'?,"['Yes', 'No']",No,B,B) No,B,100.0,194.0,190,190,1.0,True,822,37240,0.0221,1372,7,15000,0,64,1
COIN__bW2AOXFsH_Q.mp4,COIN__bW2AOXFsH_Q.mp4#q0,Step Localization,How long has the person in the scene been performing the 'fit on the filter'?,"['24-25s', '5-6s', '7-8s', '13-14s']",7-8s,C,D) 13-14s,D,0.0,59.0,60,111,1.0,False,344,11760,0.0293,392,2,15000,0,64,1
COIN__bW2AOXFsH_Q.mp4,COIN__bW2AOXFsH_Q.mp4#q1,Goal/Step Prediction,"Based on the series of actions performed by the person in the video, what is the ultimate goal?","['replace blade of a saw', 'replace filter for air purifier', 'install ceiling fan', 'replace memory chip']",replace filter for air purifier,B,B) replace filter for air purifier,B,100.0,106.0,107,111,1.0,False,483,20972,0.023,588,3,15000,0,64,1
COIN__bW2AOXFsH_Q.mp4,COIN__bW2AOXFsH_Q.mp4#q2,Procedure Recall,What actions did the person perform in sequence in the last 60 seconds?,"['fit on the filter -> take out the filter -> fit on the filter', 'fit on the filter -> take out the filter', 'clean up the filter -> fit on the filter', 'fit on the filter -> take out the filter -> press the resetting button']",fit on the filter -> take out the filter -> fit on the filter,A,A) fit on the filter -> take out the filter -> fit on the filter,A,100.0,107.0,108,111,1.0,False,488,21168,0.0231,784,4,15000,0,64,1
COIN__bW2AOXFsH_Q.mp4,COIN__bW2AOXFsH_Q.mp4#q3,Step Verification,Is the person in the current frame still performing the 'fit on the filter'?,"['Yes', 'No']",No,B,A) Yes,A,0.0,110.0,111,111,1.0,False,498,21756,0.0229,980,5,15000,0,64,1
COIN__oRxICFqNxpE.mp4,COIN__oRxICFqNxpE.mp4#q0,Step Verification,Is the person in the current frame still performing the 'pump up the fuel'?,"['Yes', 'No']",No,B,B) No,B,100.0,61.0,62,68,1.0,False,663,12152,0.0546,784,4,15000,0,64,1
COIN__oRxICFqNxpE.mp4,COIN__oRxICFqNxpE.mp4#q1,Procedure Recall,Did the person follow the correct procedure to achieve the 'refill a lighter'?,"['Yes', 'No']",Yes,A,A) Yes,A,100.0,67.0,68,68,1.0,False,722,13328,0.0542,980,5,15000,0,64,1
COIN__-2CxSAVwFqE.mp4,COIN__-2CxSAVwFqE.mp4#q0,Step Verification,Is the person in the current frame still performing the 'open the laptop rear cover'?,"['Yes', 'No']",Yes,A,A) Yes,A,100.0,29.0,30,47,1.0,False,281,5880,0.0478,392,2,15000,0,64,1
COIN__-2CxSAVwFqE.mp4,COIN__-2CxSAVwFqE.mp4#q1,Step Localization,How long has the person in the scene been performing the 'install the new hard disk'?,"['19-20s', '5-6s', '26-27s', '7-8s']",5-6s,B,A) 19-20s,A,0.0,40.0,41,47,1.0,False,318,8036,0.0396,588,3,15000,0,64,1
COIN__-2CxSAVwFqE.mp4,COIN__-2CxSAVwFqE.mp4#q2,Goal/Step Prediction,My goal is 'replace hard disk'. What are the next steps I should take?,"['press the sticker', 'install the back cover and waterproof ring', 'install the laptop rear cover', 'open the laptop rear cover']",install the laptop rear cover,C,D) open the laptop rear cover,D,0.0,42.0,43,47,1.0,False,324,8428,0.0384,784,4,15000,0,64,1
COIN__-2CxSAVwFqE.mp4,COIN__-2CxSAVwFqE.mp4#q3,Procedure Recall,How long has the person been performing the 'install the laptop rear cover' in the last 15 seconds?,"['53-54s', '8-9s', '91-92s', '5-6s']",5-6s,D,D) 5-6s,D,100.0,46.0,47,47,1.0,False,337,9212,0.0366,980,5,15000,0,64,1
COIN__SRvkOeC4Ccw.mp4,COIN__SRvkOeC4Ccw.mp4#q0,Step Verification,Is the person in the current frame still performing the 'take out the blade'?,"['Yes', 'No']",No,B,A) Yes,A,0.0,84.0,85,102,1.0,False,359,16660,0.0215,392,2,15000,0,64,1
COIN__SRvkOeC4Ccw.mp4,COIN__SRvkOeC4Ccw.mp4#q1,Goal/Step Prediction,My goal is 'replace blade of a saw'. What are the next steps I should take?,"['install the new memory chip', 'pullthe  oil gun out', 'tighten the blade screw', 'take out the blade']",tighten the blade screw,C,D) take out the blade,D,0.0,98.0,99,102,1.0,False,371,19404,0.0191,588,3,15000,0,64,1
COIN__SRvkOeC4Ccw.mp4,COIN__SRvkOeC4Ccw.mp4#q2,Procedure Recall,How long has the person been performing the 'turn off the balde screw' in the last 30 seconds?,"['2-3s', '8-9s', '22-23s', '5-6s']",8-9s,B,D) 5-6s,D,0.0,101.0,102,102,1.0,False,375,19992,0.0188,784,4,15000,0,64,1
COIN__QejrJ8K4R8A.mp4,COIN__QejrJ8K4R8A.mp4#q0,Step Verification,Is the person in the current frame still performing the 'apply some glue on the borads'?,"['Yes', 'No']",Yes,A,A) Yes,A,100.0,15.0,16,109,1.0,False,314,3136,0.1001,392,2,15000,0,64,1
COIN__QejrJ8K4R8A.mp4,COIN__QejrJ8K4R8A.mp4#q1,Step Localization,How long has the person in the scene been performing the 'fit on the boards'?,"['13-14s', '58-59s', '35-36s', '10-11s']",58-59s,B,C) 35-36s,C,0.0,80.0,81,109,1.0,False,451,15876,0.0284,588,3,15000,0,64,1
COIN__QejrJ8K4R8A.mp4,COIN__QejrJ8K4R8A.mp4#q2,Procedure Recall,Did the person follow the correct procedure to achieve the 'assemble bed'?,"['Yes', 'No']",No,B,A) Yes,A,0.0,108.0,109,109,1.0,False,541,21364,0.0253,784,4,15000,0,64,1
COIN__u3UyGMfHnhM.mp4,COIN__u3UyGMfHnhM.mp4#q0,Step Verification,Is the person in the current frame still performing the 'take out the old filter'?,"['Yes', 'No']",No,B,A) Yes,A,0.0,53.0,54,65,1.0,False,298,10584,0.0282,392,2,15000,0,64,1
COIN__u3UyGMfHnhM.mp4,COIN__u3UyGMfHnhM.mp4#q1,Step Localization,How long has the person in the scene been performing the 'install the new filter'?,"['14-15s', '52-53s', '16-17s', '20-21s']",14-15s,A,A) 14-15s,A,100.0,63.0,64,65,1.0,False,304,12544,0.0242,588,3,15000,0,64,1
COIN__u3UyGMfHnhM.mp4,COIN__u3UyGMfHnhM.mp4#q2,Procedure Recall,What goal was achieved in this video?,"['replace refrigerator water filter', 'replace light socket', 'use sewing machine', 'assemble desktop PC']",replace refrigerator water filter,A,A) replace refrigerator water filter,A,100.0,64.0,65,65,1.0,False,305,12740,0.0239,784,4,15000,0,64,1
COIN__rynGDLllf6A.mp4,COIN__rynGDLllf6A.mp4#q0,Procedure Recall,What actions was the person performing before the last 30 seconds?,"['melt the soap block', 'roll and rub the earplugs', 'soak sugar gourd in sugar', 'string the fruit together']",string the fruit together,D,D) string the fruit together,D,100.0,94.0,95,132,1.0,False,522,18620,0.028,588,3,15000,0,64,1
COIN__rynGDLllf6A.mp4,COIN__rynGDLllf6A.mp4#q1,Step Verification,Is the person in the current frame still performing the 'melt the sugar'?,"['Yes', 'No']",Yes,A,A) Yes,A,100.0,116.0,117,132,1.0,False,584,22932,0.0255,784,4,15000,0,64,1
COIN__rynGDLllf6A.mp4,COIN__rynGDLllf6A.mp4#q2,Goal/Step Prediction,My goal is 'make sugar coated haws'. What are the next steps I should take?,"['mix raw materials', 'string the fruit together', 'soak sugar gourd in sugar', 'put on sofa cover']",soak sugar gourd in sugar,C,C) soak sugar gourd in sugar,C,100.0,122.0,123,132,1.0,False,590,24108,0.0245,980,5,15000,0,64,1
COIN__rynGDLllf6A.mp4,COIN__rynGDLllf6A.mp4#q3,Step Localization,How long has the person in the scene been performing the 'soak sugar gourd in sugar'?,"['38-39s', '7-8s', '16-17s', '10-11s']",10-11s,D,B) 7-8s,B,0.0,131.0,132,132,1.0,False,607,25872,0.0235,1176,6,15000,0,64,1
COIN__UA3ynpDfwOk.mp4,COIN__UA3ynpDfwOk.mp4#q0,Step Localization,How long has the person in the scene been performing the 'fix the new string on the lower part of the guitar'?,"['60-61s', '7-8s', '21-22s', '5-6s']",21-22s,C,D) 5-6s,D,0.0,68.0,69,116,1.0,False,419,13524,0.031,588,3,15000,0,64,1
COIN__UA3ynpDfwOk.mp4,COIN__UA3ynpDfwOk.mp4#q1,Goal/Step Prediction,My goal is 'change guitar strings'. What are the next steps I should take?,"['add seasoning', 'put the waterproof cover', 'fix the new string on the lower part of the guitar', 'adjust the tightness of the new string']",adjust the tightness of the new string,D,C) fix the new string on the lower part of the guitar,C,0.0,107.0,108,116,1.0,False,545,21168,0.0257,784,4,15000,0,64,1
COIN__UA3ynpDfwOk.mp4,COIN__UA3ynpDfwOk.mp4#q2,Procedure Recall,What actions was the person performing before the last 15 seconds?,"['install the new screen', 'cut off and remove the old string', 'adjust the tightness of the new string', 'pour some glue to the face']",adjust the tightness of the new string,C,C) adjust the tightness of the new string,C,100.0,112.0,113,116,1.0,False,552,22148,0.0249,980,5,15000,0,64,1
COIN__UA3ynpDfwOk.mp4,COIN__UA3ynpDfwOk.mp4#q3,Step Verification,Is the person in the current frame still performing the 'adjust the tightness of the new string'?,"['Yes', 'No']",Yes,A,A) Yes,A,100.0,115.0,116,116,1.0,False,555,22736,0.0244,1176,6,15000,0,64,1
COIN__gyjaRD5BDks.mp4,COIN__gyjaRD5BDks.mp4#q0,Step Localization,How long has the person in the scene been performing the 'wipe the screen'?,"['46-47s', '17-18s', '34-35s', '13-14s']",17-18s,B,B) 17-18s,B,100.0,55.0,56,103,1.0,False,369,10976,0.0336,392,2,15000,0,64,1
COIN__gyjaRD5BDks.mp4,COIN__gyjaRD5BDks.mp4#q1,Goal/Step Prediction,"Based on the series of actions performed by the person in the video, what is the ultimate goal?","['load grease gun', 'refill mechanical pencils', 'refill fountain pen', 'replace mobile screen protector']",replace mobile screen protector,D,D) replace mobile screen protector,D,100.0,82.0,83,103,1.0,False,424,16268,0.0261,588,3,15000,0,64,1
COIN__gyjaRD5BDks.mp4,COIN__gyjaRD5BDks.mp4#q2,Step Verification,Is the person in the current frame still performing the 'wipe the screen'?,"['Yes', 'No']",Yes,A,A) Yes,A,100.0,95.0,96,103,1.0,False,479,18816,0.0255,784,4,15000,0,64,1
COIN__gyjaRD5BDks.mp4,COIN__gyjaRD5BDks.mp4#q3,Procedure Recall,What actions was the person performing before the last 30 seconds?,"['mix the raw materials', 'line up the protector and the cellphone', 'wipe the screen', 'scrub the bathtub']",line up the protector and the cellphone,B,B) line up the protector and the cellphone,B,100.0,102.0,103,103,1.0,False,502,20188,0.0249,980,5,15000,0,64,1
COIN__uJqJQkGsMTI.mp4,COIN__uJqJQkGsMTI.mp4#q0,Step Localization,How long has the person in the scene been performing the 'mix the raw materials'?,"['15-16s', '20-21s', '30-31s', '6-7s']",15-16s,A,D) 6-7s,D,0.0,35.0,36,51,1.0,False,275,7056,0.039,392,2,15000,0,64,1
COIN__uJqJQkGsMTI.mp4,COIN__uJqJQkGsMTI.mp4#q1,Procedure Recall,Did the person follow the correct procedure to achieve the 'hang wallpaper'?,"['Yes', 'No']",No,B,B) No,B,100.0,50.0,51,51,1.0,False,323,9996,0.0323,588,3,15000,0,64,1
COIN__uJqJQkGsMTI.mp4,COIN__uJqJQkGsMTI.mp4#q2,Step Verification,Is the person in the current frame still performing the 'rub and drag the materials'?,"['Yes', 'No']",No,B,B) No,B,100.0,53.0,51,51,1.0,True,323,9996,0.0323,588,3,15000,0,64,1
COIN__lPt48FczK6w.mp4,COIN__lPt48FczK6w.mp4#q0,Goal/Step Prediction,My goal is 'assemble office chair'. What are the next steps I should take?,"['calibrate the liquid', 'connect the chair and the base', 'install the wheels for the base', 'show the whole rope again']",connect the chair and the base,B,C) install the wheels for the base,C,0.0,144.0,145,165,1.0,False,607,28420,0.0214,784,4,15000,0,64,1
COIN__lPt48FczK6w.mp4,COIN__lPt48FczK6w.mp4#q1,Procedure Recall,What actions was the person performing before the last 90 seconds?,"['fix and fasten the upper and lower ropes to car', 'install the wheels for the base', 'screw off the valve cap and open the valve', 'assemble the cushion and the backrest']",install the wheels for the base,B,B) install the wheels for the base,B,100.0,147.0,148,165,1.0,False,619,29008,0.0213,980,5,15000,0,64,1
COIN__lPt48FczK6w.mp4,COIN__lPt48FczK6w.mp4#q2,Step Localization,How long has the person in the scene been performing the 'assemble the cushion and the backrest'?,"['8-9s', '5-6s', '50-51s', '26-27s']",5-6s,B,B) 5-6s,B,100.0,155.0,156,165,1.0,False,632,30576,0.0207,1176,6,15000,0,64,1
COIN__lPt48FczK6w.mp4,COIN__lPt48FczK6w.mp4#q3,Step Verification,Is the person in the current frame still performing the 'assemble the cushion and the backrest'?,"['Yes', 'No']",No,B,A) Yes,A,0.0,164.0,165,165,1.0,False,649,32340,0.0201,1372,7,15000,0,64,1
COIN__hcP1So3_Qr0.mp4,COIN__hcP1So3_Qr0.mp4#q0,Step Verification,Is the person in the current frame still performing the 'turn off the balde screw'?,"['Yes', 'No']",Yes,A,B) No,B,0.0,82.0,83,209,1.0,False,530,16268,0.0326,588,3,15000,0,64,1
COIN__hcP1So3_Qr0.mp4,COIN__hcP1So3_Qr0.mp4#q1,Step Localization,How long has the person in the scene been performing the 'install the new blade'?,"['8-9s', '10-11s', '15-16s', '5-6s']",5-6s,D,A) 8-9s,A,0.0,167.0,168,209,1.0,False,821,32928,0.0249,980,5,15000,0,64,1
COIN__hcP1So3_Qr0.mp4,COIN__hcP1So3_Qr0.mp4#q2,Procedure Recall,How long has the person been performing the 'tighten the blade screw' in the last 120 seconds?,"['14-15s', '81-82s', '22-23s', '50-51s']",22-23s,C,A) 14-15s,A,0.0,208.0,209,209,1.0,False,921,40964,0.0225,1176,6,15000,0,64,1
COIN__7p7hKcxVPf8.mp4,COIN__7p7hKcxVPf8.mp4#q0,Step Verification,Is the person in the current frame still performing the 'grind the coffee beans'?,"['Yes', 'No']",No,B,A) Yes,A,0.0,25.0,26,43,1.0,False,299,5096,0.0587,392,2,15000,0,64,1
COIN__7p7hKcxVPf8.mp4,COIN__7p7hKcxVPf8.mp4#q1,Goal/Step Prediction,"Based on the series of actions performed by the person in the video, what is the ultimate goal?","['make hummus', 'make matcha tea', 'make tea', 'make coffee']",make coffee,D,D) make coffee,D,100.0,41.0,42,43,1.0,False,351,8232,0.0426,588,3,15000,0,64,1
COIN__7p7hKcxVPf8.mp4,COIN__7p7hKcxVPf8.mp4#q2,Procedure Recall,How long has the person been performing the 'filtrate the coffee beans' in the last 15 seconds?,"['38-39s', '3-4s', '36-37s', '12-13s']",3-4s,B,B) 3-4s,B,100.0,42.0,43,43,1.0,False,352,8428,0.0418,784,4,15000,0,64,1
COIN__QInuE1KwCZM.mp4,COIN__QInuE1KwCZM.mp4#q0,Step Localization,How long has the person in the scene been performing the 'take out the filter'?,"['26-27s', '19-20s', '33-34s', '9-10s']",19-20s,B,D) 9-10s,D,0.0,40.0,41,95,1.0,False,244,8036,0.0304,392,2,15000,0,64,1
COIN__QInuE1KwCZM.mp4,COIN__QInuE1KwCZM.mp4#q1,Step Verification,Is the person in the current frame still performing the 'fit on the filter'?,"['Yes', 'No']",Yes,A,A) Yes,A,100.0,84.0,85,95,1.0,False,309,16660,0.0185,588,3,15000,0,64,1
COIN__QInuE1KwCZM.mp4,COIN__QInuE1KwCZM.mp4#q2,Goal/Step Prediction,My goal is 'replace filter for air purifier'. What are the next steps I should take?,"['clean up the filter', 'reset the switch and screw on the screws used to fix the switch', 'fit on the shell', 'fry or roast or braise']",fit on the shell,C,C) fit on the shell,C,100.0,87.0,88,95,1.0,False,311,17248,0.018,784,4,15000,0,64,1
COIN__QInuE1KwCZM.mp4,COIN__QInuE1KwCZM.mp4#q3,Procedure Recall,Which action did the person perform for the longest duration in the last 90 seconds?,"['clean up the filter', 'mix the raw materials', 'take out the filter', 'stick or bind flower to the frame']",take out the filter,C,C) take out the filter,C,100.0,94.0,95,95,1.0,False,319,18620,0.0171,980,5,15000,0,64,1
COIN__lpwdoT-FDlY.mp4,COIN__lpwdoT-FDlY.mp4#q0,Step Localization,How long has the person in the scene been performing the 'install the closestool again'?,"['13-14s', '31-32s', '18-19s', '23-24s']",18-19s,C,C) 18-19s,C,100.0,89.0,90,123,1.0,False,561,17640,0.0318,588,3,15000,0,64,1
COIN__lpwdoT-FDlY.mp4,COIN__lpwdoT-FDlY.mp4#q1,Procedure Recall,What goal was achieved in this video?,"['replace faucet', 'install closestool', 'install curtain', 'assemble bed']",install closestool,B,B) install closestool,B,100.0,118.0,119,123,1.0,False,624,23324,0.0268,784,4,15000,0,64,1
COIN__lpwdoT-FDlY.mp4,COIN__lpwdoT-FDlY.mp4#q2,Step Verification,Is the person in the current frame still performing the 'install the closestool again'?,"['Yes', 'No']",No,B,A) Yes,A,0.0,122.0,123,123,1.0,False,634,24108,0.0263,980,5,15000,0,64,1
COIN__VZyRXQaKI4o.mp4,COIN__VZyRXQaKI4o.mp4#q0,Step Verification,Is the person in the current frame still performing the 'take out the wiper'?,"['Yes', 'No']",Yes,A,B) No,B,0.0,13.0,14,22,1.0,False,228,2744,0.0831,392,2,15000,0,64,1
COIN__VZyRXQaKI4o.mp4,COIN__VZyRXQaKI4o.mp4#q1,Procedure Recall,What goal was achieved in this video?,"['replace rearview mirror glass', 'replace a wiper head', 'replace car window', 'polish car']",replace a wiper head,B,B) replace a wiper head,B,100.0,21.0,22,22,1.0,False,239,4312,0.0554,588,3,15000,0,64,1
COIN__Lxu7uLEdM2A.mp4,COIN__Lxu7uLEdM2A.mp4#q0,Goal/Step Prediction,"Based on the series of actions performed by the person in the video, what is the ultimate goal?","['perform CPR', 'wash hair', 'wash dog', 'use neti pot']",wash hair,B,B) wash hair,B,100.0,61.0,62,143,1.0,False,333,12152,0.0274,392,2,15000,0,64,1
COIN__Lxu7uLEdM2A.mp4,COIN__Lxu7uLEdM2A.mp4#q1,Step Verification,Is the person in the current frame still performing the 'apply the shampoo or hair conditioner'?,"['Yes', 'No']",No,B,A) Yes,A,0.0,63.0,64,143,1.0,False,340,12544,0.0271,588,3,15000,0,64,1
COIN__Lxu7uLEdM2A.mp4,COIN__Lxu7uLEdM2A.mp4#q2,Step Localization,How long has the person in the scene been performing the 'scratch the hair carefully'?,"['24-25s', '9-10s', '19-20s', '7-8s']",24-25s,A,B) 9-10s,B,0.0,84.0,85,143,1.0,False,372,16660,0.0223,784,4,15000,0,64,1
COIN__Lxu7uLEdM2A.mp4,COIN__Lxu7uLEdM2A.mp4#q3,Procedure Recall,What goal was achieved in this video?,"['remove blackheads with glue', 'perform CPR', 'shave beard', 'wash hair']",wash hair,D,D) wash hair,D,100.0,142.0,143,143,1.0,False,463,28028,0.0165,980,5,15000,0,64,1
COIN__vlHlMM7Zris.mp4,COIN__vlHlMM7Zris.mp4#q0,Step Localization,How long has the person in the scene been performing the 'filtrate with a filter'?,"['6-7s', '10-11s', '36-37s', '14-15s']",10-11s,B,A) 6-7s,A,0.0,109.0,110,206,1.0,False,508,21560,0.0236,588,3,15000,0,64,1
COIN__vlHlMM7Zris.mp4,COIN__vlHlMM7Zris.mp4#q1,Procedure Recall,What goal was achieved in this video?,"['replace memory chip', 'use soy milk maker', 'refill cartridge', 'change toner cartridge']",use soy milk maker,B,B) use soy milk maker,B,100.0,203.0,204,206,1.0,False,739,39984,0.0185,980,5,15000,0,64,1
COIN__vlHlMM7Zris.mp4,COIN__vlHlMM7Zris.mp4#q2,Step Verification,Is the person in the current frame still performing the 'pour into a glass'?,"['Yes', 'No']",No,B,B) No,B,100.0,205.0,206,206,1.0,False,743,40376,0.0184,1176,6,15000,0,64,1
COIN__IjgRXlxHy9o.mp4,COIN__IjgRXlxHy9o.mp4#q0,Step Localization,How long has the person in the scene been performing the 'peel off the garlics'?,"['6-7s', '10-11s', '18-19s', '13-14s']",6-7s,A,A) 6-7s,A,100.0,17.0,18,107,1.0,False,236,3528,0.0669,392,2,15000,0,64,1
COIN__IjgRXlxHy9o.mp4,COIN__IjgRXlxHy9o.mp4#q1,Goal/Step Prediction,My goal is 'smash garlic'. What are the next steps I should take?,"['pour some salt to the garlics', 'stir the ingredients', 'cut up the garlics', 'put on the hair extensions']",cut up the garlics,C,C) cut up the garlics,C,100.0,78.0,79,107,1.0,False,571,15484,0.0369,784,4,15000,0,64,1
COIN__IjgRXlxHy9o.mp4,COIN__IjgRXlxHy9o.mp4#q2,Step Verification,Is the person in the current frame still performing the 'cut up the garlics'?,"['Yes', 'No']",No,B,A) Yes,A,0.0,85.0,86,107,1.0,False,602,16856,0.0357,980,5,15000,0,64,1
COIN__IjgRXlxHy9o.mp4,COIN__IjgRXlxHy9o.mp4#q3,Procedure Recall,How long has the person been performing the 'smash the garlics with the knife face' in the last 60 seconds?,"['20-21s', '10-11s', '54-55s', '39-40s']",10-11s,B,C) 54-55s,C,0.0,106.0,107,107,1.0,False,734,20972,0.035,1176,6,15000,0,64,1
COIN__Dn55bHrTbcc.mp4,COIN__Dn55bHrTbcc.mp4#q0,Step Localization,How long has the person in the scene been performing the 'march into the area and salute'?,"['15-16s', '12-13s', '35-36s', '6-7s']",12-13s,B,D) 6-7s,D,0.0,18.0,19,120,1.0,False,297,3724,0.0798,392,2,15000,0,64,1
COIN__Dn55bHrTbcc.mp4,COIN__Dn55bHrTbcc.mp4#q1,Step Verification,Is the person in the current frame still performing the 'exit from the area and salute'?,"['Yes', 'No']",Yes,A,B) No,B,0.0,118.0,119,120,1.0,False,620,23324,0.0266,784,4,15000,0,64,1
COIN__Dn55bHrTbcc.mp4,COIN__Dn55bHrTbcc.mp4#q2,Procedure Recall,Did the person follow the correct procedure to achieve the 'practise pole vault'?,"['Yes', 'No']",No,B,B) No,B,100.0,119.0,120,120,1.0,False,623,23520,0.0265,980,5,15000,0,64,1
COIN__yCpryzS8_6k.mp4,COIN__yCpryzS8_6k.mp4#q0,Procedure Recall,What goal was achieved in this video?,"['make strawberry smoothie', 'make salad', 'roast chestnut', 'make tea']",roast chestnut,C,C) roast chestnut,C,100.0,11.0,12,15,1.0,False,215,2352,0.0914,392,2,15000,0,64,1
COIN__yCpryzS8_6k.mp4,COIN__yCpryzS8_6k.mp4#q1,Step Verification,Is the person in the current frame still performing the 'fry or roast or braise'?,"['Yes', 'No']",No,B,B) No,B,100.0,16.0,15,15,1.0,True,223,2940,0.0759,588,3,15000,0,64,1
COIN__wDLKxXpF_sE.mp4,COIN__wDLKxXpF_sE.mp4#q0,Step Localization,How long has the person in the scene been performing the 'knead the raw sugar'?,"['41-42s', '9-10s', '26-27s', '15-16s']",26-27s,C,B) 9-10s,B,0.0,30.0,31,170,1.0,False,404,6076,0.0665,588,3,15000,0,64,1
COIN__wDLKxXpF_sE.mp4,COIN__wDLKxXpF_sE.mp4#q1,Procedure Recall,How long has the person been performing the 'knead the raw sugar' in the last 150 seconds?,"['20-21s', '33-34s', '55-56s', '27-28s']",55-56s,C,D) 27-28s,D,0.0,160.0,161,170,1.0,False,732,31556,0.0232,980,5,15000,0,64,1
COIN__wDLKxXpF_sE.mp4,COIN__wDLKxXpF_sE.mp4#q2,Step Verification,Is the person in the current frame still performing the 'paint on sugar'?,"['Yes', 'No']",No,B,A) Yes,A,0.0,169.0,170,170,1.0,False,748,33320,0.0224,1176,6,15000,0,64,1
COIN__6g0z0P1Y71k.mp4,COIN__6g0z0P1Y71k.mp4#q0,Step Verification,Is the person in the current frame still performing the 'press the corresponding button'?,"['Yes', 'No']",Yes,A,A) Yes,A,100.0,17.0,18,24,1.0,False,230,3528,0.0652,392,2,15000,0,64,1
COIN__6g0z0P1Y71k.mp4,COIN__6g0z0P1Y71k.mp4#q1,Step Localization,How long has the person in the scene been performing the 'press the corresponding button'?,"['9-10s', '22-23s', '28-29s', '6-7s']",6-7s,D,D) 6-7s,D,100.0,17.0,18,24,1.0,False,230,3528,0.0652,392,2,15000,0,64,1
COIN__6g0z0P1Y71k.mp4,COIN__6g0z0P1Y71k.mp4#q2,Procedure Recall,How long has the person been performing the 'press the corresponding button' in the last 15 seconds?,"['24-25s', '6-7s', '35-36s', '47-48s']",6-7s,B,B) 6-7s,B,100.0,23.0,24,24,1.0,False,245,4704,0.0521,588,3,15000,0,64,1
COIN__cJ5zrFzFnCs.mp4,COIN__cJ5zrFzFnCs.mp4#q0,Step Verification,Is the person in the current frame still performing the 'take out the shell'?,"['Yes', 'No']",Yes,A,B) No,B,0.0,55.0,56,108,1.0,False,484,10976,0.0441,588,3,15000,0,64,1
COIN__cJ5zrFzFnCs.mp4,COIN__cJ5zrFzFnCs.mp4#q1,Step Localization,How long has the person in the scene been performing the 'fit on the shell'?,"['13-14s', '17-18s', '8-9s', '117-118s']",8-9s,C,C) 8-9s,C,100.0,103.0,104,108,1.0,False,686,20384,0.0337,980,5,15000,0,64,1
COIN__cJ5zrFzFnCs.mp4,COIN__cJ5zrFzFnCs.mp4#q2,Procedure Recall,Did the person follow the correct procedure to achieve the 'use sewing machine'?,"['Yes', 'No']",No,B,B) No,B,100.0,107.0,108,108,1.0,False,710,21168,0.0335,1176,6,15000,0,64,1
COIN__IFzeOVYqfKs.mp4,COIN__IFzeOVYqfKs.mp4#q0,Step Verification,Is the person in the current frame still performing the 'fit on the filter'?,"['Yes', 'No']",Yes,A,A) Yes,A,100.0,86.0,87,111,1.0,False,519,17052,0.0304,588,3,15000,0,64,1
COIN__IFzeOVYqfKs.mp4,COIN__IFzeOVYqfKs.mp4#q1,Step Localization,How long has the person in the scene been performing the 'fit on the filter'?,"['14-15s', '24-25s', '18-19s', '6-7s']",14-15s,A,A) 14-15s,A,100.0,89.0,90,111,1.0,False,529,17640,0.03,784,4,15000,0,64,1
COIN__IFzeOVYqfKs.mp4,COIN__IFzeOVYqfKs.mp4#q2,Goal/Step Prediction,My goal is 'replace filter for air purifier'. What are the next steps I should take?,"['put on the hair extensions', 'fit on the shell', 'clean the scratch', 'take out the filter']",fit on the shell,B,D) take out the filter,D,0.0,91.0,92,111,1.0,False,535,18032,0.0297,980,5,15000,0,64,1
COIN__IFzeOVYqfKs.mp4,COIN__IFzeOVYqfKs.mp4#q3,Procedure Recall,Which action did the person perform for the longest duration in the last 60 seconds?,"['wipe the detergent', 'fit on the shell', 'install peripherals inside the case', 'press the resetting button']",fit on the shell,B,B) fit on the shell,B,100.0,110.0,111,111,1.0,False,572,21756,0.0263,1176,6,15000,0,64,1
COIN___oUI7ldi8W0.mp4,COIN___oUI7ldi8W0.mp4#q0,Step Localization,How long has the person in the scene been performing the 'aim at the pin'?,"['9-10s', '14-15s', '38-39s', '11-12s']",14-15s,B,A) 9-10s,A,0.0,64.0,65,99,1.0,False,544,12740,0.0427,588,3,15000,0,64,1
COIN___oUI7ldi8W0.mp4,COIN___oUI7ldi8W0.mp4#q1,Step Verification,Is the person in the current frame still performing the 'push the pin out'?,"['Yes', 'No']",No,B,A) Yes,A,0.0,86.5,87,99,1.0,False,635,17052,0.0372,784,4,15000,0,64,1
COIN___oUI7ldi8W0.mp4,COIN___oUI7ldi8W0.mp4#q2,Goal/Step Prediction,My goal is 'resize watch band'. What are the next steps I should take?,"['show the blank paper', 'put the pin in', 'push the pin out', 'bake pizza']",push the pin out,C,C) push the pin out,C,100.0,94.0,95,99,1.0,False,655,18620,0.0352,980,5,15000,0,64,1
COIN___oUI7ldi8W0.mp4,COIN___oUI7ldi8W0.mp4#q3,Procedure Recall,Which action did the person perform for the longest duration in the last 30 seconds?,"['push the pin out', 'remove the old watch band and reconnect', 'flatten the dough', 'use screwdriver or electirc screwdriver to release the wire in the wall from the switch']",push the pin out,A,B) remove the old watch band and reconnect,B,0.0,98.0,99,99,1.0,False,664,19404,0.0342,1176,6,15000,0,64,1
COIN__jlfzppl3QHQ.mp4,COIN__jlfzppl3QHQ.mp4#q0,Step Verification,Is the person in the current frame still performing the 'prepare the frame'?,"['Yes', 'No']",Yes,A,B) No,B,0.0,99.0,100,142,1.0,False,437,19600,0.0223,588,3,15000,0,64,1
COIN__jlfzppl3QHQ.mp4,COIN__jlfzppl3QHQ.mp4#q1,Step Localization,How long has the person in the scene been performing the 'prepare the frame'?,"['13-14s', '11-12s', '21-22s', '7-8s']",13-14s,A,B) 11-12s,B,0.0,101.0,102,142,1.0,False,439,19992,0.022,784,4,15000,0,64,1
COIN__jlfzppl3QHQ.mp4,COIN__jlfzppl3QHQ.mp4#q2,Procedure Recall,Did the person follow the correct procedure to achieve the 'make flower crown'?,"['Yes', 'No']",Yes,A,A) Yes,A,100.0,141.0,142,142,1.0,False,475,27832,0.0171,980,5,15000,0,64,1
COIN__b0ahREpQqsM.mp4,COIN__b0ahREpQqsM.mp4#q0,Goal/Step Prediction,My goal is 'make salmon'. What are the next steps I should take?,"['knock in the nails', 'load the dish', 'add decoration', 'fix the wind mill on the bracket']",load the dish,B,B) load the dish,B,100.0,69.0,70,145,1.0,False,320,13720,0.0233,392,2,15000,0,64,1
COIN__b0ahREpQqsM.mp4,COIN__b0ahREpQqsM.mp4#q1,Procedure Recall,What actions did the person perform in sequence in the last 30 seconds?,"['fry salmon -> add seasoning -> fry salmon', 'add seasoning on the salmon -> add seasoning -> fry salmon', 'add seasoning -> load the dish -> fry salmon', 'fry salmon -> load the dish']",fry salmon -> add seasoning -> fry salmon,A,B) add seasoning on the salmon -> add seasoning -> fry salmon,B,0.0,112.0,113,145,1.0,False,377,22148,0.017,588,3,15000,0,64,1
COIN__b0ahREpQqsM.mp4,COIN__b0ahREpQqsM.mp4#q2,Step Verification,Is the person in the current frame still performing the 'fry salmon'?,"['Yes', 'No']",No,B,B) No,B,100.0,117.0,118,145,1.0,False,392,23128,0.0169,784,4,15000,0,64,1
COIN__b0ahREpQqsM.mp4,COIN__b0ahREpQqsM.mp4#q3,Step Localization,How long has the person in the scene been performing the 'fry salmon'?,"['16-17s', '5-6s', '26-27s', '32-33s']",5-6s,B,A) 16-17s,A,0.0,144.0,145,145,1.0,False,431,28420,0.0152,980,5,15000,0,64,1
COIN__MajUq12Wstw.mp4,COIN__MajUq12Wstw.mp4#q0,Step Localization,How long has the person in the scene been performing the 'wrap the pipe band'?,"['31-32s', '69-70s', '8-9s', '14-15s']",8-9s,C,C) 8-9s,C,100.0,83.0,84,134,1.0,False,616,16464,0.0374,784,4,15000,0,64,1
COIN__MajUq12Wstw.mp4,COIN__MajUq12Wstw.mp4#q1,Procedure Recall,How long has the person been performing the 'install the new shower head' in the last 60 seconds?,"['17-18s', '5-6s', '30-31s', '24-25s']",24-25s,D,D) 24-25s,D,100.0,117.0,118,134,1.0,False,787,23128,0.034,980,5,15000,0,64,1
COIN__MajUq12Wstw.mp4,COIN__MajUq12Wstw.mp4#q2,Step Verification,Is the person in the current frame still performing the 'install the new shower head'?,"['Yes', 'No']",No,B,A) Yes,A,0.0,133.0,134,134,1.0,False,835,26264,0.0318,1176,6,15000,0,64,1
COIN__0-KNi82OfNw.mp4,COIN__0-KNi82OfNw.mp4#q0,Step Localization,How long has the person in the scene been performing the 'brew tea and stir'?,"['17-18s', '6-7s', '36-37s', '12-13s']",36-37s,C,A) 17-18s,A,0.0,86.0,87,108,1.0,False,373,17052,0.0219,392,2,15000,0,64,1
COIN__0-KNi82OfNw.mp4,COIN__0-KNi82OfNw.mp4#q1,Procedure Recall,Did the person follow the correct procedure to achieve the 'make tea'?,"['Yes', 'No']",No,B,A) Yes,A,0.0,102.0,103,108,1.0,False,384,20188,0.019,588,3,15000,0,64,1
COIN__0-KNi82OfNw.mp4,COIN__0-KNi82OfNw.mp4#q2,Step Verification,Is the person in the current frame still performing the 'brew tea and stir'?,"['Yes', 'No']",No,B,B) No,B,100.0,107.0,108,108,1.0,False,388,21168,0.0183,784,4,15000,0,64,1
COIN__9eR7x93WqA8.mp4,COIN__9eR7x93WqA8.mp4#q0,Step Verification,Is the person in the current frame still performing the 'fry eggs'?,"['Yes', 'No']",Yes,A,A) Yes,A,100.0,88.0,89,109,1.0,False,584,17444,0.0335,588,3,15000,0,64,1
COIN__9eR7x93WqA8.mp4,COIN__9eR7x93WqA8.mp4#q1,Goal/Step Prediction,My goal is 'cook omelet'. What are the next steps I should take?,"['put seasoning in the egg', 'lift the barbell directly over the head', 'pour the egg onto the plate', 'cut the raw boards']",pour the egg onto the plate,C,A) put seasoning in the egg,A,0.0,102.0,103,109,1.0,False,632,20188,0.0313,784,4,15000,0,64,1
COIN__9eR7x93WqA8.mp4,COIN__9eR7x93WqA8.mp4#q2,Procedure Recall,Which action did the person perform for the longest duration in the last 60 seconds?,"['pour the egg onto the plate', 'load the tire', 'aim at the pin', 'fry eggs']",fry eggs,D,D) fry eggs,D,100.0,108.0,109,109,1.0,False,653,21364,0.0306,980,5,15000,0,64,1
COIN__9eR7x93WqA8.mp4,COIN__9eR7x93WqA8.mp4#q3,Step Localization,How long has the person in the scene been performing the 'pour the egg onto the plate'?,"['11-12s', '9-10s', '7-8s', '13-14s']",7-8s,C,C) 7-8s,C,100.0,108.0,109,109,1.0,False,653,21364,0.0306,980,5,15000,0,64,1
COIN__dBukB_1cXBE.mp4,COIN__dBukB_1cXBE.mp4#q0,Procedure Recall,How long has the person been performing the 'take out the shell' in the last 30 seconds?,"['11-12s', '49-50s', '20-21s', '57-58s']",11-12s,A,A) 11-12s,A,100.0,54.0,55,67,1.0,False,493,10780,0.0457,588,3,15000,0,64,1
COIN__dBukB_1cXBE.mp4,COIN__dBukB_1cXBE.mp4#q1,Goal/Step Prediction,My goal is 'replace filter for air purifier'. What are the next steps I should take?,"['fit on the filter', 'grind roundly and evenly', 'clean up the filter', 'clean the floor']",clean up the filter,C,A) fit on the filter,A,0.0,65.0,66,67,1.0,False,531,12936,0.041,784,4,15000,0,64,1
COIN__dBukB_1cXBE.mp4,COIN__dBukB_1cXBE.mp4#q2,Step Verification,Is the person in the current frame still performing the 'take out the shell'?,"['Yes', 'No']",No,B,A) Yes,A,0.0,66.0,67,67,1.0,False,533,13132,0.0406,980,5,15000,0,64,1
COIN__KWj6I2zUeuk.mp4,COIN__KWj6I2zUeuk.mp4#q0,Step Localization,How long has the person in the scene been performing the 'collect blood'?,"['5-6s', '18-19s', '13-14s', '10-11s']",13-14s,C,A) 5-6s,A,0.0,71.0,72,81,1.0,False,219,14112,0.0155,392,2,15000,0,64,1
COIN__KWj6I2zUeuk.mp4,COIN__KWj6I2zUeuk.mp4#q1,Step Verification,Is the person in the current frame still performing the 'collect blood'?,"['Yes', 'No']",Yes,A,A) Yes,A,100.0,72.0,73,81,1.0,False,220,14308,0.0154,588,3,15000,0,64,1
COIN__KWj6I2zUeuk.mp4,COIN__KWj6I2zUeuk.mp4#q2,Procedure Recall,Did the person follow the correct procedure to achieve the 'wear contact lenses'?,"['Yes', 'No']",No,B,B) No,B,100.0,80.0,81,81,1.0,False,226,15876,0.0142,784,4,15000,0,64,1
COIN__m6xLEZbORoY.mp4,COIN__m6xLEZbORoY.mp4#q0,Step Localization,How long has the person in the scene been performing the 'fry meat'?,"['15-16s', '9-10s', '19-20s', '12-13s']",12-13s,D,D) 12-13s,D,100.0,169.0,170,184,1.0,False,785,33320,0.0236,980,5,15000,0,64,1
COIN__m6xLEZbORoY.mp4,COIN__m6xLEZbORoY.mp4#q1,Procedure Recall,Did the person follow the correct procedure to achieve the 'clean shrimp'?,"['Yes', 'No']",No,B,B) No,B,100.0,181.0,182,184,1.0,False,814,35672,0.0228,1176,6,15000,0,64,1
COIN__m6xLEZbORoY.mp4,COIN__m6xLEZbORoY.mp4#q2,Step Verification,Is the person in the current frame still performing the 'fry meat'?,"['Yes', 'No']",No,B,A) Yes,A,0.0,183.0,184,184,1.0,False,820,36064,0.0227,1372,7,15000,0,64,1
COIN__N90EaGXdaXI.mp4,COIN__N90EaGXdaXI.mp4#q0,Step Verification,Is the person in the current frame still performing the 'rotate body and accelerate the hammer'?,"['Yes', 'No']",No,B,B) No,B,100.0,23.0,24,49,1.0,False,250,4704,0.0531,392,2,15000,0,64,1
COIN__N90EaGXdaXI.mp4,COIN__N90EaGXdaXI.mp4#q1,Goal/Step Prediction,My goal is 'throw hammer'. What are the next steps I should take?,"['rotate body and accelerate the hammer', 'cut into strips and pieces', 'install the back cover and waterproof ring', 'throw the hammer out']",rotate body and accelerate the hammer,A,A) rotate body and accelerate the hammer,A,100.0,45.0,46,49,1.0,False,322,9016,0.0357,588,3,15000,0,64,1
COIN__N90EaGXdaXI.mp4,COIN__N90EaGXdaXI.mp4#q2,Procedure Recall,Which action did the person perform for the longest duration in the last 30 seconds?,"['dry strips', 'pre-swing', 'rotate body and accelerate the hammer', 'unscrew gun head']",rotate body and accelerate the hammer,C,C) rotate body and accelerate the hammer,C,100.0,48.0,49,49,1.0,False,332,9604,0.0346,784,4,15000,0,64,1
COIN__g6G2J1yxr5E.mp4,COIN__g6G2J1yxr5E.mp4#q0,Step Localization,How long has the person in the scene been performing the 'put the washed rice into the rice cooker'?,"['16-17s', '14-15s', '8-9s', '11-12s']",14-15s,B,D) 11-12s,D,0.0,50.0,51,136,1.0,False,482,9996,0.0482,588,3,15000,0,64,1
COIN__g6G2J1yxr5E.mp4,COIN__g6G2J1yxr5E.mp4#q1,Goal/Step Prediction,My goal is 'use rice cooker to cook rice'. What are the next steps I should take?,"['put the washed rice into the rice cooker', 'fold the squares inward and fix them', 'dribble and lay up', 'cook the rice by rice cooker']",cook the rice by rice cooker,D,A) put the washed rice into the rice cooker,A,0.0,58.0,59,136,1.0,False,527,11564,0.0456,784,4,15000,0,64,1
COIN__g6G2J1yxr5E.mp4,COIN__g6G2J1yxr5E.mp4#q2,Step Verification,Is the person in the current frame still performing the 'cook the rice by rice cooker'?,"['Yes', 'No']",Yes,A,B) No,B,0.0,71.0,72,136,1.0,False,553,14112,0.0392,980,5,15000,0,64,1
COIN__g6G2J1yxr5E.mp4,COIN__g6G2J1yxr5E.mp4#q3,Procedure Recall,What actions was the person performing before the last 60 seconds?,"['set up the platfond', 'cover with some soil', 'cook the rice by rice cooker', 'put the washed rice into the rice cooker']",cook the rice by rice cooker,C,D) put the washed rice into the rice cooker,D,0.0,135.0,136,136,1.0,False,746,26656,0.028,1176,6,15000,0,64,1
COIN__CVB9DDdRFIA.mp4,COIN__CVB9DDdRFIA.mp4#q0,Step Localization,How long has the person in the scene been performing the 'stir the mixture'?,"['42-43s', '11-12s', '17-18s', '27-28s']",11-12s,B,C) 17-18s,C,0.0,110.0,111,148,1.0,False,559,21756,0.0257,588,3,15000,0,64,1
COIN__CVB9DDdRFIA.mp4,COIN__CVB9DDdRFIA.mp4#q1,Step Verification,Is the person in the current frame still performing the 'stir the mixture'?,"['Yes', 'No']",Yes,A,A) Yes,A,100.0,125.0,126,148,1.0,False,580,24696,0.0235,784,4,15000,0,64,1
COIN__CVB9DDdRFIA.mp4,COIN__CVB9DDdRFIA.mp4#q2,Procedure Recall,Did the person follow the correct procedure to achieve the 'make salad'?,"['Yes', 'No']",No,B,B) No,B,100.0,147.0,148,148,1.0,False,603,29008,0.0208,980,5,15000,0,64,1
COIN__gxY98M7S_NA.mp4,COIN__gxY98M7S_NA.mp4#q0,Step Verification,Is the person in the current frame still performing the 'remove the original protector'?,"['Yes', 'No']",No,B,A) Yes,A,0.0,40.0,41,119,1.0,False,287,8036,0.0357,392,2,15000,0,64,1
COIN__gxY98M7S_NA.mp4,COIN__gxY98M7S_NA.mp4#q1,Step Localization,How long has the person in the scene been performing the 'line up the protector and the cellphone'?,"['16-17s', '22-23s', '10-11s', '7-8s']",7-8s,D,D) 7-8s,D,100.0,78.0,79,119,1.0,False,358,15484,0.0231,588,3,15000,0,64,1
COIN__gxY98M7S_NA.mp4,COIN__gxY98M7S_NA.mp4#q2,Goal/Step Prediction,My goal is 'replace mobile screen protector'. What are the next steps I should take?,"['make the detergent', 'remove the original protector', 'wipe the screen', 'fill a nostril with saline and do the same to the other nostril']",wipe the screen,C,B) remove the original protector,B,0.0,88.0,89,119,1.0,False,370,17444,0.0212,784,4,15000,0,64,1
COIN__gxY98M7S_NA.mp4,COIN__gxY98M7S_NA.mp4#q3,Procedure Recall,Did the person follow the correct procedure to achieve the 'fix laptop screen scratches'?,"['Yes', 'No']",No,B,A) Yes,A,0.0,118.0,119,119,1.0,False,422,23324,0.0181,980,5,15000,0,64,1
COIN__tyJVHRPkybU.mp4,COIN__tyJVHRPkybU.mp4#q0,Step Verification,Is the person in the current frame still performing the 'dribble in the field'?,"['Yes', 'No']",No,B,B) No,B,100.0,15.0,16,45,1.0,False,247,3136,0.0788,392,2,15000,0,64,1
COIN__tyJVHRPkybU.mp4,COIN__tyJVHRPkybU.mp4#q1,Goal/Step Prediction,My goal is 'attend NBA skills challenge'. What are the next steps I should take?,"['calibrate the liquid', 'dribble in the field', 'nail down or stick together', 'pass the basketball into the hole at the second time']",dribble in the field,B,B) dribble in the field,B,100.0,35.0,36,45,1.0,False,326,7056,0.0462,588,3,15000,0,64,1
COIN__tyJVHRPkybU.mp4,COIN__tyJVHRPkybU.mp4#q2,Procedure Recall,Did the person follow the correct procedure to achieve the 'practise triple jump'?,"['Yes', 'No']",No,B,A) Yes,A,0.0,44.0,45,45,1.0,False,377,8820,0.0427,784,4,15000,0,64,1
COIN__ToHFLfS2Oj0.mp4,COIN__ToHFLfS2Oj0.mp4#q0,Step Verification,Is the person in the current frame still performing the 'release liquid'?,"['Yes', 'No']",Yes,A,B) No,B,0.0,63.0,64,70,1.0,False,343,12544,0.0273,392,2,15000,0,64,1
COIN__ToHFLfS2Oj0.mp4,COIN__ToHFLfS2Oj0.mp4#q1,Procedure Recall,Did the person follow the correct procedure to achieve the 'make slime with glue'?,"['Yes', 'No']",No,B,B) No,B,100.0,69.0,70,70,1.0,False,346,13720,0.0252,588,3,15000,0,64,1
COIN__etXFPVPS74Y.mp4,COIN__etXFPVPS74Y.mp4#q0,Step Verification,Is the person in the current frame still performing the 'jack up the car'?,"['Yes', 'No']",No,B,A) Yes,A,0.0,98.0,99,148,1.0,False,894,19404,0.0461,980,5,15000,0,64,1
COIN__etXFPVPS74Y.mp4,COIN__etXFPVPS74Y.mp4#q1,Goal/Step Prediction,My goal is 'change car tire'. What are the next steps I should take?,"['tighten screws', 'take out after freezing', 'jack up the car', 'put the filler on the bread slice']",tighten screws,A,C) jack up the car,C,0.0,135.0,136,148,1.0,False,1315,26656,0.0493,1568,8,15000,0,64,1
COIN__etXFPVPS74Y.mp4,COIN__etXFPVPS74Y.mp4#q2,Step Localization,How long has the person in the scene been performing the 'tighten screws'?,"['8-9s', '80-81s', '32-33s', '12-13s']",8-9s,A,A) 8-9s,A,100.0,142.0,143,148,1.0,False,1352,28028,0.0482,1764,9,15000,0,64,1
COIN__etXFPVPS74Y.mp4,COIN__etXFPVPS74Y.mp4#q3,Procedure Recall,How long has the person been performing the 'jack up the car' in the last 60 seconds?,"['17-18s', '36-37s', '27-28s', '84-85s']",17-18s,A,D) 84-85s,D,0.0,147.0,148,148,1.0,False,1384,29008,0.0477,1960,10,15000,0,64,1
COIN__kqasXMHzAdg.mp4,COIN__kqasXMHzAdg.mp4#q0,Step Verification,Is the person in the current frame still performing the 'take out the shell'?,"['Yes', 'No']",Yes,A,B) No,B,0.0,16.0,17,68,1.0,False,266,3332,0.0798,392,2,15000,0,64,1
COIN__kqasXMHzAdg.mp4,COIN__kqasXMHzAdg.mp4#q1,Step Localization,How long has the person in the scene been performing the 'take out the shell'?,"['8-9s', '5-6s', '42-43s', '60-61s']",8-9s,A,B) 5-6s,B,0.0,17.0,18,68,1.0,False,269,3528,0.0762,588,3,15000,0,64,1
COIN__kqasXMHzAdg.mp4,COIN__kqasXMHzAdg.mp4#q2,Goal/Step Prediction,My goal is 'replace filter for air purifier'. What are the next steps I should take?,"['press the resetting button', 'fix the wind mill on the bracket', 'fit on the shell', 'install the bulb and light housing or shell']",fit on the shell,C,C) fit on the shell,C,100.0,54.0,55,68,1.0,False,362,10780,0.0336,784,4,15000,0,64,1
COIN__kqasXMHzAdg.mp4,COIN__kqasXMHzAdg.mp4#q3,Procedure Recall,What actions was the person performing before the last 30 seconds?,"['fit on the filter', 'rub and drag the materials', 'clean up the filter', 'screw off the screws used to fix the switch']",fit on the filter,A,A) fit on the filter,A,100.0,67.0,68,68,1.0,False,403,13328,0.0302,980,5,15000,0,64,1
COIN__dJk2zTaHjIs.mp4,COIN__dJk2zTaHjIs.mp4#q0,Step Verification,Is the person in the current frame still performing the 'drive the car backward'?,"['Yes', 'No']",Yes,A,B) No,B,0.0,65.0,66,100,1.0,False,437,12936,0.0338,588,3,15000,0,64,1
COIN__dJk2zTaHjIs.mp4,COIN__dJk2zTaHjIs.mp4#q1,Step Localization,How long has the person in the scene been performing the 'drive the car backward'?,"['14-15s', '12-13s', '10-11s', '8-9s']",10-11s,C,A) 14-15s,A,0.0,85.0,86,100,1.0,False,510,16856,0.0303,784,4,15000,0,64,1
COIN__dJk2zTaHjIs.mp4,COIN__dJk2zTaHjIs.mp4#q2,Procedure Recall,How long has the person been performing the 'drive the car backward' in the last 90 seconds?,"['54-55s', '60-61s', '41-42s', '20-21s']",60-61s,B,A) 54-55s,A,0.0,94.0,95,100,1.0,False,587,18620,0.0315,980,5,15000,0,64,1
COIN__dJk2zTaHjIs.mp4,COIN__dJk2zTaHjIs.mp4#q3,Goal/Step Prediction,My goal is 'park parallel'. What are the next steps I should take?,"['knead the dough', 'adjust front and back position', 'drive the car forward', 'paste protector on the screen']",drive the car forward,C,B) adjust front and back position,B,0.0,99.0,100,100,1.0,False,603,19600,0.0308,1176,6,15000,0,64,1
COIN__prGfITO-BYA.mp4,COIN__prGfITO-BYA.mp4#q0,Step Verification,Is the person in the current frame still performing the 'pre-swing'?,"['Yes', 'No']",No,B,B) No,B,100.0,37.0,38,123,1.0,False,341,7448,0.0458,392,2,15000,0,64,1
COIN__prGfITO-BYA.mp4,COIN__prGfITO-BYA.mp4#q1,Goal/Step Prediction,My goal is 'throw hammer'. What are the next steps I should take?,"['rotate body and accelerate the hammer', 'fit on the shell', 'seal the volumetric flask', 'pre-swing']",pre-swing,D,A) rotate body and accelerate the hammer,A,0.0,115.0,116,123,1.0,False,514,22736,0.0226,588,3,15000,0,64,1
COIN__prGfITO-BYA.mp4,COIN__prGfITO-BYA.mp4#q2,Procedure Recall,How long has the person been performing the 'throw the hammer out' in the last 90 seconds?,"['2-3s', '4-5s', '60-61s', '31-32s']",2-3s,A,A) 2-3s,A,100.0,122.0,123,123,1.0,False,527,24108,0.0219,784,4,15000,0,64,1
COIN__fAB8bT81VMw.mp4,COIN__fAB8bT81VMw.mp4#q0,Step Verification,Is the person in the current frame still performing the 'install fan frame'?,"['Yes', 'No']",No,B,B) No,B,100.0,25.5,26,34,1.0,False,209,5096,0.041,392,2,15000,0,64,1
COIN__fAB8bT81VMw.mp4,COIN__fAB8bT81VMw.mp4#q1,Procedure Recall,What goal was achieved in this video?,"['replace graphics card', 'arc weld', 'install ceiling fan', 'change toner cartridge']",install ceiling fan,C,C) install ceiling fan,C,100.0,33.0,34,34,1.0,False,223,6664,0.0335,588,3,15000,0,64,1
COIN__EuSL4bOZrS8.mp4,COIN__EuSL4bOZrS8.mp4#q0,Step Verification,Is the person in the current frame still performing the 'roast ingredients'?,"['Yes', 'No']",Yes,A,A) Yes,A,100.0,79.0,80,86,1.0,False,545,15680,0.0348,588,3,15000,0,64,1
COIN__EuSL4bOZrS8.mp4,COIN__EuSL4bOZrS8.mp4#q1,Step Localization,How long has the person in the scene been performing the 'roast ingredients'?,"['43-44s', '5-6s', '10-11s', '13-14s']",13-14s,D,A) 43-44s,A,0.0,79.0,80,86,1.0,False,545,15680,0.0348,588,3,15000,0,64,1
COIN__EuSL4bOZrS8.mp4,COIN__EuSL4bOZrS8.mp4#q2,Procedure Recall,What goal was achieved in this video?,"['make salmon', 'smash garlic', 'make lamb kebab', 'wrap zongzi']",make lamb kebab,C,C) make lamb kebab,C,100.0,85.0,86,86,1.0,False,549,16856,0.0326,784,4,15000,0,64,1
COIN__hjUSPlhPpT0.mp4,COIN__hjUSPlhPpT0.mp4#q0,Step Localization,How long has the person in the scene been performing the 'draw pictures on the materials'?,"['46-47s', '15-16s', '5-6s', '13-14s']",46-47s,A,C) 5-6s,C,0.0,55.0,56,111,1.0,False,232,10976,0.0211,392,2,15000,0,64,1
COIN__hjUSPlhPpT0.mp4,COIN__hjUSPlhPpT0.mp4#q1,Step Verification,Is the person in the current frame still performing the 'nail down or stick together'?,"['Yes', 'No']",Yes,A,B) No,B,0.0,80.0,81,111,1.0,False,246,15876,0.0155,588,3,15000,0,64,1
COIN__hjUSPlhPpT0.mp4,COIN__hjUSPlhPpT0.mp4#q2,Procedure Recall,What goal was achieved in this video?,"['blow sugar', 'pitch a tent', 'make chinese lantern', 'perform paper to money trick']",make chinese lantern,C,C) make chinese lantern,C,100.0,110.0,111,111,1.0,False,285,21756,0.0131,784,4,15000,0,64,1
COIN__NyZ3B2EdS3o.mp4,COIN__NyZ3B2EdS3o.mp4#q0,Step Verification,Is the person in the current frame still performing the 'hold the gun end and let the gun head aim at the tag brand'?,"['Yes', 'No']",Yes,A,B) No,B,0.0,53.0,54,60,1.0,False,501,10584,0.0473,588,3,15000,0,64,1
COIN__NyZ3B2EdS3o.mp4,COIN__NyZ3B2EdS3o.mp4#q1,Procedure Recall,Did the person follow the correct procedure to achieve the 'replace battery on TV control'?,"['Yes', 'No']",No,B,A) Yes,A,0.0,59.0,60,60,1.0,False,528,11760,0.0449,784,4,15000,0,64,1
COIN__MvaLhtBpUX8.mp4,COIN__MvaLhtBpUX8.mp4#q0,Step Verification,Is the person in the current frame still performing the 'take out the old bulb'?,"['Yes', 'No']",Yes,A,A) Yes,A,100.0,80.0,81,153,1.0,False,844,15876,0.0532,980,5,15000,0,64,1
COIN__MvaLhtBpUX8.mp4,COIN__MvaLhtBpUX8.mp4#q1,Step Localization,How long has the person in the scene been performing the 'install the light shell/housing/support'?,"['8-9s', '19-20s', '14-15s', '23-24s']",23-24s,D,C) 14-15s,C,0.0,146.0,147,153,1.0,False,1113,28812,0.0386,1372,7,15000,0,64,1
COIN__MvaLhtBpUX8.mp4,COIN__MvaLhtBpUX8.mp4#q2,Procedure Recall,What goal was achieved in this video?,"['paste screen protector on pad', 'replace a bulb', 'refill cartridge', 'clean laptop keyboard']",replace a bulb,B,B) replace a bulb,B,100.0,152.0,153,153,1.0,False,1121,29988,0.0374,1568,8,15000,0,64,1
COIN__PmfJUbfigJg.mp4,COIN__PmfJUbfigJg.mp4#q0,Step Verification,Is the person in the current frame still performing the 'pump up the fuel'?,"['Yes', 'No']",No,B,B) No,B,100.0,126.0,127,140,1.0,False,310,24892,0.0125,392,2,15000,0,64,1
COIN__PmfJUbfigJg.mp4,COIN__PmfJUbfigJg.mp4#q1,Goal/Step Prediction,My goal is 'refill a lighter'. What are the next steps I should take?,"['lighten the lighter to check', 'prepare and add the tea', 'remove the vein', 'press the fuel nozzle']",lighten the lighter to check,A,D) press the fuel nozzle,D,0.0,130.0,131,140,1.0,False,312,25676,0.0122,588,3,15000,0,64,1
COIN__PmfJUbfigJg.mp4,COIN__PmfJUbfigJg.mp4#q2,Procedure Recall,What goal was achieved in this video?,"['refill a lighter', 'open a lock with paperclips', 'replace mobile screen protector', 'rewrap battery']",refill a lighter,A,A) refill a lighter,A,100.0,139.0,140,140,1.0,False,322,27440,0.0117,784,4,15000,0,64,1
COIN__mIm14jLritI.mp4,COIN__mIm14jLritI.mp4#q0,Step Verification,Is the person in the current frame still performing the 'strip the insulation'?,"['Yes', 'No']",Yes,A,A) Yes,A,100.0,69.0,70,166,1.0,False,366,13720,0.0267,392,2,15000,0,64,1
COIN__mIm14jLritI.mp4,COIN__mIm14jLritI.mp4#q1,Procedure Recall,Which action did the person perform for the longest duration in the last 30 seconds?,"['restore the fixed battery components and the back cover', 'use the needle to open the SIM card slot', 'cut a certain length', 'strip the insulation']",cut a certain length,C,D) strip the insulation,D,0.0,151.0,152,166,1.0,False,602,29792,0.0202,784,4,15000,0,64,1
COIN__mIm14jLritI.mp4,COIN__mIm14jLritI.mp4#q2,Step Localization,How long has the person in the scene been performing the 'insert it into the crystal head'?,"['6-7s', '13-14s', '9-10s', '37-38s']",13-14s,B,C) 9-10s,C,0.0,161.0,162,166,1.0,False,630,31752,0.0198,980,5,15000,0,64,1
COIN__mIm14jLritI.mp4,COIN__mIm14jLritI.mp4#q3,Goal/Step Prediction,My goal is 'make RJ45 cable'. What are the next steps I should take?,"['restore the fixed battery components and the back cover', 'fixe it with a crimping pliers', 'insert it into the crystal head', 'cut into strips and pieces']",fixe it with a crimping pliers,B,B) fixe it with a crimping pliers,B,100.0,165.0,166,166,1.0,False,636,32536,0.0195,1176,6,15000,0,64,1
COIN__iqL7483iW-0.mp4,COIN__iqL7483iW-0.mp4#q0,Step Verification,Is the person in the current frame still performing the 'cover with some soil'?,"['Yes', 'No']",No,B,B) No,B,100.0,28.0,29,34,1.0,False,223,5684,0.0392,392,2,15000,0,64,1
COIN__iqL7483iW-0.mp4,COIN__iqL7483iW-0.mp4#q1,Step Localization,How long has the person in the scene been performing the 'water and fertilize the seeds'?,"['15-16s', '9-10s', '7-8s', '18-19s']",9-10s,B,A) 15-16s,A,0.0,32.0,33,34,1.0,False,228,6468,0.0353,588,3,15000,0,64,1
COIN__iqL7483iW-0.mp4,COIN__iqL7483iW-0.mp4#q2,Procedure Recall,Which action did the person perform for the longest duration in the last 30 seconds?,"['connect the chair and the base', 'cover with some soil', 'wrap the pipe band', 'dig some holes on the soil']",cover with some soil,B,C) wrap the pipe band,C,0.0,33.0,34,34,1.0,False,232,6664,0.0348,784,4,15000,0,64,1
COIN__MD5YnNIox4o.mp4,COIN__MD5YnNIox4o.mp4#q0,Step Localization,How long has the person in the scene been performing the 'wind bandage around head'?,"['31-32s', '6-7s', '8-9s', '22-23s']",31-32s,A,B) 6-7s,B,0.0,30.0,31,58,1.0,False,314,6076,0.0517,392,2,15000,0,64,1
COIN__MD5YnNIox4o.mp4,COIN__MD5YnNIox4o.mp4#q1,Step Verification,Is the person in the current frame still performing the 'wind bandage around head'?,"['Yes', 'No']",No,B,A) Yes,A,0.0,53.0,54,58,1.0,False,404,10584,0.0382,588,3,15000,0,64,1
COIN__MD5YnNIox4o.mp4,COIN__MD5YnNIox4o.mp4#q2,Procedure Recall,Did the person follow the correct procedure to achieve the 'wash dog'?,"['Yes', 'No']",No,B,A) Yes,A,0.0,57.0,58,58,1.0,False,415,11368,0.0365,784,4,15000,0,64,1
COIN__PTiQKd5d2Qg.mp4,COIN__PTiQKd5d2Qg.mp4#q0,Step Verification,Is the person in the current frame still performing the 'show the whole rope again'?,"['Yes', 'No']",No,B,B) No,B,100.0,34.0,35,65,1.0,False,344,6860,0.0501,392,2,15000,0,64,1
COIN__PTiQKd5d2Qg.mp4,COIN__PTiQKd5d2Qg.mp4#q1,Step Localization,How long has the person in the scene been performing the 'knot the rope'?,"['12-13s', '27-28s', '70-71s', '5-6s']",12-13s,A,A) 12-13s,A,100.0,53.0,54,65,1.0,False,355,10584,0.0335,588,3,15000,0,64,1
COIN__PTiQKd5d2Qg.mp4,COIN__PTiQKd5d2Qg.mp4#q2,Goal/Step Prediction,My goal is 'cut and restore rope trick'. What are the next steps I should take?,"['wipe the screen', 'show the whole rope again', 'knot the rope', 'assemble the cushion and the backrest']",show the whole rope again,B,B) show the whole rope again,B,100.0,62.0,63,65,1.0,False,362,12348,0.0293,784,4,15000,0,64,1
COIN__PTiQKd5d2Qg.mp4,COIN__PTiQKd5d2Qg.mp4#q3,Procedure Recall,How long has the person been performing the 'show the whole rope again' in the last 30 seconds?,"['3-4s', '49-50s', '25-26s', '17-18s']",3-4s,A,A) 3-4s,A,100.0,64.0,65,65,1.0,False,364,12740,0.0286,980,5,15000,0,64,1
COIN__efSd3Dvkeb8.mp4,COIN__efSd3Dvkeb8.mp4#q0,Step Verification,Is the person in the current frame still performing the 'cut the rope'?,"['Yes', 'No']",No,B,B) No,B,100.0,16.0,17,36,1.0,False,207,3332,0.0621,392,2,15000,0,64,1
COIN__efSd3Dvkeb8.mp4,COIN__efSd3Dvkeb8.mp4#q1,Goal/Step Prediction,My goal is 'cut and restore rope trick'. What are the next steps I should take?,"['knot the rope', 'paste and level the wallpaper', 'show the whole rope again', 'add decoration']",show the whole rope again,C,A) knot the rope,A,0.0,33.0,34,36,1.0,False,207,6664,0.0311,392,2,15000,0,64,1
COIN__efSd3Dvkeb8.mp4,COIN__efSd3Dvkeb8.mp4#q2,Procedure Recall,Did the person follow the correct procedure to achieve the 'cut and restore rope trick'?,"['Yes', 'No']",Yes,A,A) Yes,A,100.0,35.0,36,36,1.0,False,207,7056,0.0293,392,2,15000,0,64,1
COIN__78UikTQkGgg.mp4,COIN__78UikTQkGgg.mp4#q0,Step Localization,How long has the person in the scene been performing the 'put the filler on the bread slice'?,"['23-24s', '6-7s', '31-32s', '49-50s']",49-50s,D,B) 6-7s,B,0.0,84.0,85,143,1.0,False,594,16660,0.0357,784,4,15000,0,64,1
COIN__78UikTQkGgg.mp4,COIN__78UikTQkGgg.mp4#q1,Procedure Recall,What goal was achieved in this video?,"['make lamb kebab', 'clean shrimp', 'make sandwich', 'boil noodles']",make sandwich,C,C) make sandwich,C,100.0,138.0,139,143,1.0,False,706,27244,0.0259,980,5,15000,0,64,1
COIN__78UikTQkGgg.mp4,COIN__78UikTQkGgg.mp4#q2,Step Verification,Is the person in the current frame still performing the 'cut into small pieces'?,"['Yes', 'No']",No,B,B) No,B,100.0,142.0,143,143,1.0,False,721,28028,0.0257,1176,6,15000,0,64,1
COIN__QX9JaFXjmY0.mp4,COIN__QX9JaFXjmY0.mp4#q0,Step Verification,Is the person in the current frame still performing the 'press the corresponding button'?,"['Yes', 'No']",Yes,A,A) Yes,A,100.0,25.0,26,36,1.0,False,361,5096,0.0708,392,2,15000,0,64,1
COIN__QX9JaFXjmY0.mp4,COIN__QX9JaFXjmY0.mp4#q1,Step Localization,How long has the person in the scene been performing the 'press the corresponding button'?,"['16-17s', '7-8s', '18-19s', '9-10s']",16-17s,A,D) 9-10s,D,0.0,25.0,26,36,1.0,False,361,5096,0.0708,392,2,15000,0,64,1
COIN__QX9JaFXjmY0.mp4,COIN__QX9JaFXjmY0.mp4#q2,Procedure Recall,Did the person follow the correct procedure to achieve the 'use sewing machine'?,"['Yes', 'No']",No,B,A) Yes,A,0.0,35.0,36,36,1.0,False,406,7056,0.0575,588,3,15000,0,64,1
COIN__LtHKn_jDy00.mp4,COIN__LtHKn_jDy00.mp4#q0,Step Verification,Is the person in the current frame still performing the 'open the fuel tank cap'?,"['Yes', 'No']",No,B,A) Yes,A,0.0,42.0,43,49,1.0,False,327,8428,0.0388,392,2,15000,0,64,1
COIN__LtHKn_jDy00.mp4,COIN__LtHKn_jDy00.mp4#q1,Procedure Recall,Did the person follow the correct procedure to achieve the 'fuel car'?,"['Yes', 'No']",Yes,A,A) Yes,A,100.0,48.0,49,49,1.0,False,349,9604,0.0363,588,3,15000,0,64,1
COIN__PFmpN2zIllM.mp4,COIN__PFmpN2zIllM.mp4#q0,Procedure Recall,What goal was achieved in this video?,"['use neti pot', 'perform CPR', 'use epinephrine auto-injector', 'bandage dog paw']",bandage dog paw,D,D) bandage dog paw,D,100.0,84.0,85,89,1.0,False,284,16660,0.017,392,2,15000,0,64,1
COIN__PFmpN2zIllM.mp4,COIN__PFmpN2zIllM.mp4#q1,Step Verification,Is the person in the current frame still performing the 'wind legs with bandage'?,"['Yes', 'No']",No,B,B) No,B,100.0,88.0,89,89,1.0,False,290,17444,0.0166,588,3,15000,0,64,1
COIN__U01db9EqDKU.mp4,COIN__U01db9EqDKU.mp4#q0,Procedure Recall,Did the person follow the correct procedure to achieve the 'change toner cartridge'?,"['Yes', 'No']",Yes,A,A) Yes,A,100.0,121.0,122,126,1.0,False,633,23912,0.0265,784,4,15000,0,64,1
COIN__U01db9EqDKU.mp4,COIN__U01db9EqDKU.mp4#q1,Step Verification,Is the person in the current frame still performing the 'close the front door or cover of the printer'?,"['Yes', 'No']",No,B,B) No,B,100.0,126.0,126,126,1.0,True,681,24696,0.0276,980,5,15000,0,64,1
COIN__nqQG5O_8uGE.mp4,COIN__nqQG5O_8uGE.mp4#q0,Step Localization,How long has the person in the scene been performing the 'fold or bent the paper'?,"['6-7s', '14-15s', '31-32s', '17-18s']",14-15s,B,D) 17-18s,D,0.0,21.0,22,157,1.0,False,202,4312,0.0468,392,2,15000,0,64,1
COIN__nqQG5O_8uGE.mp4,COIN__nqQG5O_8uGE.mp4#q1,Procedure Recall,What actions was the person performing before the last 90 seconds?,"['nail down or stick together', 'prepare flower', 'lay the cushion evenly', 'fold or bent the paper']",fold or bent the paper,D,D) fold or bent the paper,D,100.0,99.0,100,157,1.0,False,310,19600,0.0158,588,3,15000,0,64,1
COIN__nqQG5O_8uGE.mp4,COIN__nqQG5O_8uGE.mp4#q2,Step Verification,Is the person in the current frame still performing the 'cut the raw materials'?,"['Yes', 'No']",Yes,A,A) Yes,A,100.0,115.0,116,157,1.0,False,337,22736,0.0148,784,4,15000,0,64,1
COIN__nqQG5O_8uGE.mp4,COIN__nqQG5O_8uGE.mp4#q3,Goal/Step Prediction,"Based on the series of actions performed by the person in the video, what is the ultimate goal?","['make paper wind mill', 'make chinese lantern', 'perform vanishing glass trick', 'cut and restore rope trick']",make chinese lantern,B,A) make paper wind mill,A,0.0,156.0,157,157,1.0,False,416,30772,0.0135,980,5,15000,0,64,1
COIN__7S3l-IpOuY4.mp4,COIN__7S3l-IpOuY4.mp4#q0,Goal/Step Prediction,My goal is 'replace a bulb'. What are the next steps I should take?,"['press the sticker', 'install the light shell/housing/support', 'remove the light shell/housing/support', 'transfer print']",install the light shell/housing/support,B,C) remove the light shell/housing/support,C,0.0,131.0,132,152,1.0,False,703,25872,0.0272,784,4,15000,0,64,1
COIN__7S3l-IpOuY4.mp4,COIN__7S3l-IpOuY4.mp4#q1,Step Localization,How long has the person in the scene been performing the 'install the light shell/housing/support'?,"['16-17s', '14-15s', '6-7s', '8-9s']",16-17s,A,D) 8-9s,D,0.0,146.0,147,152,1.0,False,722,28812,0.0251,980,5,15000,0,64,1
COIN__7S3l-IpOuY4.mp4,COIN__7S3l-IpOuY4.mp4#q2,Procedure Recall,What goal was achieved in this video?,"['replace laptop screen', 'replace a bulb', 'replace light socket', 'paste screen protector on pad']",replace a bulb,B,B) replace a bulb,B,100.0,147.0,148,152,1.0,False,725,29008,0.025,1176,6,15000,0,64,1
COIN__7S3l-IpOuY4.mp4,COIN__7S3l-IpOuY4.mp4#q3,Step Verification,Is the person in the current frame still performing the 'install the light shell/housing/support'?,"['Yes', 'No']",No,B,A) Yes,A,0.0,151.5,152,152,1.0,False,738,29792,0.0248,1372,7,15000,0,64,1
COIN__xcpffGBVi8Y.mp4,COIN__xcpffGBVi8Y.mp4#q0,Step Localization,How long has the person in the scene been performing the 'prepare meat'?,"['5-6s', '13-14s', '57-58s', '15-16s']",5-6s,A,A) 5-6s,A,100.0,37.0,38,83,1.0,False,318,7448,0.0427,392,2,15000,0,64,1
COIN__xcpffGBVi8Y.mp4,COIN__xcpffGBVi8Y.mp4#q1,Step Verification,Is the person in the current frame still performing the 'mix and pickle'?,"['Yes', 'No']",No,B,B) No,B,100.0,51.0,52,83,1.0,False,385,10192,0.0378,588,3,15000,0,64,1
COIN__xcpffGBVi8Y.mp4,COIN__xcpffGBVi8Y.mp4#q2,Procedure Recall,What actions was the person performing before the last 60 seconds?,"['mix and pickle', 'clean the hamster box', 'prepare seasonings and side dishes', 'insert it into the crystal head']",prepare seasonings and side dishes,C,A) mix and pickle,A,0.0,77.0,78,83,1.0,False,453,15288,0.0296,784,4,15000,0,64,1
COIN__xcpffGBVi8Y.mp4,COIN__xcpffGBVi8Y.mp4#q3,Goal/Step Prediction,My goal is 'make lamb kebab'. What are the next steps I should take?,"['dribble and lay up', 'pass the basketball into the hole at the second time', 'roast ingredients', 'prepare meat']",roast ingredients,C,D) prepare meat,D,0.0,82.0,83,83,1.0,False,471,16268,0.029,980,5,15000,0,64,1
COIN__E2MRAd95jDw.mp4,COIN__E2MRAd95jDw.mp4#q0,Step Verification,Is the person in the current frame still performing the 'put the melted soap block into the vessel'?,"['Yes', 'No']",No,B,A) Yes,A,0.0,125.0,126,152,1.0,False,632,24696,0.0256,784,4,15000,0,64,1
COIN__E2MRAd95jDw.mp4,COIN__E2MRAd95jDw.mp4#q1,Step Localization,How long has the person in the scene been performing the 'put the melted soap block into the vessel'?,"['57-58s', '24-25s', '22-23s', '13-14s']",13-14s,D,A) 57-58s,A,0.0,140.0,141,152,1.0,False,673,27636,0.0244,980,5,15000,0,64,1
COIN__E2MRAd95jDw.mp4,COIN__E2MRAd95jDw.mp4#q2,Procedure Recall,What goal was achieved in this video?,"['make soap', 'make candle', 'use analytical balance', 'make paper dice']",make soap,A,A) make soap,A,100.0,151.0,152,152,1.0,False,700,29792,0.0235,1176,6,15000,0,64,1
COIN__LW7AA3tQr_A.mp4,COIN__LW7AA3tQr_A.mp4#q0,Procedure Recall,Which action did the person perform for the longest duration in the last 60 seconds?,"['cut the headphone cable', 'insert the glue needle', 'put the waterproof cover', 'hold the gun end and let the gun head aim at the tag brand']",hold the gun end and let the gun head aim at the tag brand,D,D) hold the gun end and let the gun head aim at the tag brand,D,100.0,78.0,79,104,1.0,False,487,15484,0.0315,588,3,15000,0,64,1
COIN__LW7AA3tQr_A.mp4,COIN__LW7AA3tQr_A.mp4#q1,Step Verification,Is the person in the current frame still performing the 'hold the gun end and let the gun head aim at the tag brand'?,"['Yes', 'No']",Yes,A,A) Yes,A,100.0,97.0,98,104,1.0,False,574,19208,0.0299,784,4,15000,0,64,1
COIN__LW7AA3tQr_A.mp4,COIN__LW7AA3tQr_A.mp4#q2,Goal/Step Prediction,"Based on the series of actions performed by the person in the video, what is the ultimate goal?","['resize watch band', 'use tapping gun', 'make RJ45 cable', 'replace battery on key to car']",use tapping gun,B,B) use tapping gun,B,100.0,103.0,104,104,1.0,False,605,20384,0.0297,980,5,15000,0,64,1
COIN___kYE6KT5HlU.mp4,COIN___kYE6KT5HlU.mp4#q0,Step Localization,How long has the person in the scene been performing the 'wipe adhesive and bedding layer'?,"['9-10s', '35-36s', '20-21s', '62-63s']",62-63s,D,B) 35-36s,B,0.0,90.0,91,111,1.0,False,431,17836,0.0242,588,3,15000,0,64,1
COIN___kYE6KT5HlU.mp4,COIN___kYE6KT5HlU.mp4#q1,Procedure Recall,Did the person follow the correct procedure to achieve the 'install ceramic tile'?,"['Yes', 'No']",Yes,A,A) Yes,A,100.0,107.0,108,111,1.0,False,493,21168,0.0233,784,4,15000,0,64,1
COIN___kYE6KT5HlU.mp4,COIN___kYE6KT5HlU.mp4#q2,Step Verification,Is the person in the current frame still performing the 'tile the wall'?,"['Yes', 'No']",No,B,A) Yes,A,0.0,110.0,111,111,1.0,False,503,21756,0.0231,980,5,15000,0,64,1
COIN__EAYuIBqkfCw.mp4,COIN__EAYuIBqkfCw.mp4#q0,Step Verification,Is the person in the current frame still performing the 'prepare the frame'?,"['Yes', 'No']",No,B,B) No,B,100.0,18.0,19,38,1.0,False,377,3724,0.1012,392,2,15000,0,64,1
COIN__EAYuIBqkfCw.mp4,COIN__EAYuIBqkfCw.mp4#q1,Procedure Recall,Did the person follow the correct procedure to achieve the 'make flower crown'?,"['Yes', 'No']",Yes,A,A) Yes,A,100.0,37.0,38,38,1.0,False,484,7448,0.065,588,3,15000,0,64,1
COIN__K7GL4BtU8CM.mp4,COIN__K7GL4BtU8CM.mp4#q0,Step Localization,How long has the person in the scene been performing the 'replace the battery'?,"['7-8s', '22-23s', '14-15s', '20-21s']",20-21s,D,A) 7-8s,A,0.0,22.0,23,94,1.0,False,264,4508,0.0586,392,2,15000,0,64,1
COIN__K7GL4BtU8CM.mp4,COIN__K7GL4BtU8CM.mp4#q1,Step Verification,Is the person in the current frame still performing the 'replace the battery'?,"['Yes', 'No']",No,B,A) Yes,A,0.0,25.0,26,94,1.0,False,264,5096,0.0518,392,2,15000,0,64,1
COIN__K7GL4BtU8CM.mp4,COIN__K7GL4BtU8CM.mp4#q2,Procedure Recall,Did the person follow the correct procedure to achieve the 'change battery of watch'?,"['Yes', 'No']",Yes,A,A) Yes,A,100.0,93.0,94,94,1.0,False,526,18424,0.0285,784,4,15000,0,64,1
COIN__5iLTx-kiDGc.mp4,COIN__5iLTx-kiDGc.mp4#q0,Step Localization,How long has the person in the scene been performing the 'line up the protector and the cellphone'?,"['6-7s', '17-18s', '12-13s', '15-16s']",17-18s,B,A) 6-7s,A,0.0,106.0,107,174,1.0,False,565,20972,0.0269,588,3,15000,0,64,1
COIN__5iLTx-kiDGc.mp4,COIN__5iLTx-kiDGc.mp4#q1,Procedure Recall,Which action did the person perform for the longest duration in the last 60 seconds?,"['paste protector on the screen', 'clean weld line with a hammer', 'line up the protector and the cellphone', 'drive the car backward']",line up the protector and the cellphone,C,C) line up the protector and the cellphone,C,100.0,139.0,140,174,1.0,False,663,27440,0.0242,784,4,15000,0,64,1
COIN__5iLTx-kiDGc.mp4,COIN__5iLTx-kiDGc.mp4#q2,Goal/Step Prediction,My goal is 'replace mobile screen protector'. What are the next steps I should take?,"['remove the original protector', 'wipe the screen', 'do artificial breathing to the patient', 'tear off the other side of the sticker']",wipe the screen,B,A) remove the original protector,A,0.0,164.0,165,174,1.0,False,751,32340,0.0232,980,5,15000,0,64,1
COIN__5iLTx-kiDGc.mp4,COIN__5iLTx-kiDGc.mp4#q3,Step Verification,Is the person in the current frame still performing the 'wipe the screen'?,"['Yes', 'No']",No,B,A) Yes,A,0.0,173.0,174,174,1.0,False,779,34104,0.0228,1176,6,15000,0,64,1
COIN__cKf4lk2E2fM.mp4,COIN__cKf4lk2E2fM.mp4#q0,Step Verification,Is the person in the current frame still performing the 'take out after freezing'?,"['Yes', 'No']",Yes,A,B) No,B,0.0,123.0,124,187,1.0,False,626,24304,0.0258,784,4,15000,0,64,1
COIN__cKf4lk2E2fM.mp4,COIN__cKf4lk2E2fM.mp4#q1,Goal/Step Prediction,My goal is 'make soap'. What are the next steps I should take?,"['sow on the soil', 'put the melted soap block into the vessel', 'prepare a vacant vessel', 'scrub the toilet interior']",put the melted soap block into the vessel,B,B) put the melted soap block into the vessel,B,100.0,179.0,180,187,1.0,False,795,35280,0.0225,980,5,15000,0,64,1
COIN__cKf4lk2E2fM.mp4,COIN__cKf4lk2E2fM.mp4#q2,Procedure Recall,What goal was achieved in this video?,"['make soap', 'make slime with glue', 'use triple beam balance', 'prepare standard solution']",make soap,A,A) make soap,A,100.0,186.0,187,187,1.0,False,801,36652,0.0219,1176,6,15000,0,64,1
COIN__bckreUaGFdY.mp4,COIN__bckreUaGFdY.mp4#q0,Step Localization,How long has the person in the scene been performing the 'add seasoning'?,"['7-8s', '15-16s', '34-35s', '12-13s']",12-13s,D,A) 7-8s,A,0.0,14.0,15,43,1.0,False,243,2940,0.0827,392,2,15000,0,64,1
COIN__bckreUaGFdY.mp4,COIN__bckreUaGFdY.mp4#q1,Step Verification,Is the person in the current frame still performing the 'add seasoning on the salmon'?,"['Yes', 'No']",Yes,A,A) Yes,A,100.0,31.0,32,43,1.0,False,277,6272,0.0442,588,3,15000,0,64,1
COIN__bckreUaGFdY.mp4,COIN__bckreUaGFdY.mp4#q2,Procedure Recall,Which action did the person perform for the longest duration in the last 30 seconds?,"['install the new pin board', 'add seasoning on the salmon', 'add decoration', 'wipe the scratch with cloth']",add seasoning on the salmon,B,B) add seasoning on the salmon,B,100.0,39.0,40,43,1.0,False,306,7840,0.039,784,4,15000,0,64,1
COIN__bckreUaGFdY.mp4,COIN__bckreUaGFdY.mp4#q3,Goal/Step Prediction,My goal is 'make salmon'. What are the next steps I should take?,"['fry salmon', 'remove the core', 'add decoration', 'fixe it with a crimping pliers']",add decoration,C,B) remove the core,B,0.0,42.0,43,43,1.0,False,321,8428,0.0381,980,5,15000,0,64,1
COIN__V4uEwLHfMhs.mp4,COIN__V4uEwLHfMhs.mp4#q0,Step Localization,How long has the person in the scene been performing the 'pour the ingredients into the bowl'?,"['28-29s', '21-22s', '5-6s', '8-9s']",21-22s,B,C) 5-6s,C,0.0,28.0,29,43,1.0,False,473,5684,0.0832,588,3,15000,0,64,1
COIN__V4uEwLHfMhs.mp4,COIN__V4uEwLHfMhs.mp4#q1,Step Verification,Is the person in the current frame still performing the 'pour the ingredients into the bowl'?,"['Yes', 'No']",Yes,A,A) Yes,A,100.0,29.0,30,43,1.0,False,480,5880,0.0816,784,4,15000,0,64,1
COIN__V4uEwLHfMhs.mp4,COIN__V4uEwLHfMhs.mp4#q2,Procedure Recall,How long has the person been performing the 'package and freeze' in the last 15 seconds?,"['11-12s', '45-46s', '102-103s', '60-61s']",11-12s,A,A) 11-12s,A,100.0,42.0,43,43,1.0,False,546,8428,0.0648,980,5,15000,0,64,1
COIN__o0JS-PurvZM.mp4,COIN__o0JS-PurvZM.mp4#q0,Step Localization,How long has the person in the scene been performing the 'remove cap'?,"['13-14s', '31-32s', '6-7s', '15-16s']",6-7s,C,C) 6-7s,C,100.0,10.0,11,96,1.0,False,251,2156,0.1164,392,2,15000,0,64,1
COIN__o0JS-PurvZM.mp4,COIN__o0JS-PurvZM.mp4#q1,Procedure Recall,What goal was achieved in this video?,"['replace sewing machine needle', 'refill mechanical pencils', 'load grease gun', 'change mobile phone battery']",refill mechanical pencils,B,B) refill mechanical pencils,B,100.0,93.0,94,96,1.0,False,735,18424,0.0399,980,5,15000,0,64,1
COIN__o0JS-PurvZM.mp4,COIN__o0JS-PurvZM.mp4#q2,Step Verification,Is the person in the current frame still performing the 'buckle the cap'?,"['Yes', 'No']",No,B,B) No,B,100.0,95.0,96,96,1.0,False,747,18816,0.0397,1176,6,15000,0,64,1
COIN__h2-B9L3PLdQ.mp4,COIN__h2-B9L3PLdQ.mp4#q0,Step Verification,Is the person in the current frame still performing the 'take out the old filter'?,"['Yes', 'No']",Yes,A,B) No,B,0.0,27.0,28,56,1.0,False,243,5488,0.0443,392,2,15000,0,64,1
COIN__h2-B9L3PLdQ.mp4,COIN__h2-B9L3PLdQ.mp4#q1,Procedure Recall,Did the person follow the correct procedure to achieve the 'replace blade of a saw'?,"['Yes', 'No']",No,B,B) No,B,100.0,55.0,56,56,1.0,False,292,10976,0.0266,588,3,15000,0,64,1
COIN__h2-B9L3PLdQ.mp4,COIN__h2-B9L3PLdQ.mp4#q2,Step Localization,How long has the person in the scene been performing the 'install the new filter'?,"['27-28s', '19-20s', '15-16s', '17-18s']",17-18s,D,D) 17-18s,D,100.0,55.0,56,56,1.0,False,292,10976,0.0266,588,3,15000,0,64,1
COIN__cSUmhg1KoC0.mp4,COIN__cSUmhg1KoC0.mp4#q0,Step Verification,Is the person in the current frame still performing the 'remove the peel'?,"['Yes', 'No']",No,B,A) Yes,A,0.0,32.0,33,46,1.0,False,343,6468,0.053,392,2,15000,0,64,1
COIN__cSUmhg1KoC0.mp4,COIN__cSUmhg1KoC0.mp4#q1,Procedure Recall,Which action did the person perform for the longest duration in the last 30 seconds?,"['slice the pulp', 'wipe wall with detergent', 'cut off the edge', 'strip the insulation']",slice the pulp,A,A) slice the pulp,A,100.0,45.0,46,46,1.0,False,377,9016,0.0418,588,3,15000,0,64,1
COIN__5QBRDpzedoI.mp4,COIN__5QBRDpzedoI.mp4#q0,Step Localization,How long has the person in the scene been performing the 'begin to run up'?,"['8-9s', '49-50s', '12-13s', '14-15s']",12-13s,C,A) 8-9s,A,0.0,43.0,44,94,1.0,False,270,8624,0.0313,392,2,15000,0,64,1
COIN__5QBRDpzedoI.mp4,COIN__5QBRDpzedoI.mp4#q1,Goal/Step Prediction,"Based on the series of actions performed by the person in the video, what is the ultimate goal?","['practise triple jump', 'practise weight lift', 'practise karate', 'attend NBA skills challenge']",practise triple jump,A,A) practise triple jump,A,100.0,48.0,49,94,1.0,False,271,9604,0.0282,588,3,15000,0,64,1
COIN__5QBRDpzedoI.mp4,COIN__5QBRDpzedoI.mp4#q2,Step Verification,Is the person in the current frame still performing the 'do the first two jumps'?,"['Yes', 'No']",Yes,A,B) No,B,0.0,91.0,92,94,1.0,False,295,18032,0.0164,784,4,15000,0,64,1
COIN__5QBRDpzedoI.mp4,COIN__5QBRDpzedoI.mp4#q3,Procedure Recall,How long has the person been performing the 'do the first two jumps' in the last 90 seconds?,"['50-51s', '17-18s', '26-27s', '32-33s']",50-51s,A,B) 17-18s,B,0.0,93.0,94,94,1.0,False,296,18424,0.0161,980,5,15000,0,64,1
COIN__JUCgEf6otNI.mp4,COIN__JUCgEf6otNI.mp4#q0,Step Localization,How long has the person in the scene been performing the 'remove the old graphics card'?,"['31-32s', '6-7s', '11-12s', '16-17s']",16-17s,D,D) 16-17s,D,100.0,63.0,64,127,1.0,False,377,12544,0.0301,392,2,15000,0,64,1
COIN__JUCgEf6otNI.mp4,COIN__JUCgEf6otNI.mp4#q1,Goal/Step Prediction,My goal is 'replace graphics card'. What are the next steps I should take?,"['pull out the insurance ring', 'take out the filter', 'fit on the shell', 'scrub the bathtub']",fit on the shell,C,C) fit on the shell,C,100.0,109.0,110,127,1.0,False,424,21560,0.0197,588,3,15000,0,64,1
COIN__JUCgEf6otNI.mp4,COIN__JUCgEf6otNI.mp4#q2,Step Verification,Is the person in the current frame still performing the 'install the new graphics card'?,"['Yes', 'No']",No,B,A) Yes,A,0.0,112.0,113,127,1.0,False,434,22148,0.0196,784,4,15000,0,64,1
COIN__JUCgEf6otNI.mp4,COIN__JUCgEf6otNI.mp4#q3,Procedure Recall,What actions was the person performing before the last 30 seconds?,"['put yogurt, honey and other ingredients into the juicer', 'install the air nozzle', 'fit on the shell', 'install the new graphics card']",install the new graphics card,D,D) install the new graphics card,D,100.0,126.0,127,127,1.0,False,519,24892,0.0209,980,5,15000,0,64,1
COIN__ciG_cMNWR7c.mp4,COIN__ciG_cMNWR7c.mp4#q0,Goal/Step Prediction,"Based on the series of actions performed by the person in the video, what is the ultimate goal?","['remove blackheads with glue', 'perform CPR', 'shave beard', 'give an intramuscular injection']",shave beard,C,C) shave beard,C,100.0,115.0,116,142,1.0,False,723,22736,0.0318,784,4,15000,0,64,1
COIN__ciG_cMNWR7c.mp4,COIN__ciG_cMNWR7c.mp4#q1,Step Localization,How long has the person in the scene been performing the 'shave carefully on the face'?,"['29-30s', '7-8s', '16-17s', '12-13s']",7-8s,B,A) 29-30s,A,0.0,121.0,122,142,1.0,False,727,23912,0.0304,980,5,15000,0,64,1
COIN__ciG_cMNWR7c.mp4,COIN__ciG_cMNWR7c.mp4#q2,Step Verification,Is the person in the current frame still performing the 'shave carefully on the face'?,"['Yes', 'No']",No,B,A) Yes,A,0.0,130.5,131,142,1.0,False,747,25676,0.0291,1176,6,15000,0,64,1
COIN__ciG_cMNWR7c.mp4,COIN__ciG_cMNWR7c.mp4#q3,Procedure Recall,What actions did the person not perform in the last 60 seconds?,"['shave carefully on the face', 'apply cleansing milk to the face', 'apply shaving cream to the face', 'do facial care carefully']",apply cleansing milk to the face,B,C) apply shaving cream to the face,C,0.0,141.0,142,142,1.0,False,769,27832,0.0276,1372,7,15000,0,64,1
COIN__a7-gcftmjyE.mp4,COIN__a7-gcftmjyE.mp4#q0,Step Verification,Is the person in the current frame still performing the 'pull out the insurance ring'?,"['Yes', 'No']",No,B,B) No,B,100.0,23.0,24,25,1.0,False,260,4704,0.0553,392,2,15000,0,64,1
COIN__a7-gcftmjyE.mp4,COIN__a7-gcftmjyE.mp4#q1,Procedure Recall,What goal was achieved in this video?,"['resize watch band', 'operate fire extinguisher', 'open a lock with paperclips', 'rewrap battery']",operate fire extinguisher,B,B) operate fire extinguisher,B,100.0,24.0,25,25,1.0,False,263,4900,0.0537,588,3,15000,0,64,1
COIN__1GrCbwZIbwM.mp4,COIN__1GrCbwZIbwM.mp4#q0,Step Localization,How long has the person in the scene been performing the 'apply detergent to bathtub'?,"['8-9s', '19-20s', '11-12s', '5-6s']",5-6s,D,A) 8-9s,A,0.0,93.0,94,171,1.0,False,591,18424,0.0321,784,4,15000,0,64,1
COIN__1GrCbwZIbwM.mp4,COIN__1GrCbwZIbwM.mp4#q1,Procedure Recall,Did the person follow the correct procedure to achieve the 'clean bathtub'?,"['Yes', 'No']",Yes,A,B) No,B,0.0,168.0,169,171,1.0,False,872,33124,0.0263,1176,6,15000,0,64,1
COIN__1GrCbwZIbwM.mp4,COIN__1GrCbwZIbwM.mp4#q2,Step Verification,Is the person in the current frame still performing the 'clean bathtub with water'?,"['Yes', 'No']",No,B,A) Yes,A,0.0,170.0,171,171,1.0,False,883,33516,0.0263,1372,7,15000,0,64,1
COIN___NF2F6J6_9A.mp4,COIN___NF2F6J6_9A.mp4#q0,Step Verification,Is the person in the current frame still performing the 'screw off the screws'?,"['Yes', 'No']",No,B,B) No,B,100.0,21.0,22,26,1.0,False,200,4312,0.0464,392,2,15000,0,64,1
COIN___NF2F6J6_9A.mp4,COIN___NF2F6J6_9A.mp4#q1,Procedure Recall,How long has the person been performing the 'remove the drumhead' in the last 15 seconds?,"['45-46s', '15-16s', '2-3s', '119-120s']",2-3s,C,C) 2-3s,C,100.0,23.0,24,26,1.0,False,201,4704,0.0427,588,3,15000,0,64,1
COIN___NF2F6J6_9A.mp4,COIN___NF2F6J6_9A.mp4#q2,Step Localization,How long has the person in the scene been performing the 'screw off the screws'?,"['26-27s', '14-15s', '5-6s', '12-13s']",5-6s,C,A) 26-27s,A,0.0,24.0,25,26,1.0,False,201,4900,0.041,588,3,15000,0,64,1
COIN___NF2F6J6_9A.mp4,COIN___NF2F6J6_9A.mp4#q3,Goal/Step Prediction,My goal is 'replace drumhead'. What are the next steps I should take?,"['link the new chain', 'screw on the screws', 'put down the hair and comb', 'remove the drumhead']",remove the drumhead,D,D) remove the drumhead,D,100.0,25.0,26,26,1.0,False,201,5096,0.0394,588,3,15000,0,64,1
COIN__htOoZBfuvhk.mp4,COIN__htOoZBfuvhk.mp4#q0,Step Verification,Is the person in the current frame still performing the 'wipe wall with detergent'?,"['Yes', 'No']",Yes,A,A) Yes,A,100.0,81.0,82,103,1.0,False,441,16072,0.0274,588,3,15000,0,64,1
COIN__htOoZBfuvhk.mp4,COIN__htOoZBfuvhk.mp4#q1,Step Localization,How long has the person in the scene been performing the 'wipe wall with detergent'?,"['17-18s', '21-22s', '9-10s', '19-20s']",17-18s,A,D) 19-20s,D,0.0,83.0,84,103,1.0,False,442,16464,0.0268,784,4,15000,0,64,1
COIN__htOoZBfuvhk.mp4,COIN__htOoZBfuvhk.mp4#q2,Procedure Recall,Did the person follow the correct procedure to achieve the 'remove crayon from walls'?,"['Yes', 'No']",Yes,A,B) No,B,0.0,102.0,103,103,1.0,False,472,20188,0.0234,980,5,15000,0,64,1
COIN__00n3IEqYBME.mp4,COIN__00n3IEqYBME.mp4#q0,Step Verification,Is the person in the current frame still performing the 'place a piece of paper on weighing pan'?,"['Yes', 'No']",No,B,A) Yes,A,0.0,87.0,88,97,1.0,False,594,17248,0.0344,784,4,15000,0,64,1
COIN__00n3IEqYBME.mp4,COIN__00n3IEqYBME.mp4#q1,Goal/Step Prediction,My goal is 'use analytical balance'. What are the next steps I should take?,"['place a piece of paper on weighing pan', 'place weighing sample on weighing pan and read', 'put the ingredients into the bowl', 'blow the raw sugar']",place weighing sample on weighing pan and read,B,B) place weighing sample on weighing pan and read,B,100.0,90.0,91,97,1.0,False,607,17836,0.034,980,5,15000,0,64,1
COIN__00n3IEqYBME.mp4,COIN__00n3IEqYBME.mp4#q2,Procedure Recall,What goal was achieved in this video?,"['use triple beam balance', 'use analytical balance', 'use volumetric flask', 'make paper dice']",use analytical balance,B,B) use analytical balance,B,100.0,96.0,97,97,1.0,False,619,19012,0.0326,1176,6,15000,0,64,1
COIN__XAYewYkAr-M.mp4,COIN__XAYewYkAr-M.mp4#q0,Step Localization,How long has the person in the scene been performing the 'place the board on each side'?,"['26-27s', '28-29s', '19-20s', '9-10s']",26-27s,A,D) 9-10s,D,0.0,65.0,66,228,1.0,False,255,12936,0.0197,392,2,15000,0,64,1
COIN__XAYewYkAr-M.mp4,COIN__XAYewYkAr-M.mp4#q1,Procedure Recall,Which action did the person perform for the longest duration in the last 120 seconds?,"['install legs on the bed', 'knock in the nails', 'install the bulb and light housing or shell', 'place the board on each side']",place the board on each side,D,D) place the board on each side,D,100.0,219.0,220,228,1.0,False,519,43120,0.012,784,4,15000,0,64,1
COIN__XAYewYkAr-M.mp4,COIN__XAYewYkAr-M.mp4#q2,Step Verification,Is the person in the current frame still performing the 'place mattress on the bed'?,"['Yes', 'No']",No,B,B) No,B,100.0,227.0,228,228,1.0,False,526,44688,0.0118,980,5,15000,0,64,1
COIN__RuQ8b1HFjwE.mp4,COIN__RuQ8b1HFjwE.mp4#q0,Step Verification,Is the person in the current frame still performing the 'add some ingredients in the coffee'?,"['Yes', 'No']",No,B,A) Yes,A,0.0,159.0,160,181,1.0,False,345,31360,0.011,392,2,15000,0,64,1
COIN__RuQ8b1HFjwE.mp4,COIN__RuQ8b1HFjwE.mp4#q1,Goal/Step Prediction,My goal is 'make coffee'. What are the next steps I should take?,"['brush ice floor', 'grind the coffee beans', 'clean bathtub with water', 'filtrate the coffee beans']",filtrate the coffee beans,D,B) grind the coffee beans,B,0.0,171.0,172,181,1.0,False,364,33712,0.0108,588,3,15000,0,64,1
COIN__RuQ8b1HFjwE.mp4,COIN__RuQ8b1HFjwE.mp4#q2,Procedure Recall,What actions did the person perform in sequence in the last 30 seconds?,"['add some ingredients in the coffee -> brew the coffee beans -> filtrate the coffee beans', 'boil water or coffee -> filtrate the coffee beans -> add some ingredients in the coffee', 'grind the coffee beans -> add some ingredients in the coffee -> filtrate the coffee beans', 'brew the coffee beans -> add some ingredients in the coffee -> boil water or coffee']",add some ingredients in the coffee -> brew the coffee beans -> filtrate the coffee beans,A,A) add some ingredients in the coffee -> brew the coffee beans -> filtrate,A,100.0,180.0,181,181,1.0,False,376,35476,0.0106,784,4,15000,0,64,1
COIN__aD2R7RW6OEQ.mp4,COIN__aD2R7RW6OEQ.mp4#q0,Procedure Recall,Did the person follow the correct procedure to achieve the 'assemble bed'?,"['Yes', 'No']",No,B,B) No,B,100.0,163.0,164,168,1.0,False,602,32144,0.0187,784,4,15000,0,64,1
COIN__aD2R7RW6OEQ.mp4,COIN__aD2R7RW6OEQ.mp4#q1,Step Verification,Is the person in the current frame still performing the 'open the sluice and test the new faucet'?,"['Yes', 'No']",No,B,B) No,B,100.0,167.0,168,168,1.0,False,607,32928,0.0184,980,5,15000,0,64,1
COIN__ceBulM0kK_c.mp4,COIN__ceBulM0kK_c.mp4#q0,Step Verification,Is the person in the current frame still performing the 'process the copper wire inside the earphone cable'?,"['Yes', 'No']",Yes,A,A) Yes,A,100.0,158.0,159,171,1.0,False,1002,31164,0.0322,1176,6,15000,0,64,1
COIN__ceBulM0kK_c.mp4,COIN__ceBulM0kK_c.mp4#q1,Goal/Step Prediction,"Based on the series of actions performed by the person in the video, what is the ultimate goal?","['rewrap battery', 'make wireless earbuds', 'replace CD drive with SSD', 'change battery of watch']",make wireless earbuds,B,B) make wireless earbuds,B,100.0,166.0,167,171,1.0,False,1060,32732,0.0324,1372,7,15000,0,64,1
COIN__ceBulM0kK_c.mp4,COIN__ceBulM0kK_c.mp4#q2,Procedure Recall,Did the person follow the correct procedure to achieve the 'make wireless earbuds'?,"['Yes', 'No']",Yes,A,B) No,B,0.0,170.0,171,171,1.0,False,1073,33516,0.032,1568,8,15000,0,64,1
COIN__nfuoDFs2VJI.mp4,COIN__nfuoDFs2VJI.mp4#q0,Procedure Recall,What actions was the person performing before the last 15 seconds?,"['sow on the soil', 'install the motherboard', 'plug cable and wire', 'pour into the ingredients']",install the motherboard,B,C) plug cable and wire,C,0.0,32.0,33,164,1.0,False,402,6468,0.0622,588,3,15000,0,64,1
COIN__nfuoDFs2VJI.mp4,COIN__nfuoDFs2VJI.mp4#q1,Step Verification,Is the person in the current frame still performing the 'plug cable and wire'?,"['Yes', 'No']",No,B,B) No,B,100.0,74.0,75,164,1.0,False,519,14700,0.0353,784,4,15000,0,64,1
COIN__nfuoDFs2VJI.mp4,COIN__nfuoDFs2VJI.mp4#q2,Goal/Step Prediction,My goal is 'assemble desktop PC'. What are the next steps I should take?,"['install the fan', 'put down the hair and comb', 'pour the ingredients into the bowl', 'install peripherals inside the case']",install peripherals inside the case,D,A) install the fan,A,0.0,148.0,149,164,1.0,False,732,29204,0.0251,1176,6,15000,0,64,1
COIN__nfuoDFs2VJI.mp4,COIN__nfuoDFs2VJI.mp4#q3,Step Localization,How long has the person in the scene been performing the 'install peripherals inside the case'?,"['58-59s', '16-17s', '11-12s', '14-15s']",16-17s,B,D) 14-15s,D,0.0,163.0,164,164,1.0,False,770,32144,0.024,1372,7,15000,0,64,1
COIN__KjKC5EWbcsA.mp4,COIN__KjKC5EWbcsA.mp4#q0,Step Localization,How long has the person in the scene been performing the 'install the new bulb'?,"['12-13s', '9-10s', '27-28s', '15-16s']",15-16s,D,D) 15-16s,D,100.0,69.0,70,83,1.0,False,411,13720,0.03,588,3,15000,0,64,1
COIN__KjKC5EWbcsA.mp4,COIN__KjKC5EWbcsA.mp4#q1,Procedure Recall,What goal was achieved in this video?,"['replace refrigerator water filter', 'change toner cartridge', 'replace blade of a saw', 'replace a bulb']",replace a bulb,D,D) replace a bulb,D,100.0,78.0,79,83,1.0,False,435,15484,0.0281,784,4,15000,0,64,1
COIN__KjKC5EWbcsA.mp4,COIN__KjKC5EWbcsA.mp4#q2,Step Verification,Is the person in the current frame still performing the 'install the new bulb'?,"['Yes', 'No']",No,B,A) Yes,A,0.0,82.5,83,83,1.0,False,442,16268,0.0272,980,5,15000,0,64,1
COIN__jH6TjgmFz1Y.mp4,COIN__jH6TjgmFz1Y.mp4#q0,Step Verification,Is the person in the current frame still performing the 'open the back cover'?,"['Yes', 'No']",No,B,A) Yes,A,0.0,68.0,69,110,1.0,False,295,13524,0.0218,392,2,15000,0,64,1
COIN__jH6TjgmFz1Y.mp4,COIN__jH6TjgmFz1Y.mp4#q1,Procedure Recall,What actions was the person performing before the last 30 seconds?,"['open the back cover', 'replace the battery', 'tear off the front of the sticker', 'ink the marked area']",open the back cover,A,A) open the back cover,A,100.0,94.0,95,110,1.0,False,349,18620,0.0187,588,3,15000,0,64,1
COIN__jH6TjgmFz1Y.mp4,COIN__jH6TjgmFz1Y.mp4#q2,Step Localization,How long has the person in the scene been performing the 'replace the battery'?,"['6-7s', '12-13s', '25-26s', '14-15s']",25-26s,C,D) 14-15s,D,0.0,103.0,104,110,1.0,False,361,20384,0.0177,784,4,15000,0,64,1
COIN__jH6TjgmFz1Y.mp4,COIN__jH6TjgmFz1Y.mp4#q3,Goal/Step Prediction,My goal is 'change battery of watch'. What are the next steps I should take?,"['invert the volumetric flask', 'install the back cover and waterproof ring', 'open the back cover', 'dribble in the field']",install the back cover and waterproof ring,B,C) open the back cover,C,0.0,109.0,110,110,1.0,False,375,21560,0.0174,980,5,15000,0,64,1
COIN__xcx6TS873f4.mp4,COIN__xcx6TS873f4.mp4#q0,Step Localization,"How long has the person in the scene been performing the 'process (crop, fold) paper'?","['36-37s', '114-115s', '38-39s', '8-9s']",114-115s,B,D) 8-9s,D,0.0,125.0,126,194,1.0,False,378,24696,0.0153,392,2,15000,0,64,1
COIN__xcx6TS873f4.mp4,COIN__xcx6TS873f4.mp4#q1,Procedure Recall,Did the person follow the correct procedure to achieve the 'change guitar strings'?,"['Yes', 'No']",No,B,B) No,B,100.0,191.0,192,194,1.0,False,458,37632,0.0122,588,3,15000,0,64,1
COIN__xcx6TS873f4.mp4,COIN__xcx6TS873f4.mp4#q2,Step Verification,Is the person in the current frame still performing the 'stick handle to paper basket'?,"['Yes', 'No']",No,B,A) Yes,A,0.0,193.0,194,194,1.0,False,460,38024,0.0121,784,4,15000,0,64,1
COIN__PLDUqyS2AGA.mp4,COIN__PLDUqyS2AGA.mp4#q0,Step Localization,How long has the person in the scene been performing the 'stir the egg'?,"['12-13s', '14-15s', '19-20s', '7-8s']",14-15s,B,A) 12-13s,A,0.0,57.0,58,198,1.0,False,377,11368,0.0332,392,2,15000,0,64,1
COIN__PLDUqyS2AGA.mp4,COIN__PLDUqyS2AGA.mp4#q1,Goal/Step Prediction,My goal is 'cook omelet'. What are the next steps I should take?,"['press the fuel nozzle', 'stir the egg', 'fry eggs', 'turn off the balde screw']",fry eggs,C,B) stir the egg,B,0.0,108.0,109,198,1.0,False,430,21364,0.0201,588,3,15000,0,64,1
COIN__PLDUqyS2AGA.mp4,COIN__PLDUqyS2AGA.mp4#q2,Procedure Recall,How long has the person been performing the 'stir the egg' in the last 90 seconds?,"['18-19s', '21-22s', '13-14s', '28-29s']",21-22s,B,A) 18-19s,A,0.0,127.0,128,198,1.0,False,445,25088,0.0177,784,4,15000,0,64,1
COIN__PLDUqyS2AGA.mp4,COIN__PLDUqyS2AGA.mp4#q3,Step Verification,Is the person in the current frame still performing the 'fry eggs'?,"['Yes', 'No']",No,B,A) Yes,A,0.0,197.0,198,198,1.0,False,531,38808,0.0137,980,5,15000,0,64,1
COIN__eQClJvavxPo.mp4,COIN__eQClJvavxPo.mp4#q0,Step Verification,"Is the person in the current frame still performing the 'put yogurt, honey and other ingredients into the juicer'?","['Yes', 'No']",No,B,A) Yes,A,0.0,70.0,71,172,1.0,False,428,13916,0.0308,588,3,15000,0,64,1
COIN__eQClJvavxPo.mp4,COIN__eQClJvavxPo.mp4#q1,Goal/Step Prediction,My goal is 'make strawberry smoothie'. What are the next steps I should take?,"['put strawberries and other fruits into the juicer', 'remove the original protector', 'shake and juice', 'nail down or stick together']",shake and juice,C,A) put strawberries and other fruits into the juicer,A,0.0,113.0,114,172,1.0,False,485,22344,0.0217,784,4,15000,0,64,1
COIN__eQClJvavxPo.mp4,COIN__eQClJvavxPo.mp4#q2,Step Localization,How long has the person in the scene been performing the 'shake and juice'?,"['22-23s', '54-55s', '9-10s', '7-8s']",54-55s,B,D) 7-8s,D,0.0,166.0,167,172,1.0,False,551,32732,0.0168,980,5,15000,0,64,1
COIN__eQClJvavxPo.mp4,COIN__eQClJvavxPo.mp4#q3,Procedure Recall,What goal was achieved in this video?,"['make matcha tea', 'make strawberry smoothie', 'make chocolate', 'make coffee']",make strawberry smoothie,B,B) make strawberry smoothie,B,100.0,171.0,172,172,1.0,False,558,33712,0.0166,1176,6,15000,0,64,1
COIN__uMM0lRfX6YI.mp4,COIN__uMM0lRfX6YI.mp4#q0,Step Verification,Is the person in the current frame still performing the 'open the fuel tank cap'?,"['Yes', 'No']",No,B,B) No,B,100.0,4.0,5,28,1.0,False,196,980,0.2,196,1,15000,0,64,1
COIN__uMM0lRfX6YI.mp4,COIN__uMM0lRfX6YI.mp4#q1,Procedure Recall,Did the person follow the correct procedure to achieve the 'park parallel'?,"['Yes', 'No']",No,B,A) Yes,A,0.0,27.0,28,28,1.0,False,197,5488,0.0359,392,2,15000,0,64,1
COIN__a4k3ei2wEkw.mp4,COIN__a4k3ei2wEkw.mp4#q0,Step Verification,Is the person in the current frame still performing the 'place a piece of paper on weighing pan'?,"['Yes', 'No']",No,B,B) No,B,100.0,110.0,111,112,1.0,False,481,21756,0.0221,588,3,15000,0,64,1
COIN__a4k3ei2wEkw.mp4,COIN__a4k3ei2wEkw.mp4#q1,Procedure Recall,Did the person follow the correct procedure to achieve the 'use analytical balance'?,"['Yes', 'No']",Yes,A,A) Yes,A,100.0,111.0,112,112,1.0,False,485,21952,0.0221,784,4,15000,0,64,1
COIN__Vaapvds7D40.mp4,COIN__Vaapvds7D40.mp4#q0,Step Verification,Is the person in the current frame still performing the 'place the bicycle on the bracket'?,"['Yes', 'No']",No,B,A) Yes,A,0.0,87.0,88,94,1.0,False,450,17248,0.0261,588,3,15000,0,64,1
COIN__Vaapvds7D40.mp4,COIN__Vaapvds7D40.mp4#q1,Procedure Recall,Which action did the person perform for the longest duration in the last 60 seconds?,"['put paper together', 'fasten the strap', 'cut the headphone cable', 'fix and fasten the upper and lower ropes to car']",fasten the strap,B,D) fix and fasten the upper and lower ropes to car,D,0.0,93.0,94,94,1.0,False,458,18424,0.0249,784,4,15000,0,64,1
COIN__bNw4khkHteo.mp4,COIN__bNw4khkHteo.mp4#q0,Step Localization,How long has the person in the scene been performing the 'remove the toy and paper bed from the hamster cage'?,"['15-16s', '17-18s', '13-14s', '8-9s']",8-9s,D,A) 15-16s,A,0.0,29.0,30,58,1.0,False,325,5880,0.0553,392,2,15000,0,64,1
COIN__bNw4khkHteo.mp4,COIN__bNw4khkHteo.mp4#q1,Goal/Step Prediction,My goal is 'clean hamster cage'. What are the next steps I should take?,"['fit on the shell', 'remove the toy and paper bed from the hamster cage', 'tighten the blade screw', 'move the toy and paper bed into the hamster cage']",move the toy and paper bed into the hamster cage,D,B) remove the toy and paper bed from the hamster cage,B,0.0,40.0,41,58,1.0,False,355,8036,0.0442,588,3,15000,0,64,1
COIN__bNw4khkHteo.mp4,COIN__bNw4khkHteo.mp4#q2,Step Verification,Is the person in the current frame still performing the 'remove the toy and paper bed from the hamster cage'?,"['Yes', 'No']",No,B,A) Yes,A,0.0,41.0,42,58,1.0,False,356,8232,0.0432,784,4,15000,0,64,1
COIN__bNw4khkHteo.mp4,COIN__bNw4khkHteo.mp4#q3,Procedure Recall,What actions was the person performing before the last 15 seconds?,"['clean toys and hamster cages', 'paste and level the wallpaper', 'put the washed rice into the rice cooker', 'move the toy and paper bed into the hamster cage']",move the toy and paper bed into the hamster cage,D,D) move the toy and paper bed into the hamster cage,D,100.0,57.0,58,58,1.0,False,418,11368,0.0368,980,5,15000,0,64,1
COIN__wAEaYimRTto.mp4,COIN__wAEaYimRTto.mp4#q0,Step Verification,Is the person in the current frame still performing the 'adjust the balance to the horizontal position'?,"['Yes', 'No']",No,B,A) Yes,A,0.0,22.0,23,47,1.0,False,375,4508,0.0832,392,2,15000,0,64,1
COIN__wAEaYimRTto.mp4,COIN__wAEaYimRTto.mp4#q1,Goal/Step Prediction,My goal is 'use triple beam balance'. What are the next steps I should take?,"['correct the balance zero', 'package and freeze', 'put the weight until the balance is balanced', 'fixe it with a crimping pliers']",put the weight until the balance is balanced,C,C) put the weight until the balance is balanced,C,100.0,30.0,31,47,1.0,False,518,6076,0.0853,588,3,15000,0,64,1
COIN__wAEaYimRTto.mp4,COIN__wAEaYimRTto.mp4#q2,Procedure Recall,What actions was the person performing before the last 15 seconds?,"['put the weight until the balance is balanced', 'correct the balance zero', 'install the light shell/housing/support', 'insert a new toner cartridge']",put the weight until the balance is balanced,A,A) put the weight until the balance is balanced,A,100.0,46.0,47,47,1.0,False,678,9212,0.0736,784,4,15000,0,64,1
COIN__hBwyMbAf5IM.mp4,COIN__hBwyMbAf5IM.mp4#q0,Step Localization,How long has the person in the scene been performing the 'connect air conditioners and windows'?,"['27-28s', '14-15s', '6-7s', '24-25s']",6-7s,C,A) 27-28s,A,0.0,71.0,72,86,1.0,False,461,14112,0.0327,588,3,15000,0,64,1
COIN__hBwyMbAf5IM.mp4,COIN__hBwyMbAf5IM.mp4#q1,Step Verification,Is the person in the current frame still performing the 'connect air conditioners and windows'?,"['Yes', 'No']",Yes,A,B) No,B,0.0,77.0,78,86,1.0,False,466,15288,0.0305,784,4,15000,0,64,1
COIN__hBwyMbAf5IM.mp4,COIN__hBwyMbAf5IM.mp4#q2,Procedure Recall,Did the person follow the correct procedure to achieve the 'install air conditioner'?,"['Yes', 'No']",Yes,A,A) Yes,A,100.0,85.0,86,86,1.0,False,475,16856,0.0282,980,5,15000,0,64,1
COIN__rygL1XZtLV0.mp4,COIN__rygL1XZtLV0.mp4#q0,Step Verification,Is the person in the current frame still performing the 'pave the box bottom with paper scraps'?,"['Yes', 'No']",Yes,A,B) No,B,0.0,25.0,26,72,1.0,False,220,5096,0.0432,392,2,15000,0,64,1
COIN__rygL1XZtLV0.mp4,COIN__rygL1XZtLV0.mp4#q1,Procedure Recall,What goal was achieved in this video?,"['paste car sticker', 'set up a hamster cage', 'make soap', 'make paper dice']",set up a hamster cage,B,B) set up a hamster cage,B,100.0,71.0,72,72,1.0,False,265,14112,0.0188,588,3,15000,0,64,1
COIN__yDad9CuHvSU.mp4,COIN__yDad9CuHvSU.mp4#q0,Step Localization,How long has the person in the scene been performing the 'install the motherboard'?,"['13-14s', '9-10s', '26-27s', '44-45s']",26-27s,C,A) 13-14s,A,0.0,48.0,49,132,1.0,False,397,9604,0.0413,588,3,15000,0,64,1
COIN__yDad9CuHvSU.mp4,COIN__yDad9CuHvSU.mp4#q1,Step Verification,Is the person in the current frame still performing the 'install the motherboard'?,"['Yes', 'No']",No,B,A) Yes,A,0.0,53.0,54,132,1.0,False,413,10584,0.039,784,4,15000,0,64,1
COIN__yDad9CuHvSU.mp4,COIN__yDad9CuHvSU.mp4#q2,Procedure Recall,Did the person follow the correct procedure to achieve the 'refill cartridge'?,"['Yes', 'No']",No,B,B) No,B,100.0,131.0,132,132,1.0,False,582,25872,0.0225,980,5,15000,0,64,1
COIN__2BJnbSPb-V0.mp4,COIN__2BJnbSPb-V0.mp4#q0,Step Localization,How long has the person in the scene been performing the 'pour the noodles into the water and stir'?,"['13-14s', '24-25s', '21-22s', '7-8s']",7-8s,D,D) 7-8s,D,100.0,21.0,22,55,1.0,False,274,4312,0.0635,392,2,15000,0,64,1
COIN__2BJnbSPb-V0.mp4,COIN__2BJnbSPb-V0.mp4#q1,Step Verification,Is the person in the current frame still performing the 'pour the noodles into the water and stir'?,"['Yes', 'No']",Yes,A,B) No,B,0.0,26.0,27,55,1.0,False,288,5292,0.0544,588,3,15000,0,64,1
COIN__2BJnbSPb-V0.mp4,COIN__2BJnbSPb-V0.mp4#q2,Procedure Recall,What goal was achieved in this video?,"['make salmon', 'smash garlic', 'make lamb kebab', 'boil noodles']",boil noodles,D,D) boil noodles,D,100.0,54.0,55,55,1.0,False,371,10780,0.0344,784,4,15000,0,64,1
COIN__aRHvWyqmmWg.mp4,COIN__aRHvWyqmmWg.mp4#q0,Step Verification,Is the person in the current frame still performing the 'show the vanished glass'?,"['Yes', 'No']",No,B,B) No,B,100.0,5.0,6,24,1.0,False,201,1176,0.1709,392,2,15000,0,64,1
COIN__aRHvWyqmmWg.mp4,COIN__aRHvWyqmmWg.mp4#q1,Step Localization,How long has the person in the scene been performing the 'block out the glass'?,"['9-10s', '7-8s', '20-21s', '32-33s']",9-10s,A,B) 7-8s,B,0.0,19.0,20,24,1.0,False,225,3920,0.0574,588,3,15000,0,64,1
COIN__aRHvWyqmmWg.mp4,COIN__aRHvWyqmmWg.mp4#q2,Goal/Step Prediction,My goal is 'perform vanishing glass trick'. What are the next steps I should take?,"['show the vanished glass', 'block out the glass', 'fix the new string on the lower part of the guitar', 'remove the core']",show the vanished glass,A,C) fix the new string on the lower part of the guitar,C,0.0,21.0,22,24,1.0,False,227,4312,0.0526,784,4,15000,0,64,1
COIN__aRHvWyqmmWg.mp4,COIN__aRHvWyqmmWg.mp4#q3,Procedure Recall,What actions did the person not perform in the last 15 seconds?,"['show the vanished glass', 'pour bean paste into plate', 'block out the glass', 'show the glass to the audience']",pour bean paste into plate,B,D) show the glass to the audience,D,0.0,23.0,24,24,1.0,False,232,4704,0.0493,980,5,15000,0,64,1
COIN__2CLt4BEBMRk.mp4,COIN__2CLt4BEBMRk.mp4#q0,Step Verification,Is the person in the current frame still performing the 'circle the rope under the bolt'?,"['Yes', 'No']",Yes,A,B) No,B,0.0,3.0,4,18,1.0,False,196,784,0.25,196,1,15000,0,64,1
COIN__2CLt4BEBMRk.mp4,COIN__2CLt4BEBMRk.mp4#q1,Procedure Recall,Did the person follow the correct procedure to achieve the 'use jack'?,"['Yes', 'No']",No,B,A) Yes,A,0.0,17.0,18,18,1.0,False,201,3528,0.057,392,2,15000,0,64,1
COIN__7l6ts1YwnfU.mp4,COIN__7l6ts1YwnfU.mp4#q0,Step Localization,How long has the person in the scene been performing the 'apply some glue on the borads'?,"['17-18s', '37-38s', '8-9s', '11-12s']",11-12s,D,A) 17-18s,A,0.0,79.0,80,158,1.0,False,746,15680,0.0476,784,4,15000,0,64,1
COIN__7l6ts1YwnfU.mp4,COIN__7l6ts1YwnfU.mp4#q1,Step Verification,Is the person in the current frame still performing the 'fit on the boards'?,"['Yes', 'No']",Yes,A,A) Yes,A,100.0,94.0,95,158,1.0,False,904,18620,0.0485,980,5,15000,0,64,1
COIN__7l6ts1YwnfU.mp4,COIN__7l6ts1YwnfU.mp4#q2,Procedure Recall,Which action did the person perform for the longest duration in the last 60 seconds?,"['rotate body and accelerate the hammer', 'cut the raw boards', 'mount the bracket to the back of the car', 'fit on the boards']",fit on the boards,D,B) cut the raw boards,B,0.0,147.0,148,158,1.0,False,1133,29008,0.0391,1372,7,15000,0,64,1
COIN__7l6ts1YwnfU.mp4,COIN__7l6ts1YwnfU.mp4#q3,Goal/Step Prediction,My goal is 'install wood flooring'. What are the next steps I should take?,"['fit on the boards', 'insert a new toner cartridge', 'tighten screws', 'knock in the nails']",fit on the boards,A,A) fit on the boards,A,100.0,157.0,158,158,1.0,False,1158,30968,0.0374,1568,8,15000,0,64,1
COIN__dXcd1GZoraY.mp4,COIN__dXcd1GZoraY.mp4#q0,Step Localization,How long has the person in the scene been performing the 'remove the old rearview mirror'?,"['6-7s', '8-9s', '16-17s', '32-33s']",6-7s,A,A) 6-7s,A,100.0,9.0,10,36,1.0,False,207,1960,0.1056,392,2,15000,0,64,1
COIN__dXcd1GZoraY.mp4,COIN__dXcd1GZoraY.mp4#q1,Step Verification,Is the person in the current frame still performing the 'cut off the electric wire'?,"['Yes', 'No']",No,B,B) No,B,100.0,17.0,18,36,1.0,False,214,3528,0.0607,588,3,15000,0,64,1
COIN__dXcd1GZoraY.mp4,COIN__dXcd1GZoraY.mp4#q2,Goal/Step Prediction,My goal is 'replace rearview mirror glass'. What are the next steps I should take?,"['reconnect the electric wire', 'reinstall the rearview mirror', 'put the hamster back into the hamster cage', 'install the wiper back']",reinstall the rearview mirror,B,B) reinstall the rearview mirror,B,100.0,32.0,33,36,1.0,False,225,6468,0.0348,784,4,15000,0,64,1
COIN__dXcd1GZoraY.mp4,COIN__dXcd1GZoraY.mp4#q3,Procedure Recall,Did the person follow the correct procedure to achieve the 'replace car window'?,"['Yes', 'No']",No,B,A) Yes,A,0.0,35.0,36,36,1.0,False,229,7056,0.0325,980,5,15000,0,64,1
COIN__CdEBC5lFN0w.mp4,COIN__CdEBC5lFN0w.mp4#q0,Step Localization,How long has the person in the scene been performing the 'show the glass to the audience'?,"['19-20s', '21-22s', '7-8s', '28-29s']",7-8s,C,A) 19-20s,A,0.0,26.0,27,75,1.0,False,289,5292,0.0546,392,2,15000,0,64,1
COIN__CdEBC5lFN0w.mp4,COIN__CdEBC5lFN0w.mp4#q1,Step Verification,Is the person in the current frame still performing the 'show the glass to the audience'?,"['Yes', 'No']",No,B,A) Yes,A,0.0,58.0,59,75,1.0,False,399,11564,0.0345,588,3,15000,0,64,1
COIN__CdEBC5lFN0w.mp4,COIN__CdEBC5lFN0w.mp4#q2,Goal/Step Prediction,"Based on the series of actions performed by the person in the video, what is the ultimate goal?","['blow sugar', 'make paper wind mill', 'perform vanishing glass trick', 'make paper easter baskets']",perform vanishing glass trick,C,C) perform vanishing glass trick,C,100.0,68.5,69,75,1.0,False,426,13524,0.0315,784,4,15000,0,64,1
COIN__CdEBC5lFN0w.mp4,COIN__CdEBC5lFN0w.mp4#q3,Procedure Recall,Did the person follow the correct procedure to achieve the 'perform vanishing glass trick'?,"['Yes', 'No']",Yes,A,B) No,B,0.0,74.0,75,75,1.0,False,441,14700,0.03,980,5,15000,0,64,1
COIN__ghb2wl1N_dI.mp4,COIN__ghb2wl1N_dI.mp4#q0,Step Localization,How long has the person in the scene been performing the 'replace the battery'?,"['49-50s', '15-16s', '12-13s', '43-44s']",12-13s,C,A) 49-50s,A,0.0,26.0,27,36,1.0,False,259,5292,0.0489,392,2,15000,0,64,1
COIN__ghb2wl1N_dI.mp4,COIN__ghb2wl1N_dI.mp4#q1,Step Verification,Is the person in the current frame still performing the 'replace the battery'?,"['Yes', 'No']",Yes,A,A) Yes,A,100.0,27.0,28,36,1.0,False,263,5488,0.0479,588,3,15000,0,64,1
COIN__ghb2wl1N_dI.mp4,COIN__ghb2wl1N_dI.mp4#q2,Procedure Recall,Which action did the person perform for the longest duration in the last 30 seconds?,"['open the back cover', 'fold the leaves', 'brush ice floor', 'replace the battery']",replace the battery,D,A) open the back cover,A,0.0,35.0,36,36,1.0,False,298,7056,0.0422,784,4,15000,0,64,1
COIN__Gy-5nXXrWsM.mp4,COIN__Gy-5nXXrWsM.mp4#q0,Step Verification,Is the person in the current frame still performing the 'paste protector on the screen'?,"['Yes', 'No']",Yes,A,A) Yes,A,100.0,49.0,50,97,1.0,False,574,9800,0.0586,588,3,15000,0,64,1
COIN__Gy-5nXXrWsM.mp4,COIN__Gy-5nXXrWsM.mp4#q1,Step Localization,How long has the person in the scene been performing the 'remove the label'?,"['14-15s', '24-25s', '61-62s', '30-31s']",14-15s,A,A) 14-15s,A,100.0,77.0,78,97,1.0,False,750,15288,0.0491,784,4,15000,0,64,1
COIN__Gy-5nXXrWsM.mp4,COIN__Gy-5nXXrWsM.mp4#q2,Goal/Step Prediction,"Based on the series of actions performed by the person in the video, what is the ultimate goal?","['replace graphics card', 'use vending machine', 'replace laptop screen', 'paste screen protector on pad']",paste screen protector on pad,D,D) paste screen protector on pad,D,100.0,85.5,86,97,1.0,False,822,16856,0.0488,980,5,15000,0,64,1
COIN__Gy-5nXXrWsM.mp4,COIN__Gy-5nXXrWsM.mp4#q3,Procedure Recall,What actions did the person perform in sequence in the last 60 seconds?,"['paste protector on the screen -> wipe screen again -> remove the label -> remove the label', 'paste protector on the screen -> remove the label -> wipe screen again', 'paste protector on the screen -> wipe screen again -> place label', 'wipe screen again -> paste protector on the screen -> remove the label']",paste protector on the screen -> wipe screen again -> remove the label -> remove the label,A,B) paste protector on the screen -> remove the label -> wipe screen again,B,0.0,96.0,97,97,1.0,False,883,19012,0.0464,1176,6,15000,0,64,1
COIN__osZ3WWY42eg.mp4,COIN__osZ3WWY42eg.mp4#q0,Step Verification,Is the person in the current frame still performing the 'put the ingredients into the bowl'?,"['Yes', 'No']",No,B,B) No,B,100.0,18.0,19,125,1.0,False,240,3724,0.0644,392,2,15000,0,64,1
COIN__osZ3WWY42eg.mp4,COIN__osZ3WWY42eg.mp4#q1,Procedure Recall,Which action did the person perform for the longest duration in the last 90 seconds?,"['wind the junction to fasten the connection', 'cut ingredients', 'put the ingredients into the bowl', 'transfer and dissolve the solute']",cut ingredients,B,B) cut ingredients,B,100.0,99.0,100,125,1.0,False,393,19600,0.0201,588,3,15000,0,64,1
COIN__osZ3WWY42eg.mp4,COIN__osZ3WWY42eg.mp4#q2,Step Localization,How long has the person in the scene been performing the 'put the ingredients into the bowl'?,"['13-14s', '21-22s', '6-7s', '10-11s']",10-11s,D,D) 10-11s,D,100.0,118.0,119,125,1.0,False,437,23324,0.0187,784,4,15000,0,64,1
COIN__osZ3WWY42eg.mp4,COIN__osZ3WWY42eg.mp4#q3,Goal/Step Prediction,My goal is 'make salad'. What are the next steps I should take?,"['clean wall with a clean cloth', 'cut ingredients', 'stir the ingredients', 'add seasoning']",stir the ingredients,C,C) stir the ingredients,C,100.0,124.0,125,125,1.0,False,456,24500,0.0186,980,5,15000,0,64,1
COIN__O5rQlLX9T3Q.mp4,COIN__O5rQlLX9T3Q.mp4#q0,Step Verification,Is the person in the current frame still performing the 'wipe off the cleaning agent'?,"['Yes', 'No']",No,B,A) Yes,A,0.0,449.0,450,795,1.0,False,1117,88200,0.0127,1176,6,15000,0,64,1
COIN__O5rQlLX9T3Q.mp4,COIN__O5rQlLX9T3Q.mp4#q1,Step Localization,How long has the person in the scene been performing the 'apply the cleaning agent with towel evenly'?,"['11-12s', '13-14s', '26-27s', '43-44s']",43-44s,D,C) 26-27s,C,0.0,645.0,646,795,1.0,False,1498,126616,0.0118,1568,8,15000,0,64,1
COIN__O5rQlLX9T3Q.mp4,COIN__O5rQlLX9T3Q.mp4#q2,Procedure Recall,What actions did the person not perform in the last 240 seconds?,"['wipe off the cleaning agent', 'apply the cleaning agent with towel evenly', 'spray the cleaning agent on the car window', 'fit on the boards']",fit on the boards,D,D) fit on the boards,D,100.0,650.0,651,795,1.0,False,1506,127596,0.0118,1764,9,15000,0,64,1
COIN__O5rQlLX9T3Q.mp4,COIN__O5rQlLX9T3Q.mp4#q3,Goal/Step Prediction,My goal is 'remove scratches from windshield'. What are the next steps I should take?,"['wipe off the cleaning agent', 'mix raw materials', 'cut the packing paper', 'apply the cleaning agent with towel evenly']",wipe off the cleaning agent,A,D) apply the cleaning agent with towel evenly,D,0.0,794.0,795,795,1.0,False,1831,155820,0.0118,2156,11,15000,0,64,1
COIN__pwOTvCDsALk.mp4,COIN__pwOTvCDsALk.mp4#q0,Procedure Recall,Did the person follow the correct procedure to achieve the 'clean fish'?,"['Yes', 'No']",No,B,B) No,B,100.0,71.0,72,76,1.0,False,425,14112,0.0301,588,3,15000,0,64,1
COIN__pwOTvCDsALk.mp4,COIN__pwOTvCDsALk.mp4#q1,Step Localization,How long has the person in the scene been performing the 'put the filler on the bread slice'?,"['35-36s', '20-21s', '27-28s', '25-26s']",35-36s,A,D) 25-26s,D,0.0,71.0,72,76,1.0,False,425,14112,0.0301,588,3,15000,0,64,1
COIN__pwOTvCDsALk.mp4,COIN__pwOTvCDsALk.mp4#q2,Step Verification,Is the person in the current frame still performing the 'put the filler on the bread slice'?,"['Yes', 'No']",No,B,A) Yes,A,0.0,75.0,76,76,1.0,False,436,14896,0.0293,784,4,15000,0,64,1
COIN__UhI2PDJpv4w.mp4,COIN__UhI2PDJpv4w.mp4#q0,Procedure Recall,What goal was achieved in this video?,"['use jack', 'fuel car', 'remove scratches from windshield', 'install license plate frame']",remove scratches from windshield,C,C) remove scratches from windshield,C,100.0,61.0,62,64,1.0,False,549,12152,0.0452,588,3,15000,0,64,1
COIN__UhI2PDJpv4w.mp4,COIN__UhI2PDJpv4w.mp4#q1,Step Verification,Is the person in the current frame still performing the 'apply the cleaning agent with towel evenly'?,"['Yes', 'No']",No,B,A) Yes,A,0.0,63.0,64,64,1.0,False,555,12544,0.0442,784,4,15000,0,64,1
COIN__fwwfV99VV8I.mp4,COIN__fwwfV99VV8I.mp4#q0,Step Verification,Is the person in the current frame still performing the 'remove inner tube'?,"['Yes', 'No']",Yes,A,B) No,B,0.0,49.0,50,121,1.0,False,483,9800,0.0493,588,3,15000,0,64,1
COIN__fwwfV99VV8I.mp4,COIN__fwwfV99VV8I.mp4#q1,Step Localization,How long has the person in the scene been performing the 'put inner tube back'?,"['6-7s', '11-12s', '17-18s', '40-41s']",17-18s,C,A) 6-7s,A,0.0,95.0,96,121,1.0,False,786,18816,0.0418,980,5,15000,0,64,1
COIN__fwwfV99VV8I.mp4,COIN__fwwfV99VV8I.mp4#q2,Procedure Recall,What goal was achieved in this video?,"['patch bike inner tube', 'replace a wiper head', 'change bike tires', 'use jack']",patch bike inner tube,A,A) patch bike inner tube,A,100.0,120.0,121,121,1.0,False,831,23716,0.035,1176,6,15000,0,64,1
COIN__Ud2T8h6f0zI.mp4,COIN__Ud2T8h6f0zI.mp4#q0,Step Verification,Is the person in the current frame still performing the 'fix the new string on the lower part of the guitar'?,"['Yes', 'No']",Yes,A,A) Yes,A,100.0,23.0,24,58,1.0,False,372,4704,0.0791,392,2,15000,0,64,1
COIN__Ud2T8h6f0zI.mp4,COIN__Ud2T8h6f0zI.mp4#q1,Procedure Recall,How long has the person been performing the 'fix the new string on the head of the guitar' in the last 30 seconds?,"['16-17s', '38-39s', '30-31s', '40-41s']",16-17s,A,A) 16-17s,A,100.0,54.0,55,58,1.0,False,436,10780,0.0404,588,3,15000,0,64,1
COIN__Ud2T8h6f0zI.mp4,COIN__Ud2T8h6f0zI.mp4#q2,Step Localization,How long has the person in the scene been performing the 'adjust the tightness of the new string'?,"['14-15s', '11-12s', '16-17s', '6-7s']",6-7s,D,D) 6-7s,D,100.0,57.0,58,58,1.0,False,443,11368,0.039,784,4,15000,0,64,1
COIN__VfxhAoFgIxM.mp4,COIN__VfxhAoFgIxM.mp4#q0,Step Localization,How long has the person in the scene been performing the 'set up the brackets'?,"['5-6s', '9-10s', '15-16s', '23-24s']",23-24s,D,A) 5-6s,A,0.0,43.0,44,97,1.0,False,341,8624,0.0395,392,2,15000,0,64,1
COIN__VfxhAoFgIxM.mp4,COIN__VfxhAoFgIxM.mp4#q1,Goal/Step Prediction,"Based on the series of actions performed by the person in the video, what is the ultimate goal?","['open champagne bottle', 'pitch a tent', 'do lino printing', 'make paper easter baskets']",pitch a tent,B,B) pitch a tent,B,100.0,87.0,88,97,1.0,False,501,17248,0.029,588,3,15000,0,64,1
COIN__VfxhAoFgIxM.mp4,COIN__VfxhAoFgIxM.mp4#q2,Step Verification,Is the person in the current frame still performing the 'fix the ground nail'?,"['Yes', 'No']",No,B,A) Yes,A,0.0,96.0,97,97,1.0,False,527,19012,0.0277,784,4,15000,0,64,1
COIN__VfxhAoFgIxM.mp4,COIN__VfxhAoFgIxM.mp4#q3,Procedure Recall,What actions did the person not perform in the last 15 seconds?,"['set up the platfond', 'fix the ground nail', 'put the waterproof cover', 'set up the brackets']",set up the platfond,A,C) put the waterproof cover,C,0.0,96.0,97,97,1.0,False,527,19012,0.0277,784,4,15000,0,64,1
COIN__nAtZGSVhbcQ.mp4,COIN__nAtZGSVhbcQ.mp4#q0,Step Verification,Is the person in the current frame still performing the 'take out the old bulb'?,"['Yes', 'No']",No,B,B) No,B,100.0,53.5,54,135,1.0,False,290,10584,0.0274,392,2,15000,0,64,1
COIN__nAtZGSVhbcQ.mp4,COIN__nAtZGSVhbcQ.mp4#q1,Step Localization,How long has the person in the scene been performing the 'install the new bulb'?,"['16-17s', '53-54s', '19-20s', '11-12s']",11-12s,D,D) 11-12s,D,100.0,81.0,82,135,1.0,False,334,16072,0.0208,588,3,15000,0,64,1
COIN__nAtZGSVhbcQ.mp4,COIN__nAtZGSVhbcQ.mp4#q2,Goal/Step Prediction,My goal is 'replace a bulb'. What are the next steps I should take?,"['install the light shell/housing/support', 'fix the wind mill on the bracket', 'remove the light shell/housing/support', 'pull the barbell to the chin']",install the light shell/housing/support,A,C) remove the light shell/housing/support,C,0.0,126.0,127,135,1.0,False,537,24892,0.0216,980,5,15000,0,64,1
COIN__nAtZGSVhbcQ.mp4,COIN__nAtZGSVhbcQ.mp4#q3,Procedure Recall,Which action did the person perform for the longest duration in the last 60 seconds?,"['install fans and lights', 'remove the light shell/housing/support', 'screw off the screws', 'install the light shell/housing/support']",install the light shell/housing/support,D,B) remove the light shell/housing/support,B,0.0,134.0,135,135,1.0,False,565,26460,0.0214,1176,6,15000,0,64,1
COIN__zPEba46geOI.mp4,COIN__zPEba46geOI.mp4#q0,Step Localization,How long has the person in the scene been performing the 'run the toaster and adjust'?,"['8-9s', '23-24s', '43-44s', '11-12s']",11-12s,D,A) 8-9s,A,0.0,39.0,40,46,1.0,False,467,7840,0.0596,588,3,15000,0,64,1
COIN__zPEba46geOI.mp4,COIN__zPEba46geOI.mp4#q1,Step Verification,Is the person in the current frame still performing the 'run the toaster and adjust'?,"['Yes', 'No']",No,B,B) No,B,100.0,43.5,44,46,1.0,False,497,8624,0.0576,784,4,15000,0,64,1
COIN__zPEba46geOI.mp4,COIN__zPEba46geOI.mp4#q2,Procedure Recall,What goal was achieved in this video?,"['use toaster', 'make salmon', 'make sandwich', 'wrap zongzi']",use toaster,A,A) use toaster,A,100.0,45.0,46,46,1.0,False,513,9016,0.0569,980,5,15000,0,64,1
COIN__cv6MCa7HOLw.mp4,COIN__cv6MCa7HOLw.mp4#q0,Step Verification,Is the person in the current frame still performing the 'clean the scratch'?,"['Yes', 'No']",Yes,A,A) Yes,A,100.0,44.0,45,46,1.0,False,445,8820,0.0505,588,3,15000,0,64,1
COIN__cv6MCa7HOLw.mp4,COIN__cv6MCa7HOLw.mp4#q1,Procedure Recall,Did the person follow the correct procedure to achieve the 'park parallel'?,"['Yes', 'No']",No,B,A) Yes,A,0.0,45.0,46,46,1.0,False,448,9016,0.0497,784,4,15000,0,64,1
COIN__NLke9OdHokw.mp4,COIN__NLke9OdHokw.mp4#q0,Step Verification,Is the person in the current frame still performing the 'cut into strips and pieces'?,"['Yes', 'No']",Yes,A,A) Yes,A,100.0,69.0,70,72,1.0,False,450,13720,0.0328,588,3,15000,0,64,1
COIN__NLke9OdHokw.mp4,COIN__NLke9OdHokw.mp4#q1,Step Localization,How long has the person in the scene been performing the 'cut into strips and pieces'?,"['18-19s', '21-22s', '13-14s', '26-27s']",18-19s,A,C) 13-14s,C,0.0,70.0,71,72,1.0,False,450,13916,0.0323,588,3,15000,0,64,1
COIN__NLke9OdHokw.mp4,COIN__NLke9OdHokw.mp4#q2,Procedure Recall,What goal was achieved in this video?,"['cut grape fruit', 'cut cantaloupe', 'cut mango', 'sow']",cut mango,C,C) cut mango,C,100.0,71.0,72,72,1.0,False,451,14112,0.032,784,4,15000,0,64,1
COIN__tdVwsmdskbE.mp4,COIN__tdVwsmdskbE.mp4#q0,Step Localization,How long has the person in the scene been performing the 'clean toys and hamster cages'?,"['28-29s', '9-10s', '31-32s', '34-35s']",28-29s,A,B) 9-10s,B,0.0,151.0,152,189,1.0,False,837,29792,0.0281,980,5,15000,0,64,1
COIN__tdVwsmdskbE.mp4,COIN__tdVwsmdskbE.mp4#q1,Step Verification,Is the person in the current frame still performing the 'clean toys and hamster cages'?,"['Yes', 'No']",No,B,A) Yes,A,0.0,159.0,160,189,1.0,False,876,31360,0.0279,1176,6,15000,0,64,1
COIN__tdVwsmdskbE.mp4,COIN__tdVwsmdskbE.mp4#q2,Goal/Step Prediction,My goal is 'clean hamster cage'. What are the next steps I should take?,"['dip detergent with rag or apply detergent', 'remove the toy and paper bed from the hamster cage', 'put the sticker on the window', 'put the hamster back into the hamster cage']",put the hamster back into the hamster cage,D,B) remove the toy and paper bed from the hamster cage,B,0.0,186.0,187,189,1.0,False,969,36652,0.0264,1372,7,15000,0,64,1
COIN__tdVwsmdskbE.mp4,COIN__tdVwsmdskbE.mp4#q3,Procedure Recall,What actions did the person perform in sequence in the last 60 seconds?,"['remove the hamster from the hamster cage -> put the hamster back into the hamster cage -> clean toys and hamster cages', 'clean toys and hamster cages -> move the toy and paper bed into the hamster cage -> put the hamster back into the hamster cage', 'move the toy and paper bed into the hamster cage -> clean toys and hamster cages -> put the hamster back into the hamster cage', 'clean toys and hamster cages -> put the hamster back into the hamster cage -> move the toy and paper bed into the hamster cage']",clean toys and hamster cages -> move the toy and paper bed into the hamster cage -> put the hamster back into the hamster cage,B,C) move the toy and paper bed into the hamster cage -> clean toys,C,0.0,188.0,189,189,1.0,False,975,37044,0.0263,1568,8,15000,0,64,1
COIN__hR42nfSWGUM.mp4,COIN__hR42nfSWGUM.mp4#q0,Step Localization,How long has the person in the scene been performing the 'tear out the foil'?,"['20-21s', '16-17s', '8-9s', '5-6s']",20-21s,A,A) 20-21s,A,100.0,81.0,82,181,1.0,False,257,16072,0.016,392,2,15000,0,64,1
COIN__hR42nfSWGUM.mp4,COIN__hR42nfSWGUM.mp4#q1,Step Verification,Is the person in the current frame still performing the 'turn the suspension link'?,"['Yes', 'No']",No,B,B) No,B,100.0,108.0,109,181,1.0,False,265,21364,0.0124,588,3,15000,0,64,1
COIN__hR42nfSWGUM.mp4,COIN__hR42nfSWGUM.mp4#q2,Procedure Recall,Did the person follow the correct procedure to achieve the 'open champagne bottle'?,"['Yes', 'No']",Yes,A,A) Yes,A,100.0,180.0,181,181,1.0,False,278,35476,0.0078,784,4,15000,0,64,1
COIN__wVI5S7-ZUTw.mp4,COIN__wVI5S7-ZUTw.mp4#q0,Step Localization,How long has the person in the scene been performing the 'grind roundly and evenly'?,"['28-29s', '15-16s', '13-14s', '21-22s']",21-22s,D,A) 28-29s,A,0.0,34.0,35,78,1.0,False,216,6860,0.0315,392,2,15000,0,64,1
COIN__wVI5S7-ZUTw.mp4,COIN__wVI5S7-ZUTw.mp4#q1,Procedure Recall,What actions was the person performing before the last 60 seconds?,"['add some water to the vessel', 'connect the chair and the base', 'grind roundly and evenly', 'pull up the hair to reserve place for the hair extensions']",add some water to the vessel,A,C) grind roundly and evenly,C,0.0,64.0,65,78,1.0,False,238,12740,0.0187,588,3,15000,0,64,1
COIN__wVI5S7-ZUTw.mp4,COIN__wVI5S7-ZUTw.mp4#q2,Goal/Step Prediction,My goal is 'prepare sumi ink'. What are the next steps I should take?,"['add some water to the vessel', 'grind roundly and evenly', 'load the inner tube', 'rinse the pot']",grind roundly and evenly,B,B) grind roundly and evenly,B,100.0,69.0,70,78,1.0,False,242,13720,0.0176,784,4,15000,0,64,1
COIN__wVI5S7-ZUTw.mp4,COIN__wVI5S7-ZUTw.mp4#q3,Step Verification,Is the person in the current frame still performing the 'grind roundly and evenly'?,"['Yes', 'No']",Yes,A,B) No,B,0.0,77.0,78,78,1.0,False,245,15288,0.016,980,5,15000,0,64,1
COIN__WpxvjKXsVyc.mp4,COIN__WpxvjKXsVyc.mp4#q0,Step Verification,Is the person in the current frame still performing the 'install armrest on sofa'?,"['Yes', 'No']",Yes,A,B) No,B,0.0,16.0,17,40,1.0,False,236,3332,0.0708,392,2,15000,0,64,1
COIN__WpxvjKXsVyc.mp4,COIN__WpxvjKXsVyc.mp4#q1,Goal/Step Prediction,My goal is 'assemble sofa'. What are the next steps I should take?,"['put on sofa cover', 'water and fertilize the seeds', 'place cushion and backrest', 'close the fuel tank cap']",place cushion and backrest,C,C) place cushion and backrest,C,100.0,37.0,38,40,1.0,False,284,7448,0.0381,588,3,15000,0,64,1
COIN__WpxvjKXsVyc.mp4,COIN__WpxvjKXsVyc.mp4#q2,Procedure Recall,Which action did the person perform for the longest duration in the last 15 seconds?,"['install legs of sofa', 'put on sofa cover', 'transfer and dissolve the solute', 'place a piece of paper on weighing pan']",put on sofa cover,B,A) install legs of sofa,A,0.0,39.0,40,40,1.0,False,297,7840,0.0379,784,4,15000,0,64,1
COIN__L22ZdGXZI3c.mp4,COIN__L22ZdGXZI3c.mp4#q0,Step Verification,Is the person in the current frame still performing the 'put a slice of bread in'?,"['Yes', 'No']",No,B,A) Yes,A,0.0,58.5,59,63,1.0,False,747,11564,0.0646,784,4,15000,0,64,1
COIN__L22ZdGXZI3c.mp4,COIN__L22ZdGXZI3c.mp4#q1,Step Localization,How long has the person in the scene been performing the 'take out the slice of bread'?,"['5-6s', '10-11s', '16-17s', '14-15s']",5-6s,A,A) 5-6s,A,100.0,61.0,62,63,1.0,False,752,12152,0.0619,980,5,15000,0,64,1
COIN__L22ZdGXZI3c.mp4,COIN__L22ZdGXZI3c.mp4#q2,Procedure Recall,What goal was achieved in this video?,"['use toaster', 'cook omelet', 'make lamb kebab', 'make french fries']",use toaster,A,A) use toaster,A,100.0,62.0,63,63,1.0,False,754,12348,0.0611,1176,6,15000,0,64,1
COIN__t2EcGn9Jbpo.mp4,COIN__t2EcGn9Jbpo.mp4#q0,Step Verification,Is the person in the current frame still performing the 'unscrew the screw and take out the needle'?,"['Yes', 'No']",No,B,B) No,B,100.0,15.0,16,87,1.0,False,294,3136,0.0938,392,2,15000,0,64,1
COIN__t2EcGn9Jbpo.mp4,COIN__t2EcGn9Jbpo.mp4#q1,Step Localization,How long has the person in the scene been performing the 'screw on the screw'?,"['10-11s', '8-9s', '12-13s', '23-24s']",10-11s,A,B) 8-9s,B,0.0,84.0,85,87,1.0,False,447,16660,0.0268,588,3,15000,0,64,1
COIN__t2EcGn9Jbpo.mp4,COIN__t2EcGn9Jbpo.mp4#q2,Procedure Recall,Did the person follow the correct procedure to achieve the 'replace sewing machine needle'?,"['Yes', 'No']",Yes,A,A) Yes,A,100.0,86.0,87,87,1.0,False,452,17052,0.0265,784,4,15000,0,64,1
COIN__341InkTpHIc.mp4,COIN__341InkTpHIc.mp4#q0,Step Localization,How long has the person in the scene been performing the 'lift the barbell from the chin over the head'?,"['22-23s', '7-8s', '16-17s', '12-13s']",12-13s,D,B) 7-8s,B,0.0,55.0,56,165,1.0,False,333,10976,0.0303,392,2,15000,0,64,1
COIN__341InkTpHIc.mp4,COIN__341InkTpHIc.mp4#q1,Goal/Step Prediction,My goal is 'practise weight lift'. What are the next steps I should take?,"['lift the barbell from the chin over the head', 'pull the barbell to the chin', 'fry salmon', 'check the pulse of the patient']",lift the barbell from the chin over the head,A,A) lift the barbell from the chin over the head,A,100.0,101.0,102,165,1.0,False,366,19992,0.0183,588,3,15000,0,64,1
COIN__341InkTpHIc.mp4,COIN__341InkTpHIc.mp4#q2,Step Verification,Is the person in the current frame still performing the 'lift the barbell from the chin over the head'?,"['Yes', 'No']",No,B,A) Yes,A,0.0,104.0,105,165,1.0,False,366,20580,0.0178,588,3,15000,0,64,1
COIN__341InkTpHIc.mp4,COIN__341InkTpHIc.mp4#q3,Procedure Recall,Did the person follow the correct procedure to achieve the 'practise weight lift'?,"['Yes', 'No']",Yes,A,A) Yes,A,100.0,164.0,165,165,1.0,False,397,32340,0.0123,784,4,15000,0,64,1
COIN__2SYU17iVXRo.mp4,COIN__2SYU17iVXRo.mp4#q0,Step Localization,How long has the person in the scene been performing the 'roll and rub the earplugs'?,"['5-6s', '11-12s', '34-35s', '27-28s']",11-12s,B,A) 5-6s,A,0.0,59.0,60,106,1.0,False,346,11760,0.0294,392,2,15000,0,64,1
COIN__2SYU17iVXRo.mp4,COIN__2SYU17iVXRo.mp4#q1,Step Verification,Is the person in the current frame still performing the 'pull the ears outwards'?,"['Yes', 'No']",Yes,A,B) No,B,0.0,75.0,76,106,1.0,False,387,14896,0.026,588,3,15000,0,64,1
COIN__2SYU17iVXRo.mp4,COIN__2SYU17iVXRo.mp4#q2,Procedure Recall,What actions did the person not perform in the last 30 seconds?,"['insert the earplugs into the ears', 'wipe nose', 'roll and rub the earplugs', 'pull the ears outwards']",wipe nose,B,A) insert the earplugs into the ears,A,0.0,102.0,103,106,1.0,False,436,20188,0.0216,784,4,15000,0,64,1
COIN__2SYU17iVXRo.mp4,COIN__2SYU17iVXRo.mp4#q3,Goal/Step Prediction,My goal is 'use earplugs'. What are the next steps I should take?,"['insert the earplugs into the ears', 'pull the ears outwards', 'screw on the screws', 'dig out the seeds with spoon']",insert the earplugs into the ears,A,A) insert the earplugs into the ears,A,100.0,105.0,106,106,1.0,False,439,20776,0.0211,980,5,15000,0,64,1
COIN__oT3_BRlNwQs.mp4,COIN__oT3_BRlNwQs.mp4#q0,Step Localization,How long has the person in the scene been performing the 'install the new screen'?,"['13-14s', '26-27s', '20-21s', '15-16s']",26-27s,B,D) 15-16s,D,0.0,132.0,133,199,1.0,False,512,26068,0.0196,588,3,15000,0,64,1
COIN__oT3_BRlNwQs.mp4,COIN__oT3_BRlNwQs.mp4#q1,Goal/Step Prediction,"Based on the series of actions performed by the person in the video, what is the ultimate goal?","['replace laptop screen', 'replace graphics card', 'arc weld', 'replace memory chip']",replace laptop screen,A,A) replace laptop screen,A,100.0,164.5,165,199,1.0,False,602,32340,0.0186,784,4,15000,0,64,1
COIN__oT3_BRlNwQs.mp4,COIN__oT3_BRlNwQs.mp4#q2,Procedure Recall,Did the person follow the correct procedure to achieve the 'replace laptop screen'?,"['Yes', 'No']",Yes,A,A) Yes,A,100.0,195.0,196,199,1.0,False,688,38416,0.0179,980,5,15000,0,64,1
COIN__oT3_BRlNwQs.mp4,COIN__oT3_BRlNwQs.mp4#q3,Step Verification,Is the person in the current frame still performing the 'reset and screw on the screws'?,"['Yes', 'No']",No,B,B) No,B,100.0,198.0,199,199,1.0,False,700,39004,0.0179,1176,6,15000,0,64,1
COIN__IqD6qnug7tc.mp4,COIN__IqD6qnug7tc.mp4#q0,Step Localization,How long has the person in the scene been performing the 'pour the noodles into the water and stir'?,"['45-46s', '14-15s', '6-7s', '18-19s']",14-15s,B,C) 6-7s,C,0.0,60.0,61,138,1.0,False,255,11956,0.0213,392,2,15000,0,64,1
COIN__IqD6qnug7tc.mp4,COIN__IqD6qnug7tc.mp4#q1,Step Verification,Is the person in the current frame still performing the 'add seasoning to the boiling water'?,"['Yes', 'No']",No,B,B) No,B,100.0,115.0,116,138,1.0,False,305,22736,0.0134,588,3,15000,0,64,1
COIN__IqD6qnug7tc.mp4,COIN__IqD6qnug7tc.mp4#q2,Goal/Step Prediction,My goal is 'boil noodles'. What are the next steps I should take?,"['pour the noodles into the water and stir', 'tie the zongzi tightly', 'fix the wind mill on the bracket', 'pour the cooked noodles']",pour the cooked noodles,D,A) pour the noodles into the water and stir,A,0.0,135.0,136,138,1.0,False,316,26656,0.0119,784,4,15000,0,64,1
COIN__IqD6qnug7tc.mp4,COIN__IqD6qnug7tc.mp4#q3,Procedure Recall,What actions did the person perform in sequence in the last 120 seconds?,"['pour the noodles into the water and stir -> add seasoning to the boiling water -> pour the cooked noodles', 'pour the cooked noodles -> add seasoning to the boiling water -> pour the noodles into the water and stir', 'pour the cooked noodles -> add seasoning to the boiling water -> take a little bit noodles and taste it', 'pour the cooked noodles -> pour the noodles into the water and stir -> add seasoning to the boiling water']",pour the noodles into the water and stir -> add seasoning to the boiling water -> pour the cooked noodles,A,A) pour the noodles into the water and stir -> add seasoning to the boiling,A,100.0,137.0,138,138,1.0,False,317,27048,0.0117,980,5,15000,0,64,1
COIN__1Mj1vREkm7o.mp4,COIN__1Mj1vREkm7o.mp4#q0,Step Localization,How long has the person in the scene been performing the 'insert a new toner cartridge'?,"['10-11s', '7-8s', '12-13s', '14-15s']",10-11s,A,B) 7-8s,B,0.0,83.0,84,101,1.0,False,393,16464,0.0239,588,3,15000,0,64,1
COIN__1Mj1vREkm7o.mp4,COIN__1Mj1vREkm7o.mp4#q1,Step Verification,Is the person in the current frame still performing the 'insert a new toner cartridge'?,"['Yes', 'No']",No,B,A) Yes,A,0.0,87.0,88,101,1.0,False,402,17248,0.0233,784,4,15000,0,64,1
COIN__1Mj1vREkm7o.mp4,COIN__1Mj1vREkm7o.mp4#q2,Goal/Step Prediction,My goal is 'change toner cartridge'. What are the next steps I should take?,"['close the front door or cover of the printer', 'remove the light housing or shell and bulb', 'open the front door or cover of the printer', 'install the new filter']",close the front door or cover of the printer,A,C) open the front door or cover of the printer,C,0.0,94.0,95,101,1.0,False,421,18620,0.0226,980,5,15000,0,64,1
COIN__1Mj1vREkm7o.mp4,COIN__1Mj1vREkm7o.mp4#q3,Procedure Recall,What actions did the person perform in sequence in the last 60 seconds?,"['take out the toner cartridge -> insert a new toner cartridge -> close the front door or cover of the printer', 'insert a new toner cartridge -> take out the toner cartridge -> close the front door or cover of the printer', 'take out the toner cartridge -> open the front door or cover of the printer -> insert a new toner cartridge', 'close the front door or cover of the printer -> open the front door or cover of the printer -> insert a new toner cartridge']",take out the toner cartridge -> insert a new toner cartridge -> close the front door or cover of the printer,A,A) take out the toner cartridge -> insert a new toner cartridge ->,A,100.0,100.0,101,101,1.0,False,423,19796,0.0214,1176,6,15000,0,64,1
COIN__E7vSuyCnvE8.mp4,COIN__E7vSuyCnvE8.mp4#q0,Procedure Recall,What goal was achieved in this video?,"['replace toilet seat', 'install shower head', 'lubricate a lock', 'replace faucet']",lubricate a lock,C,C) lubricate a lock,C,100.0,26.0,27,29,1.0,False,347,5292,0.0656,392,2,15000,0,64,1
COIN__E7vSuyCnvE8.mp4,COIN__E7vSuyCnvE8.mp4#q1,Step Verification,Is the person in the current frame still performing the 'insert the key repeatly'?,"['Yes', 'No']",No,B,A) Yes,A,0.0,30.5,29,29,1.0,True,374,5684,0.0658,588,3,15000,0,64,1
COIN__tSwDi2HzaAg.mp4,COIN__tSwDi2HzaAg.mp4#q0,Step Localization,How long has the person in the scene been performing the 'put the ingredients into the can'?,"['16-17s', '8-9s', '5-6s', '13-14s']",13-14s,D,D) 13-14s,D,100.0,156.0,157,169,1.0,False,567,30772,0.0184,588,3,15000,0,64,1
COIN__tSwDi2HzaAg.mp4,COIN__tSwDi2HzaAg.mp4#q1,Step Verification,Is the person in the current frame still performing the 'put the ingredients into the can'?,"['Yes', 'No']",No,B,B) No,B,100.0,165.0,166,169,1.0,False,588,32536,0.0181,784,4,15000,0,64,1
COIN__tSwDi2HzaAg.mp4,COIN__tSwDi2HzaAg.mp4#q2,Procedure Recall,What goal was achieved in this video?,"['make pickles', 'make sandwich', 'use rice cooker to cook rice', 'make burger']",make pickles,A,A) make pickles,A,100.0,168.0,169,169,1.0,False,602,33124,0.0182,980,5,15000,0,64,1
COIN__Bs3rjPrkRDA.mp4,COIN__Bs3rjPrkRDA.mp4#q0,Step Verification,Is the person in the current frame still performing the 'place cushion and backrest'?,"['Yes', 'No']",Yes,A,B) No,B,0.0,22.0,23,25,1.0,False,279,4508,0.0619,392,2,15000,0,64,1
COIN__Bs3rjPrkRDA.mp4,COIN__Bs3rjPrkRDA.mp4#q1,Procedure Recall,Did the person follow the correct procedure to achieve the 'assemble cabinet'?,"['Yes', 'No']",No,B,A) Yes,A,0.0,24.0,25,25,1.0,False,287,4900,0.0586,588,3,15000,0,64,1
COIN__AWSlae6hLT0.mp4,COIN__AWSlae6hLT0.mp4#q0,Goal/Step Prediction,"Based on the series of actions performed by the person in the video, what is the ultimate goal?","['practise weight lift', 'practise triple jump', 'attend NBA skills challenge', 'practise pole vault']",attend NBA skills challenge,C,C) attend NBA skills challenge,C,100.0,17.5,18,37,1.0,False,268,3528,0.076,392,2,15000,0,64,1
COIN__AWSlae6hLT0.mp4,COIN__AWSlae6hLT0.mp4#q1,Step Verification,Is the person in the current frame still performing the 'shoot towards the basket'?,"['Yes', 'No']",Yes,A,B) No,B,0.0,24.0,25,37,1.0,False,289,4900,0.059,588,3,15000,0,64,1
COIN__AWSlae6hLT0.mp4,COIN__AWSlae6hLT0.mp4#q2,Procedure Recall,Did the person follow the correct procedure to achieve the 'practise triple jump'?,"['Yes', 'No']",No,B,B) No,B,100.0,36.0,37,37,1.0,False,343,7252,0.0473,784,4,15000,0,64,1
COIN__KOwpv3SOJ4o.mp4,COIN__KOwpv3SOJ4o.mp4#q0,Step Localization,How long has the person in the scene been performing the 'melt the soap block'?,"['9-10s', '7-8s', '11-12s', '13-14s']",9-10s,A,B) 7-8s,B,0.0,28.0,29,55,1.0,False,324,5684,0.057,392,2,15000,0,64,1
COIN__KOwpv3SOJ4o.mp4,COIN__KOwpv3SOJ4o.mp4#q1,Step Verification,Is the person in the current frame still performing the 'melt the soap block'?,"['Yes', 'No']",Yes,A,B) No,B,0.0,36.0,37,55,1.0,False,350,7252,0.0483,588,3,15000,0,64,1
COIN__KOwpv3SOJ4o.mp4,COIN__KOwpv3SOJ4o.mp4#q2,Procedure Recall,What goal was achieved in this video?,"['use volumetric flask', 'make candle', 'use volumetric pipette', 'make soap']",make soap,D,D) make soap,D,100.0,54.0,55,55,1.0,False,406,10780,0.0377,784,4,15000,0,64,1
COIN__phzOK2I-Bx8.mp4,COIN__phzOK2I-Bx8.mp4#q0,Step Localization,How long has the person in the scene been performing the 'wipe the scratch with cloth'?,"['22-23s', '46-47s', '13-14s', '20-21s']",46-47s,B,D) 20-21s,D,0.0,73.0,74,88,1.0,False,790,14504,0.0545,980,5,15000,0,64,1
COIN__phzOK2I-Bx8.mp4,COIN__phzOK2I-Bx8.mp4#q1,Procedure Recall,Did the person follow the correct procedure to achieve the 'fix laptop screen scratches'?,"['Yes', 'No']",Yes,A,A) Yes,A,100.0,84.0,85,88,1.0,False,869,16660,0.0522,1176,6,15000,0,64,1
COIN__phzOK2I-Bx8.mp4,COIN__phzOK2I-Bx8.mp4#q2,Step Verification,Is the person in the current frame still performing the 'wipe the scratch with cloth'?,"['Yes', 'No']",No,B,A) Yes,A,0.0,87.0,88,88,1.0,False,911,17248,0.0528,1372,7,15000,0,64,1
COIN__Nhu2SyYhXoQ.mp4,COIN__Nhu2SyYhXoQ.mp4#q0,Goal/Step Prediction,"Based on the series of actions performed by the person in the video, what is the ultimate goal?","['practise skiing aerials', 'practise triple jump', 'play curling', 'practise weight lift']",practise skiing aerials,A,A) practise skiing aerials,A,100.0,13.0,14,38,1.0,False,248,2744,0.0904,392,2,15000,0,64,1
COIN__Nhu2SyYhXoQ.mp4,COIN__Nhu2SyYhXoQ.mp4#q1,Step Localization,How long has the person in the scene been performing the 'rise to the sky'?,"['9-10s', '6-7s', '14-15s', '30-31s']",6-7s,B,B) 6-7s,B,100.0,23.0,24,38,1.0,False,295,4704,0.0627,588,3,15000,0,64,1
COIN__Nhu2SyYhXoQ.mp4,COIN__Nhu2SyYhXoQ.mp4#q2,Procedure Recall,Which action did the person perform for the longest duration in the last 15 seconds?,"['fix the new string on the head of the guitar', 'fall to the ground', 'show the money to the audience', 'rise to the sky']",rise to the sky,D,B) fall to the ground,B,0.0,24.0,25,38,1.0,False,301,4900,0.0614,784,4,15000,0,64,1
COIN__Nhu2SyYhXoQ.mp4,COIN__Nhu2SyYhXoQ.mp4#q3,Step Verification,Is the person in the current frame still performing the 'ski down from the hill'?,"['Yes', 'No']",No,B,B) No,B,100.0,37.0,38,38,1.0,False,345,7448,0.0463,980,5,15000,0,64,1
COIN__Z3Wq_zW1h2E.mp4,COIN__Z3Wq_zW1h2E.mp4#q0,Step Verification,Is the person in the current frame still performing the 'screw on the screws'?,"['Yes', 'No']",No,B,A) Yes,A,0.0,69.0,70,82,1.0,False,513,13720,0.0374,588,3,15000,0,64,1
COIN__Z3Wq_zW1h2E.mp4,COIN__Z3Wq_zW1h2E.mp4#q1,Step Localization,How long has the person in the scene been performing the 'screw off the screws'?,"['17-18s', '8-9s', '6-7s', '24-25s']",6-7s,C,C) 6-7s,C,100.0,73.0,74,82,1.0,False,527,14504,0.0363,784,4,15000,0,64,1
COIN__Z3Wq_zW1h2E.mp4,COIN__Z3Wq_zW1h2E.mp4#q2,Procedure Recall,What actions did the person not perform in the last 15 seconds?,"['replace with the new drumhead', 'remove the drumhead', 'screw on the screws', 'screw off the screws']",replace with the new drumhead,A,A) replace with the new drumhead,A,100.0,80.0,81,82,1.0,False,556,15876,0.035,980,5,15000,0,64,1
COIN__Z3Wq_zW1h2E.mp4,COIN__Z3Wq_zW1h2E.mp4#q3,Goal/Step Prediction,"Based on the series of actions performed by the person in the video, what is the ultimate goal?","['do lino printing', 'make chinese lantern', 'replace drumhead', 'play frisbee with a dog']",replace drumhead,C,C) replace drumhead,C,100.0,81.0,82,82,1.0,False,561,16072,0.0349,1176,6,15000,0,64,1
COIN__FmzbbzZwbDM.mp4,COIN__FmzbbzZwbDM.mp4#q0,Step Localization,How long has the person in the scene been performing the 'expand the flag'?,"['22-23s', '8-9s', '24-25s', '38-39s']",38-39s,D,A) 22-23s,A,0.0,54.0,55,201,1.0,False,247,10780,0.0229,392,2,15000,0,64,1
COIN__FmzbbzZwbDM.mp4,COIN__FmzbbzZwbDM.mp4#q1,Step Verification,Is the person in the current frame still performing the 'expand the flag'?,"['Yes', 'No']",No,B,B) No,B,100.0,87.0,88,201,1.0,False,269,17248,0.0156,588,3,15000,0,64,1
COIN__FmzbbzZwbDM.mp4,COIN__FmzbbzZwbDM.mp4#q2,Procedure Recall,Did the person follow the correct procedure to achieve the 'cut and restore rope trick'?,"['Yes', 'No']",No,B,B) No,B,100.0,200.0,201,201,1.0,False,426,39396,0.0108,784,4,15000,0,64,1
COIN__xBIxLeVXZL8.mp4,COIN__xBIxLeVXZL8.mp4#q0,Step Verification,Is the person in the current frame still performing the 'brew tea and stir'?,"['Yes', 'No']",Yes,A,A) Yes,A,100.0,19.0,20,23,1.0,False,275,3920,0.0702,392,2,15000,0,64,1
COIN__xBIxLeVXZL8.mp4,COIN__xBIxLeVXZL8.mp4#q1,Step Localization,How long has the person in the scene been performing the 'brew tea and stir'?,"['13-14s', '9-10s', '17-18s', '6-7s']",13-14s,A,B) 9-10s,B,0.0,20.0,21,23,1.0,False,278,4116,0.0675,588,3,15000,0,64,1
COIN__xBIxLeVXZL8.mp4,COIN__xBIxLeVXZL8.mp4#q2,Procedure Recall,Did the person follow the correct procedure to achieve the 'make salad'?,"['Yes', 'No']",No,B,B) No,B,100.0,22.0,23,23,1.0,False,285,4508,0.0632,784,4,15000,0,64,1
COIN__FWtX9p3IB-E.mp4,COIN__FWtX9p3IB-E.mp4#q0,Step Localization,How long has the person in the scene been performing the 'heat the teapot and wash the cup'?,"['27-28s', '13-14s', '20-21s', '10-11s']",10-11s,D,B) 13-14s,B,0.0,16.0,17,69,1.0,False,251,3332,0.0753,392,2,15000,0,64,1
COIN__FWtX9p3IB-E.mp4,COIN__FWtX9p3IB-E.mp4#q1,Step Verification,Is the person in the current frame still performing the 'add some water to the tea'?,"['Yes', 'No']",No,B,A) Yes,A,0.0,60.0,61,69,1.0,False,398,11956,0.0333,588,3,15000,0,64,1
COIN__FWtX9p3IB-E.mp4,COIN__FWtX9p3IB-E.mp4#q2,Goal/Step Prediction,My goal is 'make tea'. What are the next steps I should take?,"['press the SIM card slot back', 'pour the tea into the vessel', 'fit on the shell', 'prepare and add the tea']",pour the tea into the vessel,B,D) prepare and add the tea,D,0.0,67.0,68,69,1.0,False,401,13328,0.0301,784,4,15000,0,64,1
COIN__FWtX9p3IB-E.mp4,COIN__FWtX9p3IB-E.mp4#q3,Procedure Recall,Did the person follow the correct procedure to achieve the 'make homemade ice cream'?,"['Yes', 'No']",No,B,B) No,B,100.0,68.0,69,69,1.0,False,401,13524,0.0297,784,4,15000,0,64,1
COIN__T5OFV0tjlLU.mp4,COIN__T5OFV0tjlLU.mp4#q0,Step Localization,How long has the person in the scene been performing the 'use the needle to open the SIM card slot'?,"['16-17s', '19-20s', '12-13s', '8-9s']",8-9s,D,A) 16-17s,A,0.0,28.0,29,55,1.0,False,233,5684,0.041,392,2,15000,0,64,1
COIN__T5OFV0tjlLU.mp4,COIN__T5OFV0tjlLU.mp4#q1,Procedure Recall,Did the person follow the correct procedure to achieve the 'replace battery on TV control'?,"['Yes', 'No']",No,B,B) No,B,100.0,49.0,50,55,1.0,False,266,9800,0.0271,588,3,15000,0,64,1
COIN__T5OFV0tjlLU.mp4,COIN__T5OFV0tjlLU.mp4#q2,Step Verification,Is the person in the current frame still performing the 'press the SIM card slot back'?,"['Yes', 'No']",No,B,B) No,B,100.0,54.0,55,55,1.0,False,280,10780,0.026,784,4,15000,0,64,1
COIN__rSI0DPagnEQ.mp4,COIN__rSI0DPagnEQ.mp4#q0,Procedure Recall,What goal was achieved in this video?,"['replace filter for air purifier', 'clean laptop keyboard', 'change toner cartridge', 'replace memory chip']",clean laptop keyboard,B,B) clean laptop keyboard,B,100.0,61.0,62,64,1.0,False,484,12152,0.0398,588,3,15000,0,64,1
COIN__rSI0DPagnEQ.mp4,COIN__rSI0DPagnEQ.mp4#q1,Step Verification,Is the person in the current frame still performing the 'clean the inside of the button'?,"['Yes', 'No']",No,B,A) Yes,A,0.0,63.0,64,64,1.0,False,490,12544,0.0391,784,4,15000,0,64,1
COIN__2-BFHM970G8.mp4,COIN__2-BFHM970G8.mp4#q0,Step Localization,How long has the person in the scene been performing the 'dribble in the field'?,"['19-20s', '8-9s', '15-16s', '5-6s']",5-6s,D,D) 5-6s,D,100.0,14.0,15,63,1.0,False,246,2940,0.0837,392,2,15000,0,64,1
COIN__2-BFHM970G8.mp4,COIN__2-BFHM970G8.mp4#q1,Step Verification,Is the person in the current frame still performing the 'dribble in the field'?,"['Yes', 'No']",No,B,B) No,B,100.0,44.0,45,63,1.0,False,365,8820,0.0414,588,3,15000,0,64,1
COIN__2-BFHM970G8.mp4,COIN__2-BFHM970G8.mp4#q2,Goal/Step Prediction,My goal is 'attend NBA skills challenge'. What are the next steps I should take?,"['shoot towards the basket', 'inflate the tyre after replacement', 'dribble in the field', 'put the pin in']",dribble in the field,C,A) shoot towards the basket,A,0.0,54.0,55,63,1.0,False,425,10780,0.0394,784,4,15000,0,64,1
COIN__2-BFHM970G8.mp4,COIN__2-BFHM970G8.mp4#q3,Procedure Recall,Did the person follow the correct procedure to achieve the 'practise karate'?,"['Yes', 'No']",No,B,B) No,B,100.0,62.0,63,63,1.0,False,477,12348,0.0386,980,5,15000,0,64,1
COIN__T9E8xEvvGEA.mp4,COIN__T9E8xEvvGEA.mp4#q0,Step Localization,How long has the person in the scene been performing the 'shake the mixture'?,"['5-6s', '12-13s', '61-62s', '25-26s']",5-6s,A,A) 5-6s,A,100.0,75.0,76,89,1.0,False,428,14896,0.0287,588,3,15000,0,64,1
COIN__T9E8xEvvGEA.mp4,COIN__T9E8xEvvGEA.mp4#q1,Step Verification,Is the person in the current frame still performing the 'shake the mixture'?,"['Yes', 'No']",No,B,B) No,B,100.0,78.0,79,89,1.0,False,430,15484,0.0278,784,4,15000,0,64,1
COIN__T9E8xEvvGEA.mp4,COIN__T9E8xEvvGEA.mp4#q2,Procedure Recall,Did the person follow the correct procedure to achieve the 'make matcha tea'?,"['Yes', 'No']",No,B,B) No,B,100.0,88.0,89,89,1.0,False,432,17444,0.0248,980,5,15000,0,64,1
COIN__Zt_VNAOPzP4.mp4,COIN__Zt_VNAOPzP4.mp4#q0,Step Localization,How long has the person in the scene been performing the 'wipe the toothpaste'?,"['7-8s', '18-19s', '12-13s', '15-16s']",7-8s,A,D) 15-16s,D,0.0,70.0,71,94,1.0,False,437,13916,0.0314,588,3,15000,0,64,1
COIN__Zt_VNAOPzP4.mp4,COIN__Zt_VNAOPzP4.mp4#q1,Procedure Recall,Did the person follow the correct procedure to achieve the 'fix laptop screen scratches'?,"['Yes', 'No']",Yes,A,A) Yes,A,100.0,88.0,89,94,1.0,False,502,17444,0.0288,784,4,15000,0,64,1
COIN__Zt_VNAOPzP4.mp4,COIN__Zt_VNAOPzP4.mp4#q2,Step Verification,Is the person in the current frame still performing the 'wipe the toothpaste'?,"['Yes', 'No']",No,B,A) Yes,A,0.0,93.0,94,94,1.0,False,525,18424,0.0285,980,5,15000,0,64,1
COIN__IedsKaSq2TA.mp4,COIN__IedsKaSq2TA.mp4#q0,Step Verification,Is the person in the current frame still performing the 'cut both ends and remove fruit seeds'?,"['Yes', 'No']",Yes,A,B) No,B,0.0,31.0,32,162,1.0,False,334,6272,0.0533,392,2,15000,0,64,1
COIN__IedsKaSq2TA.mp4,COIN__IedsKaSq2TA.mp4#q1,Procedure Recall,How long has the person been performing the 'remove the peel' in the last 120 seconds?,"['3-4s', '6-7s', '27-28s', '55-56s']",55-56s,D,C) 27-28s,C,0.0,152.0,153,162,1.0,False,633,29988,0.0211,784,4,15000,0,64,1
COIN__IedsKaSq2TA.mp4,COIN__IedsKaSq2TA.mp4#q2,Step Localization,How long has the person in the scene been performing the 'slice the pulp'?,"['32-33s', '9-10s', '16-17s', '13-14s']",32-33s,A,D) 13-14s,D,0.0,161.0,162,162,1.0,False,645,31752,0.0203,980,5,15000,0,64,1
COIN__6u-Bt1L9WxI.mp4,COIN__6u-Bt1L9WxI.mp4#q0,Step Verification,Is the person in the current frame still performing the 'mix raw materials'?,"['Yes', 'No']",Yes,A,A) Yes,A,100.0,90.0,91,190,1.0,False,462,17836,0.0259,588,3,15000,0,64,1
COIN__6u-Bt1L9WxI.mp4,COIN__6u-Bt1L9WxI.mp4#q1,Step Localization,How long has the person in the scene been performing the 'add raw materials'?,"['24-25s', '45-46s', '6-7s', '15-16s']",6-7s,C,C) 6-7s,C,100.0,98.0,99,190,1.0,False,482,19404,0.0248,784,4,15000,0,64,1
COIN__6u-Bt1L9WxI.mp4,COIN__6u-Bt1L9WxI.mp4#q2,Goal/Step Prediction,My goal is 'make chocolate'. What are the next steps I should take?,"['place light into pumpkin', 'draw an outline', 'mix raw materials', 'take out chocolate']",mix raw materials,C,C) mix raw materials,C,100.0,130.0,131,190,1.0,False,545,25676,0.0212,980,5,15000,0,64,1
COIN__6u-Bt1L9WxI.mp4,COIN__6u-Bt1L9WxI.mp4#q3,Procedure Recall,What actions did the person perform in sequence in the last 90 seconds?,"['add raw materials -> put materials into mold -> mix raw materials -> take out chocolate -> mix raw materials -> add raw materials', 'mix raw materials -> take out chocolate -> put materials into mold -> mix raw materials -> add raw materials -> mix raw materials', 'mix raw materials -> put materials into mold -> add raw materials -> mix raw materials -> take out chocolate -> mix raw materials -> add raw materials', 'mix raw materials -> add raw materials -> mix raw materials -> add raw materials -> mix raw materials -> put materials into mold -> take out chocolate']",mix raw materials -> add raw materials -> mix raw materials -> add raw materials -> mix raw materials -> put materials into mold -> take out chocolate,D,B) mix raw materials -> take out chocolate -> put materials into mold -> mix,B,0.0,189.0,190,190,1.0,False,687,37240,0.0184,1176,6,15000,0,64,1
COIN__MS0SMLCCtIM.mp4,COIN__MS0SMLCCtIM.mp4#q0,Step Verification,Is the person in the current frame still performing the 'remove battery'?,"['Yes', 'No']",No,B,A) Yes,A,0.0,14.5,15,20,1.0,False,244,2940,0.083,392,2,15000,0,64,1
COIN__MS0SMLCCtIM.mp4,COIN__MS0SMLCCtIM.mp4#q1,Goal/Step Prediction,My goal is 'replace battery on TV control'. What are the next steps I should take?,"['put down the hair and comb', 'open cover', 'close cover', 'clean the scratch']",close cover,C,B) open cover,B,0.0,17.0,18,20,1.0,False,249,3528,0.0706,588,3,15000,0,64,1
COIN__MS0SMLCCtIM.mp4,COIN__MS0SMLCCtIM.mp4#q2,Procedure Recall,Did the person follow the correct procedure to achieve the 'load grease gun'?,"['Yes', 'No']",No,B,A) Yes,A,0.0,19.0,20,20,1.0,False,252,3920,0.0643,784,4,15000,0,64,1
COIN__9Gz4itv19SI.mp4,COIN__9Gz4itv19SI.mp4#q0,Step Verification,Is the person in the current frame still performing the 'knead the raw sugar'?,"['Yes', 'No']",Yes,A,A) Yes,A,100.0,23.0,24,95,1.0,False,247,4704,0.0525,392,2,15000,0,64,1
COIN__9Gz4itv19SI.mp4,COIN__9Gz4itv19SI.mp4#q1,Step Localization,How long has the person in the scene been performing the 'knead the raw sugar'?,"['8-9s', '15-16s', '33-34s', '12-13s']",33-34s,C,A) 8-9s,A,0.0,32.0,33,95,1.0,False,272,6468,0.0421,588,3,15000,0,64,1
COIN__9Gz4itv19SI.mp4,COIN__9Gz4itv19SI.mp4#q2,Procedure Recall,Did the person follow the correct procedure to achieve the 'blow sugar'?,"['Yes', 'No']",Yes,A,A) Yes,A,100.0,94.0,95,95,1.0,False,421,18620,0.0226,784,4,15000,0,64,1
COIN__S9HA_wJzt2w.mp4,COIN__S9HA_wJzt2w.mp4#q0,Step Localization,How long has the person in the scene been performing the 'put the sticker on the window'?,"['32-33s', '19-20s', '23-24s', '15-16s']",15-16s,D,A) 32-33s,A,0.0,51.0,52,58,1.0,False,264,10192,0.0259,392,2,15000,0,64,1
COIN__S9HA_wJzt2w.mp4,COIN__S9HA_wJzt2w.mp4#q1,Procedure Recall,How long has the person been performing the 'tear off the front of the sticker' in the last 30 seconds?,"['21-22s', '132-133s', '23-24s', '5-6s']",5-6s,D,D) 5-6s,D,100.0,53.0,54,58,1.0,False,271,10584,0.0256,588,3,15000,0,64,1
COIN__S9HA_wJzt2w.mp4,COIN__S9HA_wJzt2w.mp4#q2,Goal/Step Prediction,My goal is 'paste car sticker'. What are the next steps I should take?,"['ski down from the hill', 'clean the window surface', 'dribble in the field', 'tear off the other side of the sticker']",tear off the other side of the sticker,D,B) clean the window surface,B,0.0,55.0,56,58,1.0,False,281,10976,0.0256,784,4,15000,0,64,1
COIN__S9HA_wJzt2w.mp4,COIN__S9HA_wJzt2w.mp4#q3,Step Verification,Is the person in the current frame still performing the 'put the sticker on the window'?,"['Yes', 'No']",No,B,A) Yes,A,0.0,57.0,58,58,1.0,False,288,11368,0.0253,980,5,15000,0,64,1
COIN__vpOybD-67GE.mp4,COIN__vpOybD-67GE.mp4#q0,Step Localization,How long has the person in the scene been performing the 'put flower in book'?,"['12-13s', '9-10s', '31-32s', '6-7s']",31-32s,C,A) 12-13s,A,0.0,122.0,123,200,1.0,False,456,24108,0.0189,588,3,15000,0,64,1
COIN__vpOybD-67GE.mp4,COIN__vpOybD-67GE.mp4#q1,Step Verification,Is the person in the current frame still performing the 'press book or heat flower'?,"['Yes', 'No']",Yes,A,B) No,B,0.0,143.0,144,200,1.0,False,499,28224,0.0177,784,4,15000,0,64,1
COIN__vpOybD-67GE.mp4,COIN__vpOybD-67GE.mp4#q2,Goal/Step Prediction,My goal is 'make flower press'. What are the next steps I should take?,"['take out dry flowers', 'shoot towards the basket', 'put flower in book', 'install the new door knob']",take out dry flowers,A,C) put flower in book,C,0.0,197.0,198,200,1.0,False,556,38808,0.0143,980,5,15000,0,64,1
COIN__vpOybD-67GE.mp4,COIN__vpOybD-67GE.mp4#q3,Procedure Recall,What actions was the person performing before the last 90 seconds?,"['bent the paperclips by hands', 'apply the lubricant on the lock', 'press book or heat flower', 'put flower in book']",put flower in book,D,D) put flower in book,D,100.0,199.0,200,200,1.0,False,557,39200,0.0142,1176,6,15000,0,64,1
COIN__3AlMZFGwegE.mp4,COIN__3AlMZFGwegE.mp4#q0,Step Localization,How long has the person in the scene been performing the 'screw off the screws and sheetmetals and baffles on the both sides of the CD drive'?,"['13-14s', '17-18s', '5-6s', '40-41s']",17-18s,B,A) 13-14s,A,0.0,71.0,72,104,1.0,False,368,14112,0.0261,392,2,15000,0,64,1
COIN__3AlMZFGwegE.mp4,COIN__3AlMZFGwegE.mp4#q1,Step Verification,Is the person in the current frame still performing the 'screw off the screws and sheetmetals and baffles on the both sides of the CD drive'?,"['Yes', 'No']",No,B,A) Yes,A,0.0,88.0,89,104,1.0,False,395,17444,0.0226,588,3,15000,0,64,1
COIN__3AlMZFGwegE.mp4,COIN__3AlMZFGwegE.mp4#q2,Goal/Step Prediction,My goal is 'replace CD drive with SSD'. What are the next steps I should take?,"['install the SSD onto the hard disk tray', 'rub back and forth with potatoes or rust remover', 'wipe the scratch with cloth', 'install the screws and sheetmetals and baffles onto the hard disk tray']",install the screws and sheetmetals and baffles onto the hard disk tray,D,A) install the SSD onto the hard disk tray,A,0.0,95.0,96,104,1.0,False,407,18816,0.0216,784,4,15000,0,64,1
COIN__3AlMZFGwegE.mp4,COIN__3AlMZFGwegE.mp4#q3,Procedure Recall,Which action did the person perform for the longest duration in the last 30 seconds?,"['push the pin in', 'insert the key repeatly', 'install the screws and sheetmetals and baffles onto the hard disk tray', 'screw off the screws and sheetmetals and baffles on the both sides of the CD drive']",screw off the screws and sheetmetals and baffles on the both sides of the CD drive,D,D) screw off the screws and sheetmetals and baffles on the both,D,100.0,103.0,104,104,1.0,False,415,20384,0.0204,980,5,15000,0,64,1
COIN__Wd3ihpZqOck.mp4,COIN__Wd3ihpZqOck.mp4#q0,Step Localization,How long has the person in the scene been performing the 'transfer pattern to board or tarpaulin'?,"['25-26s', '13-14s', '15-16s', '6-7s']",15-16s,C,C) 15-16s,C,100.0,64.0,65,118,1.0,False,357,12740,0.028,392,2,15000,0,64,1
COIN__Wd3ihpZqOck.mp4,COIN__Wd3ihpZqOck.mp4#q1,Step Verification,Is the person in the current frame still performing the 'transfer pattern to board or tarpaulin'?,"['Yes', 'No']",No,B,A) Yes,A,0.0,66.0,67,118,1.0,False,358,13132,0.0273,588,3,15000,0,64,1
COIN__Wd3ihpZqOck.mp4,COIN__Wd3ihpZqOck.mp4#q2,Procedure Recall,What actions did the person perform in sequence in the last 30 seconds?,"['scrape tarpaulin without ink -> ink the marked area -> transfer pattern to board or tarpaulin', 'transfer pattern to board or tarpaulin -> scrape tarpaulin without ink -> draw black patterns', 'scrape tarpaulin without ink -> draw black patterns -> transfer pattern to board or tarpaulin', 'draw black patterns -> transfer pattern to board or tarpaulin -> scrape tarpaulin without ink']",draw black patterns -> transfer pattern to board or tarpaulin -> scrape tarpaulin without ink,D,A) scrape tarpaulin without ink -> ink the marked area -> transfer,A,0.0,77.0,78,118,1.0,False,376,15288,0.0246,784,4,15000,0,64,1
COIN__Wd3ihpZqOck.mp4,COIN__Wd3ihpZqOck.mp4#q3,Goal/Step Prediction,My goal is 'do lino printing'. What are the next steps I should take?,"['cut up the garlics', 'dry strips', 'transfer print', 'cut the tarpaulin']",transfer print,C,C) transfer print,C,100.0,117.0,118,118,1.0,False,417,23128,0.018,980,5,15000,0,64,1
COIN__xhGe_3Zn-SA.mp4,COIN__xhGe_3Zn-SA.mp4#q0,Step Verification,Is the person in the current frame still performing the 'show the glass to the audience'?,"['Yes', 'No']",No,B,B) No,B,100.0,57.5,58,87,1.0,False,313,11368,0.0275,392,2,15000,0,64,1
COIN__xhGe_3Zn-SA.mp4,COIN__xhGe_3Zn-SA.mp4#q1,Step Localization,How long has the person in the scene been performing the 'block out the glass'?,"['8-9s', '17-18s', '14-15s', '11-12s']",14-15s,C,A) 8-9s,A,0.0,67.0,68,87,1.0,False,324,13328,0.0243,588,3,15000,0,64,1
COIN__xhGe_3Zn-SA.mp4,COIN__xhGe_3Zn-SA.mp4#q2,Procedure Recall,Did the person follow the correct procedure to achieve the 'perform vanishing glass trick'?,"['Yes', 'No']",Yes,A,B) No,B,0.0,86.0,87,87,1.0,False,363,17052,0.0213,784,4,15000,0,64,1
COIN__69i0mES2UTQ.mp4,COIN__69i0mES2UTQ.mp4#q0,Step Localization,How long has the person in the scene been performing the 'draw black patterns'?,"['20-21s', '34-35s', '12-13s', '51-52s']",12-13s,C,A) 20-21s,A,0.0,38.0,39,121,1.0,False,436,7644,0.057,588,3,15000,0,64,1
COIN__69i0mES2UTQ.mp4,COIN__69i0mES2UTQ.mp4#q1,Step Verification,Is the person in the current frame still performing the 'draw black patterns'?,"['Yes', 'No']",Yes,A,A) Yes,A,100.0,40.0,41,121,1.0,False,443,8036,0.0551,784,4,15000,0,64,1
COIN__69i0mES2UTQ.mp4,COIN__69i0mES2UTQ.mp4#q2,Procedure Recall,What actions was the person performing before the last 15 seconds?,"['reset and screw on the screws', 'flatten the dough', 'transfer pattern to board or tarpaulin', 'draw black patterns']",draw black patterns,D,D) draw black patterns,D,100.0,45.0,46,121,1.0,False,480,9016,0.0532,980,5,15000,0,64,1
COIN__69i0mES2UTQ.mp4,COIN__69i0mES2UTQ.mp4#q3,Goal/Step Prediction,"Based on the series of actions performed by the person in the video, what is the ultimate goal?","['blow sugar', 'raise flag', 'do lino printing', 'prepare sumi ink']",do lino printing,C,C) do lino printing,C,100.0,120.0,121,121,1.0,False,1062,23716,0.0448,1568,8,15000,0,64,1
COIN__t6cEQByFpaA.mp4,COIN__t6cEQByFpaA.mp4#q0,Step Verification,Is the person in the current frame still performing the 'put rubber on paddle'?,"['Yes', 'No']",No,B,A) Yes,A,0.0,126.0,127,436,1.0,False,366,24892,0.0147,392,2,15000,0,64,1
COIN__t6cEQByFpaA.mp4,COIN__t6cEQByFpaA.mp4#q1,Step Localization,How long has the person in the scene been performing the 'cut the rubber'?,"['45-46s', '12-13s', '18-19s', '179-180s']",179-180s,D,A) 45-46s,A,0.0,309.0,310,436,1.0,False,888,60760,0.0146,980,5,15000,0,64,1
COIN__t6cEQByFpaA.mp4,COIN__t6cEQByFpaA.mp4#q2,Procedure Recall,Did the person follow the correct procedure to achieve the 'glue ping pong rubber'?,"['Yes', 'No']",Yes,A,A) Yes,A,100.0,435.0,436,436,1.0,False,1237,85456,0.0145,1372,7,15000,0,64,1
COIN__VzFcvA9YdJg.mp4,COIN__VzFcvA9YdJg.mp4#q0,Step Verification,Is the person in the current frame still performing the 'pull out the insurance ring'?,"['Yes', 'No']",No,B,B) No,B,100.0,28.5,29,45,1.0,False,464,5684,0.0816,588,3,15000,0,64,1
COIN__VzFcvA9YdJg.mp4,COIN__VzFcvA9YdJg.mp4#q1,Procedure Recall,Did the person follow the correct procedure to achieve the 'change battery of watch'?,"['Yes', 'No']",No,B,B) No,B,100.0,44.0,45,45,1.0,False,536,8820,0.0608,784,4,15000,0,64,1
COIN__nwestja4YnY.mp4,COIN__nwestja4YnY.mp4#q0,Step Localization,How long has the person in the scene been performing the 'install the new hard disk'?,"['16-17s', '18-19s', '7-8s', '27-28s']",27-28s,D,A) 16-17s,A,0.0,114.0,115,204,1.0,False,725,22540,0.0322,784,4,15000,0,64,1
COIN__nwestja4YnY.mp4,COIN__nwestja4YnY.mp4#q1,Procedure Recall,What goal was achieved in this video?,"['replace a bulb', 'replace blade of a saw', 'replace hard disk', 'arc weld']",replace hard disk,C,C) replace hard disk,C,100.0,201.0,202,204,1.0,False,1025,39592,0.0259,1176,6,15000,0,64,1
COIN__nwestja4YnY.mp4,COIN__nwestja4YnY.mp4#q2,Step Verification,Is the person in the current frame still performing the 'install the new hard disk'?,"['Yes', 'No']",No,B,A) Yes,A,0.0,203.0,204,204,1.0,False,1032,39984,0.0258,1372,7,15000,0,64,1
COIN__9T-jv7BhB5o.mp4,COIN__9T-jv7BhB5o.mp4#q0,Step Localization,How long has the person in the scene been performing the 'prepare and add the tea'?,"['18-19s', '16-17s', '10-11s', '23-24s']",10-11s,C,A) 18-19s,A,0.0,23.0,24,59,1.0,False,218,4704,0.0463,392,2,15000,0,64,1
COIN__9T-jv7BhB5o.mp4,COIN__9T-jv7BhB5o.mp4#q1,Step Verification,Is the person in the current frame still performing the 'prepare and add the tea'?,"['Yes', 'No']",No,B,A) Yes,A,0.0,28.0,29,59,1.0,False,224,5684,0.0394,588,3,15000,0,64,1
COIN__9T-jv7BhB5o.mp4,COIN__9T-jv7BhB5o.mp4#q2,Procedure Recall,Did the person follow the correct procedure to achieve the 'make homemade ice cream'?,"['Yes', 'No']",No,B,B) No,B,100.0,58.0,59,59,1.0,False,255,11564,0.0221,784,4,15000,0,64,1
COIN__e58lLJ-2gBI.mp4,COIN__e58lLJ-2gBI.mp4#q0,Procedure Recall,How long has the person been performing the 'tie the tourniquet' in the last 90 seconds?,"['30-31s', '60-61s', '28-29s', '11-12s']",11-12s,D,A) 30-31s,A,0.0,125.0,126,180,1.0,False,794,24696,0.0322,980,5,15000,0,64,1
COIN__e58lLJ-2gBI.mp4,COIN__e58lLJ-2gBI.mp4#q1,Step Localization,How long has the person in the scene been performing the 'collect blood'?,"['15-16s', '8-9s', '38-39s', '21-22s']",38-39s,C,D) 21-22s,D,0.0,151.0,152,180,1.0,False,868,29792,0.0291,1176,6,15000,0,64,1
COIN__e58lLJ-2gBI.mp4,COIN__e58lLJ-2gBI.mp4#q2,Goal/Step Prediction,My goal is 'draw blood'. What are the next steps I should take?,"['fit on the boards', 'put the ingredients into the can', 'tie the tourniquet', 'pull out the needle and press with cotton']",pull out the needle and press with cotton,D,C) tie the tourniquet,C,0.0,162.0,163,180,1.0,False,932,31948,0.0292,1372,7,15000,0,64,1
COIN__e58lLJ-2gBI.mp4,COIN__e58lLJ-2gBI.mp4#q3,Step Verification,Is the person in the current frame still performing the 'pull out the needle and press with cotton'?,"['Yes', 'No']",Yes,A,A) Yes,A,100.0,179.0,180,180,1.0,False,1020,35280,0.0289,1568,8,15000,0,64,1
COIN__YPnmInIozHU.mp4,COIN__YPnmInIozHU.mp4#q0,Step Verification,Is the person in the current frame still performing the 'stir the egg'?,"['Yes', 'No']",No,B,B) No,B,100.0,105.0,106,138,1.0,False,354,20776,0.017,392,2,15000,0,64,1
COIN__YPnmInIozHU.mp4,COIN__YPnmInIozHU.mp4#q1,Procedure Recall,What goal was achieved in this video?,"['cook omelet', 'clean shrimp', 'make pickles', 'make salmon']",cook omelet,A,A) cook omelet,A,100.0,137.0,138,138,1.0,False,394,27048,0.0146,588,3,15000,0,64,1
COIN__gYY4cgvRZ2M.mp4,COIN__gYY4cgvRZ2M.mp4#q0,Step Localization,How long has the person in the scene been performing the 'cover with some soil'?,"['70-71s', '7-8s', '9-10s', '11-12s']",11-12s,D,B) 7-8s,B,0.0,125.0,126,163,1.0,False,364,24696,0.0147,392,2,15000,0,64,1
COIN__gYY4cgvRZ2M.mp4,COIN__gYY4cgvRZ2M.mp4#q1,Step Verification,Is the person in the current frame still performing the 'water and fertilize the seeds'?,"['Yes', 'No']",No,B,A) Yes,A,0.0,145.0,146,163,1.0,False,381,28616,0.0133,588,3,15000,0,64,1
COIN__gYY4cgvRZ2M.mp4,COIN__gYY4cgvRZ2M.mp4#q2,Goal/Step Prediction,My goal is 'sow'. What are the next steps I should take?,"['water and fertilize the seeds', 'mix raw materials', 'dig some holes on the soil', 'press the chest of the patient']",water and fertilize the seeds,A,C) dig some holes on the soil,C,0.0,152.0,153,163,1.0,False,387,29988,0.0129,784,4,15000,0,64,1
COIN__gYY4cgvRZ2M.mp4,COIN__gYY4cgvRZ2M.mp4#q3,Procedure Recall,How long has the person been performing the 'water and fertilize the seeds' in the last 30 seconds?,"['27-28s', '33-34s', '21-22s', '18-19s']",21-22s,C,A) 27-28s,A,0.0,162.0,163,163,1.0,False,392,31948,0.0123,980,5,15000,0,64,1
COIN__xpL6c1Tx4IE.mp4,COIN__xpL6c1Tx4IE.mp4#q0,Step Localization,How long has the person in the scene been performing the 'put the sticker on the window'?,"['6-7s', '35-36s', '10-11s', '21-22s']",6-7s,A,B) 35-36s,B,0.0,172.0,173,190,1.0,False,613,33908,0.0181,784,4,15000,0,64,1
COIN__xpL6c1Tx4IE.mp4,COIN__xpL6c1Tx4IE.mp4#q1,Procedure Recall,What actions was the person performing before the last 30 seconds?,"['rinse the pot', 'take out the blade', 'put the sticker on the window', 'press the sticker']",press the sticker,D,C) put the sticker on the window,C,0.0,174.0,175,190,1.0,False,619,34300,0.018,980,5,15000,0,64,1
COIN__xpL6c1Tx4IE.mp4,COIN__xpL6c1Tx4IE.mp4#q2,Step Verification,Is the person in the current frame still performing the 'put the sticker on the window'?,"['Yes', 'No']",No,B,A) Yes,A,0.0,188.0,189,190,1.0,False,663,37044,0.0179,1176,6,15000,0,64,1
COIN__xpL6c1Tx4IE.mp4,COIN__xpL6c1Tx4IE.mp4#q3,Goal/Step Prediction,My goal is 'paste car sticker'. What are the next steps I should take?,"['take out after freezing', 'clean the window surface', 'place mattress on the bed', 'put the sticker on the window']",put the sticker on the window,D,D) put the sticker on the window,D,100.0,189.0,190,190,1.0,False,668,37240,0.0179,1372,7,15000,0,64,1
COIN__eM3fnUQBz48.mp4,COIN__eM3fnUQBz48.mp4#q0,Step Verification,"Is the person in the current frame still performing the 'process (crop, fold) paper'?","['Yes', 'No']",No,B,A) Yes,A,0.0,111.5,112,139,1.0,False,394,21952,0.0179,588,3,15000,0,64,1
COIN__eM3fnUQBz48.mp4,COIN__eM3fnUQBz48.mp4#q1,Step Localization,How long has the person in the scene been performing the 'stick handle to paper basket'?,"['46-47s', '26-27s', '15-16s', '18-19s']",18-19s,D,D) 18-19s,D,100.0,133.0,134,139,1.0,False,417,26264,0.0159,784,4,15000,0,64,1
COIN__eM3fnUQBz48.mp4,COIN__eM3fnUQBz48.mp4#q2,Procedure Recall,Did the person follow the correct procedure to achieve the 'make chinese lantern'?,"['Yes', 'No']",No,B,A) Yes,A,0.0,138.0,139,139,1.0,False,428,27244,0.0157,980,5,15000,0,64,1
COIN__Ge5kXsmfTvg.mp4,COIN__Ge5kXsmfTvg.mp4#q0,Step Localization,How long has the person in the scene been performing the 'install the new bolt'?,"['58-59s', '14-15s', '19-20s', '11-12s']",58-59s,A,A) 58-59s,A,100.0,150.0,151,185,1.0,False,642,29596,0.0217,784,4,15000,0,64,1
COIN__Ge5kXsmfTvg.mp4,COIN__Ge5kXsmfTvg.mp4#q1,Goal/Step Prediction,My goal is 'replace door knob'. What are the next steps I should take?,"['fill a nostril with saline and do the same to the other nostril', 'install the new door knob', 'mix the raw materials', 'remove the bolt and pin board']",install the new door knob,B,B) install the new door knob,B,100.0,170.5,171,185,1.0,False,705,33516,0.021,980,5,15000,0,64,1
COIN__Ge5kXsmfTvg.mp4,COIN__Ge5kXsmfTvg.mp4#q2,Step Verification,Is the person in the current frame still performing the 'install the new door knob'?,"['Yes', 'No']",Yes,A,A) Yes,A,100.0,180.0,181,185,1.0,False,737,35476,0.0208,1176,6,15000,0,64,1
COIN__Ge5kXsmfTvg.mp4,COIN__Ge5kXsmfTvg.mp4#q3,Procedure Recall,Did the person follow the correct procedure to achieve the 'replace door knob'?,"['Yes', 'No']",Yes,A,A) Yes,A,100.0,184.0,185,185,1.0,False,747,36260,0.0206,1372,7,15000,0,64,1
COIN__mhjmih7d72k.mp4,COIN__mhjmih7d72k.mp4#q0,Step Verification,Is the person in the current frame still performing the 'fix the ground nail'?,"['Yes', 'No']",No,B,B) No,B,100.0,34.0,35,61,1.0,False,390,6860,0.0569,392,2,15000,0,64,1
COIN__mhjmih7d72k.mp4,COIN__mhjmih7d72k.mp4#q1,Procedure Recall,Which action did the person perform for the longest duration in the last 30 seconds?,"['insert the key repeatly', 'set up the platfond', 'set up the brackets', 'transfer and dissolve the solute']",set up the brackets,C,C) set up the brackets,C,100.0,56.0,57,61,1.0,False,461,11172,0.0413,588,3,15000,0,64,1
COIN__mhjmih7d72k.mp4,COIN__mhjmih7d72k.mp4#q2,Step Localization,How long has the person in the scene been performing the 'set up the platfond'?,"['77-78s', '8-9s', '18-19s', '12-13s']",12-13s,D,B) 8-9s,B,0.0,60.0,61,61,1.0,False,466,11956,0.039,784,4,15000,0,64,1
COIN__eNaMyRI2tf8.mp4,COIN__eNaMyRI2tf8.mp4#q0,Step Localization,How long has the person in the scene been performing the 'iron the cloths with the iron'?,"['8-9s', '10-11s', '79-80s', '31-32s']",8-9s,A,A) 8-9s,A,100.0,89.0,90,120,1.0,False,417,17640,0.0236,588,3,15000,0,64,1
COIN__eNaMyRI2tf8.mp4,COIN__eNaMyRI2tf8.mp4#q1,Step Verification,Is the person in the current frame still performing the 'iron the cloths with the iron'?,"['Yes', 'No']",No,B,A) Yes,A,0.0,93.0,94,120,1.0,False,417,18424,0.0226,588,3,15000,0,64,1
COIN__eNaMyRI2tf8.mp4,COIN__eNaMyRI2tf8.mp4#q2,Procedure Recall,Which action did the person perform for the longest duration in the last 15 seconds?,"['flip the clothes repeatly', 'remove the old hard disk', 'rise to the sky', 'iron the cloths with the iron']",iron the cloths with the iron,D,D) iron the cloths with the iron,D,100.0,97.0,98,120,1.0,False,425,19208,0.0221,784,4,15000,0,64,1
COIN__eNaMyRI2tf8.mp4,COIN__eNaMyRI2tf8.mp4#q3,Goal/Step Prediction,My goal is 'iron clothes'. What are the next steps I should take?,"['iron the cloths with the iron', 'flip the clothes repeatly', 'use the needle to open the SIM card slot', 'clean the scratch']",iron the cloths with the iron,A,A) iron the cloths with the iron,A,100.0,119.0,120,120,1.0,False,477,23520,0.0203,980,5,15000,0,64,1
COIN__OyLTCe_FWrQ.mp4,COIN__OyLTCe_FWrQ.mp4#q0,Step Verification,Is the person in the current frame still performing the 'pick up the back cover of the phone with the cymbal'?,"['Yes', 'No']",No,B,A) Yes,A,0.0,33.0,34,84,1.0,False,331,6664,0.0497,392,2,15000,0,64,1
COIN__OyLTCe_FWrQ.mp4,COIN__OyLTCe_FWrQ.mp4#q1,Goal/Step Prediction,My goal is 'change mobile phone battery'. What are the next steps I should take?,"['load a new battery', 'heat the back cover of the phone', 'remove the components of the fixed battery', 'invert the volumetric flask']",load a new battery,A,A) load a new battery,A,100.0,54.0,55,84,1.0,False,379,10780,0.0352,588,3,15000,0,64,1
COIN__OyLTCe_FWrQ.mp4,COIN__OyLTCe_FWrQ.mp4#q2,Step Localization,How long has the person in the scene been performing the 'load a new battery'?,"['26-27s', '49-50s', '14-15s', '9-10s']",9-10s,D,A) 26-27s,A,0.0,62.0,63,84,1.0,False,402,12348,0.0326,784,4,15000,0,64,1
COIN__OyLTCe_FWrQ.mp4,COIN__OyLTCe_FWrQ.mp4#q3,Procedure Recall,Did the person follow the correct procedure to achieve the 'use tapping gun'?,"['Yes', 'No']",No,B,B) No,B,100.0,83.0,84,84,1.0,False,535,16464,0.0325,980,5,15000,0,64,1
COIN__UBq35JWbBG0.mp4,COIN__UBq35JWbBG0.mp4#q0,Step Verification,Is the person in the current frame still performing the 'mix raw materials'?,"['Yes', 'No']",Yes,A,A) Yes,A,100.0,165.0,166,210,1.0,False,576,32536,0.0177,588,3,15000,0,64,1
COIN__UBq35JWbBG0.mp4,COIN__UBq35JWbBG0.mp4#q1,Step Localization,How long has the person in the scene been performing the 'mix raw materials'?,"['11-12s', '7-8s', '13-14s', '15-16s']",7-8s,B,A) 11-12s,A,0.0,165.0,166,210,1.0,False,576,32536,0.0177,588,3,15000,0,64,1
COIN__UBq35JWbBG0.mp4,COIN__UBq35JWbBG0.mp4#q2,Procedure Recall,Which action did the person perform for the longest duration in the last 90 seconds?,"['pour bean paste into plate', 'melt the soap block', 'invert seasoning', 'add water into the volumetric flask to the tick line']",pour bean paste into plate,A,A) pour bean paste into plate,A,100.0,209.0,210,210,1.0,False,610,41160,0.0148,784,4,15000,0,64,1
COIN__Mh9qgmL_TIM.mp4,COIN__Mh9qgmL_TIM.mp4#q0,Step Verification,Is the person in the current frame still performing the 'take out the car key battery'?,"['Yes', 'No']",Yes,A,A) Yes,A,100.0,86.0,87,98,1.0,False,473,17052,0.0277,588,3,15000,0,64,1
COIN__Mh9qgmL_TIM.mp4,COIN__Mh9qgmL_TIM.mp4#q1,Step Localization,How long has the person in the scene been performing the 'put in the battery'?,"['14-15s', '11-12s', '41-42s', '7-8s']",7-8s,D,D) 7-8s,D,100.0,96.0,97,98,1.0,False,499,19012,0.0262,784,4,15000,0,64,1
COIN__Mh9qgmL_TIM.mp4,COIN__Mh9qgmL_TIM.mp4#q2,Procedure Recall,What goal was achieved in this video?,"['replace battery on key to car', 'rewrap battery', 'load grease gun', 'replace SIM card']",replace battery on key to car,A,A) replace battery on key to car,A,100.0,97.0,98,98,1.0,False,499,19208,0.026,784,4,15000,0,64,1
COIN__8-bItJf7yUE.mp4,COIN__8-bItJf7yUE.mp4#q0,Goal/Step Prediction,"Based on the series of actions performed by the person in the video, what is the ultimate goal?","['install bicycle rack', 'change car tire', 'replace a wiper head', 'park parallel']",park parallel,D,D) park parallel,D,100.0,48.0,49,75,1.0,False,331,9604,0.0345,392,2,15000,0,64,1
COIN__8-bItJf7yUE.mp4,COIN__8-bItJf7yUE.mp4#q1,Step Localization,How long has the person in the scene been performing the 'drive the car forward'?,"['17-18s', '5-6s', '86-87s', '26-27s']",5-6s,B,A) 17-18s,A,0.0,52.0,53,75,1.0,False,336,10388,0.0323,588,3,15000,0,64,1
COIN__8-bItJf7yUE.mp4,COIN__8-bItJf7yUE.mp4#q2,Step Verification,Is the person in the current frame still performing the 'drive the car backward'?,"['Yes', 'No']",Yes,A,B) No,B,0.0,62.0,63,75,1.0,False,367,12348,0.0297,784,4,15000,0,64,1
COIN__8-bItJf7yUE.mp4,COIN__8-bItJf7yUE.mp4#q3,Procedure Recall,Did the person follow the correct procedure to achieve the 'park parallel'?,"['Yes', 'No']",Yes,A,A) Yes,A,100.0,74.0,75,75,1.0,False,402,14700,0.0273,980,5,15000,0,64,1
COIN__Pvpkqh-Li6w.mp4,COIN__Pvpkqh-Li6w.mp4#q0,Step Localization,How long has the person in the scene been performing the 'turn off the balde screw'?,"['7-8s', '5-6s', '14-15s', '17-18s']",7-8s,A,B) 5-6s,B,0.0,47.0,48,79,1.0,False,394,9408,0.0419,588,3,15000,0,64,1
COIN__Pvpkqh-Li6w.mp4,COIN__Pvpkqh-Li6w.mp4#q1,Step Verification,Is the person in the current frame still performing the 'turn off the balde screw'?,"['Yes', 'No']",No,B,B) No,B,100.0,61.0,62,79,1.0,False,438,12152,0.036,784,4,15000,0,64,1
COIN__Pvpkqh-Li6w.mp4,COIN__Pvpkqh-Li6w.mp4#q2,Procedure Recall,What goal was achieved in this video?,"['replace blade of a saw', 'replace graphics card', 'use sewing machine', 'replace hard disk']",replace blade of a saw,A,A) replace blade of a saw,A,100.0,78.0,79,79,1.0,False,473,15484,0.0305,980,5,15000,0,64,1
COIN__fX1wyCm5n9o.mp4,COIN__fX1wyCm5n9o.mp4#q0,Step Verification,Is the person in the current frame still performing the 'remove the hamster from the hamster cage'?,"['Yes', 'No']",No,B,B) No,B,100.0,30.0,31,112,1.0,False,395,6076,0.065,588,3,15000,0,64,1
COIN__fX1wyCm5n9o.mp4,COIN__fX1wyCm5n9o.mp4#q1,Goal/Step Prediction,My goal is 'clean hamster cage'. What are the next steps I should take?,"['rise to the sky', 'clean toys and hamster cages', 'add different kinds of ingredients', 'put the hamster back into the hamster cage']",clean toys and hamster cages,B,D) put the hamster back into the hamster cage,D,0.0,77.0,78,112,1.0,False,640,15288,0.0419,980,5,15000,0,64,1
COIN__fX1wyCm5n9o.mp4,COIN__fX1wyCm5n9o.mp4#q2,Procedure Recall,Which action did the person perform for the longest duration in the last 30 seconds?,"['remove the hamster from the hamster cage', 'close the sluice and empty and disconnect the water pipe', 'put the hamster back into the hamster cage', 'add some water to the vessel']",remove the hamster from the hamster cage,A,C) put the hamster back into the hamster cage,C,0.0,82.0,83,112,1.0,False,675,16268,0.0415,1176,6,15000,0,64,1
COIN__fX1wyCm5n9o.mp4,COIN__fX1wyCm5n9o.mp4#q3,Step Localization,How long has the person in the scene been performing the 'put the hamster back into the hamster cage'?,"['15-16s', '57-58s', '10-11s', '22-23s']",10-11s,C,A) 15-16s,A,0.0,111.0,112,112,1.0,False,785,21952,0.0358,1372,7,15000,0,64,1
COIN__M_lbiplTf4I.mp4,COIN__M_lbiplTf4I.mp4#q0,Step Localization,How long has the person in the scene been performing the 'mix the raw materials'?,"['15-16s', '7-8s', '20-21s', '179-180s']",7-8s,B,B) 7-8s,B,100.0,77.0,78,122,1.0,False,390,15288,0.0255,392,2,15000,0,64,1
COIN__M_lbiplTf4I.mp4,COIN__M_lbiplTf4I.mp4#q1,Step Verification,Is the person in the current frame still performing the 'add different kinds of ingredients'?,"['Yes', 'No']",Yes,A,A) Yes,A,100.0,88.0,89,122,1.0,False,416,17444,0.0238,588,3,15000,0,64,1
COIN__M_lbiplTf4I.mp4,COIN__M_lbiplTf4I.mp4#q2,Procedure Recall,What actions was the person performing before the last 15 seconds?,"['fry or roast or braise', 'mix the raw materials', 'calibrate the liquid', 'add different kinds of ingredients']",mix the raw materials,B,B) mix the raw materials,B,100.0,120.0,121,122,1.0,False,505,23716,0.0213,784,4,15000,0,64,1
COIN__M_lbiplTf4I.mp4,COIN__M_lbiplTf4I.mp4#q3,Goal/Step Prediction,"Based on the series of actions performed by the person in the video, what is the ultimate goal?","['prepare standard solution', 'use triple beam balance', 'use volumetric flask', 'make slime with glue']",make slime with glue,D,D) make slime with glue,D,100.0,121.0,122,122,1.0,False,508,23912,0.0212,980,5,15000,0,64,1
COIN__sAEXMWb7bOQ.mp4,COIN__sAEXMWb7bOQ.mp4#q0,Step Verification,Is the person in the current frame still performing the 'screw off the screws and sheetmetals and baffles on the both sides of the CD drive'?,"['Yes', 'No']",Yes,A,B) No,B,0.0,154.0,155,180,1.0,False,810,30380,0.0267,980,5,15000,0,64,1
COIN__sAEXMWb7bOQ.mp4,COIN__sAEXMWb7bOQ.mp4#q1,Step Localization,How long has the person in the scene been performing the 'screw off the screws and sheetmetals and baffles on the both sides of the CD drive'?,"['117-118s', '6-7s', '53-54s', '9-10s']",53-54s,C,D) 9-10s,D,0.0,162.0,163,180,1.0,False,848,31948,0.0265,1176,6,15000,0,64,1
COIN__sAEXMWb7bOQ.mp4,COIN__sAEXMWb7bOQ.mp4#q2,Procedure Recall,Did the person follow the correct procedure to achieve the 'replace CD drive with SSD'?,"['Yes', 'No']",Yes,A,A) Yes,A,100.0,179.0,180,180,1.0,False,878,35280,0.0249,1372,7,15000,0,64,1
COIN__n5lteHq-D64.mp4,COIN__n5lteHq-D64.mp4#q0,Step Localization,How long has the person in the scene been performing the 'place license plate cover'?,"['11-12s', '67-68s', '24-25s', '16-17s']",16-17s,D,D) 16-17s,D,100.0,71.0,72,141,1.0,False,495,14112,0.0351,588,3,15000,0,64,1
COIN__n5lteHq-D64.mp4,COIN__n5lteHq-D64.mp4#q1,Step Verification,Is the person in the current frame still performing the 'place license plate cover'?,"['Yes', 'No']",Yes,A,B) No,B,0.0,73.0,74,141,1.0,False,503,14504,0.0347,784,4,15000,0,64,1
COIN__n5lteHq-D64.mp4,COIN__n5lteHq-D64.mp4#q2,Procedure Recall,What goal was achieved in this video?,"['patch bike inner tube', 'change car tire', 'park parallel', 'install license plate frame']",install license plate frame,D,D) install license plate frame,D,100.0,140.0,141,141,1.0,False,873,27636,0.0316,1176,6,15000,0,64,1
COIN__Vc0qo9Q0AHs.mp4,COIN__Vc0qo9Q0AHs.mp4#q0,Step Verification,Is the person in the current frame still performing the 'use the body wash'?,"['Yes', 'No']",Yes,A,A) Yes,A,100.0,21.0,22,117,1.0,False,289,4312,0.067,392,2,15000,0,64,1
COIN__Vc0qo9Q0AHs.mp4,COIN__Vc0qo9Q0AHs.mp4#q1,Step Localization,How long has the person in the scene been performing the 'use the body wash'?,"['14-15s', '8-9s', '27-28s', '31-32s']",14-15s,A,A) 14-15s,A,100.0,105.0,106,117,1.0,False,628,20776,0.0302,784,4,15000,0,64,1
COIN__Vc0qo9Q0AHs.mp4,COIN__Vc0qo9Q0AHs.mp4#q2,Goal/Step Prediction,"Based on the series of actions performed by the person in the video, what is the ultimate goal?","['use neti pot', 'use earplugs', 'bandage dog paw', 'wash dog']",wash dog,D,D) wash dog,D,100.0,112.0,113,117,1.0,False,649,22148,0.0293,980,5,15000,0,64,1
COIN__Vc0qo9Q0AHs.mp4,COIN__Vc0qo9Q0AHs.mp4#q3,Procedure Recall,Did the person follow the correct procedure to achieve the 'wash dog'?,"['Yes', 'No']",Yes,A,A) Yes,A,100.0,116.0,117,117,1.0,False,657,22932,0.0286,1176,6,15000,0,64,1
COIN__2Jv1y2kBTrI.mp4,COIN__2Jv1y2kBTrI.mp4#q0,Step Verification,Is the person in the current frame still performing the 'press the corresponding button'?,"['Yes', 'No']",No,B,A) Yes,A,0.0,40.0,41,52,1.0,False,315,8036,0.0392,392,2,15000,0,64,1
COIN__2Jv1y2kBTrI.mp4,COIN__2Jv1y2kBTrI.mp4#q1,Procedure Recall,Did the person follow the correct procedure to achieve the 'use vending machine'?,"['Yes', 'No']",Yes,A,A) Yes,A,100.0,51.0,52,52,1.0,False,382,10192,0.0375,588,3,15000,0,64,1
COIN__p825R8dyHmw.mp4,COIN__p825R8dyHmw.mp4#q0,Step Verification,Is the person in the current frame still performing the 'unscrew the screws used to fix the screen'?,"['Yes', 'No']",Yes,A,B) No,B,0.0,18.0,19,214,1.0,False,353,3724,0.0948,392,2,15000,0,64,1
COIN__p825R8dyHmw.mp4,COIN__p825R8dyHmw.mp4#q1,Step Localization,How long has the person in the scene been performing the 'install the new screen'?,"['6-7s', '28-29s', '13-14s', '9-10s']",9-10s,D,D) 9-10s,D,100.0,130.0,131,214,1.0,False,801,25676,0.0312,980,5,15000,0,64,1
COIN__p825R8dyHmw.mp4,COIN__p825R8dyHmw.mp4#q2,Goal/Step Prediction,My goal is 'replace laptop screen'. What are the next steps I should take?,"['ski down from the hill', 'cut up the garlics', 'install the new screen', 'reset and screw on the screws']",reset and screw on the screws,D,C) install the new screen,C,0.0,144.5,145,214,1.0,False,866,28420,0.0305,1176,6,15000,0,64,1
COIN__p825R8dyHmw.mp4,COIN__p825R8dyHmw.mp4#q3,Procedure Recall,Did the person follow the correct procedure to achieve the 'use soy milk maker'?,"['Yes', 'No']",No,B,B) No,B,100.0,213.0,214,214,1.0,False,1036,41944,0.0247,1372,7,15000,0,64,1
COIN__UWJxL6I8-bo.mp4,COIN__UWJxL6I8-bo.mp4#q0,Step Verification,Is the person in the current frame still performing the 'rise to the sky'?,"['Yes', 'No']",No,B,B) No,B,100.0,14.0,15,58,1.0,False,244,2940,0.083,392,2,15000,0,64,1
COIN__UWJxL6I8-bo.mp4,COIN__UWJxL6I8-bo.mp4#q1,Goal/Step Prediction,My goal is 'practise skiing aerials'. What are the next steps I should take?,"['begin to jump up', 'transfer the solution and label', 'transfer and dissolve the solute', 'fall to the ground']",fall to the ground,D,A) begin to jump up,A,0.0,38.0,39,58,1.0,False,316,7644,0.0413,588,3,15000,0,64,1
COIN__UWJxL6I8-bo.mp4,COIN__UWJxL6I8-bo.mp4#q2,Procedure Recall,What actions did the person not perform in the last 30 seconds?,"['ski up from the hill', 'fall to the ground', 'ski down from the hill', 'rise to the sky']",ski down from the hill,C,C) ski down from the hill,C,100.0,57.0,58,58,1.0,False,376,11368,0.0331,784,4,15000,0,64,1
COIN__nDbyQ5LfrHE.mp4,COIN__nDbyQ5LfrHE.mp4#q0,Step Verification,Is the person in the current frame still performing the 'install the new filter'?,"['Yes', 'No']",Yes,A,A) Yes,A,100.0,125.0,126,133,1.0,False,424,24696,0.0172,588,3,15000,0,64,1
COIN__nDbyQ5LfrHE.mp4,COIN__nDbyQ5LfrHE.mp4#q1,Step Localization,How long has the person in the scene been performing the 'install the new filter'?,"['30-31s', '15-16s', '8-9s', '18-19s']",8-9s,C,D) 18-19s,D,0.0,125.0,126,133,1.0,False,424,24696,0.0172,588,3,15000,0,64,1
COIN__nDbyQ5LfrHE.mp4,COIN__nDbyQ5LfrHE.mp4#q2,Procedure Recall,Did the person follow the correct procedure to achieve the 'replace memory chip'?,"['Yes', 'No']",No,B,B) No,B,100.0,132.0,133,133,1.0,False,437,26068,0.0168,784,4,15000,0,64,1
COIN__jAu22VNeBAY.mp4,COIN__jAu22VNeBAY.mp4#q0,Step Localization,How long has the person in the scene been performing the 'fold or bent the paper'?,"['19-20s', '67-68s', '24-25s', '8-9s']",67-68s,B,D) 8-9s,D,0.0,69.0,70,121,1.0,False,651,13720,0.0474,784,4,15000,0,64,1
COIN__jAu22VNeBAY.mp4,COIN__jAu22VNeBAY.mp4#q1,Step Verification,Is the person in the current frame still performing the 'fold or bent the paper'?,"['Yes', 'No']",No,B,B) No,B,100.0,82.0,83,121,1.0,False,773,16268,0.0475,980,5,15000,0,64,1
COIN__jAu22VNeBAY.mp4,COIN__jAu22VNeBAY.mp4#q2,Procedure Recall,Did the person follow the correct procedure to achieve the 'make paper wind mill'?,"['Yes', 'No']",No,B,A) Yes,A,0.0,120.0,121,121,1.0,False,891,23716,0.0376,1176,6,15000,0,64,1
COIN__JoU_oylkYag.mp4,COIN__JoU_oylkYag.mp4#q0,Step Verification,Is the person in the current frame still performing the 'take out the laptop CD drive'?,"['Yes', 'No']",Yes,A,B) No,B,0.0,42.0,43,100,1.0,False,363,8428,0.0431,392,2,15000,0,64,1
COIN__JoU_oylkYag.mp4,COIN__JoU_oylkYag.mp4#q1,Step Localization,How long has the person in the scene been performing the 'insert the hard disk tray into the position of the CD drive'?,"['33-34s', '6-7s', '23-24s', '14-15s']",6-7s,B,B) 6-7s,B,100.0,75.0,76,100,1.0,False,475,14896,0.0319,588,3,15000,0,64,1
COIN__JoU_oylkYag.mp4,COIN__JoU_oylkYag.mp4#q2,Procedure Recall,Did the person follow the correct procedure to achieve the 'resize watch band'?,"['Yes', 'No']",No,B,B) No,B,100.0,99.0,100,100,1.0,False,492,19600,0.0251,784,4,15000,0,64,1
COIN__XgzF7lwwa0A.mp4,COIN__XgzF7lwwa0A.mp4#q0,Step Localization,How long has the person in the scene been performing the 'screw off the screws used to fix the switch'?,"['53-54s', '6-7s', '13-14s', '25-26s']",13-14s,C,B) 6-7s,B,0.0,221.0,222,441,1.0,False,709,43512,0.0163,784,4,15000,0,64,1
COIN__XgzF7lwwa0A.mp4,COIN__XgzF7lwwa0A.mp4#q1,Step Verification,Is the person in the current frame still performing the 'reset the switch and screw on the screws used to fix the switch'?,"['Yes', 'No']",No,B,B) No,B,100.0,379.0,380,441,1.0,False,1050,74480,0.0141,1176,6,15000,0,64,1
COIN__XgzF7lwwa0A.mp4,COIN__XgzF7lwwa0A.mp4#q2,Procedure Recall,How long has the person been performing the 'reset the switch and screw on the screws used to fix the switch' in the last 180 seconds?,"['42-43s', '36-37s', '21-22s', '27-28s']",27-28s,D,D) 27-28s,D,100.0,433.0,434,441,1.0,False,1146,85064,0.0135,1372,7,15000,0,64,1
COIN__XgzF7lwwa0A.mp4,COIN__XgzF7lwwa0A.mp4#q3,Goal/Step Prediction,My goal is 'replace electrical outlet'. What are the next steps I should take?,"['reset the switch and screw on the screws used to fix the switch', 'install the sofa back', 'use screwdriver or electirc screwdriver to screw the wire in the wall into the screw of the new switch', 'install the new door knob']",reset the switch and screw on the screws used to fix the switch,A,C) use screwdriver or electirc screwdriver to screw the wire in the,C,0.0,440.0,441,441,1.0,False,1153,86436,0.0133,1568,8,15000,0,64,1
COIN__Nt7orl1bwK8.mp4,COIN__Nt7orl1bwK8.mp4#q0,Step Verification,Is the person in the current frame still performing the 'mix raw materials'?,"['Yes', 'No']",No,B,A) Yes,A,0.0,23.0,24,176,1.0,False,347,4704,0.0738,392,2,15000,0,64,1
COIN__Nt7orl1bwK8.mp4,COIN__Nt7orl1bwK8.mp4#q1,Procedure Recall,What actions did the person perform in sequence in the last 90 seconds?,"['shape cookie -> bake cookies -> pour raw materials -> mix raw materials -> pour raw materials', 'pour raw materials -> mix raw materials -> shape cookie -> pour raw materials', 'mix raw materials -> pour raw materials -> bake cookies -> mix raw materials -> shape cookie', 'pour raw materials -> mix raw materials -> pour raw materials -> mix raw materials -> shape cookie']",pour raw materials -> mix raw materials -> pour raw materials -> mix raw materials -> shape cookie,D,D) pour raw materials -> mix raw materials -> pour raw materials -> mix raw,D,100.0,113.0,114,176,1.0,False,986,22344,0.0441,1176,6,15000,0,64,1
COIN__Nt7orl1bwK8.mp4,COIN__Nt7orl1bwK8.mp4#q2,Goal/Step Prediction,My goal is 'make cookie'. What are the next steps I should take?,"['polish with polisher', 'set up the brackets', 'mix raw materials', 'take out chocolate']",mix raw materials,C,C) mix raw materials,C,100.0,149.0,150,176,1.0,False,1233,29400,0.0419,1568,8,15000,0,64,1
COIN__Nt7orl1bwK8.mp4,COIN__Nt7orl1bwK8.mp4#q3,Step Localization,How long has the person in the scene been performing the 'shape cookie'?,"['11-12s', '9-10s', '16-17s', '20-21s']",16-17s,C,B) 9-10s,B,0.0,175.0,176,176,1.0,False,1395,34496,0.0404,1764,9,15000,0,64,1
hirest__-2emCno7Ri4.mp4.mp4,hirest__-2emCno7Ri4.mp4.mp4#q0,Step Localization,How long has the person in the scene been performing the 'Connect the letter in rows'?,"['15-16s', '7-8s', '13-14s', '10-11s']",7-8s,B,C) 13-14s,C,0.0,180.0,181,194,1.0,False,422,35476,0.0119,588,3,15000,0,64,1
hirest__-2emCno7Ri4.mp4.mp4,hirest__-2emCno7Ri4.mp4.mp4#q1,Procedure Recall,Which action did the person perform for the longest duration in the last 120 seconds?,"['Rinse fruits with warm water', 'Stir the glitters', 'Connect the letter in rows', 'Follow the letters']",Follow the letters,D,C) Connect the letter in rows,C,0.0,187.0,188,194,1.0,False,428,36848,0.0116,784,4,15000,0,64,1
hirest__-2emCno7Ri4.mp4.mp4,hirest__-2emCno7Ri4.mp4.mp4#q2,Goal/Step Prediction,My goal is 'Make a Sonobe Unit'. What are the next steps I should take?,"['add toppings and freeze it', 'Connect all rows', 'insert new air filter', 'Flip each row']",Connect all rows,B,B) Connect all rows,B,100.0,193.0,194,194,1.0,False,435,38024,0.0114,980,5,15000,0,64,1
hirest__-2emCno7Ri4.mp4.mp4,hirest__-2emCno7Ri4.mp4.mp4#q3,Step Verification,Is the person in the current frame still performing the 'Flip each row'?,"['Yes', 'No']",Yes,A,A) Yes,A,100.0,193.0,194,194,1.0,False,435,38024,0.0114,980,5,15000,0,64,1
hirest__-r-L7x5fe3M.mp4.mp4,hirest__-r-L7x5fe3M.mp4.mp4#q0,Step Localization,"How long has the person in the scene been performing the 'add olives, capers,anchovic and garlic'?","['7-8s', '84-85s', '11-12s', '17-18s']",17-18s,D,A) 7-8s,A,0.0,49.0,50,160,1.0,False,300,9800,0.0306,392,2,15000,0,64,1
hirest__-r-L7x5fe3M.mp4.mp4,hirest__-r-L7x5fe3M.mp4.mp4#q1,Goal/Step Prediction,My goal is 'Make Olive and Caper Bars'. What are the next steps I should take?,"['cook burger until desired doneness', 'take cramp shark ', 'chop all the ingredients ', 'Find left joystick']",cook burger until desired doneness,A,A) cook burger until desired doneness,A,100.0,116.0,117,160,1.0,False,437,22932,0.0191,588,3,15000,0,64,1
hirest__-r-L7x5fe3M.mp4.mp4,hirest__-r-L7x5fe3M.mp4.mp4#q2,Procedure Recall,What goal was achieved in this video?,"['Make Aloo Palak', 'Pickle Rhubarb', 'Make Olive and Caper Bars', 'Make Pineapple Fritters']",Make Olive and Caper Bars,C,C) Make Olive and Caper Bars,C,100.0,154.0,155,160,1.0,False,505,30380,0.0166,784,4,15000,0,64,1
hirest__-r-L7x5fe3M.mp4.mp4,hirest__-r-L7x5fe3M.mp4.mp4#q3,Step Verification,Is the person in the current frame still performing the 'put pallor mixer on it'?,"['Yes', 'No']",No,B,B) No,B,100.0,159.0,160,160,1.0,False,506,31360,0.0161,980,5,15000,0,64,1
hirest__092FSwoJ8JM.mp4.mp4,hirest__092FSwoJ8JM.mp4.mp4#q0,Step Localization,How long has the person in the scene been performing the 'remove screw on box'?,"['13-14s', '15-16s', '56-57s', '6-7s']",13-14s,A,A) 13-14s,A,100.0,25.0,26,69,1.0,False,295,5096,0.0579,392,2,15000,0,64,1
hirest__092FSwoJ8JM.mp4.mp4,hirest__092FSwoJ8JM.mp4.mp4#q1,Goal/Step Prediction,My goal is 'Change Your Air Filter'. What are the next steps I should take?,"['lock out bottom correctly', 'Spray oil in pan', 'apply this pack on face', 'put filter on correct p[position ']",lock out bottom correctly,A,D) put filter on correct p[position,D,0.0,63.0,64,69,1.0,False,386,12544,0.0308,588,3,15000,0,64,1
hirest__092FSwoJ8JM.mp4.mp4,hirest__092FSwoJ8JM.mp4.mp4#q2,Step Verification,Is the person in the current frame still performing the 'put filter on correct place'?,"['Yes', 'No']",No,B,A) Yes,A,0.0,68.0,69,69,1.0,False,386,13524,0.0285,588,3,15000,0,64,1
hirest__092FSwoJ8JM.mp4.mp4,hirest__092FSwoJ8JM.mp4.mp4#q3,Procedure Recall,How long has the person been performing the 'put filter on correct place' in the last 15 seconds?,"['18-19s', '3-4s', '11-12s', '115-116s']",3-4s,B,B) 3-4s,B,100.0,68.0,69,69,1.0,False,386,13524,0.0285,588,3,15000,0,64,1
hirest__0BILDrVV5mQ.mp4.mp4,hirest__0BILDrVV5mQ.mp4.mp4#q0,Procedure Recall,What actions did the person perform in sequence in the last 15 seconds?,"['Repeat the step on opposite side -> Glue google eyes -> Cut small circle on felt -> Glue eye on cord -> Cut small circle around', 'Take you wax -> Glue it on jar -> Cut small circle on felt -> Cut small circle around -> Glue eye on cord', 'Glue google eyes -> Cut small circle around -> Glue eye on cord -> Cut small circle on felt -> Glue it on jar', 'Cut small circle around -> Glue eye on cord -> Glue google eyes -> Glue google eyes -> Glue it on jar']",Glue google eyes -> Cut small circle around -> Glue eye on cord -> Cut small circle on felt -> Glue it on jar,C,C) Glue google eyes -> Cut small circle around -> Glue eye on,C,100.0,47.0,48,60,1.0,False,320,9408,0.034,392,2,15000,0,64,1
hirest__0BILDrVV5mQ.mp4.mp4,hirest__0BILDrVV5mQ.mp4.mp4#q1,Step Verification,Is the person in the current frame still performing the 'Take you wax'?,"['Yes', 'No']",No,B,B) No,B,100.0,53.0,54,60,1.0,False,350,10584,0.0331,588,3,15000,0,64,1
hirest__0BILDrVV5mQ.mp4.mp4,hirest__0BILDrVV5mQ.mp4.mp4#q2,Goal/Step Prediction,My goal is 'Make a Despicable Me Minion from a Cardboard Roll'. What are the next steps I should take?,"['Cut the wax', 'Add fragrance', 'Make flat bootom', 'Cut it']",Add fragrance,B,D) Cut it,D,0.0,59.0,60,60,1.0,False,377,11760,0.0321,784,4,15000,0,64,1
hirest__0DUa5O58Z1E.mp4.mp4,hirest__0DUa5O58Z1E.mp4.mp4#q0,Goal/Step Prediction,"Based on the series of actions performed by the person in the video, what is the ultimate goal?","['Make Rag Dolls', 'Shrink Clothes', 'Easily Tie the Windsor Knot', 'Make a Josephine Picot in Tatting']",Easily Tie the Windsor Knot,C,C) Easily Tie the Windsor Knot,C,100.0,128.0,129,258,1.0,False,652,25284,0.0258,784,4,15000,0,64,1
hirest__0DUa5O58Z1E.mp4.mp4,hirest__0DUa5O58Z1E.mp4.mp4#q1,Step Verification,Is the person in the current frame still performing the 'put the small edge into folded'?,"['Yes', 'No']",Yes,A,B) No,B,0.0,156.0,157,258,1.0,False,673,30772,0.0219,980,5,15000,0,64,1
hirest__0DUa5O58Z1E.mp4.mp4,hirest__0DUa5O58Z1E.mp4.mp4#q2,Step Localization,How long has the person in the scene been performing the 'use two finger to pull it'?,"['13-14s', '9-10s', '7-8s', '11-12s']",7-8s,C,D) 11-12s,D,0.0,163.0,164,258,1.0,False,684,32144,0.0213,1176,6,15000,0,64,1
hirest__0DUa5O58Z1E.mp4.mp4,hirest__0DUa5O58Z1E.mp4.mp4#q3,Procedure Recall,Did the person follow the correct procedure to achieve the 'Easily Tie the Windsor Knot'?,"['Yes', 'No']",Yes,A,A) Yes,A,100.0,257.0,258,258,1.0,False,836,50568,0.0165,1372,7,15000,0,64,1
hirest__0UJMIJ8BJJA.mp4.mp4,hirest__0UJMIJ8BJJA.mp4.mp4#q0,Procedure Recall,Did the person follow the correct procedure to achieve the 'Make Self Rising Flour'?,"['Yes', 'No']",Yes,A,B) No,B,0.0,29.0,30,35,1.0,False,323,5880,0.0549,392,2,15000,0,64,1
hirest__0UJMIJ8BJJA.mp4.mp4,hirest__0UJMIJ8BJJA.mp4.mp4#q1,Step Verification,Is the person in the current frame still performing the 'add flour and baking soda'?,"['Yes', 'No']",No,B,A) Yes,A,0.0,34.0,35,35,1.0,False,326,6860,0.0475,588,3,15000,0,64,1
hirest__0c27o3CSQXU.mp4.mp4,hirest__0c27o3CSQXU.mp4.mp4#q0,Step Localization,How long has the person in the scene been performing the 'cut beetroot spinach with root'?,"['8-9s', '11-12s', '21-22s', '49-50s']",49-50s,D,A) 8-9s,A,0.0,101.0,102,163,1.0,False,383,19992,0.0192,392,2,15000,0,64,1
hirest__0c27o3CSQXU.mp4.mp4,hirest__0c27o3CSQXU.mp4.mp4#q1,Step Verification,Is the person in the current frame still performing the 'peel the skin of beetroot'?,"['Yes', 'No']",Yes,A,A) Yes,A,100.0,122.0,123,163,1.0,False,423,24108,0.0175,588,3,15000,0,64,1
hirest__0c27o3CSQXU.mp4.mp4,hirest__0c27o3CSQXU.mp4.mp4#q2,Goal/Step Prediction,My goal is 'Peel and Cook Beets'. What are the next steps I should take?,"['know click meters and another', 'use other method of remove skin', 'cook the beetroot with skin', 'cut beetroot spinach with root']",cook the beetroot with skin,C,B) use other method of remove skin,B,0.0,143.0,144,163,1.0,False,455,28224,0.0161,784,4,15000,0,64,1
hirest__0c27o3CSQXU.mp4.mp4,hirest__0c27o3CSQXU.mp4.mp4#q3,Procedure Recall,Which action did the person perform for the longest duration in the last 60 seconds?,"['cook the beetroot with skin', 'peel the skin of beetroot', 'go round the other side', 'rub the beetroot to remove skin']",peel the skin of beetroot,B,B) peel the skin of beetroot,B,100.0,162.0,163,163,1.0,False,538,31948,0.0168,980,5,15000,0,64,1
hirest__0txy2wuXnCk.mp4.mp4,hirest__0txy2wuXnCk.mp4.mp4#q0,Step Localization,How long has the person in the scene been performing the 'slice the beetroot'?,"['17-18s', '23-24s', '29-30s', '19-20s']",23-24s,B,D) 19-20s,D,0.0,97.0,98,183,1.0,False,415,19208,0.0216,588,3,15000,0,64,1
hirest__0txy2wuXnCk.mp4.mp4,hirest__0txy2wuXnCk.mp4.mp4#q1,Step Verification,Is the person in the current frame still performing the 'stir ginger into the beetroot'?,"['Yes', 'No']",Yes,A,A) Yes,A,100.0,159.0,160,183,1.0,False,488,31360,0.0156,784,4,15000,0,64,1
hirest__0txy2wuXnCk.mp4.mp4,hirest__0txy2wuXnCk.mp4.mp4#q2,Goal/Step Prediction,My goal is 'Roast Beets'. What are the next steps I should take?,"['use cloth to rub it ', 'Lemon brownie bars ready', 'transfer into baking pan', 'bake it in oven']",transfer into baking pan,C,C) transfer into baking pan,C,100.0,180.0,181,183,1.0,False,512,35476,0.0144,980,5,15000,0,64,1
hirest__0txy2wuXnCk.mp4.mp4,hirest__0txy2wuXnCk.mp4.mp4#q3,Procedure Recall,Which action did the person perform for the longest duration in the last 120 seconds?,"['add brown sugar into that', 'stir ginger into the beetroot', 'place it microwave to set the dye', 'bake it in oven']",stir ginger into the beetroot,B,B) stir ginger into the beetroot,B,100.0,182.0,183,183,1.0,False,514,35868,0.0143,1176,6,15000,0,64,1
hirest__1DRSdP1MoZ8.mp4.mp4,hirest__1DRSdP1MoZ8.mp4.mp4#q0,Step Localization,How long has the person in the scene been performing the 'use dough as round shape'?,"['62-63s', '9-10s', '12-13s', '37-38s']",37-38s,D,D) 37-38s,D,100.0,199.0,200,348,1.0,False,949,39200,0.0242,980,5,15000,0,64,1
hirest__1DRSdP1MoZ8.mp4.mp4,hirest__1DRSdP1MoZ8.mp4.mp4#q1,Step Verification,Is the person in the current frame still performing the 'use dough as round shape'?,"['Yes', 'No']",No,B,A) Yes,A,0.0,204.0,205,348,1.0,False,962,40180,0.0239,1176,6,15000,0,64,1
hirest__1DRSdP1MoZ8.mp4.mp4,hirest__1DRSdP1MoZ8.mp4.mp4#q2,Procedure Recall,How long has the person been performing the 'repeat process until get biscuits ' in the last 120 seconds?,"['37-38s', '76-77s', '39-40s', '14-15s']",37-38s,A,A) 37-38s,A,100.0,346.0,347,348,1.0,False,1295,68012,0.019,1568,8,15000,0,64,1
hirest__1DRSdP1MoZ8.mp4.mp4,hirest__1DRSdP1MoZ8.mp4.mp4#q3,Goal/Step Prediction,My goal is 'Make Butter Biscuits'. What are the next steps I should take?,"['get review from others', ""don't spread dough very thin"", 'Tap dime with finger until disappeared', 'put all biscuit as box']",put all biscuit as box,D,B) don't spread dough very thin,B,0.0,347.0,348,348,1.0,False,1297,68208,0.019,1764,9,15000,0,64,1
hirest__1JI2NWw1yxo.mp4.mp4,hirest__1JI2NWw1yxo.mp4.mp4#q0,Step Localization,How long has the person in the scene been performing the 'put stick on lemon'?,"['8-9s', '24-25s', '11-12s', '14-15s']",11-12s,C,A) 8-9s,A,0.0,60.0,61,250,1.0,False,495,11956,0.0414,588,3,15000,0,64,1
hirest__1JI2NWw1yxo.mp4.mp4,hirest__1JI2NWw1yxo.mp4.mp4#q1,Step Verification,Is the person in the current frame still performing the 'put stick on lemon'?,"['Yes', 'No']",No,B,B) No,B,100.0,65.0,66,250,1.0,False,511,12936,0.0395,784,4,15000,0,64,1
hirest__1JI2NWw1yxo.mp4.mp4,hirest__1JI2NWw1yxo.mp4.mp4#q2,Goal/Step Prediction,My goal is 'Create a Battery from a Lemon'. What are the next steps I should take?,"['shake out well ', 'copper spread negative energy', 'add multi lemon and repeat process', 'take voltage and current on board']",take voltage and current on board,D,D) take voltage and current on board,D,100.0,192.0,193,250,1.0,False,894,37828,0.0236,1176,6,15000,0,64,1
hirest__1JI2NWw1yxo.mp4.mp4,hirest__1JI2NWw1yxo.mp4.mp4#q3,Procedure Recall,What goal was achieved in this video?,"['String a Crystal Bead Necklace', 'Create a Battery from a Lemon', 'Get Your Science Fair Tri Fold Noticed', 'Mount a Projector']",Create a Battery from a Lemon,B,B) Create a Battery from a Lemon,B,100.0,249.0,250,250,1.0,False,1125,49000,0.023,1568,8,15000,0,64,1
hirest__1OVyN7SnvfI.mp4.mp4,hirest__1OVyN7SnvfI.mp4.mp4#q0,Step Verification,Is the person in the current frame still performing the 'take cotton thread put stench on '?,"['Yes', 'No']",No,B,B) No,B,100.0,60.0,61,98,1.0,False,415,11956,0.0347,588,3,15000,0,64,1
hirest__1OVyN7SnvfI.mp4.mp4,hirest__1OVyN7SnvfI.mp4.mp4#q1,Step Localization,How long has the person in the scene been performing the 'use corner to stick the cloth'?,"['44-45s', '117-118s', '5-6s', '15-16s']",15-16s,D,C) 5-6s,C,0.0,71.0,72,98,1.0,False,442,14112,0.0313,784,4,15000,0,64,1
hirest__1OVyN7SnvfI.mp4.mp4,hirest__1OVyN7SnvfI.mp4.mp4#q2,Procedure Recall,What actions did the person perform in sequence in the last 30 seconds?,"['use corner to stick the cloth -> stick clearly on cloth -> take cotton thread put stench on ', 'take cotton thread put stench on  -> take cotton thread put stench on  -> use corner to stick the cloth', 'use corner to stick the cloth -> take cotton thread put stench on  -> take cotton thread put stench on ', 'take cotton thread put stench on  -> use corner to stick the cloth -> stick clearly on cloth']",take cotton thread put stench on  -> use corner to stick the cloth -> stick clearly on cloth,D,C) use corner to stick the cloth -> take cotton thread put stench on,C,0.0,84.0,85,98,1.0,False,493,16660,0.0296,980,5,15000,0,64,1
hirest__1OVyN7SnvfI.mp4.mp4,hirest__1OVyN7SnvfI.mp4.mp4#q3,Goal/Step Prediction,My goal is 'Sew a Gingham Dress'. What are the next steps I should take?,"['stick clearly on cloth', 'add top on arrange', 'take black color as desigh', 'make wig']",add top on arrange,B,B) add top on arrange,B,100.0,97.0,98,98,1.0,False,535,19208,0.0279,1176,6,15000,0,64,1
hirest__1Sq_hpWzDTg.mp4.mp4,hirest__1Sq_hpWzDTg.mp4.mp4#q0,Step Verification,Is the person in the current frame still performing the 'rub hairbrushes with toothbrush'?,"['Yes', 'No']",Yes,A,B) No,B,0.0,127.0,128,151,1.0,False,578,25088,0.023,588,3,15000,0,64,1
hirest__1Sq_hpWzDTg.mp4.mp4,hirest__1Sq_hpWzDTg.mp4.mp4#q1,Goal/Step Prediction,My goal is 'Clean Hairbrushes and Combs'. What are the next steps I should take?,"['Wrap the threads', 'remove hairs from hairbrush', 'wash the hairbrushes with water', 'take basil inside paper towels']",wash the hairbrushes with water,C,C) wash the hairbrushes with water,C,100.0,138.0,139,151,1.0,False,623,27244,0.0229,784,4,15000,0,64,1
hirest__1Sq_hpWzDTg.mp4.mp4,hirest__1Sq_hpWzDTg.mp4.mp4#q2,Step Localization,How long has the person in the scene been performing the 'wash the hairbrushes with water'?,"['9-10s', '11-12s', '5-6s', '13-14s']",11-12s,B,A) 9-10s,A,0.0,148.0,149,151,1.0,False,670,29204,0.0229,980,5,15000,0,64,1
hirest__1Sq_hpWzDTg.mp4.mp4,hirest__1Sq_hpWzDTg.mp4.mp4#q3,Procedure Recall,What goal was achieved in this video?,"['Straighten Wavy Hair', 'Remove Sideburns (For Girls)', 'Remove Hair Naturally', 'Clean Hairbrushes and Combs']",Clean Hairbrushes and Combs,D,D) Clean Hairbrushes and Combs,D,100.0,150.0,151,151,1.0,False,675,29596,0.0228,1176,6,15000,0,64,1
hirest__1TWrB1IvanM.mp4.mp4,hirest__1TWrB1IvanM.mp4.mp4#q0,Step Localization,How long has the person in the scene been performing the 'gather the ingredients'?,"['41-42s', '15-16s', '9-10s', '17-18s']",17-18s,D,C) 9-10s,C,0.0,332.0,333,428,1.0,False,576,65268,0.0088,588,3,15000,0,64,1
hirest__1TWrB1IvanM.mp4.mp4,hirest__1TWrB1IvanM.mp4.mp4#q1,Goal/Step Prediction,My goal is 'Make Honey Mustard'. What are the next steps I should take?,"['take honey in bowl', 'add mayonnaise with lemon water', 'turn out knot ', 'put mixer on pineapple piece ']",add mayonnaise with lemon water,B,B) add mayonnaise with lemon water,B,100.0,367.0,368,428,1.0,False,606,72128,0.0084,784,4,15000,0,64,1
hirest__1TWrB1IvanM.mp4.mp4,hirest__1TWrB1IvanM.mp4.mp4#q2,Step Verification,Is the person in the current frame still performing the 'add mayonnaise with lemon water'?,"['Yes', 'No']",Yes,A,B) No,B,0.0,378.0,379,428,1.0,False,621,74284,0.0084,980,5,15000,0,64,1
hirest__1TWrB1IvanM.mp4.mp4,hirest__1TWrB1IvanM.mp4.mp4#q3,Procedure Recall,Did the person follow the correct procedure to achieve the 'Make Vegetable Broth'?,"['Yes', 'No']",No,B,A) Yes,A,0.0,427.0,428,428,1.0,False,677,83888,0.0081,1176,6,15000,0,64,1
hirest__1XXQu7sF3Ow.mp4.mp4,hirest__1XXQu7sF3Ow.mp4.mp4#q0,Step Verification,Is the person in the current frame still performing the 'Take off the outer layer'?,"['Yes', 'No']",Yes,A,B) No,B,0.0,88.0,89,222,1.0,False,260,17444,0.0149,392,2,15000,0,64,1
hirest__1XXQu7sF3Ow.mp4.mp4,hirest__1XXQu7sF3Ow.mp4.mp4#q1,Step Localization,How long has the person in the scene been performing the 'Cut the blue cable'?,"['12-13s', '5-6s', '19-20s', '7-8s']",7-8s,D,D) 7-8s,D,100.0,94.0,95,222,1.0,False,262,18620,0.0141,588,3,15000,0,64,1
hirest__1XXQu7sF3Ow.mp4.mp4,hirest__1XXQu7sF3Ow.mp4.mp4#q2,Procedure Recall,What actions did the person not perform in the last 120 seconds?,"['Cut red cable with cable cutter', 'Cut the blue cable', 'Cut the black cable more', 'Take off the outer layer']",Cut the black cable more,C,B) Cut the blue cable,B,0.0,193.0,194,222,1.0,False,358,38024,0.0094,784,4,15000,0,64,1
hirest__1XXQu7sF3Ow.mp4.mp4,hirest__1XXQu7sF3Ow.mp4.mp4#q3,Goal/Step Prediction,My goal is 'Clean Copper Wire'. What are the next steps I should take?,"['Cut the black cable more', 'dry the sponge', 'Cut the black cable', 'Cut the red cable more']",Cut the black cable more,A,D) Cut the red cable more,D,0.0,221.0,222,222,1.0,False,383,43512,0.0088,980,5,15000,0,64,1
hirest__1ZTI8Rd4Aus.mp4.mp4,hirest__1ZTI8Rd4Aus.mp4.mp4#q0,Step Verification,Is the person in the current frame still performing the 'check the drawer is fit to shelve'?,"['Yes', 'No']",Yes,A,A) Yes,A,100.0,131.0,132,223,1.0,False,471,25872,0.0182,588,3,15000,0,64,1
hirest__1ZTI8Rd4Aus.mp4.mp4,hirest__1ZTI8Rd4Aus.mp4.mp4#q1,Step Localization,How long has the person in the scene been performing the 'roll the drawer into outside'?,"['20-21s', '11-12s', '7-8s', '18-19s']",7-8s,C,D) 18-19s,D,0.0,197.0,198,223,1.0,False,572,38808,0.0147,784,4,15000,0,64,1
hirest__1ZTI8Rd4Aus.mp4.mp4,hirest__1ZTI8Rd4Aus.mp4.mp4#q2,Goal/Step Prediction,My goal is 'Install Sliding Shelves in Kitchen Cabinets'. What are the next steps I should take?,"['Adjust the door front closure', 'roll the drawer into outside', 'apply nail polish remover to remove ', 'fix the screw in the roller']",fix the screw in the roller,D,D) fix the screw in the roller,D,100.0,213.0,214,223,1.0,False,652,41944,0.0155,980,5,15000,0,64,1
hirest__1ZTI8Rd4Aus.mp4.mp4,hirest__1ZTI8Rd4Aus.mp4.mp4#q3,Procedure Recall,Did the person follow the correct procedure to achieve the 'Germinate and Care for Basil Seedlings'?,"['Yes', 'No']",No,B,B) No,B,100.0,222.0,223,223,1.0,False,682,43708,0.0156,1176,6,15000,0,64,1
hirest__1vEQhVvuRp4.mp4.mp4,hirest__1vEQhVvuRp4.mp4.mp4#q0,Step Localization,How long has the person in the scene been performing the 'Remove fabric softener storage'?,"['13-14s', '42-43s', '5-6s', '9-10s']",5-6s,C,D) 9-10s,D,0.0,32.0,33,93,1.0,False,400,6468,0.0618,588,3,15000,0,64,1
hirest__1vEQhVvuRp4.mp4.mp4,hirest__1vEQhVvuRp4.mp4.mp4#q1,Goal/Step Prediction,My goal is 'Clean a Fabric Softener Dispenser'. What are the next steps I should take?,"['Tie it on another holder', 'Place it back', 'Fold the edge', 'Clean soap powder']",Place it back,B,B) Place it back,B,100.0,71.0,72,93,1.0,False,537,14112,0.0381,784,4,15000,0,64,1
hirest__1vEQhVvuRp4.mp4.mp4,hirest__1vEQhVvuRp4.mp4.mp4#q2,Step Verification,Is the person in the current frame still performing the 'Place it back'?,"['Yes', 'No']",Yes,A,A) Yes,A,100.0,90.0,91,93,1.0,False,614,17836,0.0344,980,5,15000,0,64,1
hirest__1vEQhVvuRp4.mp4.mp4,hirest__1vEQhVvuRp4.mp4.mp4#q3,Procedure Recall,Did the person follow the correct procedure to achieve the 'Disconnect a Washing Machine'?,"['Yes', 'No']",No,B,A) Yes,A,0.0,92.0,93,93,1.0,False,624,18228,0.0342,1176,6,15000,0,64,1
hirest__22mWTL_nID4.mp4.mp4,hirest__22mWTL_nID4.mp4.mp4#q0,Step Localization,How long has the person in the scene been performing the 'stir it to creamy texture'?,"['8-9s', '34-35s', '24-25s', '14-15s']",14-15s,D,D) 14-15s,D,100.0,59.0,60,126,1.0,False,311,11760,0.0264,392,2,15000,0,64,1
hirest__22mWTL_nID4.mp4.mp4,hirest__22mWTL_nID4.mp4.mp4#q1,Step Verification,Is the person in the current frame still performing the 'cook pancakes one byone in a pan'?,"['Yes', 'No']",Yes,A,A) Yes,A,100.0,107.0,108,126,1.0,False,418,21168,0.0197,588,3,15000,0,64,1
hirest__22mWTL_nID4.mp4.mp4,hirest__22mWTL_nID4.mp4.mp4#q2,Procedure Recall,Did the person follow the correct procedure to achieve the 'Make Scotch Pancakes'?,"['Yes', 'No']",Yes,A,A) Yes,A,100.0,125.0,126,126,1.0,False,463,24696,0.0187,784,4,15000,0,64,1
hirest__2NUr6y3R7Mg.mp4.mp4,hirest__2NUr6y3R7Mg.mp4.mp4#q0,Step Verification,Is the person in the current frame still performing the 'add lemon juice on water '?,"['Yes', 'No']",No,B,B) No,B,100.0,106.0,107,164,1.0,False,349,20972,0.0166,392,2,15000,0,64,1
hirest__2NUr6y3R7Mg.mp4.mp4,hirest__2NUr6y3R7Mg.mp4.mp4#q1,Step Localization,How long has the person in the scene been performing the 'using mixer to clean leather'?,"['24-25s', '11-12s', '16-17s', '18-19s']",18-19s,D,D) 18-19s,D,100.0,121.0,122,164,1.0,False,364,23912,0.0152,588,3,15000,0,64,1
hirest__2NUr6y3R7Mg.mp4.mp4,hirest__2NUr6y3R7Mg.mp4.mp4#q2,Goal/Step Prediction,My goal is 'Clean Mold from Leather'. What are the next steps I should take?,"['paste the tape two sides in TShirt', 'using cloth to clean out ', 'take leather to rub it ', 'take box on out']",using cloth to clean out ,B,B) using cloth to clean out,B,100.0,132.0,133,164,1.0,False,382,26068,0.0147,784,4,15000,0,64,1
hirest__2NUr6y3R7Mg.mp4.mp4,hirest__2NUr6y3R7Mg.mp4.mp4#q3,Procedure Recall,What actions did the person not perform in the last 90 seconds?,"['add lemon juice on water ', 'take exon to clean leather ', 'dry out well', 'take leather to rub it ']",dry out well,C,A) add lemon juice on water,A,0.0,163.0,164,164,1.0,False,423,32144,0.0132,980,5,15000,0,64,1
hirest__2a9_P6LIFmY.mp4.mp4,hirest__2a9_P6LIFmY.mp4.mp4#q0,Goal/Step Prediction,"Based on the series of actions performed by the person in the video, what is the ultimate goal?","['Make a Fabric Flower Brooch from Fabric Samples', 'Make a Cupcake Stand', 'Sew a Gingham Dress', 'Make a Garland With Scrap Fabrics']",Make a Fabric Flower Brooch from Fabric Samples,A,A) Make a Fabric Flower Brooch from Fabric Samples,A,100.0,82.0,83,239,1.0,False,465,16268,0.0286,588,3,15000,0,64,1
hirest__2a9_P6LIFmY.mp4.mp4,hirest__2a9_P6LIFmY.mp4.mp4#q1,Step Localization,How long has the person in the scene been performing the 'Remove the pins'?,"['11-12s', '18-19s', '13-14s', '8-9s']",8-9s,D,A) 11-12s,A,0.0,112.0,113,239,1.0,False,504,22148,0.0228,784,4,15000,0,64,1
hirest__2a9_P6LIFmY.mp4.mp4,hirest__2a9_P6LIFmY.mp4.mp4#q2,Procedure Recall,Which action did the person perform for the longest duration in the last 60 seconds?,"['water germinating very well', 'Make sets of fabric', 'Add feathers and glue', 'Cut out the pattern']",Make sets of fabric,B,D) Cut out the pattern,D,0.0,147.0,148,239,1.0,False,526,29008,0.0181,980,5,15000,0,64,1
hirest__2a9_P6LIFmY.mp4.mp4,hirest__2a9_P6LIFmY.mp4.mp4#q3,Step Verification,Is the person in the current frame still performing the 'Repeat for other sets'?,"['Yes', 'No']",Yes,A,A) Yes,A,100.0,238.0,239,239,1.0,False,617,46844,0.0132,1176,6,15000,0,64,1
hirest__2o8Drsfpmu8.mp4.mp4,hirest__2o8Drsfpmu8.mp4.mp4#q0,Step Verification,Is the person in the current frame still performing the 'Tight the screw'?,"['Yes', 'No']",Yes,A,A) Yes,A,100.0,115.0,116,199,1.0,False,460,22736,0.0202,588,3,15000,0,64,1
hirest__2o8Drsfpmu8.mp4.mp4,hirest__2o8Drsfpmu8.mp4.mp4#q1,Step Localization,How long has the person in the scene been performing the 'Fix it with wires'?,"['7-8s', '17-18s', '12-13s', '22-23s']",17-18s,B,A) 7-8s,A,0.0,146.0,147,199,1.0,False,564,28812,0.0196,784,4,15000,0,64,1
hirest__2o8Drsfpmu8.mp4.mp4,hirest__2o8Drsfpmu8.mp4.mp4#q2,Procedure Recall,What goal was achieved in this video?,"['Make Resin Jewelry', 'Make DIY Office Weapons', 'Clean Copper Wire', 'Make a Duct Tape Top Hat']",Clean Copper Wire,C,C) Clean Copper Wire,C,100.0,198.0,199,199,1.0,False,692,39004,0.0177,980,5,15000,0,64,1
hirest__2paVAseYvA4.mp4.mp4,hirest__2paVAseYvA4.mp4.mp4#q0,Step Localization,How long has the person in the scene been performing the 'Put Orbeez in water'?,"['8-9s', '56-57s', '13-14s', '10-11s']",13-14s,C,D) 10-11s,D,0.0,51.0,52,90,1.0,False,350,10192,0.0343,392,2,15000,0,64,1
hirest__2paVAseYvA4.mp4.mp4,hirest__2paVAseYvA4.mp4.mp4#q1,Procedure Recall,What actions did the person not perform in the last 30 seconds?,"['add the shredded cheese', 'Let it grow', 'Put Orbeez in water', 'Mix it']",add the shredded cheese,A,C) Put Orbeez in water,C,0.0,81.0,82,90,1.0,False,429,16072,0.0267,588,3,15000,0,64,1
hirest__2paVAseYvA4.mp4.mp4,hirest__2paVAseYvA4.mp4.mp4#q2,Step Verification,Is the person in the current frame still performing the 'Let it grow'?,"['Yes', 'No']",No,B,B) No,B,100.0,89.0,90,90,1.0,False,444,17640,0.0252,784,4,15000,0,64,1
hirest__2pwO8k2ZRbQ.mp4.mp4,hirest__2pwO8k2ZRbQ.mp4.mp4#q0,Step Verification,Is the person in the current frame still performing the 'Connect it to key valve'?,"['Yes', 'No']",Yes,A,B) No,B,0.0,34.0,35,115,1.0,False,420,6860,0.0612,588,3,15000,0,64,1
hirest__2pwO8k2ZRbQ.mp4.mp4,hirest__2pwO8k2ZRbQ.mp4.mp4#q1,Step Localization,How long has the person in the scene been performing the 'Do ample ventilation'?,"['41-42s', '32-33s', '17-18s', '8-9s']",17-18s,C,A) 41-42s,A,0.0,101.0,102,115,1.0,False,641,19992,0.0321,980,5,15000,0,64,1
hirest__2pwO8k2ZRbQ.mp4.mp4,hirest__2pwO8k2ZRbQ.mp4.mp4#q2,Goal/Step Prediction,My goal is 'Build a Fire'. What are the next steps I should take?,"['Do ample ventilation', 'Connect it to key valve', 'Repeat on other side', 'Slowly turning the valve to position']",Slowly turning the valve to position,D,D) Slowly turning the valve to position,D,100.0,112.0,113,115,1.0,False,675,22148,0.0305,1176,6,15000,0,64,1
hirest__2pwO8k2ZRbQ.mp4.mp4,hirest__2pwO8k2ZRbQ.mp4.mp4#q3,Procedure Recall,Did the person follow the correct procedure to achieve the 'Make a Wrap Skirt to Fit Any Size'?,"['Yes', 'No']",No,B,B) No,B,100.0,114.0,115,115,1.0,False,678,22540,0.0301,1372,7,15000,0,64,1
hirest__3AyEJj78ajo.mp4.mp4,hirest__3AyEJj78ajo.mp4.mp4#q0,Step Localization,How long has the person in the scene been performing the 'dry out leaf well'?,"['11-12s', '21-22s', '37-38s', '8-9s']",21-22s,B,A) 11-12s,A,0.0,82.0,83,101,1.0,False,402,16268,0.0247,588,3,15000,0,64,1
hirest__3AyEJj78ajo.mp4.mp4,hirest__3AyEJj78ajo.mp4.mp4#q1,Step Verification,Is the person in the current frame still performing the 'dry out leaf well'?,"['Yes', 'No']",Yes,A,A) Yes,A,100.0,84.0,85,101,1.0,False,406,16660,0.0244,784,4,15000,0,64,1
hirest__3AyEJj78ajo.mp4.mp4,hirest__3AyEJj78ajo.mp4.mp4#q2,Goal/Step Prediction,My goal is 'Keep Cilantro Fresh'. What are the next steps I should take?,"['Turn down heat', 'wait for fifteen minutes', 'put leaf on open plate', 'use a leaf to cooking']",use a leaf to cooking,D,C) put leaf on open plate,C,0.0,98.0,99,101,1.0,False,407,19404,0.021,980,5,15000,0,64,1
hirest__3AyEJj78ajo.mp4.mp4,hirest__3AyEJj78ajo.mp4.mp4#q3,Procedure Recall,Which action did the person perform for the longest duration in the last 15 seconds?,"['use a leaf to cooking', 'add note title and to do ', 'take out leaf individually ', 'Bring back around']",take out leaf individually ,C,C) take out leaf individually,C,100.0,100.0,101,101,1.0,False,407,19796,0.0206,980,5,15000,0,64,1
hirest__3F55_vWMDwk.mp4.mp4,hirest__3F55_vWMDwk.mp4.mp4#q0,Step Verification,Is the person in the current frame still performing the 'take a iron rod'?,"['Yes', 'No']",No,B,B) No,B,100.0,53.0,54,178,1.0,False,264,10584,0.0249,392,2,15000,0,64,1
hirest__3F55_vWMDwk.mp4.mp4,hirest__3F55_vWMDwk.mp4.mp4#q1,Goal/Step Prediction,My goal is 'Clean Plaster Walls'. What are the next steps I should take?,"['beat it in the iron door', 'Add mixture', 'Continue the lock chain', 'wear the mask']",wear the mask,D,D) wear the mask,D,100.0,126.0,127,178,1.0,False,441,24892,0.0177,588,3,15000,0,64,1
hirest__3F55_vWMDwk.mp4.mp4,hirest__3F55_vWMDwk.mp4.mp4#q2,Step Localization,How long has the person in the scene been performing the 'wear the mask'?,"['59-60s', '23-24s', '6-7s', '52-53s']",23-24s,B,A) 59-60s,A,0.0,148.0,149,178,1.0,False,486,29204,0.0166,784,4,15000,0,64,1
hirest__3F55_vWMDwk.mp4.mp4,hirest__3F55_vWMDwk.mp4.mp4#q3,Procedure Recall,What goal was achieved in this video?,"['Clean a Clogged Drip System', 'Make a Poodle Skirt', 'Clean Plaster Walls', 'Make a DIY Galaxy Jar']",Clean Plaster Walls,C,C) Clean Plaster Walls,C,100.0,177.0,178,178,1.0,False,551,34888,0.0158,980,5,15000,0,64,1
hirest__3U2-Hr42m4U.mp4.mp4,hirest__3U2-Hr42m4U.mp4.mp4#q0,Step Localization,How long has the person in the scene been performing the 'put sheet on book'?,"['7-8s', '13-14s', '25-26s', '29-30s']",7-8s,A,A) 7-8s,A,100.0,88.0,89,301,1.0,False,408,17444,0.0234,588,3,15000,0,64,1
hirest__3U2-Hr42m4U.mp4.mp4,hirest__3U2-Hr42m4U.mp4.mp4#q1,Step Verification,Is the person in the current frame still performing the 'dry out flower using micro wave '?,"['Yes', 'No']",No,B,B) No,B,100.0,123.0,124,301,1.0,False,510,24304,0.021,784,4,15000,0,64,1
hirest__3U2-Hr42m4U.mp4.mp4,hirest__3U2-Hr42m4U.mp4.mp4#q2,Goal/Step Prediction,My goal is 'Dry Sunflowers'. What are the next steps I should take?,"['dry out flower using micro wave ', 'keep flower on bowl ', 'Add micro binder clip', 'take out flower and dry it ']",keep flower on bowl ,B,D) take out flower and dry it,D,0.0,160.0,161,301,1.0,False,617,31556,0.0196,980,5,15000,0,64,1
hirest__3U2-Hr42m4U.mp4.mp4,hirest__3U2-Hr42m4U.mp4.mp4#q3,Procedure Recall,Did the person follow the correct procedure to achieve the 'Dry Sunflowers'?,"['Yes', 'No']",Yes,A,A) Yes,A,100.0,300.0,301,301,1.0,False,1034,58996,0.0175,1568,8,15000,0,64,1
hirest__3b6gEqNwLrI.mp4.mp4,hirest__3b6gEqNwLrI.mp4.mp4#q0,Step Verification,Is the person in the current frame still performing the 'Easy wire rapping technique'?,"['Yes', 'No']",Yes,A,B) No,B,0.0,38.0,39,120,1.0,False,276,7644,0.0361,392,2,15000,0,64,1
hirest__3b6gEqNwLrI.mp4.mp4,hirest__3b6gEqNwLrI.mp4.mp4#q1,Goal/Step Prediction,My goal is 'Wire Wrap a Crystal'. What are the next steps I should take?,"['wrap the crystal using wire', 'go with the shape of crystal', 'Open it up', 'boil it well']",go with the shape of crystal,B,A) wrap the crystal using wire,A,0.0,102.0,103,120,1.0,False,367,20188,0.0182,588,3,15000,0,64,1
hirest__3b6gEqNwLrI.mp4.mp4,hirest__3b6gEqNwLrI.mp4.mp4#q2,Step Localization,How long has the person in the scene been performing the 'go with the shape of crystal'?,"['18-19s', '12-13s', '9-10s', '5-6s']",12-13s,B,A) 18-19s,A,0.0,113.0,114,120,1.0,False,379,22344,0.017,784,4,15000,0,64,1
hirest__3b6gEqNwLrI.mp4.mp4,hirest__3b6gEqNwLrI.mp4.mp4#q3,Procedure Recall,What actions did the person perform in sequence in the last 60 seconds?,"['Size of the product -> Size of the product -> go with the shape of crystal', 'Size of the product -> measure the size -> go with the shape of crystal', 'measure the size -> wire wrap crystal ready -> Size of the product', 'wire wrap crystal ready -> Size of the product -> measure the size']",Size of the product -> measure the size -> go with the shape of crystal,B,B) Size of the product -> measure the size -> go with the shape of,B,100.0,119.0,120,120,1.0,False,388,23520,0.0165,980,5,15000,0,64,1
hirest__3iI1OxZaRc8.mp4.mp4,hirest__3iI1OxZaRc8.mp4.mp4#q0,Step Localization,How long has the person in the scene been performing the 'avoid answer mails early morning/late night'?,"['10-11s', '7-8s', '16-17s', '12-13s']",12-13s,D,A) 10-11s,A,0.0,75.0,76,307,1.0,False,422,14896,0.0283,588,3,15000,0,64,1
hirest__3iI1OxZaRc8.mp4.mp4,hirest__3iI1OxZaRc8.mp4.mp4#q1,Step Verification,Is the person in the current frame still performing the 'avoid rambling/Lingering in a meeting'?,"['Yes', 'No']",Yes,A,B) No,B,0.0,156.0,157,307,1.0,False,893,30772,0.029,1176,6,15000,0,64,1
hirest__3iI1OxZaRc8.mp4.mp4,hirest__3iI1OxZaRc8.mp4.mp4#q2,Goal/Step Prediction,"Based on the series of actions performed by the person in the video, what is the ultimate goal?","['Clean Resin', 'Make Worry Beads', 'Make an Effective Task List', 'Make and Color Clay Beads']",Make an Effective Task List,C,C) Make an Effective Task List,C,100.0,239.0,240,307,1.0,False,1385,47040,0.0294,1764,9,15000,0,64,1
hirest__3iI1OxZaRc8.mp4.mp4,hirest__3iI1OxZaRc8.mp4.mp4#q3,Procedure Recall,What actions did the person not perform in the last 150 seconds?,"['avoid to say not enough time', 'avoid pleasing anyone and keep confident', 'attend a meeting with clear agenda', 'avoid chatting in mail']",attend a meeting with clear agenda,C,D) avoid chatting in mail,D,0.0,306.0,307,307,1.0,False,1586,60172,0.0264,2156,11,15000,0,64,1
hirest__3klo_VSh3QY.mp4.mp4,hirest__3klo_VSh3QY.mp4.mp4#q0,Procedure Recall,What actions was the person performing before the last 30 seconds?,"['add three spoon of cream in bowl', 'take pot and put mud ', 'spread the cream mix on bottom bagel', 'mix well with black pepper']",add three spoon of cream in bowl,A,C) spread the cream mix on bottom bagel,C,0.0,71.0,72,106,1.0,False,572,14112,0.0405,588,3,15000,0,64,1
hirest__3klo_VSh3QY.mp4.mp4,hirest__3klo_VSh3QY.mp4.mp4#q1,Step Localization,How long has the person in the scene been performing the 'add eggs in bowl with chopped onion'?,"['7-8s', '73-74s', '10-11s', '17-18s']",7-8s,A,B) 73-74s,B,0.0,95.0,96,106,1.0,False,713,18816,0.0379,784,4,15000,0,64,1
hirest__3klo_VSh3QY.mp4.mp4,hirest__3klo_VSh3QY.mp4.mp4#q2,Step Verification,Is the person in the current frame still performing the 'add eggs in bowl with chopped onion'?,"['Yes', 'No']",No,B,A) Yes,A,0.0,101.0,102,106,1.0,False,763,19992,0.0382,980,5,15000,0,64,1
hirest__3klo_VSh3QY.mp4.mp4,hirest__3klo_VSh3QY.mp4.mp4#q3,Goal/Step Prediction,My goal is 'Make a Breakfast Bagel'. What are the next steps I should take?,"['place the capsicum in heated pan', 'Assemble the cabinet', 'mix well with black pepper', 'spread the cream mix on bottom bagel']",place the capsicum in heated pan,A,D) spread the cream mix on bottom bagel,D,0.0,105.0,106,106,1.0,False,807,20776,0.0388,1176,6,15000,0,64,1
hirest__412lBGLbSg4.mp4.mp4,hirest__412lBGLbSg4.mp4.mp4#q0,Step Verification,Is the person in the current frame still performing the 'Cut avocado'?,"['Yes', 'No']",Yes,A,B) No,B,0.0,162.0,163,220,1.0,False,496,31948,0.0155,588,3,15000,0,64,1
hirest__412lBGLbSg4.mp4.mp4,hirest__412lBGLbSg4.mp4.mp4#q1,Goal/Step Prediction,My goal is 'Make a BLT Wrap'. What are the next steps I should take?,"['Put bacon on tray', 'Put mixture on tortilla', 'Mix it', 'cook burger until desired doneness']",Put mixture on tortilla,B,B) Put mixture on tortilla,B,100.0,166.0,167,220,1.0,False,499,32732,0.0152,784,4,15000,0,64,1
hirest__412lBGLbSg4.mp4.mp4,hirest__412lBGLbSg4.mp4.mp4#q2,Step Localization,How long has the person in the scene been performing the 'Put in the vegetables'?,"['5-6s', '18-19s', '11-12s', '23-24s']",11-12s,C,A) 5-6s,A,0.0,189.0,190,220,1.0,False,527,37240,0.0142,980,5,15000,0,64,1
hirest__412lBGLbSg4.mp4.mp4,hirest__412lBGLbSg4.mp4.mp4#q3,Procedure Recall,Which action did the person perform for the longest duration in the last 60 seconds?,"['Cut tomatoes', 'Put fertilizer', 'Put in the vegetables', 'Put baked bacon']",Put in the vegetables,C,A) Cut tomatoes,A,0.0,219.0,220,220,1.0,False,549,43120,0.0127,1176,6,15000,0,64,1
hirest__4Gx9W0XFAkA.mp4.mp4,hirest__4Gx9W0XFAkA.mp4.mp4#q0,Step Localization,How long has the person in the scene been performing the 'Blend it'?,"['11-12s', '25-26s', '19-20s', '6-7s']",6-7s,D,D) 6-7s,D,100.0,76.0,77,212,1.0,False,332,15092,0.022,392,2,15000,0,64,1
hirest__4Gx9W0XFAkA.mp4.mp4,hirest__4Gx9W0XFAkA.mp4.mp4#q1,Goal/Step Prediction,My goal is 'Make Butter Biscuits'. What are the next steps I should take?,"['Cut out the biscuits', 'Pat with hands', 'Put ingredients', 'Add bacon']",Pat with hands,B,C) Put ingredients,C,0.0,152.0,153,212,1.0,False,468,29988,0.0156,588,3,15000,0,64,1
hirest__4Gx9W0XFAkA.mp4.mp4,hirest__4Gx9W0XFAkA.mp4.mp4#q2,Procedure Recall,What actions did the person not perform in the last 120 seconds?,"['Make a whirl', 'Pour half and half', 'Make layers', 'Spread butter on them']",Spread butter on them,D,D) Spread butter on them,D,100.0,203.0,204,212,1.0,False,544,39984,0.0136,784,4,15000,0,64,1
hirest__4Gx9W0XFAkA.mp4.mp4,hirest__4Gx9W0XFAkA.mp4.mp4#q3,Step Verification,Is the person in the current frame still performing the 'Put them in pan'?,"['Yes', 'No']",No,B,B) No,B,100.0,211.0,212,212,1.0,False,555,41552,0.0134,980,5,15000,0,64,1
hirest__4L_CdjYJRvQ.mp4.mp4,hirest__4L_CdjYJRvQ.mp4.mp4#q0,Step Localization,How long has the person in the scene been performing the 'add garam masala chilli powder turmeric powder'?,"['19-20s', '16-17s', '6-7s', '70-71s']",16-17s,B,C) 6-7s,C,0.0,193.0,194,307,1.0,False,620,38024,0.0163,784,4,15000,0,64,1
hirest__4L_CdjYJRvQ.mp4.mp4,hirest__4L_CdjYJRvQ.mp4.mp4#q1,Goal/Step Prediction,"Based on the series of actions performed by the person in the video, what is the ultimate goal?","['Make Bottle Gourd Curry', 'Make Relish', 'Make Risotto With Peas and Parmigiano', 'Make Dairy Free Banana and Walnut Ice Cream']",Make Bottle Gourd Curry,A,A) Make Bottle Gourd Curry,A,100.0,203.0,204,307,1.0,False,628,39984,0.0157,980,5,15000,0,64,1
hirest__4L_CdjYJRvQ.mp4.mp4,hirest__4L_CdjYJRvQ.mp4.mp4#q2,Step Verification,Is the person in the current frame still performing the 'add garam masala chilli powder turmeric powder'?,"['Yes', 'No']",No,B,A) Yes,A,0.0,206.0,207,307,1.0,False,635,40572,0.0157,1176,6,15000,0,64,1
hirest__4L_CdjYJRvQ.mp4.mp4,hirest__4L_CdjYJRvQ.mp4.mp4#q3,Procedure Recall,Did the person follow the correct procedure to achieve the 'Make Bottle Gourd Curry'?,"['Yes', 'No']",Yes,A,A) Yes,A,100.0,306.0,307,307,1.0,False,828,60172,0.0138,1372,7,15000,0,64,1
hirest__4M3cKjFIcYY.mp4.mp4,hirest__4M3cKjFIcYY.mp4.mp4#q0,Step Localization,How long has the person in the scene been performing the 'Sprinkle all glitters in a cup'?,"['6-7s', '18-19s', '22-23s', '14-15s']",6-7s,A,A) 6-7s,A,100.0,73.0,74,143,1.0,False,291,14504,0.0201,392,2,15000,0,64,1
hirest__4M3cKjFIcYY.mp4.mp4,hirest__4M3cKjFIcYY.mp4.mp4#q1,Goal/Step Prediction,My goal is 'Make Fairy Dust'. What are the next steps I should take?,"['Add the sugar in the glitters', 'Stir the mixture', 'add fried vegetables cook twenty minutes', 'Add the perfume in the mixture']",Stir the mixture,B,B) Stir the mixture,B,100.0,118.0,119,143,1.0,False,412,23324,0.0177,588,3,15000,0,64,1
hirest__4M3cKjFIcYY.mp4.mp4,hirest__4M3cKjFIcYY.mp4.mp4#q2,Step Verification,Is the person in the current frame still performing the 'Add the perfume in the mixture'?,"['Yes', 'No']",No,B,A) Yes,A,0.0,141.0,142,143,1.0,False,456,27832,0.0164,784,4,15000,0,64,1
hirest__4M3cKjFIcYY.mp4.mp4,hirest__4M3cKjFIcYY.mp4.mp4#q3,Procedure Recall,What actions did the person perform in sequence in the last 60 seconds?,"['Add the sugar in the glitters -> Add the perfume in the mixture -> Add the perfume in the mixture -> Stir the mixture -> Stir the glitters', 'Put the perfumed mixture in container -> Sprinkle all glitters in a cup -> Stir the mixture -> Stir the glitters -> Add the sugar in the glitters', 'Stir the glitters -> Add the sugar in the glitters -> Stir the mixture -> Add the perfume in the mixture -> Put the perfumed mixture in container', 'Stir the mixture -> Add the sugar in the glitters -> Add the perfume in the mixture -> Stir the glitters -> Add the perfume in the mixture']",Stir the glitters -> Add the sugar in the glitters -> Stir the mixture -> Add the perfume in the mixture -> Put the perfumed mixture in container,C,C) Stir the glitters -> Add the sugar in the glitters -> Stir,C,100.0,142.0,143,143,1.0,False,457,28028,0.0163,980,5,15000,0,64,1
hirest__4T4P8tLp16I.mp4.mp4,hirest__4T4P8tLp16I.mp4.mp4#q0,Step Verification,Is the person in the current frame still performing the 'take glue and mix it'?,"['Yes', 'No']",Yes,A,B) No,B,0.0,102.0,103,227,1.0,False,479,20188,0.0237,588,3,15000,0,64,1
hirest__4T4P8tLp16I.mp4.mp4,hirest__4T4P8tLp16I.mp4.mp4#q1,Procedure Recall,How long has the person been performing the 'put mixer on stones ' in the last 60 seconds?,"['19-20s', '15-16s', '33-34s', '21-22s']",15-16s,B,C) 33-34s,C,0.0,149.0,150,227,1.0,False,651,29400,0.0221,784,4,15000,0,64,1
hirest__4T4P8tLp16I.mp4.mp4,hirest__4T4P8tLp16I.mp4.mp4#q2,Goal/Step Prediction,"Based on the series of actions performed by the person in the video, what is the ultimate goal?","[""Remove Ink from an American Girl Doll's Face"", 'Make Glitter Bangles', 'Make a Coin Vase', 'Clean a Horse']",Make Glitter Bangles,B,B) Make Glitter Bangles,B,100.0,216.0,217,227,1.0,False,809,42532,0.019,980,5,15000,0,64,1
hirest__4T4P8tLp16I.mp4.mp4,hirest__4T4P8tLp16I.mp4.mp4#q3,Step Localization,How long has the person in the scene been performing the 'put designed stones on bangle edges'?,"['6-7s', '19-20s', '37-38s', '11-12s']",11-12s,D,A) 6-7s,A,0.0,226.0,227,227,1.0,False,834,44492,0.0187,1176,6,15000,0,64,1
hirest__4U0xR0UGu_c.mp4.mp4,hirest__4U0xR0UGu_c.mp4.mp4#q0,Step Localization,How long has the person in the scene been performing the 'Let it dry'?,"['28-29s', '12-13s', '8-9s', '23-24s']",8-9s,C,D) 23-24s,D,0.0,35.0,36,46,1.0,False,437,7056,0.0619,588,3,15000,0,64,1
hirest__4U0xR0UGu_c.mp4.mp4,hirest__4U0xR0UGu_c.mp4.mp4#q1,Procedure Recall,Which action did the person perform for the longest duration in the last 15 seconds?,"['Cover with finshing swatch', 'Let it dry', 'break the wall', 'Punch holes']",Let it dry,B,B) Let it dry,B,100.0,39.0,40,46,1.0,False,453,7840,0.0578,784,4,15000,0,64,1
hirest__4U0xR0UGu_c.mp4.mp4,hirest__4U0xR0UGu_c.mp4.mp4#q2,Step Verification,Is the person in the current frame still performing the 'Let it dry'?,"['Yes', 'No']",Yes,A,A) Yes,A,100.0,45.0,46,46,1.0,False,495,9016,0.0549,980,5,15000,0,64,1
hirest__4WQRQVeMzxM.mp4.mp4,hirest__4WQRQVeMzxM.mp4.mp4#q0,Step Verification,Is the person in the current frame still performing the 'Make single crochets'?,"['Yes', 'No']",No,B,A) Yes,A,0.0,65.0,66,300,1.0,False,446,12936,0.0345,588,3,15000,0,64,1
hirest__4WQRQVeMzxM.mp4.mp4,hirest__4WQRQVeMzxM.mp4.mp4#q1,Goal/Step Prediction,"Based on the series of actions performed by the person in the video, what is the ultimate goal?","['Make Cyberlock Falls (Cyberlox)', 'Build a Model Horse Stall', 'Make a Crochet Flower Ring', 'Handweave a Scarf']",Make a Crochet Flower Ring,C,C) Make a Crochet Flower Ring,C,100.0,194.0,195,300,1.0,False,799,38220,0.0209,980,5,15000,0,64,1
hirest__4WQRQVeMzxM.mp4.mp4,hirest__4WQRQVeMzxM.mp4.mp4#q2,Step Localization,How long has the person in the scene been performing the 'Repeat it for other petals'?,"['36-37s', '53-54s', '12-13s', '5-6s']",53-54s,B,A) 36-37s,A,0.0,246.0,247,300,1.0,False,929,48412,0.0192,1176,6,15000,0,64,1
hirest__4WQRQVeMzxM.mp4.mp4,hirest__4WQRQVeMzxM.mp4.mp4#q3,Procedure Recall,What actions was the person performing before the last 120 seconds?,"['Connect it with round', 'wash the cilantro', 'Join the chain', 'Finish it with stitch']",Connect it with round,A,A) Connect it with round,A,100.0,299.0,300,300,1.0,False,1068,58800,0.0182,1372,7,15000,0,64,1
hirest__4bmioEoyIkI.mp4.mp4,hirest__4bmioEoyIkI.mp4.mp4#q0,Step Localization,How long has the person in the scene been performing the 'Break glow stick'?,"['6-7s', '59-60s', '28-29s', '19-20s']",6-7s,A,A) 6-7s,A,100.0,72.0,73,120,1.0,False,481,14308,0.0336,588,3,15000,0,64,1
hirest__4bmioEoyIkI.mp4.mp4,hirest__4bmioEoyIkI.mp4.mp4#q1,Step Verification,Is the person in the current frame still performing the 'Break glow stick'?,"['Yes', 'No']",No,B,A) Yes,A,0.0,81.0,82,120,1.0,False,569,16072,0.0354,784,4,15000,0,64,1
hirest__4bmioEoyIkI.mp4.mp4,hirest__4bmioEoyIkI.mp4.mp4#q2,Goal/Step Prediction,"Based on the series of actions performed by the person in the video, what is the ultimate goal?","['Make Glow in the Dark Slime', 'Make a Garden Gazing Ball', 'Make Homemade Shaved Ice', 'Make Glow in the Dark Halloween Decorations']",Make Glow in the Dark Slime,A,A) Make Glow in the Dark Slime,A,100.0,90.0,91,120,1.0,False,608,17836,0.0341,980,5,15000,0,64,1
hirest__4bmioEoyIkI.mp4.mp4,hirest__4bmioEoyIkI.mp4.mp4#q3,Procedure Recall,What goal was achieved in this video?,"['Make a Garden Gazing Ball', 'Make Glow in the Dark Slime', 'Make a Bomb Bag', 'Make Glow Jars']",Make Glow in the Dark Slime,B,B) Make Glow in the Dark Slime,B,100.0,119.0,120,120,1.0,False,707,23520,0.0301,1176,6,15000,0,64,1
hirest__4snbNV5tlcA.mp4.mp4,hirest__4snbNV5tlcA.mp4.mp4#q0,Step Localization,How long has the person in the scene been performing the 'cut all the images from printout'?,"['13-14s', '5-6s', '7-8s', '17-18s']",17-18s,D,A) 13-14s,A,0.0,99.0,100,285,1.0,False,558,19600,0.0285,588,3,15000,0,64,1
hirest__4snbNV5tlcA.mp4.mp4,hirest__4snbNV5tlcA.mp4.mp4#q1,Step Verification,Is the person in the current frame still performing the 'cut all the images from printout'?,"['Yes', 'No']",Yes,A,A) Yes,A,100.0,134.0,135,285,1.0,False,632,26460,0.0239,784,4,15000,0,64,1
hirest__4snbNV5tlcA.mp4.mp4,hirest__4snbNV5tlcA.mp4.mp4#q2,Procedure Recall,What actions did the person perform in sequence in the last 60 seconds?,"['make pinnacle top of the castle -> cut all the images from printout -> make pinnacle top of the castle', 'cut all the images from printout -> make pinnacle top of the castle -> cut all the images from printout', 'cut all the images from printout -> make pinnacle top of the castle -> stick the four houses', 'make pinnacle top of the castle -> cut all the images from printout -> stick the four houses']",cut all the images from printout -> make pinnacle top of the castle -> stick the four houses,C,C) cut all the images from printout -> make pinnacle top of the castle,C,100.0,190.0,191,285,1.0,False,740,37436,0.0198,980,5,15000,0,64,1
hirest__4snbNV5tlcA.mp4.mp4,hirest__4snbNV5tlcA.mp4.mp4#q3,Goal/Step Prediction,"Based on the series of actions performed by the person in the video, what is the ultimate goal?","['Tie a Tailors Knot', 'Make a Model Castle', 'Make a Garland With Scrap Fabrics', 'Add Storage Space to Your Bathroom']",Make a Model Castle,B,B) Make a Model Castle,B,100.0,284.0,285,285,1.0,False,870,55860,0.0156,1176,6,15000,0,64,1
hirest__4u9yYODbVuc.mp4.mp4,hirest__4u9yYODbVuc.mp4.mp4#q0,Goal/Step Prediction,"Based on the series of actions performed by the person in the video, what is the ultimate goal?","['Make an Effective Task List', 'Make Worry Beads', 'Make and Color Clay Beads', 'Make a Worry Doll']",Make an Effective Task List,A,C) Make and Color Clay Beads,C,0.0,26.0,27,38,1.0,False,257,5292,0.0486,392,2,15000,0,64,1
hirest__4u9yYODbVuc.mp4.mp4,hirest__4u9yYODbVuc.mp4.mp4#q1,Step Verification,Is the person in the current frame still performing the 'Type message class in first field'?,"['Yes', 'No']",No,B,B) No,B,100.0,30.0,31,38,1.0,False,266,6076,0.0438,588,3,15000,0,64,1
hirest__4u9yYODbVuc.mp4.mp4,hirest__4u9yYODbVuc.mp4.mp4#q2,Step Localization,How long has the person in the scene been performing the 'Type Task in value field'?,"['16-17s', '5-6s', '12-13s', '10-11s']",5-6s,B,A) 16-17s,A,0.0,35.0,36,38,1.0,False,267,7056,0.0378,784,4,15000,0,64,1
hirest__4u9yYODbVuc.mp4.mp4,hirest__4u9yYODbVuc.mp4.mp4#q3,Procedure Recall,Which action did the person perform for the longest duration in the last 15 seconds?,"['add raspberry liquor on ice cup', 'Select contains in condition drop-down', 'Click OK', 'Type Task in value field']",Select contains in condition drop-down,B,B) Select contains in condition drop-down,B,100.0,37.0,38,38,1.0,False,271,7448,0.0364,980,5,15000,0,64,1
hirest__52TbgACOdyU.mp4.mp4,hirest__52TbgACOdyU.mp4.mp4#q0,Goal/Step Prediction,"Based on the series of actions performed by the person in the video, what is the ultimate goal?","['Fix Doll Hair', 'Make a Moon Phases Chart', 'Build a Rock Garden with Weed Prevention', 'Make a Memory Jar']",Fix Doll Hair,A,A) Fix Doll Hair,A,100.0,112.0,113,148,1.0,False,636,22148,0.0287,784,4,15000,0,64,1
hirest__52TbgACOdyU.mp4.mp4,hirest__52TbgACOdyU.mp4.mp4#q1,Procedure Recall,Which action did the person perform for the longest duration in the last 30 seconds?,"['Boil water on stove', 'Dip in the hot water', 'Make straight cut', 'Start dipping']",Boil water on stove,A,A) Boil water on stove,A,100.0,113.0,114,148,1.0,False,637,22344,0.0285,980,5,15000,0,64,1
hirest__52TbgACOdyU.mp4.mp4,hirest__52TbgACOdyU.mp4.mp4#q2,Step Verification,Is the person in the current frame still performing the 'Slowly take it out'?,"['Yes', 'No']",No,B,B) No,B,100.0,118.0,119,148,1.0,False,642,23324,0.0275,1176,6,15000,0,64,1
hirest__52TbgACOdyU.mp4.mp4,hirest__52TbgACOdyU.mp4.mp4#q3,Step Localization,How long has the person in the scene been performing the 'Repeat the rpocess'?,"['11-12s', '15-16s', '35-36s', '6-7s']",15-16s,B,D) 6-7s,D,0.0,147.0,148,148,1.0,False,675,29008,0.0233,1372,7,15000,0,64,1
hirest__5C_aK3dIktM.mp4.mp4,hirest__5C_aK3dIktM.mp4.mp4#q0,Step Verification,Is the person in the current frame still performing the 'check the usage method of voltage meter'?,"['Yes', 'No']",No,B,B) No,B,100.0,74.0,75,96,1.0,False,414,14700,0.0282,588,3,15000,0,64,1
hirest__5C_aK3dIktM.mp4.mp4,hirest__5C_aK3dIktM.mp4.mp4#q1,Step Localization,How long has the person in the scene been performing the 'check the measurement of meter'?,"['12-13s', '8-9s', '42-43s', '5-6s']",8-9s,B,A) 12-13s,A,0.0,76.0,77,96,1.0,False,416,15092,0.0276,784,4,15000,0,64,1
hirest__5C_aK3dIktM.mp4.mp4,hirest__5C_aK3dIktM.mp4.mp4#q2,Procedure Recall,What actions was the person performing before the last 15 seconds?,"['Put burlap on', 'make battery with this materials', 'check the usage method of voltage meter', 'Spread it around']",check the usage method of voltage meter,C,B) make battery with this materials,B,0.0,83.0,84,96,1.0,False,444,16464,0.027,980,5,15000,0,64,1
hirest__5C_aK3dIktM.mp4.mp4,hirest__5C_aK3dIktM.mp4.mp4#q3,Goal/Step Prediction,"Based on the series of actions performed by the person in the video, what is the ultimate goal?","['Make a Hanging Wine Glass Rack', 'Make a Meal With Ramen Noodles', 'Make a Bunker in Preparation for a Nuclear War', 'Create a Battery from a Lemon']",Create a Battery from a Lemon,D,D) Create a Battery from a Lemon,D,100.0,95.0,96,96,1.0,False,507,18816,0.0269,1176,6,15000,0,64,1
hirest__5G65zWLm9TA.mp4.mp4,hirest__5G65zWLm9TA.mp4.mp4#q0,Step Localization,How long has the person in the scene been performing the 'take oats powder add lemon'?,"['10-11s', '12-13s', '7-8s', '33-34s']",7-8s,C,C) 7-8s,C,100.0,56.0,57,112,1.0,False,316,11172,0.0283,392,2,15000,0,64,1
hirest__5G65zWLm9TA.mp4.mp4,hirest__5G65zWLm9TA.mp4.mp4#q1,Step Verification,Is the person in the current frame still performing the 'apply this on hair place'?,"['Yes', 'No']",No,B,A) Yes,A,0.0,99.0,100,112,1.0,False,430,19600,0.0219,588,3,15000,0,64,1
hirest__5G65zWLm9TA.mp4.mp4,hirest__5G65zWLm9TA.mp4.mp4#q2,Procedure Recall,What actions did the person not perform in the last 30 seconds?,"['add one table spoon honey', 'leave it for completely dry', 'apply this on hair place', 'mix ingredients as smooth mixer']",add one table spoon honey,A,D) mix ingredients as smooth mixer,D,0.0,102.0,103,112,1.0,False,431,20188,0.0213,784,4,15000,0,64,1
hirest__5G65zWLm9TA.mp4.mp4,hirest__5G65zWLm9TA.mp4.mp4#q3,Goal/Step Prediction,My goal is 'Remove Hair Naturally'. What are the next steps I should take?,"['Repeat the process around', 'apply this on hair place', 'apply it for continuously ', 'grain the oats at powder']",apply it for continuously ,C,B) apply this on hair place,B,0.0,111.0,112,112,1.0,False,436,21952,0.0199,980,5,15000,0,64,1
hirest__5MPPLDdEoIM.mp4.mp4,hirest__5MPPLDdEoIM.mp4.mp4#q0,Step Localization,How long has the person in the scene been performing the 'put tie on shoulder'?,"['13-14s', '10-11s', '6-7s', '36-37s']",10-11s,B,A) 13-14s,A,0.0,68.0,69,152,1.0,False,306,13524,0.0226,392,2,15000,0,64,1
hirest__5MPPLDdEoIM.mp4.mp4,hirest__5MPPLDdEoIM.mp4.mp4#q1,Step Verification,Is the person in the current frame still performing the 'take out knot on tie '?,"['Yes', 'No']",Yes,A,B) No,B,0.0,104.0,105,152,1.0,False,333,20580,0.0162,588,3,15000,0,64,1
hirest__5MPPLDdEoIM.mp4.mp4,hirest__5MPPLDdEoIM.mp4.mp4#q2,Goal/Step Prediction,"Based on the series of actions performed by the person in the video, what is the ultimate goal?","['Make a Coin Disappear', 'Make a Braided Daisy Chain', 'Clean a Cast Iron Sink', 'Tie a Rose Bud Tie Knot']",Tie a Rose Bud Tie Knot,D,D) Tie a Rose Bud Tie Knot,D,100.0,124.0,125,152,1.0,False,348,24500,0.0142,784,4,15000,0,64,1
hirest__5MPPLDdEoIM.mp4.mp4,hirest__5MPPLDdEoIM.mp4.mp4#q3,Procedure Recall,What actions did the person not perform in the last 90 seconds?,"['put out high on top ', 'repeat process until it tight ', 'mix all with all purpose flour', 'turn out knot ']",mix all with all purpose flour,C,D) turn out knot,D,0.0,151.0,152,152,1.0,False,374,29792,0.0126,980,5,15000,0,64,1
hirest__5PvjvqL1KUY.mp4.mp4,hirest__5PvjvqL1KUY.mp4.mp4#q0,Goal/Step Prediction,"Based on the series of actions performed by the person in the video, what is the ultimate goal?","['Make Citrus Flan Cake', 'Make Traditional Mince Pies', 'Load and Fire a 9mm Pistol', 'Make Cajun Rice']",Make Cajun Rice,D,D) Make Cajun Rice,D,100.0,181.0,182,370,1.0,False,631,35672,0.0177,784,4,15000,0,64,1
hirest__5PvjvqL1KUY.mp4.mp4,hirest__5PvjvqL1KUY.mp4.mp4#q1,Step Localization,How long has the person in the scene been performing the 'add brinji leaf and seasoning'?,"['11-12s', '13-14s', '7-8s', '5-6s']",7-8s,C,A) 11-12s,A,0.0,286.0,287,370,1.0,False,886,56252,0.0158,1176,6,15000,0,64,1
hirest__5PvjvqL1KUY.mp4.mp4,hirest__5PvjvqL1KUY.mp4.mp4#q2,Step Verification,Is the person in the current frame still performing the 'add brinji leaf and seasoning '?,"['Yes', 'No']",No,B,A) Yes,A,0.0,307.0,308,370,1.0,False,894,60368,0.0148,1372,7,15000,0,64,1
hirest__5PvjvqL1KUY.mp4.mp4,hirest__5PvjvqL1KUY.mp4.mp4#q3,Procedure Recall,What actions did the person not perform in the last 210 seconds?,"['add oak leaf oil', 'add garlic and spring onion', 'add soups and mix well', 'add meat on bowl']",add meat on bowl,D,D) add meat on bowl,D,100.0,369.0,370,370,1.0,False,961,72520,0.0133,1568,8,15000,0,64,1
hirest__5afbghglEF4.mp4.mp4,hirest__5afbghglEF4.mp4.mp4#q0,Step Localization,How long has the person in the scene been performing the 'open footage in frame'?,"['56-57s', '8-9s', '22-23s', '6-7s']",6-7s,D,A) 56-57s,A,0.0,40.0,41,114,1.0,False,329,8036,0.0409,392,2,15000,0,64,1
hirest__5afbghglEF4.mp4.mp4,hirest__5afbghglEF4.mp4.mp4#q1,Goal/Step Prediction,My goal is 'Make a Cloak'. What are the next steps I should take?,"['Add seasoning', 'lift out the air filter', 'set the time slap on frame ', 'change the frame name']",set the time slap on frame ,C,D) change the frame name,D,0.0,69.0,70,114,1.0,False,343,13720,0.025,588,3,15000,0,64,1
hirest__5afbghglEF4.mp4.mp4,hirest__5afbghglEF4.mp4.mp4#q2,Procedure Recall,What actions was the person performing before the last 60 seconds?,"['Put it across', 'change the frame name', 'add duplicate frame in window', 'Mix it']",add duplicate frame in window,C,A) Put it across,A,0.0,109.0,110,114,1.0,False,370,21560,0.0172,784,4,15000,0,64,1
hirest__5afbghglEF4.mp4.mp4,hirest__5afbghglEF4.mp4.mp4#q3,Step Verification,Is the person in the current frame still performing the 'set both frame as correct '?,"['Yes', 'No']",No,B,B) No,B,100.0,113.0,114,114,1.0,False,378,22344,0.0169,980,5,15000,0,64,1
hirest__5cqT2pA4ud8.mp4.mp4,hirest__5cqT2pA4ud8.mp4.mp4#q0,Step Verification,Is the person in the current frame still performing the 'take a hairbrush'?,"['Yes', 'No']",Yes,A,A) Yes,A,100.0,49.0,50,124,1.0,False,297,9800,0.0303,392,2,15000,0,64,1
hirest__5cqT2pA4ud8.mp4.mp4,hirest__5cqT2pA4ud8.mp4.mp4#q1,Step Localization,How long has the person in the scene been performing the 'using comb'?,"['5-6s', '20-21s', '8-9s', '14-15s']",14-15s,D,A) 5-6s,A,0.0,65.0,66,124,1.0,False,312,12936,0.0241,588,3,15000,0,64,1
hirest__5cqT2pA4ud8.mp4.mp4,hirest__5cqT2pA4ud8.mp4.mp4#q2,Procedure Recall,Did the person follow the correct procedure to achieve the 'Hot Comb Hair'?,"['Yes', 'No']",No,B,B) No,B,100.0,123.0,124,124,1.0,False,386,24304,0.0159,784,4,15000,0,64,1
hirest__5f0_-VeWI64.mp4.mp4,hirest__5f0_-VeWI64.mp4.mp4#q0,Step Localization,How long has the person in the scene been performing the 'remove filter and clean it'?,"['12-13s', '8-9s', '17-18s', '24-25s']",8-9s,B,C) 17-18s,C,0.0,61.0,62,97,1.0,False,705,12152,0.058,784,4,15000,0,64,1
hirest__5f0_-VeWI64.mp4.mp4,hirest__5f0_-VeWI64.mp4.mp4#q1,Step Verification,Is the person in the current frame still performing the 'clean using dry cloth'?,"['Yes', 'No']",No,B,A) Yes,A,0.0,76.0,77,97,1.0,False,749,15092,0.0496,980,5,15000,0,64,1
hirest__5f0_-VeWI64.mp4.mp4,hirest__5f0_-VeWI64.mp4.mp4#q2,Procedure Recall,How long has the person been performing the 'open top on using hardware' in the last 30 seconds?,"['13-14s', '3-4s', '21-22s', '15-16s']",3-4s,B,B) 3-4s,B,100.0,82.0,83,97,1.0,False,758,16268,0.0466,1176,6,15000,0,64,1
hirest__5f0_-VeWI64.mp4.mp4,hirest__5f0_-VeWI64.mp4.mp4#q3,Goal/Step Prediction,"Based on the series of actions performed by the person in the video, what is the ultimate goal?","['Use a Clay Bar', 'Clean Cement', 'Change Your Air Filter', 'Paint a Motorcycle']",Change Your Air Filter,C,C) Change Your Air Filter,C,100.0,96.0,97,97,1.0,False,839,19012,0.0441,1372,7,15000,0,64,1
hirest__5kqayNWA0Qo.mp4.mp4,hirest__5kqayNWA0Qo.mp4.mp4#q0,Step Verification,Is the person in the current frame still performing the 'Check cooling system'?,"['Yes', 'No']",Yes,A,A) Yes,A,100.0,52.0,53,201,1.0,False,363,10388,0.0349,392,2,15000,0,64,1
hirest__5kqayNWA0Qo.mp4.mp4,hirest__5kqayNWA0Qo.mp4.mp4#q1,Step Localization,How long has the person in the scene been performing the 'Check air filter'?,"['12-13s', '29-30s', '23-24s', '15-16s']",23-24s,C,A) 12-13s,A,0.0,132.0,133,201,1.0,False,579,26068,0.0222,784,4,15000,0,64,1
hirest__5kqayNWA0Qo.mp4.mp4,hirest__5kqayNWA0Qo.mp4.mp4#q2,Goal/Step Prediction,"Based on the series of actions performed by the person in the video, what is the ultimate goal?","['Remove Egg Stains from Car Paint', 'Patch an Exhaust Pipe', 'Cool a Hot Car as Quickly as Possible', 'Fix a Radiator']",Cool a Hot Car as Quickly as Possible,C,C) Cool a Hot Car as Quickly as Possible,C,100.0,176.0,177,201,1.0,False,704,34692,0.0203,980,5,15000,0,64,1
hirest__5kqayNWA0Qo.mp4.mp4,hirest__5kqayNWA0Qo.mp4.mp4#q3,Procedure Recall,Did the person follow the correct procedure to achieve the 'Paint on Plastic'?,"['Yes', 'No']",No,B,A) Yes,A,0.0,200.0,201,201,1.0,False,740,39396,0.0188,1176,6,15000,0,64,1
hirest__6-2CgjoI0Rs.mp4.mp4,hirest__6-2CgjoI0Rs.mp4.mp4#q0,Step Localization,How long has the person in the scene been performing the 'put butter on pan'?,"['5-6s', '13-14s', '11-12s', '21-22s']",21-22s,D,A) 5-6s,A,0.0,103.0,104,294,1.0,False,374,20384,0.0183,392,2,15000,0,64,1
hirest__6-2CgjoI0Rs.mp4.mp4,hirest__6-2CgjoI0Rs.mp4.mp4#q1,Step Verification,Is the person in the current frame still performing the 'add brown sugar on pan'?,"['Yes', 'No']",No,B,A) Yes,A,0.0,118.0,119,294,1.0,False,409,23324,0.0175,588,3,15000,0,64,1
hirest__6-2CgjoI0Rs.mp4.mp4,hirest__6-2CgjoI0Rs.mp4.mp4#q2,Goal/Step Prediction,My goal is 'Make Pineapple Ice Cream'. What are the next steps I should take?,"['cut pineapple as slices', 'put cement on designed bowl ', 'take plate and ice cream', 'put pineapples on pan']",put pineapples on pan,D,A) cut pineapple as slices,A,0.0,158.0,159,294,1.0,False,508,31164,0.0163,784,4,15000,0,64,1
hirest__6-2CgjoI0Rs.mp4.mp4,hirest__6-2CgjoI0Rs.mp4.mp4#q3,Procedure Recall,What goal was achieved in this video?,"['Make Pineapple Ice Cream', 'Make Chocolate Biscuits', 'Make Rainbow Frosting', 'Make Coconut Flour Pancakes']",Make Pineapple Ice Cream,A,A) Make Pineapple Ice Cream,A,100.0,293.0,294,294,1.0,False,751,57624,0.013,1176,6,15000,0,64,1
hirest__65b-8oH3k9k.mp4.mp4,hirest__65b-8oH3k9k.mp4.mp4#q0,Procedure Recall,Which action did the person perform for the longest duration in the last 30 seconds?,"['Sieve the powder', 'Grind the left over', 'Mix it', 'remove cookie cutter and turn the cake']",Grind the left over,B,B) Grind the left over,B,100.0,114.0,115,193,1.0,False,1009,22540,0.0448,1176,6,15000,0,64,1
hirest__65b-8oH3k9k.mp4.mp4,hirest__65b-8oH3k9k.mp4.mp4#q1,Step Verification,Is the person in the current frame still performing the 'Dry mango pieces with cloth'?,"['Yes', 'No']",No,B,A) Yes,A,0.0,132.0,133,193,1.0,False,1097,26068,0.0421,1372,7,15000,0,64,1
hirest__65b-8oH3k9k.mp4.mp4,hirest__65b-8oH3k9k.mp4.mp4#q2,Step Localization,How long has the person in the scene been performing the 'Add red chili powder'?,"['7-8s', '10-11s', '5-6s', '61-62s']",5-6s,C,A) 7-8s,A,0.0,168.0,169,193,1.0,False,1266,33124,0.0382,1568,8,15000,0,64,1
hirest__65b-8oH3k9k.mp4.mp4,hirest__65b-8oH3k9k.mp4.mp4#q3,Goal/Step Prediction,My goal is 'Make Pickled Mango'. What are the next steps I should take?,"['Mix it', 'Put mustards seeds', 'put it on bowl to freeze', 'Put mango in bowl']",Mix it,A,D) Put mango in bowl,D,0.0,192.0,193,193,1.0,False,1345,37828,0.0356,1764,9,15000,0,64,1
hirest__65zGfSyqfWg.mp4.mp4,hirest__65zGfSyqfWg.mp4.mp4#q0,Goal/Step Prediction,My goal is 'Make a Quarter Disappear'. What are the next steps I should take?,"['put pallor mixer on it', 'Drop other arm with coin down', 'Pretend to rub finger and thumb ', 'share this link on social media ']",Drop other arm with coin down,B,C) Pretend to rub finger and thumb,C,0.0,74.0,75,91,1.0,False,333,14700,0.0227,392,2,15000,0,64,1
hirest__65zGfSyqfWg.mp4.mp4,hirest__65zGfSyqfWg.mp4.mp4#q1,Step Verification,Is the person in the current frame still performing the 'Pretend to rub finger and thumb '?,"['Yes', 'No']",No,B,A) Yes,A,0.0,79.0,80,91,1.0,False,338,15680,0.0216,588,3,15000,0,64,1
hirest__65zGfSyqfWg.mp4.mp4,hirest__65zGfSyqfWg.mp4.mp4#q2,Procedure Recall,What actions did the person not perform in the last 30 seconds?,"['Throw coin into other hand', 'Pretend to rub finger and thumb ', 'Set quarter on finger tips', 'Drop other arm with coin down']",Set quarter on finger tips,C,A) Throw coin into other hand,A,0.0,84.0,85,91,1.0,False,341,16660,0.0205,784,4,15000,0,64,1
hirest__65zGfSyqfWg.mp4.mp4,hirest__65zGfSyqfWg.mp4.mp4#q3,Step Localization,How long has the person in the scene been performing the 'Drop other arm with coin down'?,"['17-18s', '14-15s', '7-8s', '10-11s']",17-18s,A,C) 7-8s,C,0.0,90.0,91,91,1.0,False,348,17836,0.0195,980,5,15000,0,64,1
hirest__6_uEi8ww4ZA.mp4.mp4,hirest__6_uEi8ww4ZA.mp4.mp4#q0,Step Verification,Is the person in the current frame still performing the 'choose brush and strain at water'?,"['Yes', 'No']",Yes,A,B) No,B,0.0,226.0,227,350,1.0,False,987,44492,0.0222,1176,6,15000,0,64,1
hirest__6_uEi8ww4ZA.mp4.mp4,hirest__6_uEi8ww4ZA.mp4.mp4#q1,Goal/Step Prediction,"Based on the series of actions performed by the person in the video, what is the ultimate goal?","['Grow Thyme', 'Grow Oregano', 'Cut a Straight Line', 'Maintain Your Butcher Block']",Cut a Straight Line,C,D) Maintain Your Butcher Block,D,0.0,340.0,341,350,1.0,False,1290,66836,0.0193,1568,8,15000,0,64,1
hirest__6_uEi8ww4ZA.mp4.mp4,hirest__6_uEi8ww4ZA.mp4.mp4#q2,Procedure Recall,What goal was achieved in this video?,"['Clean a Rug', 'Clean a Machine Made Rug', 'Cut a Straight Line', 'Get a Washing Machine to Spin Faster']",Cut a Straight Line,C,C) Cut a Straight Line,C,100.0,349.0,350,350,1.0,False,1321,68600,0.0193,1764,9,15000,0,64,1
hirest__6_uEi8ww4ZA.mp4.mp4,hirest__6_uEi8ww4ZA.mp4.mp4#q3,Step Localization,How long has the person in the scene been performing the 'push up brush on exact point'?,"['20-21s', '5-6s', '64-65s', '10-11s']",10-11s,D,B) 5-6s,B,0.0,349.0,350,350,1.0,False,1321,68600,0.0193,1764,9,15000,0,64,1
hirest__6hvZLYNaK7U.mp4.mp4,hirest__6hvZLYNaK7U.mp4.mp4#q0,Step Localization,How long has the person in the scene been performing the 'place the plastic wrap on table'?,"['5-6s', '28-29s', '10-11s', '7-8s']",5-6s,A,D) 7-8s,D,0.0,61.0,62,207,1.0,False,407,12152,0.0335,588,3,15000,0,64,1
hirest__6hvZLYNaK7U.mp4.mp4,hirest__6hvZLYNaK7U.mp4.mp4#q1,Step Verification,Is the person in the current frame still performing the 'take water in five different cups'?,"['Yes', 'No']",Yes,A,B) No,B,0.0,83.0,84,207,1.0,False,462,16464,0.0281,784,4,15000,0,64,1
hirest__6hvZLYNaK7U.mp4.mp4,hirest__6hvZLYNaK7U.mp4.mp4#q2,Goal/Step Prediction,"Based on the series of actions performed by the person in the video, what is the ultimate goal?","['Dye Fabric', 'Tie a Two Half Hitch Knot', 'Butterfly Coil a Rope', 'Keep Ribbon from Fraying']",Dye Fabric,A,A) Dye Fabric,A,100.0,145.0,146,207,1.0,False,642,28616,0.0224,980,5,15000,0,64,1
hirest__6hvZLYNaK7U.mp4.mp4,hirest__6hvZLYNaK7U.mp4.mp4#q3,Procedure Recall,What goal was achieved in this video?,"['Make a Josephine Picot in Tatting', 'Make Nutella Hot Chocolate', 'Make a Girl Pirate Costume for Halloween', 'Dye Fabric']",Dye Fabric,D,D) Dye Fabric,D,100.0,206.0,207,207,1.0,False,849,40572,0.0209,1372,7,15000,0,64,1
hirest__6kMoXIkDhX4.mp4.mp4,hirest__6kMoXIkDhX4.mp4.mp4#q0,Step Localization,How long has the person in the scene been performing the 'enter wanted list on name'?,"['29-30s', '47-48s', '9-10s', '18-19s']",9-10s,C,A) 29-30s,A,0.0,45.0,46,53,1.0,False,327,9016,0.0363,392,2,15000,0,64,1
hirest__6kMoXIkDhX4.mp4.mp4,hirest__6kMoXIkDhX4.mp4.mp4#q1,Procedure Recall,What goal was achieved in this video?,"['Make Polymer Clay Beads', 'Make an Effective Task List', 'Make a Beaded Braid Bracelet', 'Make a Felt iPod Case']",Make an Effective Task List,B,B) Make an Effective Task List,B,100.0,49.0,50,53,1.0,False,341,9800,0.0348,588,3,15000,0,64,1
hirest__6kMoXIkDhX4.mp4.mp4,hirest__6kMoXIkDhX4.mp4.mp4#q2,Step Verification,Is the person in the current frame still performing the 'mark wanted items as tick '?,"['Yes', 'No']",No,B,B) No,B,100.0,52.0,53,53,1.0,False,343,10388,0.033,784,4,15000,0,64,1
hirest__6ka2-Hw9VA0.mp4.mp4,hirest__6ka2-Hw9VA0.mp4.mp4#q0,Step Verification,Is the person in the current frame still performing the 'boil cauliflower with salt in cooker'?,"['Yes', 'No']",No,B,A) Yes,A,0.0,138.0,139,211,1.0,False,547,27244,0.0201,588,3,15000,0,64,1
hirest__6ka2-Hw9VA0.mp4.mp4,hirest__6ka2-Hw9VA0.mp4.mp4#q1,Step Localization,How long has the person in the scene been performing the 'strain water from cauliflower'?,"['7-8s', '28-29s', '30-31s', '14-15s']",14-15s,D,A) 7-8s,A,0.0,148.0,149,211,1.0,False,578,29204,0.0198,784,4,15000,0,64,1
hirest__6ka2-Hw9VA0.mp4.mp4,hirest__6ka2-Hw9VA0.mp4.mp4#q2,Goal/Step Prediction,My goal is 'Make Fried Cauliflower'. What are the next steps I should take?,"['mix slowly smile on it', 'add cauliflower and fry again', 'strain water from cauliflower', 'put tea cup for clay']",add cauliflower and fry again,B,B) add cauliflower and fry again,B,100.0,195.0,196,211,1.0,False,727,38416,0.0189,980,5,15000,0,64,1
hirest__6ka2-Hw9VA0.mp4.mp4,hirest__6ka2-Hw9VA0.mp4.mp4#q3,Procedure Recall,What actions did the person not perform in the last 90 seconds?,"['strain water from cauliflower', 'fry other ingredients one by one', 'add vinegar on it ', 'add cauliflower and fry again']",add vinegar on it ,C,D) add cauliflower and fry again,D,0.0,210.0,211,211,1.0,False,785,41356,0.019,1176,6,15000,0,64,1
hirest__6mD3Z688b9U.mp4.mp4,hirest__6mD3Z688b9U.mp4.mp4#q0,Step Verification,Is the person in the current frame still performing the 'add pinch salt and sugar on '?,"['Yes', 'No']",No,B,B) No,B,100.0,51.0,52,107,1.0,False,350,10192,0.0343,392,2,15000,0,64,1
hirest__6mD3Z688b9U.mp4.mp4,hirest__6mD3Z688b9U.mp4.mp4#q1,Goal/Step Prediction,"Based on the series of actions performed by the person in the video, what is the ultimate goal?","['Make Southern Biscuts', 'Make Mini Banana Muffins', 'Make Self Rising Flour', 'Make Italian Chocolate Pizzette Cookies']",Make Mini Banana Muffins,B,C) Make Self Rising Flour,C,0.0,74.0,75,107,1.0,False,368,14700,0.025,588,3,15000,0,64,1
hirest__6mD3Z688b9U.mp4.mp4,hirest__6mD3Z688b9U.mp4.mp4#q2,Step Localization,How long has the person in the scene been performing the 'put mixer into flour'?,"['10-11s', '122-123s', '46-47s', '5-6s']",5-6s,D,D) 5-6s,D,100.0,97.0,98,107,1.0,False,396,19208,0.0206,784,4,15000,0,64,1
hirest__6mD3Z688b9U.mp4.mp4,hirest__6mD3Z688b9U.mp4.mp4#q3,Procedure Recall,What actions did the person perform in sequence in the last 60 seconds?,"['mix it well -> mix it well -> add pinch salt and sugar on  -> put mashed banana on it -> add cheese and egg', 'mix it well -> put mixer into flour -> mix it well -> put mashed banana on it -> mix it well', 'put mixer into flour -> mix it well -> put mashed banana on it -> put mixer into flour -> mix it well', 'mix it well -> add cheese and egg -> mix it well -> put mashed banana on it -> put mixer into flour']",mix it well -> add cheese and egg -> mix it well -> put mashed banana on it -> put mixer into flour,D,A) mix it well -> mix it well -> add pinch salt and sugar on,A,0.0,106.0,107,107,1.0,False,407,20972,0.0194,980,5,15000,0,64,1
hirest__6qaIPaKvHOs.mp4.mp4,hirest__6qaIPaKvHOs.mp4.mp4#q0,Step Localization,How long has the person in the scene been performing the 'Mix it'?,"['9-10s', '11-12s', '20-21s', '5-6s']",5-6s,D,D) 5-6s,D,100.0,51.0,52,96,1.0,False,332,10192,0.0326,392,2,15000,0,64,1
hirest__6qaIPaKvHOs.mp4.mp4,hirest__6qaIPaKvHOs.mp4.mp4#q1,Goal/Step Prediction,My goal is 'Make a BLT Wrap'. What are the next steps I should take?,"['Add tomatoes', 'Add bacon and lettuce', 'put tea cup for clay', 'Cook and cut bacon']",Add bacon and lettuce,B,B) Add bacon and lettuce,B,100.0,89.0,90,96,1.0,False,444,17640,0.0252,588,3,15000,0,64,1
hirest__6qaIPaKvHOs.mp4.mp4,hirest__6qaIPaKvHOs.mp4.mp4#q2,Step Verification,Is the person in the current frame still performing the 'Mix it'?,"['Yes', 'No']",No,B,A) Yes,A,0.0,93.0,94,96,1.0,False,454,18424,0.0246,784,4,15000,0,64,1
hirest__6qaIPaKvHOs.mp4.mp4,hirest__6qaIPaKvHOs.mp4.mp4#q3,Procedure Recall,How long has the person been performing the 'Add tomatoes' in the last 30 seconds?,"['13-14s', '20-21s', '3-4s', '8-9s']",3-4s,C,C) 3-4s,C,100.0,95.0,96,96,1.0,False,454,18816,0.0241,784,4,15000,0,64,1
hirest__6tzN2nmVCdQ.mp4.mp4,hirest__6tzN2nmVCdQ.mp4.mp4#q0,Step Verification,Is the person in the current frame still performing the 'mix the color to beeswax'?,"['Yes', 'No']",No,B,A) Yes,A,0.0,204.0,205,213,1.0,False,639,40180,0.0159,784,4,15000,0,64,1
hirest__6tzN2nmVCdQ.mp4.mp4,hirest__6tzN2nmVCdQ.mp4.mp4#q1,Goal/Step Prediction,My goal is 'Add Color to Beeswax'. What are the next steps I should take?,"['take voltage and current on board', 'clean the excess of wax', 'roll it out and arrange the ', 'mix the color to beeswax']",clean the excess of wax,B,D) mix the color to beeswax,D,0.0,211.0,212,213,1.0,False,663,41552,0.016,980,5,15000,0,64,1
hirest__6tzN2nmVCdQ.mp4.mp4,hirest__6tzN2nmVCdQ.mp4.mp4#q2,Procedure Recall,Did the person follow the correct procedure to achieve the 'Add Color to Beeswax'?,"['Yes', 'No']",Yes,A,A) Yes,A,100.0,212.0,213,213,1.0,False,664,41748,0.0159,1176,6,15000,0,64,1
hirest__6vebuzKSg70.mp4.mp4,hirest__6vebuzKSg70.mp4.mp4#q0,Step Localization,How long has the person in the scene been performing the 'make cloth as circle'?,"['11-12s', '17-18s', '85-86s', '8-9s']",8-9s,D,D) 8-9s,D,100.0,39.0,40,162,1.0,False,317,7840,0.0404,392,2,15000,0,64,1
hirest__6vebuzKSg70.mp4.mp4,hirest__6vebuzKSg70.mp4.mp4#q1,Step Verification,Is the person in the current frame still performing the 'sell taping all cardboard together '?,"['Yes', 'No']",Yes,A,B) No,B,0.0,89.0,90,162,1.0,False,406,17640,0.023,588,3,15000,0,64,1
hirest__6vebuzKSg70.mp4.mp4,hirest__6vebuzKSg70.mp4.mp4#q2,Goal/Step Prediction,"Based on the series of actions performed by the person in the video, what is the ultimate goal?","['Make Cat Toys', 'Make Perfect Strawberry or Peach Glazed Pie', 'Make Flower Embellishments for Scrapbooking (Using Artificial Flowers)', 'Make Salt Glaze']",Make Cat Toys,A,C) Make Flower Embellishments for Scrapbooking (Using Artificial Flowers),C,0.0,132.0,133,162,1.0,False,501,26068,0.0192,784,4,15000,0,64,1
hirest__6vebuzKSg70.mp4.mp4,hirest__6vebuzKSg70.mp4.mp4#q3,Procedure Recall,What goal was achieved in this video?,"['Make a Poodle Skirt Without a Pattern and With Minimal Sewing', 'Make Cat Toys', 'Clean Geodes', 'Make a Cheap Irrigation System']",Make Cat Toys,B,B) Make Cat Toys,B,100.0,161.0,162,162,1.0,False,545,31752,0.0172,980,5,15000,0,64,1
hirest__7-S0WIVtp3Y.mp4.mp4,hirest__7-S0WIVtp3Y.mp4.mp4#q0,Step Verification,Is the person in the current frame still performing the 'open ever note web application'?,"['Yes', 'No']",No,B,A) Yes,A,0.0,16.0,17,44,1.0,False,315,3332,0.0945,392,2,15000,0,64,1
hirest__7-S0WIVtp3Y.mp4.mp4,hirest__7-S0WIVtp3Y.mp4.mp4#q1,Procedure Recall,How long has the person been performing the 'add note title and to do ' in the last 15 seconds?,"['48-49s', '42-43s', '16-17s', '5-6s']",5-6s,D,C) 16-17s,C,0.0,30.0,31,44,1.0,False,368,6076,0.0606,588,3,15000,0,64,1
hirest__7-S0WIVtp3Y.mp4.mp4,hirest__7-S0WIVtp3Y.mp4.mp4#q2,Step Localization,How long has the person in the scene been performing the 'add note title and to do'?,"['5-6s', '13-14s', '22-23s', '44-45s']",5-6s,A,B) 13-14s,B,0.0,30.0,31,44,1.0,False,368,6076,0.0606,588,3,15000,0,64,1
hirest__7-S0WIVtp3Y.mp4.mp4,hirest__7-S0WIVtp3Y.mp4.mp4#q3,Goal/Step Prediction,"Based on the series of actions performed by the person in the video, what is the ultimate goal?","['Make an Effective Task List', 'Make Worry Beads', 'Make a Worry Doll', 'Make a Beaded Braid Bracelet']",Make an Effective Task List,A,A) Make an Effective Task List,A,100.0,43.0,44,44,1.0,False,393,8624,0.0456,784,4,15000,0,64,1
hirest__72_GS5Wi87Q.mp4.mp4,hirest__72_GS5Wi87Q.mp4.mp4#q0,Step Localization,How long has the person in the scene been performing the 'put up to the corner'?,"['27-28s', '31-32s', '5-6s', '10-11s']",10-11s,D,C) 5-6s,C,0.0,66.0,67,125,1.0,False,286,13132,0.0218,392,2,15000,0,64,1
hirest__72_GS5Wi87Q.mp4.mp4,hirest__72_GS5Wi87Q.mp4.mp4#q1,Goal/Step Prediction,"Based on the series of actions performed by the person in the video, what is the ultimate goal?","['Paint Walls Near a Ceiling', 'Clean a Fabric Softener Dispenser', 'Make Your Eyes Look Less Droopy', 'Grow Basil']",Paint Walls Near a Ceiling,A,A) Paint Walls Near a Ceiling,A,100.0,79.0,80,125,1.0,False,306,15680,0.0195,588,3,15000,0,64,1
hirest__72_GS5Wi87Q.mp4.mp4,hirest__72_GS5Wi87Q.mp4.mp4#q2,Procedure Recall,What actions was the person performing before the last 15 seconds?,"['add one spoon of coconut flour ', 'dim the brush on paint', 'using brush on blend the hand', 'hold the hand on wall']",hold the hand on wall,D,B) dim the brush on paint,B,0.0,91.0,92,125,1.0,False,321,18032,0.0178,784,4,15000,0,64,1
hirest__72_GS5Wi87Q.mp4.mp4,hirest__72_GS5Wi87Q.mp4.mp4#q3,Step Verification,Is the person in the current frame still performing the 'continue with zig zag'?,"['Yes', 'No']",No,B,B) No,B,100.0,124.0,125,125,1.0,False,384,24500,0.0157,980,5,15000,0,64,1
hirest__73S_SS73yD4.mp4.mp4,hirest__73S_SS73yD4.mp4.mp4#q0,Step Localization,How long has the person in the scene been performing the 'Cut a coped joint wood'?,"['10-11s', '13-14s', '7-8s', '27-28s']",27-28s,D,C) 7-8s,C,0.0,307.0,308,406,1.0,False,905,60368,0.015,980,5,15000,0,64,1
hirest__73S_SS73yD4.mp4.mp4,hirest__73S_SS73yD4.mp4.mp4#q1,Step Verification,Is the person in the current frame still performing the 'Cut a nice little square'?,"['Yes', 'No']",Yes,A,A) Yes,A,100.0,365.0,366,406,1.0,False,999,71736,0.0139,1176,6,15000,0,64,1
hirest__73S_SS73yD4.mp4.mp4,hirest__73S_SS73yD4.mp4.mp4#q2,Procedure Recall,What actions did the person not perform in the last 120 seconds?,"['add powder into blender', 'Cut a coped joint wood', 'Cut a nice little square', 'Cut all the top edges']",add powder into blender,A,B) Cut a coped joint wood,B,0.0,405.0,406,406,1.0,False,1061,79576,0.0133,1372,7,15000,0,64,1
hirest__7To4wLXux5Q.mp4.mp4,hirest__7To4wLXux5Q.mp4.mp4#q0,Step Localization,How long has the person in the scene been performing the 'secure bench on top'?,"['7-8s', '11-12s', '9-10s', '74-75s']",11-12s,B,A) 7-8s,A,0.0,122.0,123,169,1.0,False,695,24108,0.0288,784,4,15000,0,64,1
hirest__7To4wLXux5Q.mp4.mp4,hirest__7To4wLXux5Q.mp4.mp4#q1,Step Verification,Is the person in the current frame still performing the 'set wood on bottom '?,"['Yes', 'No']",No,B,B) No,B,100.0,141.0,142,169,1.0,False,749,27832,0.0269,980,5,15000,0,64,1
hirest__7To4wLXux5Q.mp4.mp4,hirest__7To4wLXux5Q.mp4.mp4#q2,Procedure Recall,Which action did the person perform for the longest duration in the last 30 seconds?,"['add oak leaf oil', 'mix it well', 'mark machine position on board ', 'cut over the board ']",mark machine position on board ,C,D) cut over the board,D,0.0,159.0,160,169,1.0,False,797,31360,0.0254,1176,6,15000,0,64,1
hirest__7To4wLXux5Q.mp4.mp4,hirest__7To4wLXux5Q.mp4.mp4#q3,Goal/Step Prediction,My goal is 'Cut a Straight Line'. What are the next steps I should take?,"['add extra oats on top ', 'add ham and cheese on mixture', 'cut over the board ', 'mark machine position on board ']",cut over the board ,C,D) mark machine position on board,D,0.0,168.0,169,169,1.0,False,813,33124,0.0245,1372,7,15000,0,64,1
hirest__7abfBD3aRps.mp4.mp4,hirest__7abfBD3aRps.mp4.mp4#q0,Step Verification,Is the person in the current frame still performing the 'beat everything'?,"['Yes', 'No']",Yes,A,B) No,B,0.0,89.0,90,125,1.0,False,339,17640,0.0192,392,2,15000,0,64,1
hirest__7abfBD3aRps.mp4.mp4,hirest__7abfBD3aRps.mp4.mp4#q1,Procedure Recall,Which action did the person perform for the longest duration in the last 60 seconds?,"['cut back side rearrange dress model', 'beat everything', 'mix ingredients in a bowl', 'cut the capsicum without seeds']",beat everything,B,C) mix ingredients in a bowl,C,0.0,114.0,115,125,1.0,False,389,22540,0.0173,588,3,15000,0,64,1
hirest__7abfBD3aRps.mp4.mp4,hirest__7abfBD3aRps.mp4.mp4#q2,Step Localization,How long has the person in the scene been performing the 'put in the oven'?,"['33-34s', '21-22s', '14-15s', '9-10s']",21-22s,B,A) 33-34s,A,0.0,120.0,121,125,1.0,False,398,23716,0.0168,784,4,15000,0,64,1
hirest__7abfBD3aRps.mp4.mp4,hirest__7abfBD3aRps.mp4.mp4#q3,Goal/Step Prediction,My goal is 'Make Lemony Lemon Brownie Bars'. What are the next steps I should take?,"['decorate it with stickers', 'mix ingredients in a bowl', 'mix all with pepper and salt', 'Lemon brownie bars ready']",Lemon brownie bars ready,D,B) mix ingredients in a bowl,B,0.0,124.0,125,125,1.0,False,410,24500,0.0167,980,5,15000,0,64,1
hirest__7giy0KnWmbs.mp4.mp4,hirest__7giy0KnWmbs.mp4.mp4#q0,Step Verification,Is the person in the current frame still performing the 'Turn on the wheel'?,"['Yes', 'No']",No,B,A) Yes,A,0.0,23.0,24,74,1.0,False,208,4704,0.0442,392,2,15000,0,64,1
hirest__7giy0KnWmbs.mp4.mp4,hirest__7giy0KnWmbs.mp4.mp4#q1,Step Localization,How long has the person in the scene been performing the 'Remove water'?,"['13-14s', '6-7s', '54-55s', '23-24s']",13-14s,A,B) 6-7s,B,0.0,34.0,35,74,1.0,False,213,6860,0.031,588,3,15000,0,64,1
hirest__7giy0KnWmbs.mp4.mp4,hirest__7giy0KnWmbs.mp4.mp4#q2,Goal/Step Prediction,My goal is 'Clean Pottery'. What are the next steps I should take?,"['Put knife to clean', 'Color roots', 'draw a shape with ironbox', 'Remove water']",Put knife to clean,A,D) Remove water,D,0.0,38.0,39,74,1.0,False,214,7644,0.028,784,4,15000,0,64,1
hirest__7giy0KnWmbs.mp4.mp4,hirest__7giy0KnWmbs.mp4.mp4#q3,Procedure Recall,What goal was achieved in this video?,"['Crochet a Triangle', 'Make a Bottle of Glitter', 'Clean Pottery', 'Make Potholders']",Clean Pottery,C,C) Clean Pottery,C,100.0,73.0,74,74,1.0,False,224,14504,0.0154,980,5,15000,0,64,1
hirest__7lcoBtyUVVM.mp4.mp4,hirest__7lcoBtyUVVM.mp4.mp4#q0,Step Localization,How long has the person in the scene been performing the 'Make the head'?,"['11-12s', '6-7s', '8-9s', '21-22s']",8-9s,C,A) 11-12s,A,0.0,76.0,77,134,1.0,False,346,15092,0.0229,392,2,15000,0,64,1
hirest__7lcoBtyUVVM.mp4.mp4,hirest__7lcoBtyUVVM.mp4.mp4#q1,Step Verification,Is the person in the current frame still performing the 'Make the body'?,"['Yes', 'No']",Yes,A,A) Yes,A,100.0,108.0,109,134,1.0,False,371,21364,0.0174,588,3,15000,0,64,1
hirest__7lcoBtyUVVM.mp4.mp4,hirest__7lcoBtyUVVM.mp4.mp4#q2,Procedure Recall,What goal was achieved in this video?,"['Make Worry Beads', 'Clean Resin', 'Sew a Cat Doll', 'Make a Worry Doll']",Make a Worry Doll,D,D) Make a Worry Doll,D,100.0,133.0,134,134,1.0,False,373,26264,0.0142,784,4,15000,0,64,1
