video_id,question_id,task,question,choices,answer,correct_choice,pred_answer,pred_choice,qa_acc,realtime,n_frames_seen,n_frames_loaded,sample_fps,truncated,tokens_kept,tokens_seen,token_keep_rate,n_tokens_fed,num_blocks,n_local,kv_cache_bytes,retrieve_size,chunk_size
Real-Time_Visual_Understanding__sample_1,Real-Time Visual Understanding_sample_1_1,Object Perception,What logos are visible in the background as players and referees walk towards the center of the football field?,"['FIFA and La Liga.', 'UEFA and La Liga.', 'Bundesliga and La Liga.', 'Aeromexico and La Liga.']",Aeromexico and La Liga.,D,B) UEFA and La Liga.,B,0.0,4.0,5,129,1.0,False,238,980,0.2429,392,2,15000,0,64,1
Real-Time_Visual_Understanding__sample_1,Real-Time Visual Understanding_sample_1_2,Causal Reasoning,Why does the player wearing the number nine red and blue jersey celebrate?,"['He saved a goal.', 'He received a pass.', 'He scored a goal.', 'He won a free kick.']",He scored a goal.,C,C) He scored a goal.,C,100.0,53.0,54,129,1.0,False,746,10584,0.0705,980,5,15000,0,64,1
Real-Time_Visual_Understanding__sample_1,Real-Time Visual Understanding_sample_1_4,Attribute Perception,What color is the goalie's uniform?,"['Blue.', 'Red.', 'White.', 'Yellow.']",Yellow.,D,D) Yellow.,D,100.0,80.0,81,129,1.0,False,1043,15876,0.0657,1372,7,15000,0,64,1
Real-Time_Visual_Understanding__sample_1,Real-Time Visual Understanding_sample_1_3,Text-Rich Understanding,What logo is seen on the jersey of the player covering his mouth?,"['Apple.', 'Google.', 'Adidas.', 'Spotify.']",Spotify.,D,D) Spotify.,D,100.0,82.0,83,129,1.0,False,1084,16268,0.0666,1568,8,15000,0,64,1
Real-Time_Visual_Understanding__sample_1,Real-Time Visual Understanding_sample_1_5,Attribute Perception,"What is the color of the cooler labeled ""PRIME"" near the team bench?","['Blue.', 'Yellow.', 'Green.', 'Red.']",Red.,D,D) Red.,D,100.0,128.0,129,129,1.0,False,1511,25284,0.0598,2156,11,15000,0,64,1
Real-Time_Visual_Understanding__sample_2,Real-Time Visual Understanding_sample_2_1,Object Perception,What is the number on the back of MAJER's jersey?,"['7.', '10.', '13.', '16.']",7.,A,B) 10.,B,0.0,10.0,11,316,1.0,False,284,2156,0.1317,392,2,15000,0,64,1
Real-Time_Visual_Understanding__sample_2,Real-Time Visual Understanding_sample_2_2,Event Understanding,What event occurred just now?,"['A penalty kick.', 'A free kick.', 'A goal celebration.', 'A corner kick.']",A penalty kick.,A,A) A penalty kick.,A,100.0,19.0,20,316,1.0,False,382,3920,0.0974,588,3,15000,0,64,1
Real-Time_Visual_Understanding__sample_2,Real-Time Visual Understanding_sample_2_3,Action Perception,What is the goalkeeper doing as the player takes the penalty shot?,"['Standing still.', 'Diving to his right.', 'Running towards the ball.', 'Waving his hands.']",Diving to his right.,B,B) Diving to his right.,B,100.0,112.0,113,316,1.0,False,1217,22148,0.0549,1568,8,15000,0,64,1
Real-Time_Visual_Understanding__sample_2,Real-Time Visual Understanding_sample_2_4,Causal Reasoning,Why did the player celebrate by clenching his fists and bending his head forward?,"['He just scored a penalty kick.', 'He blocked a shot.', 'He made a successful pass.', 'He received a yellow card.']",He just scored a penalty kick.,A,A) He just scored a penalty kick.,A,100.0,211.0,212,316,1.0,False,2171,41552,0.0522,2548,13,15000,0,64,1
Real-Time_Visual_Understanding__sample_2,Real-Time Visual Understanding_sample_2_5,Text-Rich Understanding,What is the current score shown on the scoreboard?,"['Croatia 3 - 2 Brazil.', 'Croatia 4 - 2 Brazil.', 'Croatia 4 - 3 Brazil.', 'Croatia 5 - 2 Brazil.']",Croatia 4 - 2 Brazil.,B,A) Croatia 3 - 2 Brazil.,A,0.0,315.0,316,316,1.0,False,3184,61936,0.0514,3724,19,15000,0,64,1
Real-Time_Visual_Understanding__sample_3,Real-Time Visual Understanding_sample_3_1,Object Perception,What appears at the very beginning of the video?,"['A football match.', 'A logo of FC Barcelona.', 'A silver trophy.', 'A live concert.']",A logo of FC Barcelona.,B,B) A logo of FC Barcelona.,B,100.0,8.0,9,172,1.0,False,277,1764,0.157,392,2,15000,0,64,1
Real-Time_Visual_Understanding__sample_3,Real-Time Visual Understanding_sample_3_2,Spatial Understanding,What is the position relationship between the woman in a black dress and the woman in a white outfit?,"['They are standing side by side.', 'They are standing back to back.', 'The woman in black is in front of the woman in white.', 'The woman in white is holding the trophy.']",They are standing side by side.,A,A) They are standing side by side.,A,100.0,20.0,21,172,1.0,False,414,4116,0.1006,588,3,15000,0,64,1
Real-Time_Visual_Understanding__sample_3,Real-Time Visual Understanding_sample_3_3,Attribute Perception,What color is the goalkeeper's kit when standing in front of the goalposts?,"['Red.', 'Green.', 'Yellow.', 'Blue.']",Yellow.,C,C) Yellow.,C,100.0,69.0,70,172,1.0,False,853,13720,0.0622,1176,6,15000,0,64,1
Real-Time_Visual_Understanding__sample_3,Real-Time Visual Understanding_sample_3_4,Object Perception,What advertisement is displayed on the red boards behind the goal?,"['AMBILIGHT TV.', 'NIKE.', 'ESTRELLA DAMM.', 'ADIDAS.']",ESTRELLA DAMM.,C,A) AMBILIGHT TV.,A,0.0,123.0,124,172,1.0,False,1367,24304,0.0562,1764,9,15000,0,64,1
Real-Time_Visual_Understanding__sample_3,Real-Time Visual Understanding_sample_3_5,Action Perception,What are the two people in the video frame doing now?,"['handshaking.', 'Hugging.', 'High-fiving.', 'Fist bumping.']",handshaking.,A,C) High-fiving.,C,0.0,171.0,172,172,1.0,False,1878,33712,0.0557,2352,12,15000,0,64,1
Real-Time_Visual_Understanding__sample_4,Real-Time Visual Understanding_sample_4_2,Causal Reasoning,Why are the players in green and white striving to intercept the ball?,"['They are warming up for the game.', 'They are practicing their defensive moves.', 'They are reacting to an offensive move toward the goal.', 'They are performing a choreographed play.']",They are reacting to an offensive move toward the goal.,C,C) They are reacting to an offensive move toward the goal.,C,100.0,19.0,20,221,1.0,False,387,3920,0.0987,392,2,15000,0,64,1
Real-Time_Visual_Understanding__sample_4,Real-Time Visual Understanding_sample_4_1,Object Perception,What emblem appears at the beginning of the video?,"['An animal symbol.', 'A football club shield.', 'A national flag.', 'A corporate logo.']",A football club shield.,B,B) A football club shield.,B,100.0,20.0,21,221,1.0,False,396,4116,0.0962,588,3,15000,0,64,1
Real-Time_Visual_Understanding__sample_4,Real-Time Visual Understanding_sample_4_3,Text-Rich Understanding,What was the score and the position of the teams right now?,"['1-0, the team in blue and red is leading.', '2-0, the team in white is leading.', '2-0, the team in blue and red is leading.', '1-1, the teams are tied.']","2-0, the team in blue and red is leading.",C,"C) 2-0, the team in blue and red is leading.",C,100.0,64.0,65,221,1.0,False,865,12740,0.0679,1176,6,15000,0,64,1
Real-Time_Visual_Understanding__sample_4,Real-Time Visual Understanding_sample_4_4,Event Understanding,What is the updated score after the player in number 11 scored a goal?,"['2-0.', '3-0.', '5-0.', '4-0.']",4-0.,D,A) 2-0.,A,0.0,131.0,132,221,1.0,False,1536,25872,0.0594,1960,10,15000,0,64,1
Real-Time_Visual_Understanding__sample_4,Real-Time Visual Understanding_sample_4_5,Attribute Perception,"What uniform does the player named ""JOAO CANCELO"" wear?","['Purple and white.', 'Red and blue striped.', 'Blue and yellow.', 'Green and black.']",Red and blue striped.,B,B) Red and blue striped.,B,100.0,220.0,221,221,1.0,False,2507,43316,0.0579,2940,15,15000,0,64,1
Real-Time_Visual_Understanding__sample_5,Real-Time Visual Understanding_sample_5_1,Text-Rich Understanding,What name is written on the goalkeeper's bright green jersey?,"['NEUER.', 'PICKFORD.', 'DE GEA.', 'COURTOIS.']",PICKFORD.,B,B) PICKFORD.,B,100.0,14.0,15,444,1.0,False,332,2940,0.1129,392,2,15000,0,64,1
Real-Time_Visual_Understanding__sample_5,Real-Time Visual Understanding_sample_5_2,Object Perception,What brand is visible on the player's white cleats?,"['Nike.', 'Puma.', 'Adidas.', 'Under Armour.']",Adidas.,C,C) Adidas.,C,100.0,18.0,19,444,1.0,False,380,3724,0.102,588,3,15000,0,64,1
Real-Time_Visual_Understanding__sample_5,Real-Time Visual Understanding_sample_5_3,Event Understanding,What is the outcome of the penalty kick just now?,"['The goalkeeper saves the ball.', 'The ball hits the post.', 'The ball goes over the crossbar.', 'The ball goes into the net.']",The ball goes over the crossbar.,C,D) The ball goes into the net.,D,0.0,147.0,148,444,1.0,False,1603,29008,0.0553,1960,10,15000,0,64,1
Real-Time_Visual_Understanding__sample_5,Real-Time Visual Understanding_sample_5_4,Action Perception,What did the goalkeeper do during the penalty kick?,"['Stood still.', 'Dived to his left.', 'Dived to his right.', 'Ran towards the ball.']",Dived to his left.,B,D) Ran towards the ball.,D,0.0,273.0,274,444,1.0,False,2935,53704,0.0547,3332,17,15000,0,64,1
Real-Time_Visual_Understanding__sample_5,Real-Time Visual Understanding_sample_5_5,Text-Rich Understanding,What number is on the back of the goalkeeper's kit who is preparing to dive for the penalty kick?,"['10.', '7.', '5.', '1.']",1.,D,D) 1.,D,100.0,443.0,444,444,1.0,False,4650,87024,0.0534,5096,26,15000,0,64,1
Real-Time_Visual_Understanding__sample_6,Real-Time Visual Understanding_sample_6_1,Action Perception,What action is the player in the white shirt with number 20 doing?,"['Walking on the field.', 'Preparing for a penalty kick.', 'Waving to the crowd.', 'Kneeling on the ground.']",Kneeling on the ground.,D,D) Kneeling on the ground.,D,100.0,14.0,15,426,1.0,False,286,2940,0.0973,392,2,15000,0,64,1
Real-Time_Visual_Understanding__sample_6,Real-Time Visual Understanding_sample_6_2,Object Perception,What brand is advertised on the boards behind the goal?,"['Adidas.', 'Nike.', 'Pepsi.', 'Kia Motors.']",Kia Motors.,D,D) Kia Motors.,D,100.0,145.0,146,426,1.0,False,1511,28616,0.0528,1764,9,15000,0,64,1
Real-Time_Visual_Understanding__sample_6,Real-Time Visual Understanding_sample_6_3,Event Understanding,What is the crowd's reaction during the player's preparation for the penalty kick?,"['Celebrating wildly.', 'Leaving the stadium.', 'Booing the player.', 'Seemingly in prayer or anticipation.']",Seemingly in prayer or anticipation.,D,D) Seemingly in prayer or anticipation.,D,100.0,151.0,152,426,1.0,False,1591,29792,0.0534,1960,10,15000,0,64,1
Real-Time_Visual_Understanding__sample_6,Real-Time Visual Understanding_sample_6_4,Action Perception,What is the player in the black jersey doing just now?,"['Raising both arms.', 'Moving away from the ball.', 'Running toward the crowd.', 'Bending down to adjust the football.']",Bending down to adjust the football.,D,D) Bending down to adjust the football.,D,100.0,293.0,294,426,1.0,False,2942,57624,0.0511,3332,17,15000,0,64,1
Real-Time_Visual_Understanding__sample_6,Real-Time Visual Understanding_sample_6_5,Text-Rich Understanding,What is written on the back of the goalkeeper's jersey?,"['SMITH 10.', 'JONES 15.', 'SCHEMEICHEL 1.', 'MARTIN 8.']",SCHEMEICHEL 1.,C,C) SCHEMEICHEL 1.,C,100.0,425.0,426,426,1.0,False,4235,83496,0.0507,4704,24,15000,0,64,1
Real-Time_Visual_Understanding__sample_7,Real-Time Visual Understanding_sample_7_1,Event Understanding,What is happening in the penalty area of the football field?,"['A player is preparing to take a penalty kick.', 'A player is scoring a goal.', 'A fight is breaking out.', 'The referee is ending the game.']",A player is preparing to take a penalty kick.,A,A) A player is preparing to take a penalty kick.,A,100.0,16.0,17,397,1.0,False,266,3332,0.0798,392,2,15000,0,64,1
Real-Time_Visual_Understanding__sample_7,Real-Time Visual Understanding_sample_7_2,Event Understanding,What happens after the penalty kick is taken?,"['The penalty kick was saved by the goalkeeper.', 'The goalkeeper catches the ball.', 'The ball goes into the bottom left of the net.', 'The ball is deflected by a defender.']",The penalty kick was saved by the goalkeeper.,A,C) The ball goes into the bottom left of the net.,C,0.0,135.0,136,397,1.0,False,1077,26656,0.0404,1372,7,15000,0,64,1
Real-Time_Visual_Understanding__sample_7,Real-Time Visual Understanding_sample_7_4,Event Understanding,What happens after the goalkeeper dives to his right?,"['The ball goes past the goalkeeper.', 'The goalkeeper catches the ball.', 'The player misses the goal.', 'The ball hits the post.']",The ball goes past the goalkeeper.,A,A) The ball goes past the goalkeeper.,A,100.0,258.0,259,397,1.0,False,2140,50764,0.0422,2548,13,15000,0,64,1
Real-Time_Visual_Understanding__sample_7,Real-Time Visual Understanding_sample_7_3,Action Perception,What does the player in the white and light blue striped jersey do after running forward?,"['Passes the ball.', 'Stops running.', 'Celebrates.', 'Kicks the ball towards the goal.']",Kicks the ball towards the goal.,D,D) Kicks the ball towards the goal.,D,100.0,260.0,261,397,1.0,False,2166,51156,0.0423,2744,14,15000,0,64,1
Real-Time_Visual_Understanding__sample_7,Real-Time Visual Understanding_sample_7_5,Event Understanding,What event is taking place right now?,"['A soccer match celebration.', 'A concert.', 'A protest.', 'A graduation ceremony.']",A soccer match celebration.,A,A) A soccer match celebration.,A,100.0,396.0,397,397,1.0,False,3466,77812,0.0445,4116,21,15000,0,64,1
Real-Time_Visual_Understanding__sample_8,Real-Time Visual Understanding_sample_8_1,Attribute Perception,What is the color and number of the football player's jersey who is preparing for a penalty kick?,"['Red, 10.', 'Blue, 14.', 'Black, 22.', 'White, 26.']","White, 26.",D,"D) White, 26.",D,100.0,5.0,6,257,1.0,False,258,1176,0.2194,392,2,15000,0,64,1
Real-Time_Visual_Understanding__sample_8,Real-Time Visual Understanding_sample_8_2,Attribute Perception,What name and number are on the goalkeeper's jersey righ now?,"['COSTA, 26.', 'RONALDO, 7.', 'MESSI, 10.', 'DIOGO COSTA, 22.']","DIOGO COSTA, 22.",D,"A) COSTA, 26.",A,0.0,14.0,15,257,1.0,False,390,2940,0.1327,588,3,15000,0,64,1
Real-Time_Visual_Understanding__sample_8,Real-Time Visual Understanding_sample_8_3,Text-Rich Understanding,What advertisement is visible around the perimeter of the field right now?,"['""Airbnb"".', '""Expedia"".', '""Booking.com"".', '""TripAdvisor"".']","""Booking.com"".",C,"A) ""Airbnb"".",A,0.0,85.0,86,257,1.0,False,1241,16856,0.0736,1568,8,15000,0,64,1
Real-Time_Visual_Understanding__sample_8,Real-Time Visual Understanding_sample_8_4,Attribute Perception,What colors are present on the shirt of the fan holding the scarf?,"['Red with white trimming.', 'Green with red trimming.', 'Yellow with red trimming.', 'Red with green trimming.']",Red with green trimming.,D,D) Red with green trimming.,D,100.0,163.0,164,257,1.0,False,2058,32144,0.064,2548,13,15000,0,64,1
Real-Time_Visual_Understanding__sample_8,Real-Time Visual Understanding_sample_8_5,Event Understanding,What is the outcome of Bernardo's penalty kick?,"['The ball hits the post.', 'The ball goes out of bounds.', 'The goalkeeper saves the ball.', 'The ball hits the back of the net.']",The ball hits the back of the net.,D,C) The goalkeeper saves the ball.,C,0.0,256.0,257,257,1.0,False,3023,50372,0.06,3528,18,15000,0,64,1
Real-Time_Visual_Understanding__sample_9,Real-Time Visual Understanding_sample_9_1,Text-Rich Understanding,What card is this person playing now?,"['Nine of Spades.', 'Six of Spades.', 'Nine of Hearts.', 'Seven of Diamonds.']",Nine of Spades.,A,A) Nine of Spades.,A,100.0,11.0,12,76,1.0,False,291,2352,0.1237,392,2,15000,0,64,1
Real-Time_Visual_Understanding__sample_9,Real-Time Visual Understanding_sample_9_2,Clips Summarize,What does the video primarily capture?,"['A card game in progress between two individuals.', 'A cooking tutorial.', 'A conversation between two people.', 'A travel vlog.']",A card game in progress between two individuals.,A,A) A card game in progress between two individuals.,A,100.0,19.0,20,76,1.0,False,347,3920,0.0885,588,3,15000,0,64,1
Real-Time_Visual_Understanding__sample_9,Real-Time Visual Understanding_sample_9_3,Object Perception,What else is on the table besides the playing cards and a black object?,"['A pair of glasses.', 'A computer.', 'A pile of books.', 'A stack of notebooks.']",A pair of glasses.,A,A) A pair of glasses.,A,100.0,54.0,55,76,1.0,False,560,10780,0.0519,980,5,15000,0,64,1
Real-Time_Visual_Understanding__sample_9,Real-Time Visual Understanding_sample_9_4,Attribute Perception,What type of shirt is the opponent wearing?,"['A blue and white patterned shirt.', 'A plain white shir.', 'A yellow patterned shirt.', 'A red checkered shirt.']",A blue and white patterned shirt.,A,A) A blue and white patterned shirt.,A,100.0,71.0,72,76,1.0,False,695,14112,0.0492,1176,6,15000,0,64,1
Real-Time_Visual_Understanding__sample_9,Real-Time Visual Understanding_sample_9_5,Prospective Reasoning,What will the camera holder most likely do next?,"['Place Four of hearts onto the central pile.', 'Place the Ace of Spades onto the discard pile.', 'Put the Seven of Diamonds onto the foundation stack.', 'Move the King of Clubs to the empty tableau column.']",Place Four of hearts onto the central pile.,A,A) Place Four of hearts onto the central pile.,A,100.0,75.0,76,76,1.0,False,727,14896,0.0488,1372,7,15000,0,64,1
Real-Time_Visual_Understanding__sample_10,Real-Time Visual Understanding_sample_10_1,Attribute Perception,What is the color of the sky right now?,"['Clear with sunshine.', 'Overcast with heavy clouds.', 'Dark and stormy.', 'Clear with scattered clouds.']",Overcast with heavy clouds.,B,D) Clear with scattered clouds.,D,0.0,31.0,32,458,1.0,False,363,6272,0.0579,392,2,15000,0,64,1
Real-Time_Visual_Understanding__sample_10,Real-Time Visual Understanding_sample_10_2,Event Understanding,What happens after the person stops mashing and places the bowl to one side?,"['He pick up pineapple from the table.', 'He begin slicing a yellow fruit.', 'He start grilling pineapple and meat.', 'He pour sauce into a small white bowl.']",He pick up pineapple from the table.,A,D) He pour sauce into a small white bowl.,D,0.0,128.0,129,458,1.0,False,809,25284,0.032,980,5,15000,0,64,1
Real-Time_Visual_Understanding__sample_10,Real-Time Visual Understanding_sample_10_3,Spatial Understanding,How are the food items arranged on the grill?,"['The buns are on the right side, and the vegetables and meat are on the left side.', 'The buns are on the top, and the vegetables and meat are on the bottom.', 'The buns are on the left side, and the vegetables and meat are on the right side.', 'The buns are at the center, and the vegetables and meat are on both sides.']","The buns are on the left side, and the vegetables and meat are on the right side.",C,"C) The buns are on the left side, and the vegetables and meat",C,100.0,282.0,283,458,1.0,False,1775,55468,0.032,1960,10,15000,0,64,1
Real-Time_Visual_Understanding__sample_10,Real-Time Visual Understanding_sample_10_4,Attribute Perception,Which item placed on the grill has a yellow color?,"['Meat slices.', 'Bell pepper.', 'Pineapple.', 'Hamburger buns.']",Pineapple.,C,C) Pineapple.,C,100.0,304.0,305,458,1.0,False,1924,59780,0.0322,2156,11,15000,0,64,1
Real-Time_Visual_Understanding__sample_10,Real-Time Visual Understanding_sample_10_5,Attribute Perception,What item is the person holding right now?,"['A white rectangular plate with hamburgers.', 'A white circular plate with a fish.', 'A blue rectangular plate with a salad.', 'A green square plate with a pie.']",A white rectangular plate with hamburgers.,A,A) A white rectangular plate with hamburgers.,A,100.0,457.0,458,458,1.0,False,2767,89768,0.0308,3136,16,15000,0,64,1
Real-Time_Visual_Understanding__sample_11,Real-Time Visual Understanding_sample_11_1,Object Perception,What is prominently displayed in red letters on the top shelf in the kitchen?,"['EAT.', 'COOK.', 'CHEF.', 'BAKE.']",COOK.,B,B) COOK.,B,100.0,22.0,23,503,1.0,False,403,4508,0.0894,588,3,15000,0,64,1
Real-Time_Visual_Understanding__sample_11,Real-Time Visual Understanding_sample_11_2,Action Perception,What action does the person take with the cauliflower?,"['He put it back on the counter.', 'He wash it under the sink.', 'He position it on a cutting board and cut it.', 'He place it in a bowl.']",He position it on a cutting board and cut it.,C,C) He position it on a cutting board and cut it.,C,100.0,80.0,81,503,1.0,False,875,15876,0.0551,1176,6,15000,0,64,1
Real-Time_Visual_Understanding__sample_11,Real-Time Visual Understanding_sample_11_3,Action Perception,What is the person doing with the cauliflower right now?,"['Cutting it.', 'Seasoning it.', 'Placing it in the frying pan.', 'Washing it.']",Placing it in the frying pan.,C,C) Placing it in the frying pan.,C,100.0,128.0,129,503,1.0,False,1282,25284,0.0507,1764,9,15000,0,64,1
Real-Time_Visual_Understanding__sample_11,Real-Time Visual Understanding_sample_11_4,Event Understanding,What action does the person perform after adding the golden liquid to the bowl?,"['Begins stirring the mixture.', 'Starts cutting vegetables.', 'Places the bowl on the counter.', 'Prepares another ingredient.']",Begins stirring the mixture.,A,D) Prepares another ingredient.,D,0.0,431.0,432,503,1.0,False,3532,84672,0.0417,4116,21,15000,0,64,1
Real-Time_Visual_Understanding__sample_11,Real-Time Visual Understanding_sample_11_5,Object Perception,What is the person holding right now?,"['A knife and a bowl.', 'A spoon and a knife.', 'A spoon and a towel.', 'A frying pan and a spatula.']",A spoon and a towel.,C,A) A knife and a bowl.,A,0.0,502.0,503,503,1.0,False,4097,98588,0.0416,4704,24,15000,0,64,1
Real-Time_Visual_Understanding__sample_12,Real-Time Visual Understanding_sample_12_1,Attribute Perception,What color shirt is the man wearing when he holds the white plate with a piece of raw steak?,"['Dark gray.', 'Green.', 'Blue.', 'White.']",Dark gray.,A,A) Dark gray.,A,100.0,57.0,58,665,1.0,False,682,11368,0.06,784,4,15000,0,64,1
Real-Time_Visual_Understanding__sample_12,Real-Time Visual Understanding_sample_12_2,Object Perception,What object is the person holding and gesturing towards right now?,"['A frying pan.', 'A bowl of radishes.', 'A jar of chili flakes.', 'A plate with raw meat.']",A plate with raw meat.,D,D) A plate with raw meat.,D,100.0,85.0,86,665,1.0,False,900,16856,0.0534,1176,6,15000,0,64,1
Real-Time_Visual_Understanding__sample_12,Real-Time Visual Understanding_sample_12_3,Object Perception,What is the person holding in their hand?,"['A spatula.', 'A wooden spoon.', 'A fork.', 'Red tongs.']",Red tongs.,D,D) Red tongs.,D,100.0,185.0,186,665,1.0,False,1635,36456,0.0448,1960,10,15000,0,64,1
Real-Time_Visual_Understanding__sample_12,Real-Time Visual Understanding_sample_12_4,Object Perception,What is the man holding in his right hand while preparing food on the cutting board?,"['A jar of salt.', 'Half a lemon.', 'A red vegetable.', 'A small white bowl.']",A small white bowl.,D,D) A small white bowl.,D,100.0,544.0,545,665,1.0,False,4358,106820,0.0408,4704,24,15000,0,64,1
Real-Time_Visual_Understanding__sample_12,Real-Time Visual Understanding_sample_12_5,Text-Rich Understanding,What is the title of the cookbook prominently featured?,"['""Gordon Ramsay in 10: Delicious Recipes Made in a Flash"".', '""Jamie Oliver\'s 30-Minute Meals"".', '""Gordon Ramsay\'s Ultimate Cookery Course"".', '""Nigella Express: Good Food Fast"".']","""Gordon Ramsay in 10: Delicious Recipes Made in a Flash"".",A,"A) ""Gordon Ramsay in 10: Delicious Recipes Made in",A,100.0,664.0,665,665,1.0,False,5303,130340,0.0407,5684,29,15000,0,64,1
Real-Time_Visual_Understanding__sample_13,Real-Time Visual Understanding_sample_13_1,Attribute Perception,What shirt color is the individual wearing right now?,"['Dark blue.', 'Grey.', 'White.', 'Dark green.']",Dark green.,D,A) Dark blue.,A,0.0,21.0,22,687,1.0,False,377,4312,0.0874,392,2,15000,0,64,1
Real-Time_Visual_Understanding__sample_13,Real-Time Visual Understanding_sample_13_2,Action Perception,What was the person doing while holding the grater over the bowl?,"['Slicing the orange.', 'Mixing ingredients.', 'Washing the orange.', 'Grating the orange peel.']",Grating the orange peel.,D,D) Grating the orange peel.,D,100.0,426.0,427,687,1.0,False,3889,83692,0.0465,3920,20,15000,0,64,1
Real-Time_Visual_Understanding__sample_13,Real-Time Visual Understanding_sample_13_3,Causal Reasoning,Why does the man bend over the counter?,"['To pick up a dropped item.', 'To peel an orange.', 'To check the stove.', 'To clean the counter.']",To peel an orange.,B,B) To peel an orange.,B,100.0,497.0,498,687,1.0,False,4538,97608,0.0465,4704,24,15000,0,64,1
Real-Time_Visual_Understanding__sample_13,Real-Time Visual Understanding_sample_13_4,Object Perception,What tool is the person using to grate the orange?,"['Cheese grater.', 'Knife.', 'Peeler.', 'Microplane.']",Microplane.,D,A) Cheese grater.,A,0.0,575.0,576,687,1.0,False,5195,112896,0.046,5488,28,15000,0,64,1
Real-Time_Visual_Understanding__sample_13,Real-Time Visual Understanding_sample_13_5,Object Perception,What is the man sprinkling onto the dish in the kitchen?,"['Sugar.', 'Flour.', 'Cocoa powder.', 'Sliced nut.']",Sliced nut.,D,D) Sliced nut.,D,100.0,686.0,687,687,1.0,False,6218,134652,0.0462,6664,34,15000,0,64,1
Real-Time_Visual_Understanding__sample_14,Real-Time Visual Understanding_sample_14_1,Object Perception,What is displayed prominently in the center at the very beginning of the video?,"['A clock with hands.', 'A knife and fork.', 'A kitchen setting.', 'A large number ""10"".']","A large number ""10"".",D,"D) A large number ""10"".",D,100.0,20.0,21,622,1.0,False,361,4116,0.0877,392,2,15000,0,64,1
Real-Time_Visual_Understanding__sample_14,Real-Time Visual Understanding_sample_14_2,Object Perception,What item is the man holding while adding seasoning to the bowl?,"['A small jar.', 'A wooden spoon.', 'A bottle of oil.', 'A thin, red, rectangular can.']","A thin, red, rectangular can.",D,"D) A thin, red, rectangular can.",D,100.0,74.0,75,622,1.0,False,777,14700,0.0529,980,5,15000,0,64,1
Real-Time_Visual_Understanding__sample_14,Real-Time Visual Understanding_sample_14_3,Event Understanding,What does the person do immediately after transferring the seasoned chicken to the grill pan?,"['Adds oil to the pan.', 'Sprinkles additional seasoning onto the meat.', 'Places the glass bowl in the sink.', 'Turns up the heat on the stove.']",Sprinkles additional seasoning onto the meat.,B,B) Sprinkles additional seasoning onto the meat.,B,100.0,132.0,133,622,1.0,False,1226,26068,0.047,1568,8,15000,0,64,1
Real-Time_Visual_Understanding__sample_14,Real-Time Visual Understanding_sample_14_4,Action Perception,What does the person do with the avocado after cutting it?,"['Adds it whole to the blender.', 'Mashes it with a spoon.', 'Scoops out the flesh and places it into the blending container.', 'Peels off the skin and discards it.']",Scoops out the flesh and places it into the blending container.,C,C) Scoops out the flesh and places it into the blending container.,C,100.0,274.0,275,622,1.0,False,2471,53900,0.0458,2940,15,15000,0,64,1
Real-Time_Visual_Understanding__sample_14,Real-Time Visual Understanding_sample_14_5,Object Perception,What are some of the components of the salad on the cutting board?,"['Spinach, red cabbage, tomato, feta cheese, and olives.', 'Lettuce, red cabbage, tomato, feta cheese, and croutons.', 'Spinach, red cabbage, avocado, feta cheese, and croutons.', 'Lettuce, red cabbage, avocado, feta cheese, and croutons, chicken.']","Lettuce, red cabbage, avocado, feta cheese, and croutons, chicken.",D,"C) Spinach, red cabbage, avocado, feta cheese, and cr",C,0.0,621.0,622,622,1.0,False,5073,121912,0.0416,5684,29,15000,0,64,1
Real-Time_Visual_Understanding__sample_15,Real-Time Visual Understanding_sample_15_1,Action Perception,What does the person do right after zesting the lime over the bowl?,"['Mixes the ingredients with a spoon.', 'Adds another ingredient from a bottle.', 'Places the lime on the countertop.', 'Mixes the ingredients by his hand.']",Mixes the ingredients by his hand.,D,D) Mixes the ingredients by his hand.,D,100.0,92.0,93,522,1.0,False,1107,18228,0.0607,1176,6,15000,0,64,1
Real-Time_Visual_Understanding__sample_15,Real-Time Visual Understanding_sample_15_2,Object Perception,What item is the man holding in his left hand right now?,"['A spatula.', 'A red pepper mill.', 'A glass bowl.', 'A bottle of olive oil.']",A bottle of olive oil.,D,B) A red pepper mill.,B,0.0,160.0,161,522,1.0,False,1564,31556,0.0496,1764,9,15000,0,64,1
Real-Time_Visual_Understanding__sample_15,Real-Time Visual Understanding_sample_15_3,Attribute Perception,What colors are visible in the dish of rice on the stovetop?,"['White, red, and green.', 'White and green.', 'Brown and green.', 'Brown, red, and green.']","White, red, and green.",A,"D) Brown, red, and green.",D,0.0,279.0,280,522,1.0,False,2559,54880,0.0466,2940,15,15000,0,64,1
Real-Time_Visual_Understanding__sample_15,Real-Time Visual Understanding_sample_15_4,Attribute Perception,What color are the walls in the kitchen?,"['White.', 'Black.', 'Green.', 'Blue.']",White.,A,A) White.,A,100.0,305.0,306,522,1.0,False,2735,59976,0.0456,3136,16,15000,0,64,1
Real-Time_Visual_Understanding__sample_15,Real-Time Visual Understanding_sample_15_5,Event Understanding,What sequence of actions was the person follow after tilting the pan?,"['Pouring food into a bowl, setting the pan aside, and wiping the countertop.', 'Chopping vegetables, stirring the pan, and explaining the recipe.', 'Pouring food into a bowl, adding more ingredients, and tasting the dish.', 'Stirring the food, plating the dish, and washing utensils.']","Pouring food into a bowl, setting the pan aside, and wiping the countertop.",A,"A) Pouring food into a bowl, setting the pan aside, and wiping",A,100.0,521.0,522,522,1.0,False,4315,102312,0.0422,4900,25,15000,0,64,1
Real-Time_Visual_Understanding__sample_16,Real-Time Visual Understanding_sample_16_1,Object Perception,What is the man from the introduction holding in his hand right now?,"['A cookbook.', 'A knife.', 'A towel.', 'A spatula.']",A towel.,C,B) A knife.,B,0.0,9.0,10,660,1.0,False,289,1960,0.1474,392,2,15000,0,64,1
Real-Time_Visual_Understanding__sample_16,Real-Time Visual Understanding_sample_16_2,Object Perception,What is placed on the ridged grill pan right now?,"['A large piece of raw ground meat.', 'A piece of chicken.', 'A slice of bread.', 'A fish fillet.']",A large piece of raw ground meat.,A,A) A large piece of raw ground meat.,A,100.0,327.0,328,660,1.0,False,2466,64288,0.0384,2744,14,15000,0,64,1
Real-Time_Visual_Understanding__sample_16,Real-Time Visual Understanding_sample_16_3,Object Perception,What items are present on the grill pan right now?,"['Chicken breast, tomato slices, and mushrooms.', 'Grilled onions, beef patty, and bacon strips.', 'Fish fillets, asparagus, and lemon slices.', 'Sausage links, green peppers, and onions.']","Grilled onions, beef patty, and bacon strips.",B,"A) Chicken breast, tomato slices, and mushrooms.",A,0.0,481.0,482,660,1.0,False,3386,94472,0.0358,3724,19,15000,0,64,1
Real-Time_Visual_Understanding__sample_16,Real-Time Visual Understanding_sample_16_4,Object Perception,What item is displayed on the phone screen right now?,"['A recipe.', 'A cooking video.', 'The time.', 'A shopping list.']",The time.,C,C) The time.,C,100.0,642.0,643,660,1.0,False,4520,126028,0.0359,4900,25,15000,0,64,1
Real-Time_Visual_Understanding__sample_16,Real-Time Visual Understanding_sample_16_5,Action Perception,What does the person with long blonde hair do in the video?,"['Cooks a meal.', 'Washes dishes.', 'Record a video about this food.', 'Sets the table.']",Record a video about this food.,C,A) Cooks a meal.,A,0.0,659.0,660,660,1.0,False,4624,129360,0.0357,5096,26,15000,0,64,1
Real-Time_Visual_Understanding__sample_17,Real-Time Visual Understanding_sample_17_1,Action Perception,What action is the person taking with the meat?,"['He seasons the meat.', 'He lowers the meat into the frying pan.', 'He cuts the meat into pieces.', 'He removes the meat from the frying pan.']",He lowers the meat into the frying pan.,B,A) He seasons the meat.,A,0.0,124.0,125,553,1.0,False,1462,24500,0.0597,1568,8,15000,0,64,1
Real-Time_Visual_Understanding__sample_17,Real-Time Visual Understanding_sample_17_2,Object Perception,What type of fruit is being squeezed right now?,"['Blueberry.', 'Orange.', 'Yellow Plum.', 'Apple.']",Yellow Plum.,C,C) Yellow Plum.,C,100.0,243.0,244,553,1.0,False,2591,47824,0.0542,2744,14,15000,0,64,1
Real-Time_Visual_Understanding__sample_17,Real-Time Visual Understanding_sample_17_3,Object Perception,What is the man using to cook food in the pan?,"['A wooden spoon.', 'A metal spatula.', 'Red kitchen tongs.', 'A fork.']",Red kitchen tongs.,C,C) Red kitchen tongs.,C,100.0,363.0,364,553,1.0,False,3851,71344,0.054,4116,21,15000,0,64,1
Real-Time_Visual_Understanding__sample_17,Real-Time Visual Understanding_sample_17_4,Object Perception,What is simmering in a pan on the right side of the kitchen counter right now?,"['Tomatoes slices.', 'Cooked food.', 'Vegetables.', 'Leafy greens.']",Tomatoes slices.,A,B) Cooked food.,B,0.0,481.0,482,553,1.0,False,4969,94472,0.0526,5292,27,15000,0,64,1
Real-Time_Visual_Understanding__sample_17,Real-Time Visual Understanding_sample_17_5,Action Perception,What is this person doing now right now?,"['Dice the green onions finely.', 'Chop the cilantro finely.', 'Climbing ropes and carabiners.', 'First aid kits and maps.']",Chop the cilantro finely.,B,A) Dice the green onions finely.,A,0.0,552.0,553,553,1.0,False,5687,108388,0.0525,6076,31,15000,0,64,1
Real-Time_Visual_Understanding__sample_18,Real-Time Visual Understanding_sample_18_1,Object Perception,What sign is decorating the upper left portion of the wall behind the man?,"['A blue ""CHEF"" sign.', 'A yellow ""COOK"" sign.', 'A red ""COOK"" sign.', 'A green ""CHEF"" sign.']","A red ""COOK"" sign.",C,"B) A yellow ""COOK"" sign.",B,0.0,40.0,41,546,1.0,False,561,8036,0.0698,588,3,15000,0,64,1
Real-Time_Visual_Understanding__sample_18,Real-Time Visual Understanding_sample_18_2,Object Perception,What is the man at the stove wearing?,"['A green T-shirt.', 'A striped shirt.', 'A dark T-shirt.', ""A chef's hat.""]",A dark T-shirt.,C,C) A dark T-shirt.,C,100.0,117.0,118,546,1.0,False,1199,23128,0.0518,1372,7,15000,0,64,1
Real-Time_Visual_Understanding__sample_18,Real-Time Visual Understanding_sample_18_3,Object Perception,What is the chef holding while stirring the leafy greens in the pan?,"['A metal spoon.', 'A plastic spatula.', 'A wooden spoon.', 'A whisk.']",A wooden spoon.,C,C) A wooden spoon.,C,100.0,200.0,201,546,1.0,False,1914,39396,0.0486,2156,11,15000,0,64,1
Real-Time_Visual_Understanding__sample_18,Real-Time Visual Understanding_sample_18_4,Action Perception,What is the man doing right now?,"['He chops vegetables.', 'He uses spoon to lift yellow pasta from the pot.', 'He pours sauce into the pot.', 'He sets the table.']",He uses spoon to lift yellow pasta from the pot.,B,B) He uses spoon to lift yellow pasta from the pot.,B,100.0,406.0,407,546,1.0,False,3679,79772,0.0461,4116,21,15000,0,64,1
Real-Time_Visual_Understanding__sample_18,Real-Time Visual Understanding_sample_18_5,Text-Rich Understanding,How much time does this person have left now??,"['01:53.', '01:52.', '01:51.', '01:54.']",01:52.,B,A) 01:53.,A,0.0,545.0,546,546,1.0,False,4877,107016,0.0456,5488,28,15000,0,64,1
Real-Time_Visual_Understanding__sample_19,Real-Time Visual Understanding_sample_19_1,Attribute Perception,What is the color of the baking dish filled with flour?,"['Blue.', 'Grey.', 'White.', 'Black.']",Grey.,B,B) Grey.,B,100.0,181.0,182,727,1.0,False,1477,35672,0.0414,1568,8,15000,0,64,1
Real-Time_Visual_Understanding__sample_19,Real-Time Visual Understanding_sample_19_3,Object Perception,What is the person wearing while standing in the kitchen?,"['A blue apron.', 'A white t-shirt.', 'A black jacket.', 'A red sweater.']",A white t-shirt.,B,B) A white t-shirt.,B,100.0,361.0,362,727,1.0,False,2792,70952,0.0394,2940,15,15000,0,64,1
Real-Time_Visual_Understanding__sample_19,Real-Time Visual Understanding_sample_19_2,Object Perception,What item does the person use to mix the contents of the bowl?,"['A spoon.', 'A fork.', 'A whisk.', 'A spatula.']",A whisk.,C,C) A whisk.,C,100.0,363.0,364,727,1.0,False,2812,71344,0.0394,3136,16,15000,0,64,1
Real-Time_Visual_Understanding__sample_19,Real-Time Visual Understanding_sample_19_4,Object Perception,What is on the countertop in front of the man right now?,"['A loaf of bread and a bottle of wine.', 'A bowl of fruit and a bottle of juice.', 'A cutting board with sliced potatoes.', 'A plate of vegetables and a bottle of water.']",A cutting board with sliced potatoes.,C,C) A cutting board with sliced potatoes.,C,100.0,542.0,543,727,1.0,False,4176,106428,0.0392,4508,23,15000,0,64,1
Real-Time_Visual_Understanding__sample_19,Real-Time Visual Understanding_sample_19_5,Object Perception,What is the countertop made of in the kitchen scene?,"['Granite.', 'Wood.', 'Marble.', 'Stainless steel.']",Marble.,C,A) Granite.,A,0.0,726.0,727,727,1.0,False,5505,142492,0.0386,5880,30,15000,0,64,1
Real-Time_Visual_Understanding__sample_20,Real-Time Visual Understanding_sample_20_1,Attribute Perception,What is the color of the man's t-shirt in the initial video?,"['Light blue.', 'Dark navy blue.', 'White.', 'Green.']",Dark navy blue.,B,B) Dark navy blue.,B,100.0,51.0,52,323,1.0,False,495,10192,0.0486,588,3,15000,0,64,1
Real-Time_Visual_Understanding__sample_20,Real-Time Visual Understanding_sample_20_2,Object Perception,What item is the woman initially holding in her left hand right now?,"['A green container.', 'A small saucepan.', 'A white bowl.', 'A can.']",A can.,D,D) A can.,D,100.0,60.0,61,323,1.0,False,562,11956,0.047,784,4,15000,0,64,1
Real-Time_Visual_Understanding__sample_20,Real-Time Visual Understanding_sample_20_3,Object Perception,What item is the woman holding in her left hand right now?,"['A carton of eggs.', 'A white mixing bowl.', 'A whisk.', 'A small white bowl.']",A white mixing bowl.,B,B) A white mixing bowl.,B,100.0,121.0,122,323,1.0,False,980,23912,0.041,1372,7,15000,0,64,1
Real-Time_Visual_Understanding__sample_20,Real-Time Visual Understanding_sample_20_4,Attribute Perception,What color is the fluid being poured onto the griddle?,"['White.', 'Yellow.', 'Brown.', 'Red.']",Yellow.,B,C) Brown.,C,0.0,181.0,182,323,1.0,False,1380,35672,0.0387,1960,10,15000,0,64,1
Real-Time_Visual_Understanding__sample_20,Real-Time Visual Understanding_sample_20_5,Event Understanding,What has this woman just done?,"['Pour the cooked seasonings from the pot onto the chicken wings on the grill.', 'Pour the seasonings from the pot onto the panca.', 'Pour the prepared sauce from the pot onto the roasted fish.', 'Pour the mixed spices from the pot onto the steak being seared.']",Pour the seasonings from the pot onto the panca.,B,A) Pour the cooked seasonings from the pot onto the chicken wings on the,A,0.0,322.0,323,323,1.0,False,2460,63308,0.0389,3136,16,15000,0,64,1
Real-Time_Visual_Understanding__sample_21,Real-Time Visual Understanding_sample_21_1,Object Perception,What is the person holding right now?,"['A spatula.', 'A spoon.', 'An olive oil bottle.', 'A whisk.']",An olive oil bottle.,C,A) A spatula.,A,0.0,66.0,67,316,1.0,False,707,13132,0.0538,784,4,15000,0,64,1
Real-Time_Visual_Understanding__sample_21,Real-Time Visual Understanding_sample_21_2,Object Perception,What is the woman holding over the black frying pan?,"['A wooden spoon.', 'A salt shaker.', 'noodles.', 'A spatula.']",noodles.,C,C) noodles.,C,100.0,165.0,166,316,1.0,False,1293,32536,0.0397,1372,7,15000,0,64,1
Real-Time_Visual_Understanding__sample_21,Real-Time Visual Understanding_sample_21_3,Object Perception,What is the woman holding while she is stirring the pot on the stove?,"['A ladle.', 'A whisk.', 'A tongs.', 'A spatula.']",A tongs.,C,A) A ladle.,A,0.0,185.0,186,316,1.0,False,1395,36456,0.0383,1568,8,15000,0,64,1
Real-Time_Visual_Understanding__sample_21,Real-Time Visual Understanding_sample_21_4,Attribute Perception,What color is the pot being used by the person in the kitchen?,"['Black.', 'Silver.', 'Red.', 'White.']",Silver.,B,B) Silver.,B,100.0,241.0,242,316,1.0,False,1652,47432,0.0348,1960,10,15000,0,64,1
Real-Time_Visual_Understanding__sample_21,Real-Time Visual Understanding_sample_21_5,Object Perception,What item is the woman holding in her hand right now?,"['A red book.', 'A salt grinder.', 'A cup of coffee.', 'A newspaper.']",A salt grinder.,B,B) A salt grinder.,B,100.0,315.0,316,316,1.0,False,2100,61936,0.0339,2548,13,15000,0,64,1
Real-Time_Visual_Understanding__sample_22,Real-Time Visual Understanding_sample_22_1,Object Perception,What is the woman holding in her right hand right now?,"['A silver pot.', 'A green-bottled container.', 'A glass bowl.', 'A silver spoon.']",A silver spoon.,D,B) A green-bottled container.,B,0.0,62.0,63,277,1.0,False,556,12348,0.045,588,3,15000,0,64,1
Real-Time_Visual_Understanding__sample_22,Real-Time Visual Understanding_sample_22_2,Action Perception,What does the woman do after pouring a small amount of a white substance into the pot?,"['Places the bowl on the counter.', 'Looks out the window.', 'Shakes the spoon.', 'Stirs the contents of the pot with a spoon.']",Stirs the contents of the pot with a spoon.,D,D) Stirs the contents of the pot with a spoon.,D,100.0,75.0,76,277,1.0,False,626,14896,0.042,784,4,15000,0,64,1
Real-Time_Visual_Understanding__sample_22,Real-Time Visual Understanding_sample_22_3,Attribute Perception,What color is the woman's nail polish?,"['Red.', 'Pink.', 'Blue.', 'Pale.']",Pale.,D,D) Pale.,D,100.0,183.0,184,277,1.0,False,1421,36064,0.0394,1764,9,15000,0,64,1
Real-Time_Visual_Understanding__sample_22,Real-Time Visual Understanding_sample_22_4,Attribute Perception,What is one of the items visible on the kitchen counter along with the condiments?,"['A red mug.', 'A blue cup.', 'A yellow bowl.', 'A green mug.']",A green mug.,D,A) A red mug.,A,0.0,250.0,251,277,1.0,False,1850,49196,0.0376,2352,12,15000,0,64,1
Real-Time_Visual_Understanding__sample_22,Real-Time Visual Understanding_sample_22_5,Action Perception,What has this woman just done?,"['She starts cleaning the pan.', 'She begins to wash the plate.', 'She opens the refrigerator.', 'She chop the green onions on the cutting board.']",She chop the green onions on the cutting board.,D,D) She chop the green onions on the cutting board.,D,100.0,276.0,277,277,1.0,False,2014,54292,0.0371,2548,13,15000,0,64,1
Real-Time_Visual_Understanding__sample_23,Real-Time Visual Understanding_sample_23_1,Text-Rich Understanding,What text appears on the screen right now?,"['""RAMSAY in 10"".', '""RAMSAY in 5"".', '""COOKING in 10"".', '""CHEF in 10"".']","""RAMSAY in 10"".",A,"A) ""RAMSAY in 10"".",A,100.0,18.0,19,259,1.0,False,277,3724,0.0744,392,2,15000,0,64,1
Real-Time_Visual_Understanding__sample_23,Real-Time Visual Understanding_sample_23_2,Object Perception,What item is the woman holding while stirring the pot?,"['A wooden spoon.', 'A glass bottle of oil.', 'A pepper grinder.', 'A small bowl.']",A small bowl.,D,A) A wooden spoon.,A,0.0,62.0,63,259,1.0,False,574,12348,0.0465,784,4,15000,0,64,1
Real-Time_Visual_Understanding__sample_23,Real-Time Visual Understanding_sample_23_3,Attribute Perception,What is the woman wearing while she is cooking?,"['A black off-the-shoulder top.', 'A white apron.', 'A red shirt.', 'A blue dress.']",A black off-the-shoulder top.,A,A) A black off-the-shoulder top.,A,100.0,132.0,133,259,1.0,False,1051,26068,0.0403,1372,7,15000,0,64,1
Real-Time_Visual_Understanding__sample_23,Real-Time Visual Understanding_sample_23_4,Object Perception,What is being sautéed in the black frying pan?,"['Diced onions and green vegetables.', 'Sliced potatoes and pieces of meat.', 'Diced onions and mushrooms.', 'Diced onions and pieces of meat.']",Diced onions and pieces of meat.,D,D) Diced onions and pieces of meat.,D,100.0,231.0,232,259,1.0,False,1786,45472,0.0393,2156,11,15000,0,64,1
Real-Time_Visual_Understanding__sample_23,Real-Time Visual Understanding_sample_23_5,Causal Reasoning,Why does the woman lift the frying pan at a slight angle and shake it?,"['To add more oil to the pan.', 'To check if the contents are cooked.', 'To ensure the ingredients are moved around for even cooking.', 'To cool down the pan.']",To ensure the ingredients are moved around for even cooking.,C,C) To ensure the ingredients are moved around for even cooking.,C,100.0,258.0,259,259,1.0,False,1983,50764,0.0391,2548,13,15000,0,64,1
Real-Time_Visual_Understanding__sample_24,Real-Time Visual Understanding_sample_24_1,Object Perception,What is the woman wearing?,"['A red dress with white dots.', 'A blue blouse with yellow stripes.', 'A green apron with floral patterns.', 'A white sleeveless top with black polka dots.']",A white sleeveless top with black polka dots.,D,D) A white sleeveless top with black polka dots.,D,100.0,60.0,61,350,1.0,False,518,11956,0.0433,588,3,15000,0,64,1
Real-Time_Visual_Understanding__sample_24,Real-Time Visual Understanding_sample_24_2,Action Perception,What action is the woman performing with the spice jar?,"['She is shaking the spice jar over the ingredients.', 'She is pouring the spice directly into the bowl.', 'She is spooning the spice into the bowl.', 'She is closing the lid of the spice jar.']",She is spooning the spice into the bowl.,C,C) She is spooning the spice into the bowl.,C,100.0,84.0,85,350,1.0,False,645,16660,0.0387,784,4,15000,0,64,1
Real-Time_Visual_Understanding__sample_24,Real-Time Visual Understanding_sample_24_3,Text-Rich Understanding,What text appeared on the just now?,"['""Cooking Time: 10 minutes"".', '""Season to Taste"".', '""Ingredients: Beef, Salt, Pepper"".', '""Recipe is in the description below"".']","""Recipe is in the description below"".",D,"D) ""Recipe is in the description below"".",D,100.0,177.0,178,350,1.0,False,1208,34888,0.0346,1372,7,15000,0,64,1
Real-Time_Visual_Understanding__sample_24,Real-Time Visual Understanding_sample_24_4,Object Perception,What is the woman holding right now?,"['A spoon.', 'A white bowl.', 'A pepper mill.', 'A green bottle of olive oil.']",A green bottle of olive oil.,D,B) A white bowl.,B,0.0,246.0,247,350,1.0,False,1767,48412,0.0365,1960,10,15000,0,64,1
Real-Time_Visual_Understanding__sample_24,Real-Time Visual Understanding_sample_24_5,Text-Rich Understanding,How much time does this person have left now??,"['10s.', 'More than ten seconds.', '20s.', 'Less than ten seconds.']",Less than ten seconds.,D,D) Less than ten seconds.,D,100.0,349.0,350,350,1.0,False,2531,68600,0.0369,2744,14,15000,0,64,1
Real-Time_Visual_Understanding__sample_25,Real-Time Visual Understanding_sample_25_1,Attribute Perception,What color is the coat worn by the man standing in front of the blue background with the text __AMSAY in 10_?,"['Black.', 'Dark blue.', 'Light grey.', 'White.']",White.,D,D) White.,D,100.0,3.0,4,485,1.0,False,217,784,0.2768,392,2,15000,0,64,1
Real-Time_Visual_Understanding__sample_25,Real-Time Visual Understanding_sample_25_2,Attribute Perception,What color shirt is the person wearing right now?,"['Light blue.', 'White.', 'Green.', 'Dark navy blue.']",Dark navy blue.,D,D) Dark navy blue.,D,100.0,130.0,131,485,1.0,False,904,25676,0.0352,1176,6,15000,0,64,1
Real-Time_Visual_Understanding__sample_25,Real-Time Visual Understanding_sample_25_3,Object Perception,What is the person holding with his left hand right now?,"['A pot lid.', 'A wooden spoon.', 'A bowl of peas.', 'A frying pan handle.']",A frying pan handle.,D,A) A pot lid.,A,0.0,164.0,165,485,1.0,False,1085,32340,0.0335,1372,7,15000,0,64,1
Real-Time_Visual_Understanding__sample_25,Real-Time Visual Understanding_sample_25_4,Object Perception,What is the man adding to the pan with oil?,"['Diced vegetables.', 'Pasta.', 'Herbs.', 'Diced meat.']",Diced meat.,D,D) Diced meat.,D,100.0,329.0,330,485,1.0,False,2145,64680,0.0332,2548,13,15000,0,64,1
Real-Time_Visual_Understanding__sample_25,Real-Time Visual Understanding_sample_25_5,Object Perception,What ingredients are being cooked in the frying pan?,"['Chunks of beef, onion slices, and bits of pepper.', 'Slices of chicken, garlic cloves, and bits of zucchini.', 'Pieces of fish, broccoli florets, and bits of carrot.', 'Chunks of ham, mushroom slices, and bits of pepper.']","Chunks of ham, mushroom slices, and bits of pepper.",D,"D) Chunks of ham, mushroom slices, and bits of pepper.",D,100.0,484.0,485,485,1.0,False,2980,95060,0.0313,3528,18,15000,0,64,1
Real-Time_Visual_Understanding__sample_26,Real-Time Visual Understanding_sample_26_1,Action Perception,What is the person doing right now?,"['Sprinkle seasonings into the pot.', 'Pours oil into the pans.', 'Slices vegetables on the counter.', 'Washes hands at the sink.']",Sprinkle seasonings into the pot.,A,A) Sprinkle seasonings into the pot.,A,100.0,127.0,128,387,1.0,False,1152,25088,0.0459,1176,6,15000,0,64,1
Real-Time_Visual_Understanding__sample_26,Real-Time Visual Understanding_sample_26_2,Event Understanding,What does the person do after adding an ingredient to the pans?,"['Adjust the food in the pot to evenly distribute the seasonings on top.', 'Adjusts the heat of the pans.', 'Cleans the countertop.', 'Moves to the dining table.']",Adjust the food in the pot to evenly distribute the seasonings on top.,A,A) Adjust the food in the pot to evenly distribute the seasonings on top,A,100.0,131.0,132,387,1.0,False,1190,25872,0.046,1372,7,15000,0,64,1
Real-Time_Visual_Understanding__sample_26,Real-Time Visual Understanding_sample_26_3,Object Perception,What item is holding by his right hand right now?,"['A bottle.', 'Only vegetables.', 'Only meat pieces.', 'Sliced fruits.']",A bottle.,A,A) A bottle.,A,100.0,361.0,362,387,1.0,False,2927,70952,0.0413,3136,16,15000,0,64,1
Real-Time_Visual_Understanding__sample_26,Real-Time Visual Understanding_sample_26_4,Action Perception,What action is the person performing right now?,"['Pours the contents into the frying pan.', 'Puts the bottle back in the refrigerator.', 'Places the bottle on the counter.', 'Drinks from the bottle.']",Pours the contents into the frying pan.,A,A) Pours the contents into the frying pan.,A,100.0,374.0,375,387,1.0,False,3023,73500,0.0411,3332,17,15000,0,64,1
Real-Time_Visual_Understanding__sample_26,Real-Time Visual Understanding_sample_26_5,Causal Reasoning,Why does the person shake the frying pan after pouring the liquid into it?,"['To mix the ingredients.', 'To cool down the pan.', 'To stop the steam.', 'To clean the pan.']",To mix the ingredients.,A,C) To stop the steam.,C,0.0,386.0,387,387,1.0,False,3123,75852,0.0412,3528,18,15000,0,64,1
Real-Time_Visual_Understanding__sample_27,Real-Time Visual Understanding_sample_27_1,Object Perception,What is the person using to stir the contents in the frying pan?,"['A wooden spoon.', 'A metal spatula.', 'A red spatula.', 'A plastic spoon.']",A red spatula.,C,C) A red spatula.,C,100.0,121.0,122,506,1.0,False,991,23912,0.0414,1176,6,15000,0,64,1
Real-Time_Visual_Understanding__sample_27,Real-Time Visual Understanding_sample_27_2,Prospective Reasoning,What is the man likely to do next after reaching out to grab another ingredient from the countertop?,"['Serve the dish immediately.', 'Add the new ingredient to the frying pan.', 'Clean the countertop.', 'Turn off the stove.']",Add the new ingredient to the frying pan.,B,B) Add the new ingredient to the frying pan.,B,100.0,328.0,329,506,1.0,False,2546,64484,0.0395,2744,14,15000,0,64,1
Real-Time_Visual_Understanding__sample_27,Real-Time Visual Understanding_sample_27_3,Event Understanding,What is the main activity the man is engaged in right now?,"['Cooking shrimp.', 'Preparing a salad.', 'Washing vegetables.', 'Baking bread.']",Cooking shrimp.,A,A) Cooking shrimp.,A,100.0,384.0,385,506,1.0,False,2996,75460,0.0397,3332,17,15000,0,64,1
Real-Time_Visual_Understanding__sample_27,Real-Time Visual Understanding_sample_27_4,Object Perception,What is the chef stirring in the pot?,"['A sauce.', 'Vegetables.', 'noodles.', 'Shrimp.']",noodles.,C,D) Shrimp.,D,0.0,482.0,483,506,1.0,False,3796,94668,0.0401,4312,22,15000,0,64,1
Real-Time_Visual_Understanding__sample_27,Real-Time Visual Understanding_sample_27_5,Object Perception,What item is used by the chef to handle the food inside the pot?,"['A spoon.', 'A spatula.', 'A pair of tongs.', 'A fork.']",A pair of tongs.,C,C) A pair of tongs.,C,100.0,505.0,506,506,1.0,False,3895,99176,0.0393,4508,23,15000,0,64,1
Real-Time_Visual_Understanding__sample_28,Real-Time Visual Understanding_sample_28_1,Text-Rich Understanding,What text appears at the top right of the screen right now?,"['""Live Recording"".', '""Previously Recorded Live"".', '""Recording Now"".', '""Live Now"".']","""Previously Recorded Live"".",B,"A) ""Live Recording"".",A,0.0,13.0,14,661,1.0,False,332,2744,0.121,392,2,15000,0,64,1
Real-Time_Visual_Understanding__sample_28,Real-Time Visual Understanding_sample_28_2,Action Perception,What action does the man take after placing the potato slices in the frying pan?,"['He adds seasoning to the potatoes.', 'He sprinkles seasonings on the potatoes.', 'He washes his hands.', 'He prepares another dish.']",He sprinkles seasonings on the potatoes.,B,B) He sprinkles seasonings on the potatoes.,B,100.0,324.0,325,661,1.0,False,2945,63700,0.0462,3136,16,15000,0,64,1
Real-Time_Visual_Understanding__sample_28,Real-Time Visual Understanding_sample_28_3,Attribute Perception,What does the man do to ensure the potatoes cook evenly in the pan?,"['He stirs them constantly.', 'He arranges them to avoid overlapping.', 'He covers the pan.', 'He adds more oil.']",He arranges them to avoid overlapping.,B,B) He arranges them to avoid overlapping.,B,100.0,331.0,332,661,1.0,False,3009,65072,0.0462,3332,17,15000,0,64,1
Real-Time_Visual_Understanding__sample_28,Real-Time Visual Understanding_sample_28_4,Object Perception,What is this person doing right now?,"['He is chopping green onions.', 'He is slicing carrots.', 'He is dicing tomatoes.', 'He is mincing garlic.']",He is slicing carrots.,B,A) He is chopping green onions.,A,0.0,639.0,640,661,1.0,False,5301,125440,0.0423,5684,29,15000,0,64,1
Real-Time_Visual_Understanding__sample_28,Real-Time Visual Understanding_sample_28_5,Event Understanding,What is the person doing with the bowl right now?,"['Putting it in the microwave.', 'Washing it in the sink.', 'Mixing its contents with a spoon.', 'Placing it back on the counter.']",Mixing its contents with a spoon.,C,C) Mixing its contents with a spoon.,C,100.0,660.0,661,661,1.0,False,5438,129556,0.042,5880,30,15000,0,64,1
Real-Time_Visual_Understanding__sample_29,Real-Time Visual Understanding_sample_29_1,Object Perception,What objects can be seen on the shelves in the background of the kitchen?,"['plants.', 'Plates, cups, and kitchen utensils.', 'Cans and jars.', 'Pots and pans.']","Plates, cups, and kitchen utensils.",B,"B) Plates, cups, and kitchen utensils.",B,100.0,20.0,21,499,1.0,False,358,4116,0.087,392,2,15000,0,64,1
Real-Time_Visual_Understanding__sample_29,Real-Time Visual Understanding_sample_29_2,Object Perception,What is the person holding in their right hand?,"['A bottle of seasoning.', 'A white plate.', 'A mortar and pestle.', 'A cutting board.']",A bottle of seasoning.,A,B) A white plate.,B,0.0,125.0,126,499,1.0,False,1195,24696,0.0484,1372,7,15000,0,64,1
Real-Time_Visual_Understanding__sample_29,Real-Time Visual Understanding_sample_29_3,Attribute Perception,"What color is the prominent ""COOK"" sign in the kitchen background?","['Blue.', 'Green.', 'Yellow.', 'Red.']",Red.,D,D) Red.,D,100.0,247.0,248,499,1.0,False,2123,48608,0.0437,2352,12,15000,0,64,1
Real-Time_Visual_Understanding__sample_29,Real-Time Visual Understanding_sample_29_4,Action Perception,What is the person doing right now?,"['Scooping ingredients from a bowl.', 'Folding a white kitchen towel.', 'Adjusting the heat on the stovetop.', 'Washing their hands.']",Folding a white kitchen towel.,B,A) Scooping ingredients from a bowl.,A,0.0,247.0,248,499,1.0,False,2123,48608,0.0437,2352,12,15000,0,64,1
Real-Time_Visual_Understanding__sample_29,Real-Time Visual Understanding_sample_29_5,Object Perception,What tool does the person use to handle the food in the pans?,"['A spoon.', 'A fork.', 'A spatula.', 'Tongs.']",A spatula.,C,D) Tongs.,D,0.0,498.0,499,499,1.0,False,4034,97804,0.0412,4312,22,15000,0,64,1
Real-Time_Visual_Understanding__sample_30,Real-Time Visual Understanding_sample_30_1,Event Understanding,What is the main activity occurring in the kitchen during the whole video?,"['Cooking demonstration.', 'Kitchen cleaning.', 'Family dinner.', 'Food tasting.']",Cooking demonstration.,A,A) Cooking demonstration.,A,100.0,190.0,191,740,1.0,False,1417,37436,0.0379,1568,8,15000,0,64,1
Real-Time_Visual_Understanding__sample_30,Real-Time Visual Understanding_sample_30_2,Event Understanding,What is the person behind the counter doing?,"['Cleaning the countertop.', 'Preparing food.', 'Washing dishes.', 'Reading a recipe.']",Preparing food.,B,B) Preparing food.,B,100.0,276.0,277,740,1.0,False,2084,54292,0.0384,2352,12,15000,0,64,1
Real-Time_Visual_Understanding__sample_30,Real-Time Visual Understanding_sample_30_3,Action Perception,What does the person do after finishing chopping the onion?,"['Put the chopped onions into the frying pan.', 'Starts frying sausages.', 'Begins chopping another vegetable.', 'Adds the onion to the pot.']",Put the chopped onions into the frying pan.,A,A) Put the chopped onions into the frying pan.,A,100.0,392.0,393,740,1.0,False,3162,77028,0.0411,3528,18,15000,0,64,1
Real-Time_Visual_Understanding__sample_30,Real-Time Visual Understanding_sample_30_4,Object Perception,What is the person using to stir the pot of yellow mixture?,"['A wooden spoon.', 'A metal fork.', 'A pink spatula.', 'A blue spatula and a plastic spoon.']",A pink spatula.,C,D) A blue spatula and a plastic spoon.,D,0.0,732.0,733,740,1.0,False,5814,143668,0.0405,6272,32,15000,0,64,1
Real-Time_Visual_Understanding__sample_30,Real-Time Visual Understanding_sample_30_5,Event Understanding,How does the mixture change as the person continues to stir it?,"['It becomes chunkier.', 'It separates into layers.', 'It becomes smoother and more uniform in color.', 'It loses its color.']",It becomes smoother and more uniform in color.,C,C) It becomes smoother and more uniform in color.,C,100.0,739.0,740,740,1.0,False,5848,145040,0.0403,6468,33,15000,0,64,1
Real-Time_Visual_Understanding__sample_31,Real-Time Visual Understanding_sample_31_1,Text-Rich Understanding,What word appears on the bottom left of the frame while the man continues his explanation?,"['COOK.', 'RAMSAY.', 'HOT.', 'READY.']",HOT.,C,C) HOT.,C,100.0,13.0,14,373,1.0,False,333,2744,0.1214,392,2,15000,0,64,1
Real-Time_Visual_Understanding__sample_31,Real-Time Visual Understanding_sample_31_3,Action Perception,What is the man doing with the chicken right now?,"['Frying it.', 'Cutting it.', 'Washing it.', 'Coating the chicken with flour.']",Coating the chicken with flour.,D,D) Coating the chicken with flour.,D,100.0,120.0,121,373,1.0,False,1447,23716,0.061,1568,8,15000,0,64,1
Real-Time_Visual_Understanding__sample_31,Real-Time Visual Understanding_sample_31_2,Object Perception,What is the man wearing in the kitchen?,"['A blue apron.', 'A red t-shirt.', 'A green t-shirt.', 'A white shirt.']",A green t-shirt.,C,C) A green t-shirt.,C,100.0,160.0,161,373,1.0,False,1726,31556,0.0547,1960,10,15000,0,64,1
Real-Time_Visual_Understanding__sample_31,Real-Time Visual Understanding_sample_31_4,Object Perception,What is the person dipping their hand into right now?,"['A bowl of flour.', 'A bowl of breadcrumbs.', 'A bowl of beaten eggs.', 'A bowl of green herbs.']",A bowl of beaten eggs.,C,C) A bowl of beaten eggs.,C,100.0,242.0,243,373,1.0,False,2242,47628,0.0471,2548,13,15000,0,64,1
Real-Time_Visual_Understanding__sample_31,Real-Time Visual Understanding_sample_31_5,Counting,How many pieces of fried chicken are there in the frying pan right now?,"['3', '4', '7', '9']",4,B,D) 9,D,0.0,372.0,373,373,1.0,False,3242,73108,0.0443,3724,19,15000,0,64,1
Real-Time_Visual_Understanding__sample_32,Real-Time Visual Understanding_sample_32_1,Object Perception,What is the person using to chop the onion?,"['A small wooden knife.', 'A sliver knife.', 'A pair of scissors.', 'A fork.']",A sliver knife.,B,A) A small wooden knife.,A,0.0,122.0,123,385,1.0,False,1201,24108,0.0498,1372,7,15000,0,64,1
Real-Time_Visual_Understanding__sample_32,Real-Time Visual Understanding_sample_32_2,Spatial Understanding,How are the yellow corn and onions distributed in the frying pan?,"['Randomly scattered.', 'Piled in the center.', 'Evenly distributed.', 'Grouped separately.']",Evenly distributed.,C,C) Evenly distributed.,C,100.0,139.0,140,385,1.0,False,1357,27440,0.0495,1568,8,15000,0,64,1
Real-Time_Visual_Understanding__sample_32,Real-Time Visual Understanding_sample_32_3,Object Perception,What is the person holding in one hand at the stove?,"['A wooden spoon.', 'A pan.', 'A bowl.', 'A knife.']",A pan.,B,B) A pan.,B,100.0,242.0,243,385,1.0,False,2288,47628,0.048,2548,13,15000,0,64,1
Real-Time_Visual_Understanding__sample_32,Real-Time Visual Understanding_sample_32_5,Attribute Perception,What is the color of the towel used to clean the hands?,"['Blue.', 'White.', 'Red.', 'Yellow.']",White.,B,A) Blue.,A,0.0,367.0,368,385,1.0,False,3349,72128,0.0464,3724,19,15000,0,64,1
Real-Time_Visual_Understanding__sample_32,Real-Time Visual Understanding_sample_32_4,Event Understanding,Where does the person transfer the food after cooking?,"['Onto a white plate on the left countertop.', 'Onto a white plate on the right countertop.', 'Into a bowl on the left countertop.', 'Into a bowl on the right countertop.']",Onto a white plate on the right countertop.,B,B) Onto a white plate on the right countertop.,B,100.0,384.0,385,385,1.0,False,3464,75460,0.0459,3920,20,15000,0,64,1
Real-Time_Visual_Understanding__sample_33,Real-Time Visual Understanding_sample_33_1,Object Perception,What item is resting on a baking sheet lined with parchment paper?,"['Several red sticks of rhubarb.', 'Two rectangular pieces of dough.', 'A bowl of beaten eggs.', 'A pile of orange slices.']",Two rectangular pieces of dough.,B,A) Several red sticks of rhubarb.,A,0.0,143.0,144,584,1.0,False,1453,28224,0.0515,1568,8,15000,0,64,1
Real-Time_Visual_Understanding__sample_33,Real-Time Visual Understanding_sample_33_2,Action Perception,What does the man do after picking up the brush?,"['Starts stirring a liquid mixture.', 'Apply egg wash to the dough.', 'Adjusts the position of the baking tray.', 'Reaches for a couple of cut pieces of rhubarb.']",Apply egg wash to the dough.,B,D) Reaches for a couple of cut pieces of rhubarb.,D,0.0,150.0,151,584,1.0,False,1535,29596,0.0519,1764,9,15000,0,64,1
Real-Time_Visual_Understanding__sample_33,Real-Time Visual Understanding_sample_33_3,Object Perception,What is the person using to grate the orange?,"['A spoon.', 'A knife.', 'A grater.', 'A fork.']",A grater.,C,C) A grater.,C,100.0,561.0,562,584,1.0,False,5060,110152,0.0459,5292,27,15000,0,64,1
Real-Time_Visual_Understanding__sample_33,Real-Time Visual Understanding_sample_33_4,Attribute Perception,What color is the bowls' mixture into which the orange zest is grated?,"['Yellow.', 'White.', 'Green.', 'Brown.']",White.,B,A) Yellow.,A,0.0,567.0,568,584,1.0,False,5120,111328,0.046,5488,28,15000,0,64,1
Real-Time_Visual_Understanding__sample_33,Real-Time Visual Understanding_sample_33_5,Causal Reasoning,Why does the person use a knife after grating the orange?,"['To clean the countertop.', 'To chop more ingredients.', 'To scrape the zest off the grater into the bowl.', 'To cut the orange into slices.']",To scrape the zest off the grater into the bowl.,C,C) To scrape the zest off the grater into the bowl.,C,100.0,583.0,584,584,1.0,False,5262,114464,0.046,5684,29,15000,0,64,1
Real-Time_Visual_Understanding__sample_34,Real-Time Visual Understanding_sample_34_1,Attribute Perception,What color is the shirt worn by the person mixing ingredients at the kitchen counter?,"['Red.', 'Blue.', 'Green.', 'Yellow.']",Blue.,B,B) Blue.,B,100.0,151.0,152,566,1.0,False,1442,29792,0.0484,1568,8,15000,0,64,1
Real-Time_Visual_Understanding__sample_34,Real-Time Visual Understanding_sample_34_2,Text-Rich Understanding,How much time does the person have left to complete their task according to the producer?,"['5 minutes 30 seconds.', '7 minutes 30 seconds.', '8 minutes 30 seconds.', '9 minutes 30 seconds.']",8 minutes 30 seconds.,C,A) 5 minutes 30 seconds.,A,0.0,170.0,171,566,1.0,False,1551,33516,0.0463,1764,9,15000,0,64,1
Real-Time_Visual_Understanding__sample_34,Real-Time Visual Understanding_sample_34_3,Object Perception,What is the person vigorously mixing in a glass bowl?,"['A white creamy mixture.', 'A brown mixture.', 'A yellow batter.', 'A green sauce.']",A brown mixture.,B,A) A white creamy mixture.,A,0.0,282.0,283,566,1.0,False,2252,55468,0.0406,2548,13,15000,0,64,1
Real-Time_Visual_Understanding__sample_34,Real-Time Visual Understanding_sample_34_4,Object Perception,What does the person use to mix the batter-like substance?,"['A metal whisk.', 'A wooden spoon.', 'A red spatula.', 'A plastic fork.']",A wooden spoon.,B,A) A metal whisk.,A,0.0,423.0,424,566,1.0,False,3163,83104,0.0381,3528,18,15000,0,64,1
Real-Time_Visual_Understanding__sample_34,Real-Time Visual Understanding_sample_34_5,Object Perception,What does the man place inside the microwave?,"['A small white bowl.', 'A silver pot.', 'A glass jar.', 'A blue plate.']",A small white bowl.,A,A) A small white bowl.,A,100.0,565.0,566,566,1.0,False,4193,110936,0.0378,4704,24,15000,0,64,1
Real-Time_Visual_Understanding__sample_35,Real-Time Visual Understanding_sample_35_1,Object Perception,What is the man holding in his right hand?,"['A pen.', 'A spatula.', 'An olive oil bottle.', 'A remote.']",An olive oil bottle.,C,B) A spatula.,B,0.0,196.0,197,730,1.0,False,1625,38612,0.0421,1764,9,15000,0,64,1
Real-Time_Visual_Understanding__sample_35,Real-Time Visual Understanding_sample_35_2,Object Perception,What is the person holding in his hand right now?,"['A spoon and a piece of ginger.', 'A knife and a towel.', 'A fork and a piece of onion.', 'A spatula and a piece of pepper.']",A knife and a towel.,B,A) A spoon and a piece of ginger.,A,0.0,360.0,361,730,1.0,False,2988,70756,0.0422,3136,16,15000,0,64,1
Real-Time_Visual_Understanding__sample_35,Real-Time Visual Understanding_sample_35_3,Action Perception,What action is the person performing right now?,"['Stirring a pot.', 'Slicing an onion.', 'Chopping garlic.', 'Peeling potatoes.']",Chopping garlic.,C,D) Peeling potatoes.,D,0.0,369.0,370,730,1.0,False,3069,72520,0.0423,3332,17,15000,0,64,1
Real-Time_Visual_Understanding__sample_35,Real-Time Visual Understanding_sample_35_4,Object Perception,What color is the handle of the frying pan that contains meat inside?,"['Black.', 'Silver.', 'Red.', 'Blue.']",Red.,C,C) Red.,C,100.0,541.0,542,730,1.0,False,4416,106232,0.0416,4704,24,15000,0,64,1
Real-Time_Visual_Understanding__sample_35,Real-Time Visual Understanding_sample_35_5,Action Perception,What does the person do after adding yogurt into the pot?,"['Turns off the stove.', 'Begins mixing the contents of the pot.', 'Places a lid on the pot.', 'Adds more green vegetables.']",Begins mixing the contents of the pot.,B,B) Begins mixing the contents of the pot.,B,100.0,729.0,730,730,1.0,False,5896,143080,0.0412,6272,32,15000,0,64,1
Real-Time_Visual_Understanding__sample_36,Real-Time Visual Understanding_sample_36_1,Attribute Perception,What color are the kitchen cupboards?,"['Dark blue.', 'Light green.', 'White.', 'Yellow.']",Light green.,B,A) Dark blue.,A,0.0,202.0,203,800,1.0,False,1718,39788,0.0432,1764,9,15000,0,64,1
Real-Time_Visual_Understanding__sample_36,Real-Time Visual Understanding_sample_36_2,Action Perception,What is the person doing with the box grater?,"['Slicing bread.', 'Chopping vegetables.', 'Peeling potatoes.', 'Grating a yellow ingredient.']",Grating a yellow ingredient.,D,D) Grating a yellow ingredient.,D,100.0,207.0,208,800,1.0,False,1748,40768,0.0429,1960,10,15000,0,64,1
Real-Time_Visual_Understanding__sample_36,Real-Time Visual Understanding_sample_36_3,Object Perception,What is the person in a blue shirt chopping on the wooden cutting board?,"['Red bell pepper.', 'Carrots.', 'Green bell pepper.', 'Onions.']",Red bell pepper.,A,A) Red bell pepper.,A,100.0,402.0,403,800,1.0,False,3327,78988,0.0421,3724,19,15000,0,64,1
Real-Time_Visual_Understanding__sample_36,Real-Time Visual Understanding_sample_36_4,Object Perception,What is the person holding right now?,"['A wooden spoon.', 'A metal spatula.', 'A whisk.', 'A ladle.']",A wooden spoon.,A,B) A metal spatula.,B,0.0,602.0,603,800,1.0,False,4990,118188,0.0422,5488,28,15000,0,64,1
Real-Time_Visual_Understanding__sample_36,Real-Time Visual Understanding_sample_36_5,Object Perception,What is the person holding in the right hand right now?,"['A pen.', 'A ladle.', 'A pan.', 'A rolling pin.']",A pan.,C,D) A rolling pin.,D,0.0,799.0,800,800,1.0,False,6521,156800,0.0416,7056,36,15000,0,64,1
Real-Time_Visual_Understanding__sample_37,Real-Time Visual Understanding_sample_37_1,Object Perception,What is the man holding up to the camera with his right hand right now?,"['An egg.', 'A spoon.', 'A bell pepper.', 'A chopping board.']",An egg.,A,C) A bell pepper.,C,0.0,154.0,155,615,1.0,False,1319,30380,0.0434,1372,7,15000,0,64,1
Real-Time_Visual_Understanding__sample_37,Real-Time Visual Understanding_sample_37_2,Event Understanding,What is the man doing with the egg after holding it up to the camera?,"['Cracking it into a bowl.', 'Placing it on the table.', 'Cooking it in a pan.', 'Putting it back in the refrigerator.']",Placing it on the table.,B,A) Cracking it into a bowl.,A,0.0,178.0,179,615,1.0,False,1510,35084,0.043,1568,8,15000,0,64,1
Real-Time_Visual_Understanding__sample_37,Real-Time Visual Understanding_sample_37_3,Object Perception,What is spread over the chunks of minced meat in the frying pan?,"['Red chili slices.', 'Green peppers.', 'Yellow corn.', 'White onion rings.']",Red chili slices.,A,A) Red chili slices.,A,100.0,311.0,312,615,1.0,False,2500,61152,0.0409,2744,14,15000,0,64,1
Real-Time_Visual_Understanding__sample_37,Real-Time Visual Understanding_sample_37_4,Attribute Perception,What is notable about the knife the person is using?,"['It is a large silver knife.', 'It has a wooden handle.', 'It is a small paring knife.', 'It has a serrated edge.']",It is a large silver knife.,A,D) It has a serrated edge.,D,0.0,503.0,504,615,1.0,False,3756,98784,0.038,4116,21,15000,0,64,1
Real-Time_Visual_Understanding__sample_37,Real-Time Visual Understanding_sample_37_5,Object Perception,What vegetables are being stir-fried in the black pan?,"['Sliced mushrooms, red and green bell peppers, and other greens.', 'Carrots, peas, and broccoli.', 'Zucchini, tomatoes, and onions.', 'Eggplants, spinach, and corn.']","Sliced mushrooms, red and green bell peppers, and other greens.",A,"A) Sliced mushrooms, red and green bell peppers, and other greens.",A,100.0,614.0,615,615,1.0,False,4619,120540,0.0383,5096,26,15000,0,64,1
Real-Time_Visual_Understanding__sample_38,Real-Time Visual Understanding_sample_38_1,Object Perception,What does the person in the teal shirt grasp with both hands?,"['A cauliflower head.', 'A frying pan.', 'A cutting board.', 'A glass container.']",A cauliflower head.,A,A) A cauliflower head.,A,100.0,124.0,125,379,1.0,False,1264,24500,0.0516,1372,7,15000,0,64,1
Real-Time_Visual_Understanding__sample_38,Real-Time Visual Understanding_sample_38_2,Action Perception,What does the person do after picking up a pinch of seasoning or salt?,"['Places it on the cutting board.', 'Puts it back in the container.', 'Hands it to someone else.', 'Sprinkles it over the cauliflower.']",Sprinkles it over the cauliflower.,D,D) Sprinkles it over the cauliflower.,D,100.0,138.0,139,379,1.0,False,1328,27244,0.0487,1568,8,15000,0,64,1
Real-Time_Visual_Understanding__sample_38,Real-Time Visual Understanding_sample_38_3,Object Perception,What is the person holding above the glass mixing bowl?,"['A small bottle of golden liquid.', 'A jar of honey.', 'A bottle of olive oil.', 'A cup of vinegar.']",A small bottle of golden liquid.,A,A) A small bottle of golden liquid.,A,100.0,366.0,367,379,1.0,False,3105,71932,0.0432,3528,18,15000,0,64,1
Real-Time_Visual_Understanding__sample_38,Real-Time Visual Understanding_sample_38_4,Object Perception,Which utensil is the person using to stir the mixture?,"['Spoon.', 'Fork.', 'Whisk.', 'Spatula.']",Spoon.,A,C) Whisk.,C,0.0,375.0,376,379,1.0,False,3156,73696,0.0428,3724,19,15000,0,64,1
Real-Time_Visual_Understanding__sample_38,Real-Time Visual Understanding_sample_38_5,Clips Summarize,What is the overall activity taking place in the kitchen?,"['Making a delicate cauliflower dish.', 'Baking a cake.', 'Making a sandwich.', 'Cooking pasta.']",Making a delicate cauliflower dish.,A,A) Making a delicate cauliflower dish.,A,100.0,378.0,379,379,1.0,False,3160,74284,0.0425,3920,20,15000,0,64,1
Real-Time_Visual_Understanding__sample_39,Real-Time Visual Understanding_sample_39_1,Object Perception,What is the person in the blue T-shirt pouring into the pan?,"['Oil.', 'Water.', 'Milk.', 'Vinegar.']",Oil.,A,A) Oil.,A,100.0,105.0,106,404,1.0,False,1124,20776,0.0541,1176,6,15000,0,64,1
Real-Time_Visual_Understanding__sample_39,Real-Time Visual Understanding_sample_39_2,Object Perception,Which of the following items is NOT mentioned as being on the countertop?,"['A blender.', 'A bowl of cauliflower.', 'A chopping board with diced ingredients.', 'Butter.']",A blender.,A,D) Butter.,D,0.0,105.0,106,404,1.0,False,1124,20776,0.0541,1176,6,15000,0,64,1
Real-Time_Visual_Understanding__sample_39,Real-Time Visual Understanding_sample_39_3,Object Perception,What is the man holding in his right hand right now?,"['A frying pan.', 'A spoon.', 'A knife.', 'A red container.']",A frying pan.,A,A) A frying pan.,A,100.0,200.0,201,404,1.0,False,1888,39396,0.0479,1960,10,15000,0,64,1
Real-Time_Visual_Understanding__sample_39,Real-Time Visual Understanding_sample_39_4,Object Perception,What is the man in the blue T-shirt pulling out from the oven?,"['two bread.', 'A pie.', 'A cake.', 'A pot.']",two bread.,A,A) two bread.,A,100.0,301.0,302,404,1.0,False,2714,59192,0.0459,2940,15,15000,0,64,1
Real-Time_Visual_Understanding__sample_39,Real-Time Visual Understanding_sample_39_5,Object Perception,What is the person using to arrange food on the baking tray right now?,"['His hands.', 'Spoon.', 'Tongs.', 'Spatula.']",His hands.,A,A) His hands.,A,100.0,403.0,404,404,1.0,False,3503,79184,0.0442,3920,20,15000,0,64,1
Real-Time_Visual_Understanding__sample_40,Real-Time Visual Understanding_sample_40_1,Text-Rich Understanding,What is prominently displayed behind the person standing against a blue backdrop?,"['""CHEF in 10"".', '""COOK in 10"".', '""BAKE in 10"".', '""RAMSAY in 10"".']","""RAMSAY in 10"".",D,"D) ""RAMSAY in 10"".",D,100.0,20.0,21,507,1.0,False,361,4116,0.0877,392,2,15000,0,64,1
Real-Time_Visual_Understanding__sample_40,Real-Time Visual Understanding_sample_40_2,Object Perception,What is the person adding to the blender cup?,"['Fresh fruits.', 'Spices.', 'Oil.', 'Fresh herbs.']",Fresh herbs.,D,D) Fresh herbs.,D,100.0,240.0,241,507,1.0,False,2197,47236,0.0465,2352,12,15000,0,64,1
Real-Time_Visual_Understanding__sample_40,Real-Time Visual Understanding_sample_40_3,Object Perception,What is the person slicing with the knife?,"['Lemon.', 'Meat.', 'Apple.', 'Bread.']",Bread.,D,A) Lemon.,A,0.0,481.0,482,507,1.0,False,4006,94472,0.0424,4312,22,15000,0,64,1
Real-Time_Visual_Understanding__sample_40,Real-Time Visual Understanding_sample_40_5,Causal Reasoning,What indicates that the grill pan is hot?,"['The grill pan has lemons on it.', 'The grill pan is emitting steam.', 'The grill pan is being repositioned.', 'The grill pan is making noise.']",The grill pan is emitting steam.,B,B) The grill pan is emitting steam.,B,100.0,492.0,493,507,1.0,False,4028,96628,0.0417,4508,23,15000,0,64,1
Real-Time_Visual_Understanding__sample_40,Real-Time Visual Understanding_sample_40_4,Attribute Perception,What food is on the baking tray now?,"['Two slices of lemon and a roasted chicken.', 'Three slices of lime and a grilled fish.', 'Four slices of orange and a baked ham.', 'Five slices of cucumber and a roasted turkey.']",Two slices of lemon and a roasted chicken.,A,A) Two slices of lemon and a roasted chicken.,A,100.0,506.0,507,507,1.0,False,4162,99372,0.0419,4704,24,15000,0,64,1
Real-Time_Visual_Understanding__sample_41,Real-Time Visual Understanding_sample_41_1,Object Perception,What is the man standing in front of in the initial video?,"['A wooden cabinet.', 'A glass door.', 'A blackboard.', 'A stainless steel refrigerator.']",A stainless steel refrigerator.,D,D) A stainless steel refrigerator.,D,100.0,20.0,21,245,1.0,False,298,4116,0.0724,392,2,15000,0,64,1
Real-Time_Visual_Understanding__sample_41,Real-Time Visual Understanding_sample_41_3,Action Perception,What does the woman do after opening the jar?,"['Pour the seasoning inside it into the white bowl with eggs.', 'Looks out the window.', 'Moves to the refrigerator.', 'Picks up a loaf of bread.']",Pour the seasoning inside it into the white bowl with eggs.,A,A) Pour the seasoning inside it into the white bowl with eggs.,A,100.0,63.0,64,245,1.0,False,559,12544,0.0446,784,4,15000,0,64,1
Real-Time_Visual_Understanding__sample_41,Real-Time Visual Understanding_sample_41_2,Object Perception,What is the woman holding in her left hand?,"['A loaf of bread.', 'A carton of milk.', 'A frying pan.', 'A jar.']",A jar.,D,D) A jar.,D,100.0,64.0,65,245,1.0,False,564,12740,0.0443,980,5,15000,0,64,1
Real-Time_Visual_Understanding__sample_41,Real-Time Visual Understanding_sample_41_4,Action Perception,What is the woman doing right now?,"['Pour the cereal from the box into a transparent glass of water.', 'Pour the sugar from the jar into a cup of hot tea.', 'Pour the pasta from the bag into a pot of boiling water.', 'Pour the flour from the container into a bowl of milk.']",Pour the cereal from the box into a transparent glass of water.,A,A) Pour the cereal from the box into a transparent glass of water.,A,100.0,120.0,121,245,1.0,False,938,23716,0.0396,1372,7,15000,0,64,1
Real-Time_Visual_Understanding__sample_41,Real-Time Visual Understanding_sample_41_5,Object Perception,What does the woman use to ensure the bread is evenly coated with the mixture?,"['A spoon.', 'Her fingers.', 'A fork.', 'A spatula.']",A spatula.,D,B) Her fingers.,B,0.0,244.0,245,245,1.0,False,1730,48020,0.036,2352,12,15000,0,64,1
Real-Time_Visual_Understanding__sample_42,Real-Time Visual Understanding_sample_42_1,Object Perception,What is the person holding in their right hand at the beginning of the video?,"['A green vegetable.', 'A red bottle cap.', 'A blue utensil.', 'A white jar.']",A red bottle cap.,B,C) A blue utensil.,C,0.0,121.0,122,386,1.0,False,1426,23912,0.0596,1568,8,15000,0,64,1
Real-Time_Visual_Understanding__sample_42,Real-Time Visual Understanding_sample_42_2,Attribute Perception,What are the colors of the cabinets and the walls in the kitchen?,"['Red cabinets and white walls.', 'Blue cabinets and white brick walls.', 'White cabinets and blue walls.', 'Green cabinets and white brick walls.']",Blue cabinets and white brick walls.,B,B) Blue cabinets and white brick walls.,B,100.0,160.0,161,386,1.0,False,1785,31556,0.0566,1960,10,15000,0,64,1
Real-Time_Visual_Understanding__sample_42,Real-Time Visual Understanding_sample_42_3,Object Perception,What does the person hold over after touching the handle of the pan?,"['A frying pan.', 'A bowl filled with shredded ingredients.', 'A pot.', 'A set of knives.']",A bowl filled with shredded ingredients.,B,B) A bowl filled with shredded ingredients.,B,100.0,363.0,364,386,1.0,False,3281,71344,0.046,3528,18,15000,0,64,1
Real-Time_Visual_Understanding__sample_42,Real-Time Visual Understanding_sample_42_5,Text-Rich Understanding,What do the decorative letters on the top shelf spell?,"['EAT.', 'CHEF.', 'COOK.', 'FOOD.']",COOK.,C,C) COOK.,C,100.0,365.0,366,386,1.0,False,3295,71736,0.0459,3724,19,15000,0,64,1
Real-Time_Visual_Understanding__sample_42,Real-Time Visual Understanding_sample_42_4,Counting,How many active burners are revealed in the top-down view of the stove?,"['One.', 'Two.', 'Five.', 'Four.']",Five.,C,D) Four.,D,0.0,385.0,386,386,1.0,False,3486,75656,0.0461,3920,20,15000,0,64,1
Real-Time_Visual_Understanding__sample_43,Real-Time Visual Understanding_sample_43_1,Object Perception,What item is being held by a person at the beginning?,"['A white plate with pasta.', 'A blue bowl with salad.', 'A black pan with meat.', 'A green cup with tea.']",A white plate with pasta.,A,A) A white plate with pasta.,A,100.0,20.0,21,612,1.0,False,300,4116,0.0729,392,2,15000,0,64,1
Real-Time_Visual_Understanding__sample_43,Real-Time Visual Understanding_sample_43_2,Attribute Perception,What color are the slices of garlic as they are being cooked in the frying pan?,"['White.', 'Green.', 'Caramelized.', 'Red.']",White.,A,C) Caramelized.,C,0.0,219.0,220,612,1.0,False,1496,43120,0.0347,1764,9,15000,0,64,1
Real-Time_Visual_Understanding__sample_43,Real-Time Visual Understanding_sample_43_3,Object Perception,What is the person using to stir the pot containing noodles?,"['Wooden spoon.', 'Plastic spatula.', 'Metal tongs.', 'Silicone whisk.']",Metal tongs.,C,A) Wooden spoon.,A,0.0,406.0,407,612,1.0,False,2828,79772,0.0355,3136,16,15000,0,64,1
Real-Time_Visual_Understanding__sample_43,Real-Time Visual Understanding_sample_43_4,Object Perception,What is inside the frying pan right now?,"['A mixture of vegetables, including green peas and diced tomatoes.', 'Boiling water with pasta.', 'Chicken and herbs.', 'A steak and mushrooms.']","A mixture of vegetables, including green peas and diced tomatoes.",A,"A) A mixture of vegetables, including green peas and diced tomatoes.",A,100.0,600.0,601,612,1.0,False,4047,117796,0.0344,4508,23,15000,0,64,1
Real-Time_Visual_Understanding__sample_43,Real-Time Visual Understanding_sample_43_5,Event Understanding,What happens after the chef uses tongs to lift pasta out of the pot?,"['The chef drains the pasta and sets it aside.', 'The chef transfers the pasta to the frying pan containing vegetables.', 'The chef adds seasoning to the boiling water.', 'The chef puts the pasta back into the boiling water.']",The chef transfers the pasta to the frying pan containing vegetables.,B,A) The chef drains the pasta and sets it aside.,A,0.0,611.0,612,612,1.0,False,4138,119952,0.0345,4704,24,15000,0,64,1
Real-Time_Visual_Understanding__sample_44,Real-Time Visual Understanding_sample_44_1,Object Perception,What objects make up the hands of the clock shown at the beginning of the video?,"['Fork and spoon.', 'Knife and spoon.', 'Knife and fork.', 'Spoon and chopstick.']",Knife and fork.,C,C) Knife and fork.,C,100.0,20.0,21,337,1.0,False,366,4116,0.0889,392,2,15000,0,64,1
Real-Time_Visual_Understanding__sample_44,Real-Time Visual Understanding_sample_44_2,Object Perception,What is in the left pan?,"['Pasta and sauce.', 'Pear slices sprinkled with cinnamon powder.', 'Only vegetables.', 'Only meat.']",Pear slices sprinkled with cinnamon powder.,B,B) Pear slices sprinkled with cinnamon powder.,B,100.0,243.0,244,337,1.0,False,1723,47824,0.036,1764,9,15000,0,64,1
Real-Time_Visual_Understanding__sample_44,Real-Time Visual Understanding_sample_44_3,Object Perception,What is the person holding in their right hand at the beginning?,"['A spatula.', 'A striped towel.', 'A fork.', 'A knife.']",A striped towel.,B,D) A knife.,D,0.0,261.0,262,337,1.0,False,1840,51352,0.0358,1960,10,15000,0,64,1
Real-Time_Visual_Understanding__sample_44,Real-Time Visual Understanding_sample_44_4,Attribute Perception,What is the color of the liquid in the mixing bowl that the bread is dipped into?,"['Red.', 'Yellow.', 'Blue.', 'Green.']",Yellow.,B,D) Green.,D,0.0,325.0,326,337,1.0,False,2285,63896,0.0358,2548,13,15000,0,64,1
Real-Time_Visual_Understanding__sample_44,Real-Time Visual Understanding_sample_44_5,Causal Reasoning,Why does the person use a towel?,"['To clean the stove.', 'To avoid burning his hand.', 'To cover the bread.', 'To wipe the counter.']",To avoid burning his hand.,B,B) To avoid burning his hand.,B,100.0,336.0,337,337,1.0,False,2363,66052,0.0358,2744,14,15000,0,64,1
Real-Time_Visual_Understanding__sample_45,Real-Time Visual Understanding_sample_45_1,Object Perception,What is located on the top shelf in the kitchen?,"['Jars and bottles.', 'A large red ""COOK"" sign.', 'A clock.', 'A set of knives.']","A large red ""COOK"" sign.",B,"B) A large red ""COOK"" sign.",B,100.0,8.0,9,407,1.0,False,283,1764,0.1604,392,2,15000,0,64,1
Real-Time_Visual_Understanding__sample_45,Real-Time Visual Understanding_sample_45_2,Action Perception,What is the man doing with his hands right now?,"['Washing dishes.', 'Kneading and mixing food.', 'Cutting vegetables.', 'Stirring a pot.']",Kneading and mixing food.,B,B) Kneading and mixing food.,B,100.0,104.0,105,407,1.0,False,1220,20580,0.0593,1372,7,15000,0,64,1
Real-Time_Visual_Understanding__sample_45,Real-Time Visual Understanding_sample_45_3,Action Perception,What action is the man performing with the mixture on the bowl?,"['Rolling it into a ball.', 'Flattening it.', 'Cutting it into pieces.', 'Mixing it in a bowl.']",Rolling it into a ball.,A,A) Rolling it into a ball.,A,100.0,118.0,119,407,1.0,False,1288,23324,0.0552,1568,8,15000,0,64,1
Real-Time_Visual_Understanding__sample_45,Real-Time Visual Understanding_sample_45_4,Action Perception,What does the person do with the sliced red pepper after cutting it?,"['Stores it in a container.', 'Adds it to a pan with white rice.', 'Throws it away.', 'Eats it.']",Adds it to a pan with white rice.,B,B) Adds it to a pan with white rice.,B,100.0,216.0,217,407,1.0,False,2079,42532,0.0489,2548,13,15000,0,64,1
Real-Time_Visual_Understanding__sample_45,Real-Time Visual Understanding_sample_45_5,Object Perception,What was being picked up by the person just now?,"['Red pepper.', 'Green onions.', 'Sliced cucumbers.', 'Lettuce.']",Green onions.,B,C) Sliced cucumbers.,C,0.0,406.0,407,407,1.0,False,3487,79772,0.0437,4116,21,15000,0,64,1
Real-Time_Visual_Understanding__sample_46,Real-Time Visual Understanding_sample_46_1,Object Perception,What is placed on the gas stove burner right now?,"['A saucepan with boiling water.', 'A kettle with tea.', 'A wok with vegetables.', 'A frying pan containing several garlic.']",A frying pan containing several garlic.,D,D) A frying pan containing several garlic.,D,100.0,79.0,80,415,1.0,False,1012,15680,0.0645,1176,6,15000,0,64,1
Real-Time_Visual_Understanding__sample_46,Real-Time Visual Understanding_sample_46_2,Event Understanding,What is the person doing with the bread on the cutting board?,"['Marinating it.', 'Grilling it.', 'Preparing to cut it.', 'Weighing it.']",Preparing to cut it.,C,C) Preparing to cut it.,C,100.0,119.0,120,415,1.0,False,1363,23520,0.058,1568,8,15000,0,64,1
Real-Time_Visual_Understanding__sample_46,Real-Time Visual Understanding_sample_46_3,Action Perception,What does the person do after placing sandwich slices on the grill pan?,"['Pours oil over the sandwiches.', 'Adds seasoning to the sandwiches.', 'Puts a lid on the grill pan.', 'Turns off the burner.']",Pours oil over the sandwiches.,A,C) Puts a lid on the grill pan.,C,0.0,210.0,211,415,1.0,False,2061,41356,0.0498,2352,12,15000,0,64,1
Real-Time_Visual_Understanding__sample_46,Real-Time Visual Understanding_sample_46_4,Action Perception,What is the person doing right now?,"['Spread the butter onto the piece of toast.', 'Spread the jam onto the biscuit.', 'Spread the condiments onto the slice of bread.', 'Spread the mayonnaise onto the sandwich bun.']",Spread the condiments onto the slice of bread.,C,C) Spread the condiments onto the slice of bread.,C,100.0,314.0,315,415,1.0,False,2818,61740,0.0456,3136,16,15000,0,64,1
Real-Time_Visual_Understanding__sample_46,Real-Time Visual Understanding_sample_46_5,Object Perception,What object is the person using to garnish the food?,"['Fork.', 'Knife.', 'Tongs.', 'Spoon.']",Spoon.,D,D) Spoon.,D,100.0,414.0,415,415,1.0,False,3594,81340,0.0442,3920,20,15000,0,64,1
Real-Time_Visual_Understanding__sample_47,Real-Time Visual Understanding_sample_47_1,Object Perception,What graphic is featured in the video at the beginning?,"['A large white number ""10"" with a spoon and fork positioned like clock hands on a white plate.', 'A large white number ""10"" with a spoon and knife positioned like clock hands on a white plate.', 'A large white number ""10"" with a fork and knife positioned like clock hands on a blue plate.', 'A large white number ""10"" with a fork and knife positioned like clock hands on a white plate.']","A large white number ""10"" with a fork and knife positioned like clock hands on a white plate.",D,"D) A large white number ""10"" with a fork and knife positioned",D,100.0,20.0,21,373,1.0,False,365,4116,0.0887,392,2,15000,0,64,1
Real-Time_Visual_Understanding__sample_47,Real-Time Visual Understanding_sample_47_2,Object Perception,What is the man seasoning on the white plate?,"['Vegetables.', 'Bread.', 'Fish.', 'Raw meat.']",Raw meat.,D,D) Raw meat.,D,100.0,126.0,127,373,1.0,False,1137,24892,0.0457,1176,6,15000,0,64,1
Real-Time_Visual_Understanding__sample_47,Real-Time Visual Understanding_sample_47_3,Object Perception,What is being used to manage the food on the grill?,"['A spatula.', 'A wooden spoon.', 'A fork.', 'A pair of red tongs.']",A pair of red tongs.,D,D) A pair of red tongs.,D,100.0,241.0,242,373,1.0,False,2028,47432,0.0428,2156,11,15000,0,64,1
Real-Time_Visual_Understanding__sample_47,Real-Time Visual Understanding_sample_47_4,Action Perception,What does the man do with the striped cloth?,"['He wipes the counter.', 'He holds it in his right hand.', 'He places it next to the cutting board.', 'He uses it to cover the bread.']",He places it next to the cutting board.,C,C) He places it next to the cutting board.,C,100.0,365.0,366,373,1.0,False,2945,71736,0.0411,3136,16,15000,0,64,1
Real-Time_Visual_Understanding__sample_47,Real-Time Visual Understanding_sample_47_5,Event Understanding,What does the man do immediately after picking up a spoon?,"['He stirs a pot on the stovetop.', 'He scoops some sauce from a bowl.', 'He chops vegetables.', 'He flips food on the grill.']",He scoops some sauce from a bowl.,B,B) He scoops some sauce from a bowl.,B,100.0,372.0,373,373,1.0,False,3019,73108,0.0413,3332,17,15000,0,64,1
Real-Time_Visual_Understanding__sample_48,Real-Time Visual Understanding_sample_48_1,Attribute Perception,What are the prominent colors of the ornament in the middle of the video?,"['Pink, blue, and gold.', 'Red, green, and silver.', 'Black, white, and blue.', 'Yellow, orange, and purple.']","Pink, blue, and gold.",A,"A) Pink, blue, and gold.",A,100.0,3.0,4,411,1.0,False,260,784,0.3316,392,2,15000,0,64,1
Real-Time_Visual_Understanding__sample_48,Real-Time Visual Understanding_sample_48_2,Action Perception,What are the black-gloved hands doing right now?,"['Holding the ornament steadily above the cup for drainage.', 'Placing the ornament on a table.', 'Shaking the ornament to remove excess liquid.', 'Filling the ornament with a new liquid.']",Holding the ornament steadily above the cup for drainage.,A,A) Holding the ornament steadily above the cup for drainage.,A,100.0,120.0,121,411,1.0,False,725,23716,0.0306,980,5,15000,0,64,1
Real-Time_Visual_Understanding__sample_48,Real-Time Visual Understanding_sample_48_3,Action Perception,"What is the person doing right now with the pink container labeled ""Glitter""?","['Pouring fine white glitter into the funnel.', 'Sprinkling glitter on the white cloth.', 'Decorating the ornament with paint.', 'Mixing different colored liquids inside the ornament.']",Pouring fine white glitter into the funnel.,A,A) Pouring fine white glitter into the funnel.,A,100.0,218.0,219,411,1.0,False,1014,42924,0.0236,1372,7,15000,0,64,1
Real-Time_Visual_Understanding__sample_48,Real-Time Visual Understanding_sample_48_4,Action Perception,What are the hands doing right now?,"['Rotating the sphere while applying golden liquid.', 'Placing the sphere on a white cloth.', 'Cleaning the sphere with a cloth.', 'Removing the golden liquid bottle.']",Rotating the sphere while applying golden liquid.,A,A) Rotating the sphere while applying golden liquid.,A,100.0,307.0,308,411,1.0,False,1332,60368,0.0221,1764,9,15000,0,64,1
Real-Time_Visual_Understanding__sample_48,Real-Time Visual Understanding_sample_48_5,Action Perception,What did the person do just now with the metallic-colored paint bottle?,"['Applied paint to the ornament.', 'Shook the bottle vigorously.', 'Poured paint into a plastic cup.', ""Closed the bottle's cap.""]",Applied paint to the ornament.,A,A) Applied paint to the ornament.,A,100.0,410.0,411,411,1.0,False,1714,80556,0.0213,2156,11,15000,0,64,1
Real-Time_Visual_Understanding__sample_49,Real-Time Visual Understanding_sample_49_1,Action Perception,What is the person doing right now?,"['Holding a set of keychains.', 'Displaying a text message.', 'Operating a Cricut cutting machine.', 'Preparing materials for crafting.']",Preparing materials for crafting.,D,A) Holding a set of keychains.,A,0.0,20.0,21,491,1.0,False,380,4116,0.0923,392,2,15000,0,64,1
Real-Time_Visual_Understanding__sample_49,Real-Time Visual Understanding_sample_49_2,Action Perception,What are the hands doing right now?,"['Peeling off a blue sticker.', 'Attaching a purple sticker to a circular sheet.', 'Adjusting and smoothing out a pink sticker.', 'Lifting a piece of pastel pink paper.']",Adjusting and smoothing out a pink sticker.,C,D) Lifting a piece of pastel pink paper.,D,0.0,134.0,135,491,1.0,False,698,26460,0.0264,784,4,15000,0,64,1
Real-Time_Visual_Understanding__sample_49,Real-Time Visual Understanding_sample_49_3,Action Perception,What are the hands doing right now?,"['Stitching a piece of fabric.', 'Writing on a notepad.', 'Adjusting a pink keychain.', 'Sorting different colored beads.']",Adjusting a pink keychain.,C,C) Adjusting a pink keychain.,C,100.0,245.0,246,491,1.0,False,928,48216,0.0192,1176,6,15000,0,64,1
Real-Time_Visual_Understanding__sample_49,Real-Time Visual Understanding_sample_49_4,Action Perception,What name is being typed out right now?,"['Shelby.', 'Katie.', 'Millie.', 'Holly.']",Millie.,C,A) Shelby.,A,0.0,367.0,368,491,1.0,False,1490,72128,0.0207,1764,9,15000,0,64,1
Real-Time_Visual_Understanding__sample_49,Real-Time Visual Understanding_sample_49_5,Action Perception,"What is the ""Katie"" circle doing right now?","['Moving to the left.', 'Adding a heart shape.', 'Displaying a light blue background.', 'Removing the label.']",Moving to the left.,A,B) Adding a heart shape.,B,0.0,490.0,491,491,1.0,False,1959,96236,0.0204,2352,12,15000,0,64,1
Real-Time_Visual_Understanding__sample_50,Real-Time Visual Understanding_sample_50_1,Action Perception,What was shown just now?,"['A detailed view of three circular keychains held in a hand.', 'A person assembling a keychain.', 'A tutorial on Cricut Design Space.', 'A black screen with white text.']",A detailed view of three circular keychains held in a hand.,A,A) A detailed view of three circular keychains held in a hand.,A,100.0,8.0,9,500,1.0,False,321,1764,0.182,392,2,15000,0,64,1
Real-Time_Visual_Understanding__sample_50,Real-Time Visual Understanding_sample_50_2,Action Perception,What is the person doing right now?,"['Arranging a selection of materials on a screen.', 'Smoothing out the vinyl on the mat.', 'Pressing down the teal vinyl to secure it.', 'Inserting the mat into the machine named ""Cricutjoy"".']","Inserting the mat into the machine named ""Cricutjoy"".",D,"D) Inserting the mat into the machine named ""Cricutjoy"".",D,100.0,140.0,141,500,1.0,False,1041,27636,0.0377,1176,6,15000,0,64,1
Real-Time_Visual_Understanding__sample_50,Real-Time Visual Understanding_sample_50_3,Action Perception,What are the hands doing right now?,"['Move the hands closer to the white card.', 'Lift slightly away from the card to inspect the adhesion.', 'Secure the paper by pressing down firmly.', 'Place a new piece of transparent paper with a purple design.']",Lift slightly away from the card to inspect the adhesion.,B,B) Lift slightly away from the card to inspect the adhesion.,B,100.0,247.0,248,500,1.0,False,1269,48608,0.0261,1568,8,15000,0,64,1
Real-Time_Visual_Understanding__sample_50,Real-Time Visual Understanding_sample_50_4,Action Perception,What did the person do just now?,"['Arrange a pink material at the top right.', 'Place a purple piece of material at the bottom left.', 'Position a blue piece of material at the bottom right.', 'Set a mint green piece at the top left.']",Place a purple piece of material at the bottom left.,B,D) Set a mint green piece at the top left.,D,0.0,372.0,373,500,1.0,False,1796,73108,0.0246,2156,11,15000,0,64,1
Real-Time_Visual_Understanding__sample_50,Real-Time Visual Understanding_sample_50_5,Action Perception,What did the person do just now?,"['Attach a purple circular piece with a strip tape.', 'Apply a blue pattern to a square.', 'Arrange pieces of pastel colors on the grid-patterned surface.', 'Hold a tool to adjust the position of the purple circle.']",Apply a blue pattern to a square.,B,C) Arrange pieces of pastel colors on the grid-patterned surface.,C,0.0,499.0,500,500,1.0,False,2102,98000,0.0214,2548,13,15000,0,64,1
Real-Time_Visual_Understanding__sample_51,Real-Time Visual Understanding_sample_51_1,Action Perception,What is being shown just now?,"['Three colorful discs on a grey surface.', 'Hands holding a stack of acrylic blanks.', 'The phrase ""SIX months"" on a red disc.', 'A light pink background with decorative leaves.']",Hands holding a stack of acrylic blanks.,B,B) Hands holding a stack of acrylic blanks.,B,100.0,18.0,19,341,1.0,False,494,3724,0.1327,588,3,15000,0,64,1
Real-Time_Visual_Understanding__sample_51,Real-Time Visual Understanding_sample_51_2,Action Perception,What are the hands doing right now?,"['Holding a black bottle cap over the paper.', 'Tilting the dish slightly and applying pink liquid with a brush.', 'Mixing in another color from one of the bottles.', 'Swirling the brush inside a gold-toned bottle.']",Mixing in another color from one of the bottles.,C,B) Tilting the dish slightly and applying pink liquid with a brush.,B,0.0,92.0,93,341,1.0,False,1019,18228,0.0559,1176,6,15000,0,64,1
Real-Time_Visual_Understanding__sample_51,Real-Time Visual Understanding_sample_51_3,Action Perception,What is the person doing right now?,"['Applying blue ink on a disc using a brush.', 'Mixing different inks in the three bottles.', 'Drawing circles on paper with a pencil.', 'Spreading glue on a piece of paper.']",Applying blue ink on a disc using a brush.,A,A) Applying blue ink on a disc using a brush.,A,100.0,180.0,181,341,1.0,False,1224,35476,0.0345,1568,8,15000,0,64,1
Real-Time_Visual_Understanding__sample_51,Real-Time Visual Understanding_sample_51_4,Action Perception,What is the person doing right now?,"['Rotating the circular object under the light.', 'Cleaning the brushes with water.', 'Adding final touches to the circular object with a steady brushstroke.', 'Placing a golden cap on an ink bottle.']",Adding final touches to the circular object with a steady brushstroke.,C,C) Adding final touches to the circular object with a steady brushstroke.,C,100.0,259.0,260,341,1.0,False,1407,50960,0.0276,1764,9,15000,0,64,1
Real-Time_Visual_Understanding__sample_51,Real-Time Visual Understanding_sample_51_5,Action Perception,What is the left hand doing right now?,"['Holding the pick tool.', 'Peeling back the plastic cover from the green disk.', 'Rotating the green disk.', 'Holding the red disk.']",Holding the red disk.,D,B) Peeling back the plastic cover from the green disk.,B,0.0,340.0,341,341,1.0,False,1762,66836,0.0264,2156,11,15000,0,64,1
Real-Time_Visual_Understanding__sample_52,Real-Time Visual Understanding_sample_52_1,Text-Rich Understanding,What is the screen displaying right now?,"['A detailed close-up of milestone discs.', 'The words __aby Milestone Disc_ centered on a black screen.', 'Two highlighted milestone discs.', 'A light gray background with a title and note.']",The words __aby Milestone Disc_ centered on a black screen.,B,B) The words __aby Milestone Disc_ centered on a black screen.,B,100.0,15.0,16,420,1.0,False,418,3136,0.1333,588,3,15000,0,64,1
Real-Time_Visual_Understanding__sample_52,Real-Time Visual Understanding_sample_52_2,Action Perception,What is the person doing right now?,"['Switch to painting a round object with white paint.', 'Apply orange paint onto an object with a foam brush.', 'Dip the foam brush into the green paint can.', 'Place the foam brush aside.']",Switch to painting a round object with white paint.,A,A) Switch to painting a round object with white paint.,A,100.0,107.0,108,420,1.0,False,1023,21168,0.0483,1372,7,15000,0,64,1
Real-Time_Visual_Understanding__sample_52,Real-Time Visual Understanding_sample_52_3,Action Perception,What is the person doing right now?,"['Smoothing a design onto an brown disc.', 'Peeling back a transparent sheet from the table.', 'Holding a white roll of vinyl with intricate patterns.', 'Aligning a transparent sheet with grid lines.']",Smoothing a design onto an brown disc.,A,C) Holding a white roll of vinyl with intricate patterns.,C,0.0,219.0,220,420,1.0,False,1437,43120,0.0333,1960,10,15000,0,64,1
Real-Time_Visual_Understanding__sample_52,Real-Time Visual Understanding_sample_52_4,Action Perception,What did the person just do?,"['Lift the Cricut tool and prepare to deliver the cut paper.', 'Secure the cardstock to the mat.', 'Insert the Cricut tool into the machine.', 'Begin cutting the cardstock with the machine.']",Lift the Cricut tool and prepare to deliver the cut paper.,A,D) Begin cutting the cardstock with the machine.,D,0.0,318.0,319,420,1.0,False,2304,62524,0.0368,2940,15,15000,0,64,1
Real-Time_Visual_Understanding__sample_52,Real-Time Visual Understanding_sample_52_5,Action Perception,What did the hands do just now with the vinyl sticker?,"['Lifting the cleared vinyl decal from the backing paper.', 'Securing the sides of the cardboard box.', 'Peeling away excess material from the vinyl sticker.', 'Rotating the box to ensure the base is sealed.']",Lifting the cleared vinyl decal from the backing paper.,A,A) Lifting the cleared vinyl decal from the backing paper.,A,100.0,419.0,420,420,1.0,False,2668,82320,0.0324,3332,17,15000,0,64,1
Real-Time_Visual_Understanding__sample_53,Real-Time Visual Understanding_sample_53_1,Action Perception,What is being done with the cutting mat right now?,"['Removing the cutting mat from the cutting machine.', 'Cutting the pink paper on the mat manually.', 'Decorating the cutting mat with stickers.', 'Placing the cutting mat into the cutting machine.']",Placing the cutting mat into the cutting machine.,D,D) Placing the cutting mat into the cutting machine.,D,100.0,21.0,22,185,1.0,False,338,4312,0.0784,392,2,15000,0,64,1
Real-Time_Visual_Understanding__sample_53,Real-Time Visual Understanding_sample_53_2,Action Perception,What action is being performed right now?,"['Cutting the insert and window pieces with scissors.', 'Peeling off the protective sheet from the acetate.', 'Operating the Cricut Maker 3 cutting machine.', 'Arranging the cut pieces and beads on a gray surface.']",Arranging the cut pieces and beads on a gray surface.,D,C) Operating the Cricut Maker 3 cutting machine.,C,0.0,60.0,61,185,1.0,False,615,11956,0.0514,784,4,15000,0,64,1
Real-Time_Visual_Understanding__sample_53,Real-Time Visual Understanding_sample_53_3,Action Perception,What are the hands holding right now?,"['The pink sheet of paper.', 'The clear plastic sheet.', 'The decorative beads.', 'The pen and keychain.']",The pen and keychain.,D,D) The pen and keychain.,D,100.0,86.0,87,185,1.0,False,720,17052,0.0422,980,5,15000,0,64,1
Real-Time_Visual_Understanding__sample_53,Real-Time Visual Understanding_sample_53_4,Action Perception,What did the hands do just now?,"['Cut a new piece of paper.', 'Fold another frame without glue.', 'Decorate the paper frame with beads.', 'Smooth out the acetate window on the paper frame.']",Smooth out the acetate window on the paper frame.,D,D) Smooth out the acetate window on the paper frame.,D,100.0,143.0,144,185,1.0,False,929,28224,0.0329,1372,7,15000,0,64,1
Real-Time_Visual_Understanding__sample_53,Real-Time Visual Understanding_sample_53_5,Action Perception,What did the hands do just now?,"['Folded the pink paper object and pressed the glue.', 'Applied glue along the edges of the pink paper object.', 'Decorated the pink paper object with the beaded pen.', 'Put the pen and keychain into the pink box.']",Put the pen and keychain into the pink box.,D,A) Folded the pink paper object and pressed the glue.,A,0.0,184.0,185,185,1.0,False,1079,36260,0.0298,1568,8,15000,0,64,1
Real-Time_Visual_Understanding__sample_54,Real-Time Visual Understanding_sample_54_1,Action Perception,What are the hands doing right now?,"['Painting the ornament.', 'Hanging the ornament on a tree.', 'Mixing resin components.', 'Holding and adjusting a mask.']",Holding and adjusting a mask.,D,D) Holding and adjusting a mask.,D,100.0,19.0,20,408,1.0,False,340,3920,0.0867,392,2,15000,0,64,1
Real-Time_Visual_Understanding__sample_54,Real-Time Visual Understanding_sample_54_2,Action Perception,What is the gloved hand doing right now?,"['Shaking a beaker filled with golden liquid.', 'Stirring the resin with a wooden stick.', 'Holding a pair of tweezers.', 'Pouring resin with pink mica into the white circular object.']",Pouring resin with pink mica into the white circular object.,D,D) Pouring resin with pink mica into the white circular object.,D,100.0,113.0,114,408,1.0,False,1419,22344,0.0635,1568,8,15000,0,64,1
Real-Time_Visual_Understanding__sample_54,Real-Time Visual Understanding_sample_54_3,Action Perception,What did the right hand do just now?,"['Adjusted the position of the ornament.', 'Lifted the ornament to inspect it.', 'Held the ornament securely.', 'Steadily moved the stick to distribute the resin.']",Steadily moved the stick to distribute the resin.,D,D) Steadily moved the stick to distribute the resin.,D,100.0,209.0,210,408,1.0,False,1603,41160,0.0389,1764,9,15000,0,64,1
Real-Time_Visual_Understanding__sample_54,Real-Time Visual Understanding_sample_54_4,Action Perception,How is the glittery substance being applied to the circular object right now?,"['Using a paintbrush.', 'Pouring it directly from the cup.', 'Applying it with fingers.', 'Spreading it with a wooden stick.']",Spreading it with a wooden stick.,D,D) Spreading it with a wooden stick.,D,100.0,310.0,311,408,1.0,False,1799,60956,0.0295,1960,10,15000,0,64,1
Real-Time_Visual_Understanding__sample_54,Real-Time Visual Understanding_sample_54_5,Action Perception,What is the person doing right now?,"['Placing the ornament on the mat.', 'Peeling off tape from the ornament.', 'Tying a knot in the string attached to the ornament.', 'Giving the string one final tug to secure it.']",Giving the string one final tug to secure it.,D,B) Peeling off tape from the ornament.,B,0.0,407.0,408,408,1.0,False,2223,79968,0.0278,2548,13,15000,0,64,1
Real-Time_Visual_Understanding__sample_55,Real-Time Visual Understanding_sample_55_1,Action Perception,What did the hands do just now?,"['Picked up the gold star.', 'Folded a pink star.', 'Arranged the stars in a line.', 'Removed the silver star.']",Picked up the gold star.,A,C) Arranged the stars in a line.,C,0.0,15.0,16,497,1.0,False,221,3136,0.0705,392,2,15000,0,64,1
Real-Time_Visual_Understanding__sample_55,Real-Time Visual Understanding_sample_55_2,Action Perception,What is the person doing right now?,"['Folding the paper along the creases.', 'Cutting the paper.', 'Painting the paper.', 'Decorating the paper with colors.']",Folding the paper along the creases.,A,A) Folding the paper along the creases.,A,100.0,139.0,140,497,1.0,False,623,27440,0.0227,980,5,15000,0,64,1
Real-Time_Visual_Understanding__sample_55,Real-Time Visual Understanding_sample_55_3,Action Perception,What is the person doing right now?,"['Applying glue to the hollow center edges of the star.', 'Rotating the star ornament to show its side profile.', 'Holding one star in front of another.', 'Placing the star ornament flat on the grid mat.']",Applying glue to the hollow center edges of the star.,A,A) Applying glue to the hollow center edges of the star.,A,100.0,247.0,248,497,1.0,False,871,48608,0.0179,1372,7,15000,0,64,1
Real-Time_Visual_Understanding__sample_55,Real-Time Visual Understanding_sample_55_4,Action Perception,What are the hands doing right now?,"['Making creases on a triangular shape.', 'Unfolding a piece of paper.', 'Cutting out shapes from a paper.', 'Painting on the paper.']",Making creases on a triangular shape.,A,C) Cutting out shapes from a paper.,C,0.0,378.0,379,497,1.0,False,1338,74284,0.018,1960,10,15000,0,64,1
Real-Time_Visual_Understanding__sample_55,Real-Time Visual Understanding_sample_55_5,Action Perception,What is the person doing right now?,"['Adjusting the blue paper strip for a tight fit.', 'Applying glue to the paper pieces.', 'Cutting a new strip of paper.', 'Stacking finished paper structures to the side.']",Adjusting the blue paper strip for a tight fit.,A,D) Stacking finished paper structures to the side.,D,0.0,496.0,497,497,1.0,False,1579,97412,0.0162,2352,12,15000,0,64,1
Real-Time_Visual_Understanding__sample_56,Real-Time Visual Understanding_sample_56_1,Action Perception,What is the person doing right now?,"['Holding a decorative paper pad.', 'Displaying some patterned paper.', 'Cutting patterned paper.', 'Writing on the cardstock.']",Displaying some patterned paper.,B,A) Holding a decorative paper pad.,A,0.0,19.0,20,741,1.0,False,360,3920,0.0918,392,2,15000,0,64,1
Real-Time_Visual_Understanding__sample_56,Real-Time Visual Understanding_sample_56_2,Action Perception,What is the machine doing right now?,"['Being turned on.', 'Loading the material into the tray.', 'The scoring stylus is being inserted.', 'Performing the cutting operation.']",The scoring stylus is being inserted.,C,D) Performing the cutting operation.,D,0.0,200.0,201,741,1.0,False,1278,39396,0.0324,1372,7,15000,0,64,1
Real-Time_Visual_Understanding__sample_56,Real-Time Visual Understanding_sample_56_3,Action Perception,What is the person doing right now?,"['Folding another piece of white paper from the table.', 'Rotating and closely examining the folded piece of paper.', 'Removing hands from the white paper on the table.', 'Picking up the pink floral-patterned paper.']",Rotating and closely examining the folded piece of paper.,B,B) Rotating and closely examining the folded piece of paper.,B,100.0,371.0,372,741,1.0,False,1834,72912,0.0252,1960,10,15000,0,64,1
Real-Time_Visual_Understanding__sample_56,Real-Time Visual Understanding_sample_56_4,Action Perception,What are the hands doing right now?,"['Tracing the inner perimeter of the circular cutout.', 'Folding a rectangular piece of cardstock.', 'Reaching for a piece of patterned paper.', 'Adjusting a bottle of quick-dry adhesive.']",Tracing the inner perimeter of the circular cutout.,A,C) Reaching for a piece of patterned paper.,C,0.0,559.0,560,741,1.0,False,2326,109760,0.0212,2548,13,15000,0,64,1
Real-Time_Visual_Understanding__sample_56,Real-Time Visual Understanding_sample_56_5,Action Perception,What is the person doing right now?,"['Assembling the final components of the box.', 'Applying glue to the cardstock.', 'Cutting out snowflake patterns.', 'Placing the completed box aside.']",Assembling the final components of the box.,A,A) Assembling the final components of the box.,A,100.0,740.0,741,741,1.0,False,2880,145236,0.0198,3136,16,15000,0,64,1
Real-Time_Visual_Understanding__sample_57,Real-Time Visual Understanding_sample_57_1,Action Perception,What is the person doing right now?,"['Filling an ornament with a blue liquid.', 'Rotating a spherical plastic bottle.', 'Wiping an ornament with a paper towel.', 'Holding a pink ornament with a funnel.']",Rotating a spherical plastic bottle.,B,B) Rotating a spherical plastic bottle.,B,100.0,26.0,27,661,1.0,False,320,5292,0.0605,392,2,15000,0,64,1
Real-Time_Visual_Understanding__sample_57,Real-Time Visual Understanding_sample_57_2,Action Perception,What did the person just do?,"['Open a clear plastic globe.', 'Rotate the ornament slightly.', 'Remove the syringe from the ornament.', 'Pick up a glitter glue tube.']",Remove the syringe from the ornament.,C,A) Open a clear plastic globe.,A,0.0,183.0,184,661,1.0,False,814,36064,0.0226,980,5,15000,0,64,1
Real-Time_Visual_Understanding__sample_57,Real-Time Visual Understanding_sample_57_3,Action Perception,What is the person doing right now?,"['Filling an ornament with a blue liquid.', 'Pouring the object inside the blue ball into the funnel.', 'Wiping an ornament with a paper towel.', 'Holding a pink ornament with a funnel.']",Pouring the object inside the blue ball into the funnel.,B,C) Wiping an ornament with a paper towel.,C,0.0,339.0,340,661,1.0,False,1167,66640,0.0175,1372,7,15000,0,64,1
Real-Time_Visual_Understanding__sample_57,Real-Time Visual Understanding_sample_57_4,Action Perception,"What did the outline of the word ""Willow"" transform to just now?","['Dark blue.', 'Light purple.', 'Bright yellow.', 'Deep red.']",Light purple.,B,B) Light purple.,B,100.0,483.0,484,661,1.0,False,1568,94864,0.0165,1960,10,15000,0,64,1
Real-Time_Visual_Understanding__sample_57,Real-Time Visual Understanding_sample_57_5,Action Perception,What is the person doing right now?,"['Holding a blue ornament next to the grid-patterned adhesive sheet.', 'Smoothing out the sticker of a capital letter ""N.""', 'Applying a decal with intricate cursive writing to the blue ornament.', 'Peeling the metallic cap off the blue ornament.']",Applying a decal with intricate cursive writing to the blue ornament.,C,C) Applying a decal with intricate cursive writing to the blue ornament.,C,100.0,660.0,661,661,1.0,False,2244,129556,0.0173,2744,14,15000,0,64,1
Real-Time_Visual_Understanding__sample_58,Real-Time Visual Understanding_sample_58_1,Action Perception,What are the hands doing right now?,"['Arranging flowers on a table.', 'Rotating a decorative paper wreath.', 'Painting a wreath.', 'Holding a black screen.']",Rotating a decorative paper wreath.,B,B) Rotating a decorative paper wreath.,B,100.0,8.0,9,503,1.0,False,219,1764,0.1241,392,2,15000,0,64,1
Real-Time_Visual_Understanding__sample_58,Real-Time Visual Understanding_sample_58_2,Action Perception,What is the machine doing right now?,"['Pausing the cutting process.', 'Initiating a new cutting sequence.', 'Moving the cutting mat.', 'Changing the blade.']",Initiating a new cutting sequence.,B,B) Initiating a new cutting sequence.,B,100.0,138.0,139,503,1.0,False,864,27244,0.0317,1176,6,15000,0,64,1
Real-Time_Visual_Understanding__sample_58,Real-Time Visual Understanding_sample_58_3,Action Perception,What are the hands doing right now?,"['Assembling cream-colored paper petals together.', 'Adding dimension by scoring the red petals.', 'Sorting finished cream-colored flowers.', 'Disposing of unwanted petals.']",Adding dimension by scoring the red petals.,B,B) Adding dimension by scoring the red petals.,B,100.0,260.0,261,503,1.0,False,1223,51156,0.0239,1568,8,15000,0,64,1
Real-Time_Visual_Understanding__sample_58,Real-Time Visual Understanding_sample_58_4,Action Perception,What are the person's hands doing right now?,"['Cutting paper into flower shapes.', 'Placing a finished flower with others.', 'Assembling a new set of flower petals.', 'Drawing a design on the cutting mat.']",Placing a finished flower with others.,B,A) Cutting paper into flower shapes.,A,0.0,362.0,363,503,1.0,False,1520,71148,0.0214,1960,10,15000,0,64,1
Real-Time_Visual_Understanding__sample_58,Real-Time Visual Understanding_sample_58_5,Action Perception,What are the person's hands doing right now?,"['Spraying water on the flowers.', 'Rearranging flowers and leaves on the wreath.', 'Cutting the flowers with scissors.', 'Painting the flowers on the wreath.']",Rearranging flowers and leaves on the wreath.,B,B) Rearranging flowers and leaves on the wreath.,B,100.0,502.0,503,503,1.0,False,2016,98588,0.0204,2548,13,15000,0,64,1
Real-Time_Visual_Understanding__sample_59,Real-Time Visual Understanding_sample_59_1,Action Perception,What is the hand doing right now?,"['Cutting the paper.', 'Displaying some heavy weight cardstock.', 'Holding a pen.', 'Arranging flowers.']",Displaying some heavy weight cardstock.,B,B) Displaying some heavy weight cardstock.,B,100.0,23.0,24,342,1.0,False,535,4704,0.1137,588,3,15000,0,64,1
Real-Time_Visual_Understanding__sample_59,Real-Time Visual Understanding_sample_59_2,Action Perception,What action is being performed just now?,"['Displaying different material options.', 'Highlighting the ""On Mat"" option.', 'Clicking the continue button.', 'Changing the project type to ""Multiple Ways.""']",Clicking the continue button.,C,"B) Highlighting the ""On Mat"" option.",B,0.0,83.0,84,342,1.0,False,1079,16464,0.0655,1176,6,15000,0,64,1
Real-Time_Visual_Understanding__sample_59,Real-Time Visual Understanding_sample_59_3,Action Perception,What is the person doing right now?,"['Cutting strips of double-sided tape.', 'Positioning the paper onto the mat.', 'Sliding the cutting mat into a Cricut cutting machine.', 'Peeling a strip of tape using scissors.']",Sliding the cutting mat into a Cricut cutting machine.,C,A) Cutting strips of double-sided tape.,A,0.0,183.0,184,342,1.0,False,1666,36064,0.0462,1764,9,15000,0,64,1
Real-Time_Visual_Understanding__sample_59,Real-Time Visual Understanding_sample_59_4,Action Perception,What is the person doing right now?,"['Peeling off the protective layer from the foam tape.', 'Using the white-handled craft scissors to cut the foam tape.', 'Writing ""Happy Mother\'s Day"" on a cutout.', 'Arranging small paper cutouts on the surface.']",Peeling off the protective layer from the foam tape.,A,"C) Writing ""Happy Mother's Day"" on a cutout.",C,0.0,259.0,260,342,1.0,False,2042,50960,0.0401,2156,11,15000,0,64,1
Real-Time_Visual_Understanding__sample_59,Real-Time Visual Understanding_sample_59_5,Action Perception,What are the hands doing right now?,"['Placing a new cutout on the surface.', 'Adding more circular sequins.', 'Making final adjustments to the placed flowers.', 'Writing ""Happy Mother\'s Day"" on the cutout.']",Making final adjustments to the placed flowers.,C,"D) Writing ""Happy Mother's Day"" on the cutout.",D,0.0,341.0,342,342,1.0,False,2469,67032,0.0368,2744,14,15000,0,64,1
Real-Time_Visual_Understanding__sample_60,Real-Time Visual Understanding_sample_60_1,Text-Rich Understanding,What phrase appears right now?,"['""Links to the materials I used are in the video description.""', '""Merry Christmas and Happy New Year.""', '""Alcohol Ink Ornaments.""', '""Handmade Ornaments by Design.""']","""Alcohol Ink Ornaments.""",C,"C) ""Alcohol Ink Ornaments.""",C,100.0,14.0,15,481,1.0,False,270,2940,0.0918,392,2,15000,0,64,1
Real-Time_Visual_Understanding__sample_60,Real-Time Visual Understanding_sample_60_2,Action Perception,What are the gloved hands doing just now?,"['Cutting the ornament into pieces.', 'Dispensing fluid into the ornament.', 'Painting the ornament.', 'Measuring the ornament with a ruler.']",Dispensing fluid into the ornament.,B,B) Dispensing fluid into the ornament.,B,100.0,139.0,140,481,1.0,False,714,27440,0.026,980,5,15000,0,64,1
Real-Time_Visual_Understanding__sample_60,Real-Time Visual Understanding_sample_60_3,Action Perception,What is the person doing right now?,"['Holding a clear round ornament with golden streaks.', 'Applying additional golden ink to the ornament.', 'Mixing purple and blue ink in a container.', 'Holding an empty transparent container in their right hand.']",Applying additional golden ink to the ornament.,B,A) Holding a clear round ornament with golden streaks.,A,0.0,259.0,260,481,1.0,False,910,50960,0.0179,1176,6,15000,0,64,1
Real-Time_Visual_Understanding__sample_60,Real-Time Visual Understanding_sample_60_4,Action Perception,What is the person doing right now?,"['Applying a clear coat to the ornament.', 'Inspecting the ornament for any areas that might need further enhancement.', 'Holding the bauble unpainted.', 'Removing paint from the mat.']",Inspecting the ornament for any areas that might need further enhancement.,B,B) Inspecting the ornament for any areas that might need further enhancement.,B,100.0,379.0,380,481,1.0,False,1211,74480,0.0163,1568,8,15000,0,64,1
Real-Time_Visual_Understanding__sample_60,Real-Time Visual Understanding_sample_60_5,Action Perception,What is the person using right now?,"['A pair of scissors.', ""A white tool labeled 'cricut'."", 'A ruler.', 'A pen.']",A white tool labeled 'cricut'.,B,B) A white tool labeled 'cricut'.,B,100.0,480.0,481,481,1.0,False,1627,94276,0.0173,2156,11,15000,0,64,1
Real-Time_Visual_Understanding__sample_61,Real-Time Visual Understanding_sample_61_1,Object Perception,What is being shown right now?,"['A collection of colorful notebooks.', 'Personalized agate coasters with names on them.', 'A stack of books with gilded edges.', 'A digital workspace interface.']",Personalized agate coasters with names on them.,B,B) Personalized agate coasters with names on them.,B,100.0,5.0,6,404,1.0,False,282,1176,0.2398,392,2,15000,0,64,1
Real-Time_Visual_Understanding__sample_61,Real-Time Visual Understanding_sample_61_2,Action Perception,What is the cursor doing right now?,"['Dragging ""Melissa"" upward.', 'Pasting the name ""Brad.""', 'Highlighting the name ""Emily.""', 'Right-clicking on the pink square.']","Dragging ""Melissa"" upward.",A,D) Right-clicking on the pink square.,D,0.0,114.0,115,404,1.0,False,792,22540,0.0351,980,5,15000,0,64,1
Real-Time_Visual_Understanding__sample_61,Real-Time Visual Understanding_sample_61_3,Action Perception,What is the cursor doing right now?,"['Highlighting the word ""Thomas"".', 'Adjusting the placement of ""Brad"".', 'Interacting with the word ""Melissa"".', 'Making changes to the word ""Emily"".']","Adjusting the placement of ""Brad"".",B,"A) Highlighting the word ""Thomas"".",A,0.0,210.0,211,404,1.0,False,1115,41356,0.027,1372,7,15000,0,64,1
Real-Time_Visual_Understanding__sample_61,Real-Time Visual Understanding_sample_61_4,Action Perception,What is the hand doing right now?,"['Cutting another piece of gold foil.', 'Tearing off the excess stickers..', 'Pressing down on the gold foil.', 'Folding the ""Cricut"" sheet.']",Tearing off the excess stickers..,B,A) Cutting another piece of gold foil.,A,0.0,317.0,318,404,1.0,False,1627,62328,0.0261,1960,10,15000,0,64,1
Real-Time_Visual_Understanding__sample_61,Real-Time Visual Understanding_sample_61_5,Action Perception,"What did the hands do just now with the ""Brad"" name piece?","['Held it up to the light.', 'Placed and smoothed it down onto the surface.', 'Removed a protective layer.', 'Dropped it onto the floor.']",Placed and smoothed it down onto the surface.,B,B) Placed and smoothed it down onto the surface.,B,100.0,403.0,404,404,1.0,False,1930,79184,0.0244,2352,12,15000,0,64,1
Real-Time_Visual_Understanding__sample_62,Real-Time Visual Understanding_sample_62_1,Action Perception,What is being displayed right now?,"['Round, glittery discs with names.', 'Text ""How To Resin Over Vinyl"".', 'A black screen with text.', 'Circular donut keychains with names.']",Circular donut keychains with names.,D,"A) Round, glittery discs with names.",A,0.0,19.0,20,489,1.0,False,389,3920,0.0992,392,2,15000,0,64,1
Real-Time_Visual_Understanding__sample_62,Real-Time Visual Understanding_sample_62_2,Action Perception,What did the person do just now?,"['Presented a respiratory mask from various angles.', 'Directed a heat tool at a canvas.', 'Disassembled the resin kit.', 'Held and examined two round items.']",Held and examined two round items.,D,D) Held and examined two round items.,D,100.0,143.0,144,489,1.0,False,996,28224,0.0353,1176,6,15000,0,64,1
Real-Time_Visual_Understanding__sample_62,Real-Time Visual Understanding_sample_62_3,Action Perception,What is both hands securing right now?,"['A transparent sheet onto a blue object.', 'A white piece onto a purple circular object.', 'A yellow and white crafting tool onto a white speckled piece.', 'A transparent tape printed with many patterns on it.']",A transparent tape printed with many patterns on it.,D,C) A yellow and white crafting tool onto a white speckled piece.,C,0.0,260.0,261,489,1.0,False,1348,51156,0.0264,1568,8,15000,0,64,1
Real-Time_Visual_Understanding__sample_62,Real-Time Visual Understanding_sample_62_4,Action Perception,What action is the person performing right now?,"['Measuring ingredients in two cups.', 'Pouring liquid into a third container.', 'Wearing black gloves.', 'Consistently stirring the liquid.']",Consistently stirring the liquid.,D,B) Pouring liquid into a third container.,B,0.0,379.0,380,489,1.0,False,1766,74480,0.0237,2156,11,15000,0,64,1
Real-Time_Visual_Understanding__sample_62,Real-Time Visual Understanding_sample_62_5,Action Perception,What did the person do with the lighter just now?,"['Ignited a match.', 'Removed the popsicle stick from the container.', 'Adjusted the measurement markings on the container.', 'Brought the flame close to a gold glitter-covered top.']",Brought the flame close to a gold glitter-covered top.,D,D) Brought the flame close to a gold glitter-covered top.,D,100.0,488.0,489,489,1.0,False,1994,95844,0.0208,2548,13,15000,0,64,1
Real-Time_Visual_Understanding__sample_63,Real-Time Visual Understanding_sample_63_1,Action Perception,What is the person doing right now?,"['Pouring Epoxy Resin Part A into a plastic cup.', 'Mixing flower petals in a container.', 'Writing names on the keychains.', 'Organizing the hexagonal shapes.']",Pouring Epoxy Resin Part A into a plastic cup.,A,A) Pouring Epoxy Resin Part A into a plastic cup.,A,100.0,20.0,21,443,1.0,False,388,4116,0.0943,392,2,15000,0,64,1
Real-Time_Visual_Understanding__sample_63,Real-Time Visual Understanding_sample_63_2,Action Perception,What is currently placed under the hexagonal label?,"['A small clear container.', 'A transparent plastic box with colorful items.', 'A mixing stick.', 'Tweezers.']",A small clear container.,A,B) A transparent plastic box with colorful items.,B,0.0,119.0,120,443,1.0,False,633,23520,0.0269,784,4,15000,0,64,1
Real-Time_Visual_Understanding__sample_63,Real-Time Visual Understanding_sample_63_3,Action Perception,What is the left gloved hand doing right now?,"['Holding a clear cup with liquid.', 'Using a wooden stick to manipulate decorations.', 'Placing another hexagon-shaped piece on the workspace.', 'Making precise adjustments with a pen-like tool.']",Holding a clear cup with liquid.,A,B) Using a wooden stick to manipulate decorations.,B,0.0,205.0,206,443,1.0,False,776,40376,0.0192,980,5,15000,0,64,1
Real-Time_Visual_Understanding__sample_63,Real-Time Visual Understanding_sample_63_4,Action Perception,What is the gloved hand doing right now?,"['Pouring liquid into a hexagonal piece.', 'Scraping the surface of the hexagonal piece.', 'Adjusting floral and foliage decorations.', 'Holding the paintbrush with a pink handle.']",Pouring liquid into a hexagonal piece.,A,C) Adjusting floral and foliage decorations.,C,0.0,310.0,311,443,1.0,False,1079,60956,0.0177,1372,7,15000,0,64,1
Real-Time_Visual_Understanding__sample_63,Real-Time Visual Understanding_sample_63_5,Action Perception,What is the person doing right now?,"['Attaching the name to the transparent hexagonal object.', 'Adjusting the hexagonal piece with their left hand.', 'Applying pressure on the green marking with their left hand.', 'Using a purple tool to press onto the hexagonal piece.']",Attaching the name to the transparent hexagonal object.,A,C) Applying pressure on the green marking with their left hand.,C,0.0,442.0,443,443,1.0,False,1413,86828,0.0163,1764,9,15000,0,64,1
Real-Time_Visual_Understanding__sample_64,Real-Time Visual Understanding_sample_64_1,Action Perception,What are the hands doing right now?,"['Writing the name ""Alli"" on a keychain.', 'Holding the box closed.', 'Removing the keychain from the packaging.', 'Placing the keychain into the packaging.']",Placing the keychain into the packaging.,D,"A) Writing the name ""Alli"" on a keychain.",A,0.0,16.0,17,421,1.0,False,278,3332,0.0834,392,2,15000,0,64,1
Real-Time_Visual_Understanding__sample_64,Real-Time Visual Understanding_sample_64_2,Action Perception,What is the person doing right now?,"['Picking up a light pink cardboard piece.', 'Applying adhesive to a cardboard piece.', 'Pressing down a transparent plastic sheet.', 'Holding a cylindrical bottle.']",Pressing down a transparent plastic sheet.,C,A) Picking up a light pink cardboard piece.,A,0.0,117.0,118,421,1.0,False,876,23128,0.0379,1176,6,15000,0,64,1
Real-Time_Visual_Understanding__sample_64,Real-Time Visual Understanding_sample_64_3,Action Perception,What is the cursor doing right now?,"['Clicking the ""Undo"" button.', 'Selecting multiple icons.', 'Opening a subfolder.', 'Deleting a document.']",Selecting multiple icons.,B,C) Opening a subfolder.,C,0.0,224.0,225,421,1.0,False,1287,44100,0.0292,1764,9,15000,0,64,1
Real-Time_Visual_Understanding__sample_64,Real-Time Visual Understanding_sample_64_4,Action Perception,What did the cursor indicate just now?,"['Selecting shapes on the canvas.', 'Displaying a pop-up menu.', 'Moving to the Layers panel on the right.', 'Highlighting text input fields.']",Moving to the Layers panel on the right.,C,C) Moving to the Layers panel on the right.,C,100.0,309.0,310,421,1.0,False,1537,60760,0.0253,2156,11,15000,0,64,1
Real-Time_Visual_Understanding__sample_64,Real-Time Visual Understanding_sample_64_5,Action Perception,What action did the user perform just now?,"['Selected the ""Score"" tool.', 'Added a new shape to the design.', 'Chose the ""Medium Cardstock - 80 lb (216 gsm)"" as the base material.', 'Connected the Maker 3.']","Chose the ""Medium Cardstock - 80 lb (216 gsm)"" as the base material.",C,"C) Chose the ""Medium Cardstock - 80 lb (2",C,100.0,420.0,421,421,1.0,False,1758,82516,0.0213,2548,13,15000,0,64,1
Real-Time_Visual_Understanding__sample_65,Real-Time Visual Understanding_sample_65_1,Action Perception,What is being shown on the screen right now?,"['A dark background displaying ""Leopard Glitter Keychains.""', 'Instructions for using a cutting machine.', 'The Cricut Joy software interface with design options.', 'A hand holding glittery leopard print keychains.']",A hand holding glittery leopard print keychains.,D,"A) A dark background displaying ""Leopard Glitter Keychains.""",A,0.0,5.0,6,417,1.0,False,205,1176,0.1743,392,2,15000,0,64,1
Real-Time_Visual_Understanding__sample_65,Real-Time Visual Understanding_sample_65_2,Action Perception,What action is being performed right now?,"['Loading a sheet into the machine.', 'Pulling out a sheet from the machine.', 'Labeling the material.', 'Cutting the material vertically.']",Cutting the material vertically.,D,A) Loading a sheet into the machine.,A,0.0,120.0,121,417,1.0,False,691,23716,0.0291,980,5,15000,0,64,1
Real-Time_Visual_Understanding__sample_65,Real-Time Visual Understanding_sample_65_3,Action Perception,What are the hands doing right now?,"['Drawing on a piece of paper', 'Washing the stencil', 'Lifting the stencil off the mat', 'Applying a label to a stencil']",Applying a label to a stencil,D,D) Applying a label to a stencil,D,100.0,193.0,194,417,1.0,False,862,38024,0.0227,1176,6,15000,0,64,1
Real-Time_Visual_Understanding__sample_65,Real-Time Visual Understanding_sample_65_4,Action Perception,What is the right hand doing right now?,"['Applying a layer of red glitter.', 'Holding a pair of cups.', 'Removing glitter from the object.', 'Spreading golden glitter evenly over the white round object.']",Spreading golden glitter evenly over the white round object.,D,D) Spreading golden glitter evenly over the white round object.,D,100.0,317.0,318,417,1.0,False,1272,62328,0.0204,1764,9,15000,0,64,1
Real-Time_Visual_Understanding__sample_65,Real-Time Visual Understanding_sample_65_5,Action Perception,What are the hands doing right now?,"['Pulling the adhesive backing upwards.', ""Adjusting the paper's position on the coaster."", 'Inspecting the adhesive surface on the paper.', 'Placing the adhesive-applied paper against the golden round object.']",Placing the adhesive-applied paper against the golden round object.,D,D) Placing the adhesive-applied paper against the golden round object.,D,100.0,416.0,417,417,1.0,False,1574,81732,0.0193,2156,11,15000,0,64,1
Real-Time_Visual_Understanding__sample_66,Real-Time Visual Understanding_sample_66_1,Action Perception,What is the camera focusing on right now?,"['The entire collection of bookmarks.', 'A pink bookmark with the name ""Kristi.""', 'A black bookmark with the name ""Samantha.""', 'A beige bookmark with no name.']","A black bookmark with the name ""Samantha.""",C,"C) A black bookmark with the name ""Samantha.""",C,100.0,12.0,13,500,1.0,False,245,2548,0.0962,392,2,15000,0,64,1
Real-Time_Visual_Understanding__sample_66,Real-Time Visual Understanding_sample_66_2,Action Perception,What are the hands in black gloves doing right now?,"['Displaying the ""RIYA Milk Tea Gold"" mica powder packet.', 'Opening another mica powder packet.', 'Stirring the mixture in a small container.', 'Cleaning the white plate.']",Stirring the mixture in a small container.,C,"A) Displaying the ""RIYA Milk Tea Gold"" mica powder packet",A,0.0,139.0,140,500,1.0,False,843,27440,0.0307,1176,6,15000,0,64,1
Real-Time_Visual_Understanding__sample_66,Real-Time Visual Understanding_sample_66_3,Action Perception,What is the person doing right now?,"[""Pouring a pinkish mixture into a mold's middle compartment."", 'Adjusting the mixture in the middle compartment with a wooden stick.', 'Pouring the gold mixture into the top compartment and adjusting the flakes.', 'Holding the transparent cup without pouring.']",Pouring the gold mixture into the top compartment and adjusting the flakes.,C,C) Pouring the gold mixture into the top compartment and adjusting the flakes.,C,100.0,259.0,260,500,1.0,False,1218,50960,0.0239,1568,8,15000,0,64,1
Real-Time_Visual_Understanding__sample_66,Real-Time Visual Understanding_sample_66_4,Action Perception,What is happening with the gold sheet right now?,"['The gold sheet is being painted.', 'The cutting tool is engraving letters.', 'The engravings are being cleaned.', 'The sheet is being folded.']",The engravings are being cleaned.,C,A) The gold sheet is being painted.,A,0.0,386.0,387,500,1.0,False,1594,75852,0.021,1960,10,15000,0,64,1
Real-Time_Visual_Understanding__sample_66,Real-Time Visual Understanding_sample_66_5,Action Perception,What is the person doing right now?,"['Writing on a gray grid mat.', 'Supplementing the edges of the black nameplate with gold.', 'Picking up another name tag.', 'Inspecting the marker closely.']",Supplementing the edges of the black nameplate with gold.,B,B) Supplementing the edges of the black nameplate with gold.,B,100.0,499.0,500,500,1.0,False,1866,98000,0.019,2352,12,15000,0,64,1
Real-Time_Visual_Understanding__sample_67,Real-Time Visual Understanding_sample_67_1,Action Perception,What did the cursor do just now?,"[""Click on the 'Edit' button."", ""Click on the 'Upload Image' button."", 'Drag a file into the upload area.', 'Select a pattern fill option.']",Click on the 'Upload Image' button.,B,B) Click on the 'Upload Image' button.,B,100.0,8.0,9,500,1.0,False,259,1764,0.1468,392,2,15000,0,64,1
Real-Time_Visual_Understanding__sample_67,Real-Time Visual Understanding_sample_67_2,Action Perception,What is the person doing right now?,"['Adjusting the positioning of the soccer ball outline.', 'Reorganizing the ""Home"" name tag.', 'Tearing off the paper from the back of the white ring.', 'Weeding the ""Tracy"" decal.']",Tearing off the paper from the back of the white ring.,C,C) Tearing off the paper from the back of the white ring.,C,100.0,139.0,140,500,1.0,False,1044,27440,0.038,1372,7,15000,0,64,1
Real-Time_Visual_Understanding__sample_67,Real-Time Visual Understanding_sample_67_3,Action Perception,What is the person doing right now?,"['Removing the transparent covering from the ""JOSH"" item.', 'Holding the white circular item aloft for inspection.', 'Removing the thin film from the surface of the green tennis ball icon.', 'Reaching for another adhesive design.']",Removing the thin film from the surface of the green tennis ball icon.,C,C) Removing the thin film from the surface of the green tennis ball icon.,C,100.0,276.0,277,500,1.0,False,1473,54292,0.0271,1960,10,15000,0,64,1
Real-Time_Visual_Understanding__sample_67,Real-Time Visual Understanding_sample_67_4,Action Perception,What is the person doing right now?,"['Tearing the name ""JOSH"" sticker.', 'Applying the ""Nathan"" name card to the baseball sticker.', 'Cutting a new circular sticker.', 'Reaching for the ""Ryan"" sticker.']","Applying the ""Nathan"" name card to the baseball sticker.",B,"D) Reaching for the ""Ryan"" sticker.",D,0.0,376.0,377,500,1.0,False,1824,73892,0.0247,2352,12,15000,0,64,1
Real-Time_Visual_Understanding__sample_67,Real-Time Visual Understanding_sample_67_5,Action Perception,What is the person doing right now?,"['Pouring the liquid into the cup.', 'Placing the cap back on the first bottle.', 'Pouring the white granules from the pink bottle slowly into the cup.', 'Holding the cup and bottle separately.']",Pouring the white granules from the pink bottle slowly into the cup.,C,C) Pouring the white granules from the pink bottle slowly into the cup,C,100.0,499.0,500,500,1.0,False,2312,98000,0.0236,2940,15,15000,0,64,1
Real-Time_Visual_Understanding__sample_68,Real-Time Visual Understanding_sample_68_1,Action Perception,What is the person doing right now?,"['Zooming in on the plastic containers.', 'Cutting along the line dividing the brown object.', 'Peeling off a section of the brown object.', 'Arranging flowers in the containers.']",Peeling off a section of the brown object.,C,B) Cutting along the line dividing the brown object.,B,0.0,19.0,20,404,1.0,False,372,3920,0.0949,392,2,15000,0,64,1
Real-Time_Visual_Understanding__sample_68,Real-Time Visual Understanding_sample_68_2,Action Perception,What is the gloved hand doing right now?,"['Adjusting the heat on the stove top.', 'Painting the coaster into a solid color.', 'Adjusting the position of the flower on the brown ring.', 'Picking up the coaster.']",Adjusting the position of the flower on the brown ring.,C,C) Adjusting the position of the flower on the brown ring.,C,100.0,120.0,121,404,1.0,False,642,23716,0.0271,784,4,15000,0,64,1
Real-Time_Visual_Understanding__sample_68,Real-Time Visual Understanding_sample_68_3,Action Perception,What is the black-gloved hand doing right now?,"['Repositioning the white ceramic bowl.', 'Stirring the paintbrush in the bowl.', 'Adjusting the flowers with a bamboo stick.', 'Adjusting the blue cutting mat.']",Adjusting the flowers with a bamboo stick.,C,C) Adjusting the flowers with a bamboo stick.,C,100.0,206.0,207,404,1.0,False,800,40572,0.0197,980,5,15000,0,64,1
Real-Time_Visual_Understanding__sample_68,Real-Time Visual Understanding_sample_68_4,Action Perception,What is the person doing right now?,"['Pouring resin into the circular mold.', 'Mixing colors in a bowl.', 'Arranging flowers on a table.', 'Stacking plastic cups.']",Pouring resin into the circular mold.,A,A) Pouring resin into the circular mold.,A,100.0,295.0,296,404,1.0,False,961,58016,0.0166,1176,6,15000,0,64,1
Real-Time_Visual_Understanding__sample_68,Real-Time Visual Understanding_sample_68_5,Action Perception,What action is being performed with the hands right now?,"['Painting the circular object.', 'Peeling off a gold-colored material.', 'Polishing the circular object.', 'Cutting the circular object into pieces.']",Peeling off a gold-colored material.,B,B) Peeling off a gold-colored material.,B,100.0,403.0,404,404,1.0,False,1277,79184,0.0161,1568,8,15000,0,64,1
Real-Time_Visual_Understanding__sample_69,Real-Time Visual Understanding_sample_69_1,Action Perception,What was held up close to the camera right now?,"['Two Christmas ornaments.', 'A pair of painted canvases.', 'A set of colorful ribbons.', 'Two Christmas cards.']",Two Christmas ornaments.,A,A) Two Christmas ornaments.,A,100.0,9.0,10,234,1.0,False,245,1960,0.125,392,2,15000,0,64,1
Real-Time_Visual_Understanding__sample_69,Real-Time Visual Understanding_sample_69_2,Action Perception,What did the right hand do just now?,"['Picked up the blue paint tube.', 'Picked up and shook the transparent plastic sphere.', 'Squeezed the white paint tube.', 'Put down the green paint tube.']",Picked up and shook the transparent plastic sphere.,B,B) Picked up and shook the transparent plastic sphere.,B,100.0,79.0,80,234,1.0,False,591,15680,0.0377,784,4,15000,0,64,1
Real-Time_Visual_Understanding__sample_69,Real-Time Visual Understanding_sample_69_3,Action Perception,What is the person doing right now?,"['Painting the sphere.', ""Wiping the sphere's surface."", 'Mixing paint colors.', 'Discarding the paint tubes.']",Wiping the sphere's surface.,B,A) Painting the sphere.,A,0.0,144.0,145,234,1.0,False,764,28420,0.0269,980,5,15000,0,64,1
Real-Time_Visual_Understanding__sample_69,Real-Time Visual Understanding_sample_69_4,Action Perception,What is the person doing right now?,"['Add blue-green paint to the bauble.', 'Squeeze more black paint into the bauble.', 'Lift the bauble to show the paint inside.', 'Clean the paint tubes.']",Lift the bauble to show the paint inside.,C,C) Lift the bauble to show the paint inside.,C,100.0,195.0,196,234,1.0,False,1051,38416,0.0274,1372,7,15000,0,64,1
Real-Time_Visual_Understanding__sample_69,Real-Time Visual Understanding_sample_69_5,Action Perception,What are the hands doing right now?,"['Applying paint to the ornament.', 'Rotating the ornament to reveal different perspectives.', 'Placing the ornament back on the towel.', 'Cleaning the paint tubes.']",Rotating the ornament to reveal different perspectives.,B,A) Applying paint to the ornament.,A,0.0,233.0,234,234,1.0,False,1149,45864,0.0251,1568,8,15000,0,64,1
Real-Time_Visual_Understanding__sample_70,Real-Time Visual Understanding_sample_70_1,Action Perception,What is the person doing right now?,"['Displaying the round wooden board engraved with ""Johnson"" on it.', 'Engraving the word ""JOHNSON"" on the board.', 'Changing the perspective of the view.', 'Cleaning the cutting board with a cloth.']","Displaying the round wooden board engraved with ""Johnson"" on it.",A,"A) Displaying the round wooden board engraved with ""Johnson"" on it.",A,100.0,20.0,21,494,1.0,False,266,4116,0.0646,392,2,15000,0,64,1
Real-Time_Visual_Understanding__sample_70,Real-Time Visual Understanding_sample_70_2,Action Perception,What is happening to the computer screen design interface right now?,"['The two black horizontal lines turned red.', 'The design interface is closing suddenly.', 'New icons are appearing in the toolbar.', 'The mandala artwork is being deleted.']",The two black horizontal lines turned red.,A,A) The two black horizontal lines turned red.,A,100.0,161.0,162,494,1.0,False,853,31752,0.0269,980,5,15000,0,64,1
Real-Time_Visual_Understanding__sample_70,Real-Time Visual Understanding_sample_70_3,Action Perception,What action is the viewer taking right now?,"['Adjusting the font of the center.', 'Adjusting the grid layout.', 'Selecting a new tool.', 'Zooming in on the mandala design.']",Adjusting the font of the center.,A,D) Zooming in on the mandala design.,D,0.0,223.0,224,494,1.0,False,993,43904,0.0226,1176,6,15000,0,64,1
Real-Time_Visual_Understanding__sample_70,Real-Time Visual Understanding_sample_70_4,Action Perception,What is the person doing right now?,"['Peeling off the stickers on the picture one by one.', 'Adjusting tape.', 'Using a lint roller.', 'Cutting the paper.']",Peeling off the stickers on the picture one by one.,A,A) Peeling off the stickers on the picture one by one.,A,100.0,379.0,380,494,1.0,False,1730,74480,0.0232,1960,10,15000,0,64,1
Real-Time_Visual_Understanding__sample_70,Real-Time Visual Understanding_sample_70_5,Action Perception,What is the person doing right now?,"['Cutting off the top portion of the paper.', 'Folding the paper along the edge of the design.', 'Lifting a pair of black-handled scissors.', 'Aligning the ruler with the grid lines on the cutting mat.']",Cutting off the top portion of the paper.,A,B) Folding the paper along the edge of the design.,B,0.0,493.0,494,494,1.0,False,2324,96824,0.024,2744,14,15000,0,64,1
Real-Time_Visual_Understanding__sample_71,Real-Time Visual Understanding_sample_71_1,Counting,How many times in total have movie clips been inserted during this person's explanation so far?,"['0.', '1.', '3.', '4.']",0.,A,B).,B,0.0,18.0,19,319,1.0,False,369,3724,0.0991,392,2,15000,0,64,1
Real-Time_Visual_Understanding__sample_71,Real-Time Visual Understanding_sample_71_2,Counting,How many times in total have movie clips been inserted during this person's explanation so far?,"['0.', '1.', '3.', '4.']",0.,A,B) 1.,B,0.0,58.0,59,319,1.0,False,488,11564,0.0422,588,3,15000,0,64,1
Real-Time_Visual_Understanding__sample_71,Real-Time Visual Understanding_sample_71_3,Counting,How many times in total have movie clips been inserted during this person's explanation so far?,"['0.', '1.', '3.', '4.']",0.,A,B) 1.,B,0.0,138.0,139,319,1.0,False,736,27244,0.027,980,5,15000,0,64,1
Real-Time_Visual_Understanding__sample_71,Real-Time Visual Understanding_sample_71_4,Counting,How many times in total have movie clips been inserted during this person's explanation so far?,"['0.', '1.', '3.', '4.']",0.,A,B) 1.,B,0.0,178.0,179,319,1.0,False,845,35084,0.0241,1176,6,15000,0,64,1
Real-Time_Visual_Understanding__sample_71,Real-Time Visual Understanding_sample_71_5,Counting,How many times in total have movie clips been inserted during this person's explanation so far?,"['0.', '1.', '3.', '4.']",0.,A,B) 1.,B,0.0,318.0,319,319,1.0,False,1151,62524,0.0184,1568,8,15000,0,64,1
Real-Time_Visual_Understanding__sample_72,Real-Time Visual Understanding_sample_72_1,Counting,How many times in total have movie clips been inserted during this person's explanation so far?,"['1.', '3.', '4.', '0.']",1.,A,B) 3.,B,0.0,192.0,193,811,1.0,False,1000,37828,0.0264,1176,6,15000,0,64,1
Real-Time_Visual_Understanding__sample_72,Real-Time Visual Understanding_sample_72_2,Counting,How many times in total have movie clips been inserted during this person's explanation so far?,"['1.', '2.', '4.', '0.']",2.,B,B) 2.,B,100.0,208.0,209,811,1.0,False,1227,40964,0.03,1568,8,15000,0,64,1
Real-Time_Visual_Understanding__sample_72,Real-Time Visual Understanding_sample_72_3,Counting,How many times in total have movie clips been inserted during this person's explanation so far?,"['1.', '3.', '4.', '0.']",3.,B,B) 3.,B,100.0,262.0,263,811,1.0,False,1495,51548,0.029,1960,10,15000,0,64,1
Real-Time_Visual_Understanding__sample_72,Real-Time Visual Understanding_sample_72_4,Counting,How many times in total have movie clips been inserted during this person's explanation so far?,"['1.', '3.', '4.', '5.']",4.,C,B).,B,0.0,318.0,319,811,1.0,False,2003,62524,0.032,2548,13,15000,0,64,1
Real-Time_Visual_Understanding__sample_72,Real-Time Visual Understanding_sample_72_5,Counting,How many times in total have movie clips been inserted during this person's explanation so far?,"['10.', '11.', '12.', '13.']",13.,D,B) 11.,B,0.0,810.0,811,811,1.0,False,4948,158956,0.0311,5684,29,15000,0,64,1
Real-Time_Visual_Understanding__sample_73,Real-Time Visual Understanding_sample_73_1,Counting,How many times in total have movie clips been inserted during this person's explanation so far?,"['2.', '3.', '4.', '0.']",2.,A,A) 2.,A,100.0,192.0,193,742,1.0,False,1156,37828,0.0306,1176,6,15000,0,64,1
Real-Time_Visual_Understanding__sample_73,Real-Time Visual Understanding_sample_73_2,Counting,How many times in total have movie clips been inserted during this person's explanation so far?,"['1.', '4.', '2.', '0.']",4.,B,C).,C,0.0,271.0,272,742,1.0,False,1570,53312,0.0294,1764,9,15000,0,64,1
Real-Time_Visual_Understanding__sample_73,Real-Time Visual Understanding_sample_73_3,Counting,How many times in total have movie clips been inserted during this person's explanation so far?,"['1.', '3.', '2.', '5.']",5.,D,C).,C,0.0,318.0,319,742,1.0,False,1824,62524,0.0292,2156,11,15000,0,64,1
Real-Time_Visual_Understanding__sample_73,Real-Time Visual Understanding_sample_73_4,Counting,How many times in total have movie clips been inserted during this person's explanation so far?,"['1.', '3.', '7.', '5.']",7.,C,D) 5.,D,0.0,438.0,439,742,1.0,False,2253,86044,0.0262,2744,14,15000,0,64,1
Real-Time_Visual_Understanding__sample_73,Real-Time Visual Understanding_sample_73_5,Counting,How many times in total have movie clips been inserted during this person's explanation so far?,"['10.', '11.', '9.', '12.']",11.,B,C) 9.,C,0.0,741.0,742,742,1.0,False,3413,145432,0.0235,3920,20,15000,0,64,1
Real-Time_Visual_Understanding__sample_74,Real-Time Visual Understanding_sample_74_1,Counting,How many times in total have movie clips been inserted during this person's explanation so far?,"['2.', '3.', '4.', '0.']",2.,A,A) 2.,A,100.0,198.0,199,492,1.0,False,1024,39004,0.0263,1176,6,15000,0,64,1
Real-Time_Visual_Understanding__sample_74,Real-Time Visual Understanding_sample_74_2,Counting,How many times in total have movie clips been inserted during this person's explanation so far?,"['4.', '5.', '3.', '2.']",5.,B,D) 2.,D,0.0,271.0,272,492,1.0,False,1679,53312,0.0315,1960,10,15000,0,64,1
Real-Time_Visual_Understanding__sample_74,Real-Time Visual Understanding_sample_74_3,Counting,How many times in total have movie clips been inserted during this person's explanation so far?,"['1.', '3.', '2.', '5.']",5.,D,C).,C,0.0,318.0,319,492,1.0,False,1940,62524,0.031,2352,12,15000,0,64,1
Real-Time_Visual_Understanding__sample_74,Real-Time Visual Understanding_sample_74_4,Counting,How many times in total have movie clips been inserted during this person's explanation so far?,"['1.', '3.', '5.', '7.']",5.,C,B) 3.,B,0.0,438.0,439,492,1.0,False,2131,86044,0.0248,2548,13,15000,0,64,1
Real-Time_Visual_Understanding__sample_74,Real-Time Visual Understanding_sample_74_5,Counting,How many times in total have movie clips been inserted during this person's explanation so far?,"['5.', '6.', '7.', '8.']",6.,B,A) 5.,A,0.0,491.0,492,492,1.0,False,2376,96432,0.0246,2940,15,15000,0,64,1
Real-Time_Visual_Understanding__sample_75,Real-Time Visual Understanding_sample_75_1,Counting,How many times in total have movie clips been inserted during this person's explanation so far?,"['2.', '3.', '4.', '0.']",0.,D,B).,B,0.0,18.0,19,398,1.0,False,326,3724,0.0875,392,2,15000,0,64,1
Real-Time_Visual_Understanding__sample_75,Real-Time Visual Understanding_sample_75_2,Counting,How many times in total have movie clips been inserted during this person's explanation so far?,"['2.', '3.', '4.', '0.']",3.,B,A) 2.,A,0.0,203.0,204,398,1.0,False,1257,39984,0.0314,1372,7,15000,0,64,1
Real-Time_Visual_Understanding__sample_75,Real-Time Visual Understanding_sample_75_3,Counting,How many times in total have movie clips been inserted during this person's explanation so far?,"['4.', '5.', '3.', '2.']",5.,B,D).,D,0.0,271.0,272,398,1.0,False,1756,53312,0.0329,1960,10,15000,0,64,1
Real-Time_Visual_Understanding__sample_75,Real-Time Visual Understanding_sample_75_4,Counting,How many times in total have movie clips been inserted during this person's explanation so far?,"['1.', '3.', '2.', '5.']",5.,D,C).,C,0.0,318.0,319,398,1.0,False,1832,62524,0.0293,2156,11,15000,0,64,1
Real-Time_Visual_Understanding__sample_75,Real-Time Visual Understanding_sample_75_5,Counting,How many times in total have movie clips been inserted during this person's explanation so far?,"['1.', '3.', '5.', '7.']",7.,D,B) 3.,B,0.0,397.0,398,398,1.0,False,2321,78008,0.0298,2744,14,15000,0,64,1
Real-Time_Visual_Understanding__sample_76,Real-Time Visual Understanding_sample_76_1,Counting,How many times in total have movie clips been inserted during this person's explanation so far?,"['0.', '2.', '3.', '4.']",0.,A,B).,B,0.0,18.0,19,428,1.0,False,341,3724,0.0916,392,2,15000,0,64,1
Real-Time_Visual_Understanding__sample_76,Real-Time Visual Understanding_sample_76_2,Counting,How many times in total have movie clips been inserted during this person's explanation so far?,"['3.', '2.', '4.', '0.']",3.,A,B) 2.,B,0.0,203.0,204,428,1.0,False,1387,39984,0.0347,1568,8,15000,0,64,1
Real-Time_Visual_Understanding__sample_76,Real-Time Visual Understanding_sample_76_3,Counting,How many times in total have movie clips been inserted during this person's explanation so far?,"['4.', '5.', '3.', '2.']",4.,A,D).,D,0.0,271.0,272,428,1.0,False,1692,53312,0.0317,1960,10,15000,0,64,1
Real-Time_Visual_Understanding__sample_76,Real-Time Visual Understanding_sample_76_4,Counting,How many times in total have movie clips been inserted during this person's explanation so far?,"['4.', '1.', '3.', '2.']",4.,A,D).,D,0.0,318.0,319,428,1.0,False,1752,62524,0.028,2156,11,15000,0,64,1
Real-Time_Visual_Understanding__sample_76,Real-Time Visual Understanding_sample_76_5,Counting,How many times in total have movie clips been inserted during this person's explanation so far?,"['5.', '1.', '3.', '7.']",5.,A,C) 3.,C,0.0,427.0,428,428,1.0,False,2194,83888,0.0262,2744,14,15000,0,64,1
Real-Time_Visual_Understanding__sample_77,Real-Time Visual Understanding_sample_77_1,Counting,How many times in total have movie clips been inserted during this person's explanation so far?,"['2.', '3.', '0.', '4.']",0.,C,D).,D,0.0,18.0,19,428,1.0,False,350,3724,0.094,392,2,15000,0,64,1
Real-Time_Visual_Understanding__sample_77,Real-Time Visual Understanding_sample_77_2,Counting,How many times in total have movie clips been inserted during this person's explanation so far?,"['2.', '4.', '6.', '0.']",6.,C,A) 2.,A,0.0,208.0,209,428,1.0,False,2064,40964,0.0504,2156,11,15000,0,64,1
Real-Time_Visual_Understanding__sample_77,Real-Time Visual Understanding_sample_77_3,Counting,How many times in total have movie clips been inserted during this person's explanation so far?,"['8.', '7.', '9.', '10.']",9.,C,B) 7.,B,0.0,271.0,272,428,1.0,False,2695,53312,0.0506,2940,15,15000,0,64,1
Real-Time_Visual_Understanding__sample_77,Real-Time Visual Understanding_sample_77_4,Counting,How many times in total have movie clips been inserted during this person's explanation so far?,"['10.', '7.', '9.', '8.']",9.,C,D) 8.,D,0.0,318.0,319,428,1.0,False,2808,62524,0.0449,3136,16,15000,0,64,1
Real-Time_Visual_Understanding__sample_77,Real-Time Visual Understanding_sample_77_5,Counting,How many times in total have movie clips been inserted during this person's explanation so far?,"['13.', '10.', '12.', '11.']",12.,C,D) 11.,D,0.0,427.0,428,428,1.0,False,3594,83888,0.0428,4116,21,15000,0,64,1
Real-Time_Visual_Understanding__sample_78,Real-Time Visual Understanding_sample_78_1,Counting,How many times in total have movie clips been inserted during this person's explanation so far?,"['2.', '3.', '0.', '4.']",0.,C,D).,D,0.0,18.0,19,334,1.0,False,348,3724,0.0934,392,2,15000,0,64,1
Real-Time_Visual_Understanding__sample_78,Real-Time Visual Understanding_sample_78_2,Counting,How many times in total have movie clips been inserted during this person's explanation so far?,"['2.', '4.', '3.', '0.']",3.,C,C).,C,100.0,185.0,186,334,1.0,False,1307,36456,0.0359,1372,7,15000,0,64,1
Real-Time_Visual_Understanding__sample_78,Real-Time Visual Understanding_sample_78_3,Counting,How many times in total have movie clips been inserted during this person's explanation so far?,"['5.', '6.', '4.', '3.']",4.,C,D).,D,0.0,242.0,243,334,1.0,False,1684,47628,0.0354,1764,9,15000,0,64,1
Real-Time_Visual_Understanding__sample_78,Real-Time Visual Understanding_sample_78_4,Counting,How many times in total have movie clips been inserted during this person's explanation so far?,"['2.', '3.', '4.', '5.']",4.,C,B) 3.,B,0.0,301.0,302,334,1.0,False,1798,59192,0.0304,1960,10,15000,0,64,1
Real-Time_Visual_Understanding__sample_78,Real-Time Visual Understanding_sample_78_5,Counting,How many times in total have movie clips been inserted during this person's explanation so far?,"['2.', '3.', '4.', '5.']",4.,C,A) 2.,A,0.0,333.0,334,334,1.0,False,1854,65464,0.0283,2156,11,15000,0,64,1
Real-Time_Visual_Understanding__sample_79,Real-Time Visual Understanding_sample_79_1,Counting,How many times in total have movie clips been inserted during this person's explanation so far?,"['2.', '3.', '0.', '4.']",0.,C,A) 2.,A,0.0,18.0,19,334,1.0,False,339,3724,0.091,392,2,15000,0,64,1
Real-Time_Visual_Understanding__sample_79,Real-Time Visual Understanding_sample_79_2,Counting,How many times in total have movie clips been inserted during this person's explanation so far?,"['3.', '4.', '2.', '0.']",2.,C,C).,C,100.0,185.0,186,334,1.0,False,1197,36456,0.0328,1372,7,15000,0,64,1
Real-Time_Visual_Understanding__sample_79,Real-Time Visual Understanding_sample_79_3,Counting,How many times in total have movie clips been inserted during this person's explanation so far?,"['5.', '6.', '3.', '4.']",3.,C,D) 4.,D,0.0,242.0,243,334,1.0,False,1430,47628,0.03,1764,9,15000,0,64,1
Real-Time_Visual_Understanding__sample_79,Real-Time Visual Understanding_sample_79_4,Counting,How many times in total have movie clips been inserted during this person's explanation so far?,"['2.', '5.', '3.', '4.']",3.,C,D).,D,0.0,301.0,302,334,1.0,False,1721,59192,0.0291,2156,11,15000,0,64,1
Real-Time_Visual_Understanding__sample_79,Real-Time Visual Understanding_sample_79_5,Counting,How many times in total have movie clips been inserted during this person's explanation so far?,"['2.', '3.', '4.', '5.']",4.,C,B) 3.,B,0.0,333.0,334,334,1.0,False,1941,65464,0.0296,2548,13,15000,0,64,1
Real-Time_Visual_Understanding__sample_80,Real-Time Visual Understanding_sample_80_1,Counting,How many times in total have movie clips been inserted during this person's explanation so far?,"['2.', '3.', '4.', '0.']",0.,D,A) 2.,A,0.0,18.0,19,334,1.0,False,330,3724,0.0886,392,2,15000,0,64,1
Real-Time_Visual_Understanding__sample_80,Real-Time Visual Understanding_sample_80_2,Counting,How many times in total have movie clips been inserted during this person's explanation so far?,"['2.', '3.', '4.', '0.']",2.,A,A) 2.,A,100.0,185.0,186,334,1.0,False,1219,36456,0.0334,1372,7,15000,0,64,1
Real-Time_Visual_Understanding__sample_80,Real-Time Visual Understanding_sample_80_3,Counting,How many times in total have movie clips been inserted during this person's explanation so far?,"['2.', '3.', '6.', '4.']",2.,A,D) 4.,D,0.0,242.0,243,334,1.0,False,1356,47628,0.0285,1568,8,15000,0,64,1
Real-Time_Visual_Understanding__sample_80,Real-Time Visual Understanding_sample_80_4,Counting,How many times in total have movie clips been inserted during this person's explanation so far?,"['2.', '5.', '3.', '4.']",5.,B,C).,C,0.0,301.0,302,334,1.0,False,2004,59192,0.0339,2352,12,15000,0,64,1
Real-Time_Visual_Understanding__sample_80,Real-Time Visual Understanding_sample_80_5,Counting,How many times in total have movie clips been inserted during this person's explanation so far?,"['2.', '3.', '5.', '6.']",6.,D,B) 3.,B,0.0,333.0,334,334,1.0,False,2215,65464,0.0338,2744,14,15000,0,64,1
Real-Time_Visual_Understanding__sample_81,Real-Time Visual Understanding_sample_81_1,Counting,How many times in total have movie clips been inserted during this person's explanation so far?,"['2.', '3.', '4.', '0.']",0.,D,A) 2.,A,0.0,18.0,19,334,1.0,False,323,3724,0.0867,392,2,15000,0,64,1
Real-Time_Visual_Understanding__sample_81,Real-Time Visual Understanding_sample_81_2,Counting,How many times in total have movie clips been inserted during this person's explanation so far?,"['6.', '5.', '4.', '0.']",6.,A,B) 5.,B,0.0,226.0,227,334,1.0,False,1630,44492,0.0366,1764,9,15000,0,64,1
Real-Time_Visual_Understanding__sample_81,Real-Time Visual Understanding_sample_81_3,Counting,How many times in total have movie clips been inserted during this person's explanation so far?,"['2.', '3.', '6.', '4.']",6.,C,D) 4.,D,0.0,242.0,243,334,1.0,False,1668,47628,0.035,1960,10,15000,0,64,1
Real-Time_Visual_Understanding__sample_81,Real-Time Visual Understanding_sample_81_4,Counting,How many times in total have movie clips been inserted during this person's explanation so far?,"['2.', '7.', '6.', '8.']",7.,B,C) 6.,C,0.0,301.0,302,334,1.0,False,1912,59192,0.0323,2352,12,15000,0,64,1
Real-Time_Visual_Understanding__sample_81,Real-Time Visual Understanding_sample_81_5,Counting,How many times in total have movie clips been inserted during this person's explanation so far?,"['5.', '8.', '6.', '7.']",7.,D,D) 7.,D,100.0,333.0,334,334,1.0,False,1936,65464,0.0296,2548,13,15000,0,64,1
Real-Time_Visual_Understanding__sample_82,Real-Time Visual Understanding_sample_82_1,Counting,How many times in total have movie clips been inserted during this person's explanation so far?,"['0.', '2.', '3.', '4.']",0.,A,B).,B,0.0,18.0,19,334,1.0,False,342,3724,0.0918,392,2,15000,0,64,1
Real-Time_Visual_Understanding__sample_82,Real-Time Visual Understanding_sample_82_2,Counting,How many times in total have movie clips been inserted during this person's explanation so far?,"['5.', '6.', '4.', '0.']",5.,A,C) 4.,C,0.0,187.0,188,334,1.0,False,1818,36848,0.0493,1960,10,15000,0,64,1
Real-Time_Visual_Understanding__sample_82,Real-Time Visual Understanding_sample_82_3,Counting,How many times in total have movie clips been inserted during this person's explanation so far?,"['6.', '2.', '3.', '4.']",6.,A,B) 2.,B,0.0,249.0,250,334,1.0,False,2216,49000,0.0452,2548,13,15000,0,64,1
Real-Time_Visual_Understanding__sample_82,Real-Time Visual Understanding_sample_82_4,Counting,How many times in total have movie clips been inserted during this person's explanation so far?,"['7.', '2.', '6.', '8.']",7.,A,C) 6.,C,0.0,301.0,302,334,1.0,False,2561,59192,0.0433,2940,15,15000,0,64,1
Real-Time_Visual_Understanding__sample_82,Real-Time Visual Understanding_sample_82_5,Counting,How many times in total have movie clips been inserted during this person's explanation so far?,"['9.', '5.', '8.', '6.']",9.,A,D) 6.,D,0.0,333.0,334,334,1.0,False,2915,65464,0.0445,3332,17,15000,0,64,1
Real-Time_Visual_Understanding__sample_83,Real-Time Visual Understanding_sample_83_1,Counting,How many times in total have movie clips been inserted during this person's explanation so far?,"['1.', '2.', '3.', '4.']",1.,A,B).,B,0.0,58.0,59,334,1.0,False,614,11564,0.0531,784,4,15000,0,64,1
Real-Time_Visual_Understanding__sample_83,Real-Time Visual Understanding_sample_83_2,Counting,How many times in total have movie clips been inserted during this person's explanation so far?,"['6.', '5.', '4.', '0.']",6.,A,B) 5.,B,0.0,187.0,188,334,1.0,False,1687,36848,0.0458,1960,10,15000,0,64,1
Real-Time_Visual_Understanding__sample_83,Real-Time Visual Understanding_sample_83_3,Counting,How many times in total have movie clips been inserted during this person's explanation so far?,"['7.', '2.', '3.', '6.']",7.,A,C).,C,0.0,242.0,243,334,1.0,False,1995,47628,0.0419,2352,12,15000,0,64,1
Real-Time_Visual_Understanding__sample_83,Real-Time Visual Understanding_sample_83_4,Counting,How many times in total have movie clips been inserted during this person's explanation so far?,"['8.', '2.', '7.', '6.']",8.,A,D) 6.,D,0.0,301.0,302,334,1.0,False,2282,59192,0.0386,2744,14,15000,0,64,1
Real-Time_Visual_Understanding__sample_83,Real-Time Visual Understanding_sample_83_5,Counting,How many times in total have movie clips been inserted during this person's explanation so far?,"['9.', '5.', '8.', '6.']",9.,A,D) 6.,D,0.0,333.0,334,334,1.0,False,2478,65464,0.0379,2940,15,15000,0,64,1
Real-Time_Visual_Understanding__sample_84,Real-Time Visual Understanding_sample_84_1,Counting,How many times in total have movie clips been inserted during this person's explanation so far?,"['0.', '2.', '3.', '4.']",0.,A,B) 2.,B,0.0,18.0,19,361,1.0,False,354,3724,0.0951,392,2,15000,0,64,1
Real-Time_Visual_Understanding__sample_84,Real-Time Visual Understanding_sample_84_2,Counting,How many times in total have movie clips been inserted during this person's explanation so far?,"['4.', '5.', '6.', '0.']",4.,A,A) 4.,A,100.0,187.0,188,361,1.0,False,1649,36848,0.0448,1764,9,15000,0,64,1
Real-Time_Visual_Understanding__sample_84,Real-Time Visual Understanding_sample_84_3,Counting,How many times in total have movie clips been inserted during this person's explanation so far?,"['5.', '2.', '3.', '6.']",5.,A,B) 2.,B,0.0,242.0,243,361,1.0,False,2131,47628,0.0447,2352,12,15000,0,64,1
Real-Time_Visual_Understanding__sample_84,Real-Time Visual Understanding_sample_84_4,Counting,How many times in total have movie clips been inserted during this person's explanation so far?,"['5.', '2.', '7.', '6.']",5.,A,D) 6.,D,0.0,301.0,302,361,1.0,False,2249,59192,0.038,2548,13,15000,0,64,1
Real-Time_Visual_Understanding__sample_84,Real-Time Visual Understanding_sample_84_5,Counting,How many times in total have movie clips been inserted during this person's explanation so far?,"['7.', '5.', '8.', '6.']",7.,A,D) 6.,D,0.0,360.0,361,361,1.0,False,2749,70756,0.0389,3136,16,15000,0,64,1
Real-Time_Visual_Understanding__sample_85,Real-Time Visual Understanding_sample_85_1,Counting,How many times in total have movie clips been inserted during this person's explanation so far?,"['0.', '2.', '3.', '4.']",0.,A,B) 2.,B,0.0,18.0,19,416,1.0,False,382,3724,0.1026,392,2,15000,0,64,1
Real-Time_Visual_Understanding__sample_85,Real-Time Visual Understanding_sample_85_2,Counting,How many times in total have movie clips been inserted during this person's explanation so far?,"['2.', '5.', '6.', '0.']",2.,A,A) 2.,A,100.0,187.0,188,416,1.0,False,1803,36848,0.0489,1960,10,15000,0,64,1
Real-Time_Visual_Understanding__sample_85,Real-Time Visual Understanding_sample_85_3,Counting,How many times in total have movie clips been inserted during this person's explanation so far?,"['4.', '2.', '3.', '6.']",4.,A,B) 2.,B,0.0,242.0,243,416,1.0,False,2349,47628,0.0493,2548,13,15000,0,64,1
Real-Time_Visual_Understanding__sample_85,Real-Time Visual Understanding_sample_85_4,Counting,How many times in total have movie clips been inserted during this person's explanation so far?,"['7.', '2.', '5.', '6.']",7.,A,D) 6.,D,0.0,301.0,302,416,1.0,False,2977,59192,0.0503,3332,17,15000,0,64,1
Real-Time_Visual_Understanding__sample_85,Real-Time Visual Understanding_sample_85_5,Counting,How many times in total have movie clips been inserted during this person's explanation so far?,"['8.', '5.', '4.', '6.']",8.,A,D) 6.,D,0.0,415.0,416,416,1.0,False,4087,81536,0.0501,4508,23,15000,0,64,1
Real-Time_Visual_Understanding__sample_86,Real-Time Visual Understanding_sample_86_1,Counting,How many times in total have movie clips been inserted during this person's explanation so far?,"['2.', '3.', '4.', '0.']",0.,D,B) 3.,B,0.0,18.0,19,380,1.0,False,335,3724,0.09,392,2,15000,0,64,1
Real-Time_Visual_Understanding__sample_86,Real-Time Visual Understanding_sample_86_2,Counting,How many times in total have movie clips been inserted during this person's explanation so far?,"['3.', '5.', '6.', '0.']",3.,A,A) 3.,A,100.0,222.0,223,380,1.0,False,1318,43708,0.0302,1568,8,15000,0,64,1
Real-Time_Visual_Understanding__sample_86,Real-Time Visual Understanding_sample_86_3,Counting,How many times in total have movie clips been inserted during this person's explanation so far?,"['2.', '4.', '3.', '6.']",3.,C,C).,C,100.0,242.0,243,380,1.0,False,1367,47628,0.0287,1764,9,15000,0,64,1
Real-Time_Visual_Understanding__sample_86,Real-Time Visual Understanding_sample_86_4,Counting,How many times in total have movie clips been inserted during this person's explanation so far?,"['2.', '5.', '4.', '6.']",4.,C,C).,C,100.0,301.0,302,380,1.0,False,1723,59192,0.0291,2156,11,15000,0,64,1
Real-Time_Visual_Understanding__sample_86,Real-Time Visual Understanding_sample_86_5,Counting,How many times in total have movie clips been inserted during this person's explanation so far?,"['4.', '8.', '6.', '5.']",5.,D,D).,D,100.0,379.0,380,380,1.0,False,2092,74480,0.0281,2548,13,15000,0,64,1
Real-Time_Visual_Understanding__sample_87,Real-Time Visual Understanding_sample_87_1,Counting,How many times in total have movie clips been inserted during this person's explanation so far?,"['2.', '3.', '4.', '0.']",0.,D,A) 2.,A,0.0,16.0,17,380,1.0,False,326,3332,0.0978,392,2,15000,0,64,1
Real-Time_Visual_Understanding__sample_87,Real-Time Visual Understanding_sample_87_2,Counting,How many times in total have movie clips been inserted during this person's explanation so far?,"['4.', '5.', '6.', '0.']",4.,A,A) 4.,A,100.0,184.0,185,380,1.0,False,1718,36260,0.0474,1960,10,15000,0,64,1
Real-Time_Visual_Understanding__sample_87,Real-Time Visual Understanding_sample_87_3,Counting,How many times in total have movie clips been inserted during this person's explanation so far?,"['2.', '4.', '3.', '6.']",4.,B,C) 3.,C,0.0,251.0,252,380,1.0,False,2121,49392,0.0429,2548,13,15000,0,64,1
Real-Time_Visual_Understanding__sample_87,Real-Time Visual Understanding_sample_87_4,Counting,How many times in total have movie clips been inserted during this person's explanation so far?,"['2.', '5.', '4.', '6.']",4.,C,C) 4.,C,100.0,301.0,302,380,1.0,False,2230,59192,0.0377,2744,14,15000,0,64,1
Real-Time_Visual_Understanding__sample_87,Real-Time Visual Understanding_sample_87_5,Counting,How many times in total have movie clips been inserted during this person's explanation so far?,"['4.', '8.', '6.', '5.']",5.,D,D) 5.,D,100.0,379.0,380,380,1.0,False,2776,74480,0.0373,3332,17,15000,0,64,1
Real-Time_Visual_Understanding__sample_88,Real-Time Visual Understanding_sample_88_1,Counting,How many times in total have movie clips been inserted during this person's explanation so far?,"['2.', '3.', '4.', '0.']",0.,D,B).,B,0.0,16.0,17,380,1.0,False,337,3332,0.1011,392,2,15000,0,64,1
Real-Time_Visual_Understanding__sample_88,Real-Time Visual Understanding_sample_88_2,Counting,How many times in total have movie clips been inserted during this person's explanation so far?,"['4.', '5.', '6.', '0.']",4.,A,A) 4.,A,100.0,188.0,189,380,1.0,False,1555,37044,0.042,1764,9,15000,0,64,1
Real-Time_Visual_Understanding__sample_88,Real-Time Visual Understanding_sample_88_3,Counting,How many times in total have movie clips been inserted during this person's explanation so far?,"['2.', '4.', '3.', '6.']",4.,B,C) 3.,C,0.0,251.0,252,380,1.0,False,1824,49392,0.0369,2156,11,15000,0,64,1
Real-Time_Visual_Understanding__sample_88,Real-Time Visual Understanding_sample_88_4,Counting,How many times in total have movie clips been inserted during this person's explanation so far?,"['2.', '5.', '4.', '6.']",5.,B,C) 4.,C,0.0,301.0,302,380,1.0,False,2167,59192,0.0366,2548,13,15000,0,64,1
Real-Time_Visual_Understanding__sample_88,Real-Time Visual Understanding_sample_88_5,Counting,How many times in total have movie clips been inserted during this person's explanation so far?,"['4.', '8.', '6.', '7.']",7.,D,D) 7.,D,100.0,379.0,380,380,1.0,False,2739,74480,0.0368,3136,16,15000,0,64,1
Real-Time_Visual_Understanding__sample_89,Real-Time Visual Understanding_sample_89_1,Counting,How many times in total have movie clips been inserted during this person's explanation so far?,"['2.', '3.', '4.', '0.']",0.,D,A) 2.,A,0.0,16.0,17,380,1.0,False,356,3332,0.1068,392,2,15000,0,64,1
Real-Time_Visual_Understanding__sample_89,Real-Time Visual Understanding_sample_89_2,Counting,How many times in total have movie clips been inserted during this person's explanation so far?,"['3.', '5.', '6.', '0.']",3.,A,A) 3.,A,100.0,214.0,215,380,1.0,False,1588,42140,0.0377,1764,9,15000,0,64,1
Real-Time_Visual_Understanding__sample_89,Real-Time Visual Understanding_sample_89_3,Counting,How many times in total have movie clips been inserted during this person's explanation so far?,"['2.', '4.', '3.', '6.']",4.,B,C).,C,0.0,261.0,262,380,1.0,False,2001,51352,0.039,2352,12,15000,0,64,1
Real-Time_Visual_Understanding__sample_89,Real-Time Visual Understanding_sample_89_4,Counting,How many times in total have movie clips been inserted during this person's explanation so far?,"['2.', '5.', '4.', '6.']",5.,B,C) 4.,C,0.0,319.0,320,380,1.0,False,2423,62720,0.0386,2940,15,15000,0,64,1
Real-Time_Visual_Understanding__sample_89,Real-Time Visual Understanding_sample_89_5,Counting,How many times in total have movie clips been inserted during this person's explanation so far?,"['4.', '8.', '6.', '7.']",6.,C,D) 7.,D,0.0,379.0,380,380,1.0,False,2809,74480,0.0377,3332,17,15000,0,64,1
Real-Time_Visual_Understanding__sample_90,Real-Time Visual Understanding_sample_90_1,Counting,How many times in total have movie clips been inserted during this person's explanation so far?,"['2.', '3.', '4.', '0.']",0.,D,A) 2.,A,0.0,16.0,17,385,1.0,False,371,3332,0.1113,392,2,15000,0,64,1
Real-Time_Visual_Understanding__sample_90,Real-Time Visual Understanding_sample_90_2,Counting,How many times in total have movie clips been inserted during this person's explanation so far?,"['3.', '5.', '6.', '0.']",5.,B,A) 3.,A,0.0,224.0,225,385,1.0,False,1908,44100,0.0433,1960,10,15000,0,64,1
Real-Time_Visual_Understanding__sample_90,Real-Time Visual Understanding_sample_90_3,Counting,How many times in total have movie clips been inserted during this person's explanation so far?,"['2.', '4.', '3.', '6.']",6.,D,C).,C,0.0,254.0,255,385,1.0,False,2175,49980,0.0435,2352,12,15000,0,64,1
Real-Time_Visual_Understanding__sample_90,Real-Time Visual Understanding_sample_90_4,Counting,How many times in total have movie clips been inserted during this person's explanation so far?,"['2.', '8.', '4.', '6.']",8.,B,D) 6.,D,0.0,327.0,328,385,1.0,False,2708,64288,0.0421,2940,15,15000,0,64,1
Real-Time_Visual_Understanding__sample_90,Real-Time Visual Understanding_sample_90_5,Counting,How many times in total have movie clips been inserted during this person's explanation so far?,"['4.', '8.', '10.', '7.']",10.,C,D) 7.,D,0.0,384.0,385,385,1.0,False,3266,75460,0.0433,3528,18,15000,0,64,1
Real-Time_Visual_Understanding__sample_91,Real-Time Visual Understanding_sample_91_1,Counting,How many times in total have movie clips been inserted during this person's explanation so far?,"['2.', '3.', '4.', '0.']",0.,D,A) 2.,A,0.0,16.0,17,314,1.0,False,332,3332,0.0996,392,2,15000,0,64,1
Real-Time_Visual_Understanding__sample_91,Real-Time Visual Understanding_sample_91_2,Counting,How many times in total have movie clips been inserted during this person's explanation so far?,"['2.', '3.', '4.', '0.']",0.,D,A) 2.,A,0.0,37.0,38,314,1.0,False,370,7448,0.0497,588,3,15000,0,64,1
Real-Time_Visual_Understanding__sample_91,Real-Time Visual Understanding_sample_91_3,Counting,How many times in total have movie clips been inserted during this person's explanation so far?,"['3.', '5.', '6.', '0.']",5.,B,A) 3.,A,0.0,196.0,197,314,1.0,False,1608,38612,0.0416,1960,10,15000,0,64,1
Real-Time_Visual_Understanding__sample_91,Real-Time Visual Understanding_sample_91_4,Counting,How many times in total have movie clips been inserted during this person's explanation so far?,"['2.', '4.', '3.', '6.']",6.,D,C).,C,0.0,254.0,255,314,1.0,False,1943,49980,0.0389,2352,12,15000,0,64,1
Real-Time_Visual_Understanding__sample_91,Real-Time Visual Understanding_sample_91_5,Counting,How many times in total have movie clips been inserted during this person's explanation so far?,"['2.', '9.', '8.', '6.']",9.,B,C) 8.,C,0.0,313.0,314,314,1.0,False,2456,61544,0.0399,2940,15,15000,0,64,1
Real-Time_Visual_Understanding__sample_92,Real-Time Visual Understanding_sample_92_1,Counting,How many times in total have movie clips been inserted during this person's explanation so far?,"['2.', '3.', '4.', '0.']",0.,D,A) 2.,A,0.0,16.0,17,318,1.0,False,330,3332,0.099,392,2,15000,0,64,1
Real-Time_Visual_Understanding__sample_92,Real-Time Visual Understanding_sample_92_2,Counting,How many times in total have movie clips been inserted during this person's explanation so far?,"['2.', '3.', '4.', '1.']",1.,D,D).,D,100.0,45.0,46,318,1.0,False,578,9016,0.0641,784,4,15000,0,64,1
Real-Time_Visual_Understanding__sample_92,Real-Time Visual Understanding_sample_92_3,Counting,How many times in total have movie clips been inserted during this person's explanation so far?,"['3.', '5.', '6.', '0.']",5.,B,A) 3.,A,0.0,212.0,213,318,1.0,False,1729,41748,0.0414,1960,10,15000,0,64,1
Real-Time_Visual_Understanding__sample_92,Real-Time Visual Understanding_sample_92_4,Counting,How many times in total have movie clips been inserted during this person's explanation so far?,"['2.', '4.', '3.', '6.']",6.,D,C) 3.,C,0.0,250.0,251,318,1.0,False,2012,49196,0.0409,2352,12,15000,0,64,1
Real-Time_Visual_Understanding__sample_92,Real-Time Visual Understanding_sample_92_5,Counting,How many times in total have movie clips been inserted during this person's explanation so far?,"['2.', '9.', '8.', '6.']",9.,B,C) 8.,C,0.0,317.0,318,318,1.0,False,2627,62328,0.0421,3136,16,15000,0,64,1
Real-Time_Visual_Understanding__sample_93,Real-Time Visual Understanding_sample_93_1,Counting,How many times in total have movie clips been inserted during this person's explanation so far?,"['2.', '3.', '4.', '0.']",0.,D,A) 2.,A,0.0,16.0,17,332,1.0,False,331,3332,0.0993,392,2,15000,0,64,1
Real-Time_Visual_Understanding__sample_93,Real-Time Visual Understanding_sample_93_2,Counting,How many times in total have movie clips been inserted during this person's explanation so far?,"['2.', '3.', '4.', '1.']",1.,D,D).,D,100.0,74.0,75,332,1.0,False,673,14700,0.0458,784,4,15000,0,64,1
Real-Time_Visual_Understanding__sample_93,Real-Time Visual Understanding_sample_93_3,Counting,How many times in total have movie clips been inserted during this person's explanation so far?,"['3.', '4.', '6.', '0.']",4.,B,A) 3.,A,0.0,206.0,207,332,1.0,False,1494,40572,0.0368,1764,9,15000,0,64,1
Real-Time_Visual_Understanding__sample_93,Real-Time Visual Understanding_sample_93_4,Counting,How many times in total have movie clips been inserted during this person's explanation so far?,"['2.', '4.', '3.', '5.']",5.,D,C).,C,0.0,247.0,248,332,1.0,False,1756,48608,0.0361,2156,11,15000,0,64,1
Real-Time_Visual_Understanding__sample_93,Real-Time Visual Understanding_sample_93_5,Counting,How many times in total have movie clips been inserted during this person's explanation so far?,"['2.', '7.', '8.', '6.']",7.,B,D) 6.,D,0.0,331.0,332,332,1.0,False,2320,65072,0.0357,2744,14,15000,0,64,1
Real-Time_Visual_Understanding__sample_94,Real-Time Visual Understanding_sample_94_1,Counting,How many times in total have movie clips been inserted during this person's explanation so far?,"['2.', '3.', '4.', '0.']",0.,D,B).,B,0.0,16.0,17,341,1.0,False,356,3332,0.1068,392,2,15000,0,64,1
Real-Time_Visual_Understanding__sample_94,Real-Time Visual Understanding_sample_94_2,Counting,How many times in total have movie clips been inserted during this person's explanation so far?,"['2.', '3.', '4.', '1.']",2.,A,D).,D,0.0,75.0,76,341,1.0,False,879,14896,0.059,980,5,15000,0,64,1
Real-Time_Visual_Understanding__sample_94,Real-Time Visual Understanding_sample_94_3,Counting,How many times in total have movie clips been inserted during this person's explanation so far?,"['3.', '4.', '6.', '0.']",6.,C,A) 3.,A,0.0,212.0,213,341,1.0,False,1916,41748,0.0459,2156,11,15000,0,64,1
Real-Time_Visual_Understanding__sample_94,Real-Time Visual Understanding_sample_94_4,Counting,How many times in total have movie clips been inserted during this person's explanation so far?,"['2.', '4.', '3.', '7.']",7.,D,C) 3.,C,0.0,258.0,259,341,1.0,False,2202,50764,0.0434,2548,13,15000,0,64,1
Real-Time_Visual_Understanding__sample_94,Real-Time Visual Understanding_sample_94_5,Counting,How many times in total have movie clips been inserted during this person's explanation so far?,"['2.', '10.', '9.', '6.']",10.,B,A) 2.,A,0.0,340.0,341,341,1.0,False,2912,66836,0.0436,3332,17,15000,0,64,1
Real-Time_Visual_Understanding__sample_95,Real-Time Visual Understanding_sample_95_1,Counting,How many times in total have movie clips been inserted during this person's explanation so far?,"['2.', '3.', '4.', '0.']",0.,D,A) 2.,A,0.0,16.0,17,341,1.0,False,342,3332,0.1026,392,2,15000,0,64,1
Real-Time_Visual_Understanding__sample_95,Real-Time Visual Understanding_sample_95_2,Counting,How many times in total have movie clips been inserted during this person's explanation so far?,"['2.', '3.', '4.', '1.']",1.,D,D).,D,100.0,89.0,90,341,1.0,False,793,17640,0.045,980,5,15000,0,64,1
Real-Time_Visual_Understanding__sample_95,Real-Time Visual Understanding_sample_95_3,Counting,How many times in total have movie clips been inserted during this person's explanation so far?,"['3.', '4.', '6.', '0.']",4.,B,A) 3.,A,0.0,238.0,239,341,1.0,False,1789,46844,0.0382,2156,11,15000,0,64,1
Real-Time_Visual_Understanding__sample_95,Real-Time Visual Understanding_sample_95_4,Counting,How many times in total have movie clips been inserted during this person's explanation so far?,"['2.', '4.', '3.', '7.']",4.,B,C).,C,0.0,258.0,259,341,1.0,False,1823,50764,0.0359,2352,12,15000,0,64,1
Real-Time_Visual_Understanding__sample_95,Real-Time Visual Understanding_sample_95_5,Counting,How many times in total have movie clips been inserted during this person's explanation so far?,"['2.', '4.', '9.', '6.']",4.,B,D) 6.,D,0.0,340.0,341,341,1.0,False,1924,66836,0.0288,2548,13,15000,0,64,1
Real-Time_Visual_Understanding__sample_96,Real-Time Visual Understanding_sample_96_1,Counting,How many times in total have movie clips been inserted during this person's explanation so far?,"['2.', '3.', '4.', '0.']",0.,D,B) 3.,B,0.0,16.0,17,341,1.0,False,327,3332,0.0981,392,2,15000,0,64,1
Real-Time_Visual_Understanding__sample_96,Real-Time Visual Understanding_sample_96_2,Counting,How many times in total have movie clips been inserted during this person's explanation so far?,"['2.', '3.', '4.', '1.']",1.,D,D).,D,100.0,60.0,61,341,1.0,False,632,11956,0.0529,784,4,15000,0,64,1
Real-Time_Visual_Understanding__sample_96,Real-Time Visual Understanding_sample_96_3,Counting,How many times in total have movie clips been inserted during this person's explanation so far?,"['3.', '4.', '6.', '0.']",3.,A,A) 3.,A,100.0,195.0,196,341,1.0,False,1563,38416,0.0407,1764,9,15000,0,64,1
Real-Time_Visual_Understanding__sample_96,Real-Time Visual Understanding_sample_96_4,Counting,How many times in total have movie clips been inserted during this person's explanation so far?,"['2.', '5.', '3.', '7.']",5.,B,C) 3.,C,0.0,268.0,269,341,1.0,False,2144,52724,0.0407,2352,12,15000,0,64,1
Real-Time_Visual_Understanding__sample_96,Real-Time Visual Understanding_sample_96_5,Counting,How many times in total have movie clips been inserted during this person's explanation so far?,"['2.', '4.', '9.', '6.']",6.,D,D) 6.,D,100.0,340.0,341,341,1.0,False,2568,66836,0.0384,2940,15,15000,0,64,1
Real-Time_Visual_Understanding__sample_97,Real-Time Visual Understanding_sample_97_1,Counting,How many times in total have movie clips been inserted during this person's explanation so far?,"['2.', '3.', '4.', '0.']",0.,D,A) 2.,A,0.0,16.0,17,255,1.0,False,332,3332,0.0996,392,2,15000,0,64,1
Real-Time_Visual_Understanding__sample_97,Real-Time Visual Understanding_sample_97_2,Counting,How many times in total have movie clips been inserted during this person's explanation so far?,"['2.', '3.', '4.', '0.']",0.,D,A) 2.,A,0.0,50.0,51,255,1.0,False,426,9996,0.0426,588,3,15000,0,64,1
Real-Time_Visual_Understanding__sample_97,Real-Time Visual Understanding_sample_97_3,Counting,How many times in total have movie clips been inserted during this person's explanation so far?,"['2.', '3.', '4.', '0.']",0.,D,A) 2.,A,0.0,60.0,61,255,1.0,False,460,11956,0.0385,784,4,15000,0,64,1
Real-Time_Visual_Understanding__sample_97,Real-Time Visual Understanding_sample_97_4,Counting,How many times in total have movie clips been inserted during this person's explanation so far?,"['3.', '4.', '6.', '0.']",3.,A,A) 3.,A,100.0,209.0,210,255,1.0,False,1681,41160,0.0408,2156,11,15000,0,64,1
Real-Time_Visual_Understanding__sample_97,Real-Time Visual Understanding_sample_97_5,Counting,How many times in total have movie clips been inserted during this person's explanation so far?,"['2.', '5.', '3.', '7.']",5.,B,C).,C,0.0,254.0,255,255,1.0,False,2176,49980,0.0435,2744,14,15000,0,64,1
Real-Time_Visual_Understanding__sample_98,Real-Time Visual Understanding_sample_98_1,Counting,How many times in total have movie clips been inserted during this person's explanation so far?,"['2.', '3.', '4.', '0.']",0.,D,B) 3.,B,0.0,16.0,17,325,1.0,False,349,3332,0.1047,392,2,15000,0,64,1
Real-Time_Visual_Understanding__sample_98,Real-Time Visual Understanding_sample_98_2,Counting,How many times in total have movie clips been inserted during this person's explanation so far?,"['2.', '3.', '4.', '1.']",1.,D,D).,D,100.0,86.0,87,325,1.0,False,729,17052,0.0428,784,4,15000,0,64,1
Real-Time_Visual_Understanding__sample_98,Real-Time Visual Understanding_sample_98_3,Counting,How many times in total have movie clips been inserted during this person's explanation so far?,"['3.', '4.', '6.', '0.']",6.,C,A) 3.,A,0.0,198.0,199,325,1.0,False,2145,39004,0.055,2352,12,15000,0,64,1
Real-Time_Visual_Understanding__sample_98,Real-Time Visual Understanding_sample_98_4,Counting,How many times in total have movie clips been inserted during this person's explanation so far?,"['2.', '8.', '3.', '7.']",8.,B,D) 7.,D,0.0,281.0,282,325,1.0,False,3031,55272,0.0548,3332,17,15000,0,64,1
Real-Time_Visual_Understanding__sample_98,Real-Time Visual Understanding_sample_98_5,Counting,How many times in total have movie clips been inserted during this person's explanation so far?,"['2.', '8.', '3.', '7.']",8.,B,D) 7.,D,0.0,324.0,325,325,1.0,False,3416,63700,0.0536,3724,19,15000,0,64,1
Real-Time_Visual_Understanding__sample_99,Real-Time Visual Understanding_sample_99_1,Counting,How many times in total have movie clips been inserted during this person's explanation so far?,"['2.', '3.', '4.', '0.']",0.,D,B).,B,0.0,16.0,17,282,1.0,False,339,3332,0.1017,392,2,15000,0,64,1
Real-Time_Visual_Understanding__sample_99,Real-Time Visual Understanding_sample_99_2,Counting,How many times in total have movie clips been inserted during this person's explanation so far?,"['1.', '3.', '4.', '0.']",1.,A,D) 0.,D,0.0,56.0,57,282,1.0,False,639,11172,0.0572,784,4,15000,0,64,1
Real-Time_Visual_Understanding__sample_99,Real-Time Visual Understanding_sample_99_3,Counting,How many times in total have movie clips been inserted during this person's explanation so far?,"['2.', '3.', '4.', '1.']",2.,A,D).,D,0.0,86.0,87,282,1.0,False,908,17052,0.0532,1176,6,15000,0,64,1
Real-Time_Visual_Understanding__sample_99,Real-Time Visual Understanding_sample_99_4,Counting,How many times in total have movie clips been inserted during this person's explanation so far?,"['3.', '4.', '6.', '0.']",4.,B,A) 3.,A,0.0,206.0,207,282,1.0,False,2054,40572,0.0506,2352,12,15000,0,64,1
Real-Time_Visual_Understanding__sample_99,Real-Time Visual Understanding_sample_99_5,Counting,How many times in total have movie clips been inserted during this person's explanation so far?,"['2.', '8.', '3.', '7.']",7.,D,D) 7.,D,100.0,281.0,282,282,1.0,False,2721,55272,0.0492,3136,16,15000,0,64,1
Real-Time_Visual_Understanding__sample_100,Real-Time Visual Understanding_sample_100_1,Counting,How many times in total have movie clips been inserted during this person's explanation so far?,"['2.', '3.', '0.', '4.']",0.,C,B) 3.,B,0.0,16.0,17,325,1.0,False,340,3332,0.102,392,2,15000,0,64,1
Real-Time_Visual_Understanding__sample_100,Real-Time Visual Understanding_sample_100_2,Counting,How many times in total have movie clips been inserted during this person's explanation so far?,"['1.', '3.', '0.', '4.']",0.,C,B) 3.,B,0.0,56.0,57,325,1.0,False,417,11172,0.0373,588,3,15000,0,64,1
Real-Time_Visual_Understanding__sample_100,Real-Time Visual Understanding_sample_100_3,Counting,How many times in total have movie clips been inserted during this person's explanation so far?,"['3.', '4.', '0.', '1.']",0.,C,D) 1.,D,0.0,86.0,87,325,1.0,False,475,17052,0.0279,784,4,15000,0,64,1
Real-Time_Visual_Understanding__sample_100,Real-Time Visual Understanding_sample_100_4,Counting,How many times in total have movie clips been inserted during this person's explanation so far?,"['3.', '4.', '0.', '6.']",0.,C,A) 3.,A,0.0,206.0,207,325,1.0,False,628,40572,0.0155,980,5,15000,0,64,1
Real-Time_Visual_Understanding__sample_100,Real-Time Visual Understanding_sample_100_5,Counting,How many times in total have movie clips been inserted during this person's explanation so far?,"['2.', '3.', '0.', '7.']",0.,C,D) 7.,D,0.0,324.0,325,325,1.0,False,780,63700,0.0122,1176,6,15000,0,64,1
Real-Time_Visual_Understanding__sample_101,Real-Time Visual Understanding_sample_101_1,Counting,How many times in total have movie clips been inserted during this person's explanation so far?,"['2.', '3.', '0.', '4.']",0.,C,A) 2.,A,0.0,16.0,17,282,1.0,False,352,3332,0.1056,392,2,15000,0,64,1
Real-Time_Visual_Understanding__sample_101,Real-Time Visual Understanding_sample_101_2,Counting,How many times in total have movie clips been inserted during this person's explanation so far?,"['1.', '3.', '0.', '4.']",0.,C,D) 4.,D,0.0,56.0,57,282,1.0,False,459,11172,0.0411,588,3,15000,0,64,1
Real-Time_Visual_Understanding__sample_101,Real-Time Visual Understanding_sample_101_3,Counting,How many times in total have movie clips been inserted during this person's explanation so far?,"['3.', '4.', '0.', '1.']",0.,C,D).,D,0.0,86.0,87,282,1.0,False,534,17052,0.0313,784,4,15000,0,64,1
Real-Time_Visual_Understanding__sample_101,Real-Time Visual Understanding_sample_101_4,Counting,How many times in total have movie clips been inserted during this person's explanation so far?,"['3.', '4.', '0.', '6.']",0.,C,A) 3.,A,0.0,206.0,207,282,1.0,False,768,40572,0.0189,1176,6,15000,0,64,1
Real-Time_Visual_Understanding__sample_101,Real-Time Visual Understanding_sample_101_5,Counting,How many times in total have movie clips been inserted during this person's explanation so far?,"['2.', '8.', '0.', '3.']",0.,C,D) 3.,D,0.0,281.0,282,282,1.0,False,929,55272,0.0168,1372,7,15000,0,64,1
Real-Time_Visual_Understanding__sample_102,Real-Time Visual Understanding_sample_102_1,Counting,How many times in total have movie clips been inserted during this person's explanation so far?,"['2.', '3.', '4.', '0.']",0.,D,B).,B,0.0,16.0,17,282,1.0,False,347,3332,0.1041,392,2,15000,0,64,1
Real-Time_Visual_Understanding__sample_102,Real-Time Visual Understanding_sample_102_2,Counting,How many times in total have movie clips been inserted during this person's explanation so far?,"['1.', '3.', '4.', '0.']",0.,D,B) 3.,B,0.0,56.0,57,282,1.0,False,460,11172,0.0412,588,3,15000,0,64,1
Real-Time_Visual_Understanding__sample_102,Real-Time Visual Understanding_sample_102_3,Counting,How many times in total have movie clips been inserted during this person's explanation so far?,"['0.', '3.', '4.', '1.']",0.,A,D).,D,0.0,86.0,87,282,1.0,False,525,17052,0.0308,784,4,15000,0,64,1
Real-Time_Visual_Understanding__sample_102,Real-Time Visual Understanding_sample_102_4,Counting,How many times in total have movie clips been inserted during this person's explanation so far?,"['3.', '4.', '6.', '0.']",0.,D,A) 3.,A,0.0,206.0,207,282,1.0,False,837,40572,0.0206,1176,6,15000,0,64,1
Real-Time_Visual_Understanding__sample_102,Real-Time Visual Understanding_sample_102_5,Counting,How many times in total have movie clips been inserted during this person's explanation so far?,"['2.', '8.', '3.', '0.']",0.,D,C) 3.,C,0.0,281.0,282,282,1.0,False,1022,55272,0.0185,1372,7,15000,0,64,1
Real-Time_Visual_Understanding__sample_103,Real-Time Visual Understanding_sample_103_1,Counting,How many times in total have movie clips been inserted during this person's explanation so far?,"['2.', '3.', '4.', '0.']",0.,D,A) 2.,A,0.0,16.0,17,207,1.0,False,331,3332,0.0993,392,2,15000,0,64,1
Real-Time_Visual_Understanding__sample_103,Real-Time Visual Understanding_sample_103_2,Counting,How many times in total have movie clips been inserted during this person's explanation so far?,"['1.', '3.', '4.', '0.']",0.,D,B) 3.,B,0.0,56.0,57,207,1.0,False,406,11172,0.0363,588,3,15000,0,64,1
Real-Time_Visual_Understanding__sample_103,Real-Time Visual Understanding_sample_103_3,Counting,How many times in total have movie clips been inserted during this person's explanation so far?,"['0.', '3.', '4.', '1.']",0.,A,D) 1.,D,0.0,86.0,87,207,1.0,False,455,17052,0.0267,784,4,15000,0,64,1
Real-Time_Visual_Understanding__sample_103,Real-Time Visual Understanding_sample_103_4,Counting,How many times in total have movie clips been inserted during this person's explanation so far?,"['0.', '3.', '4.', '1.']",0.,A,D).,D,0.0,115.0,116,207,1.0,False,507,22736,0.0223,980,5,15000,0,64,1
Real-Time_Visual_Understanding__sample_103,Real-Time Visual Understanding_sample_103_5,Counting,How many times in total have movie clips been inserted during this person's explanation so far?,"['3.', '4.', '6.', '0.']",0.,D,A) 3.,A,0.0,206.0,207,207,1.0,False,664,40572,0.0164,1176,6,15000,0,64,1
Real-Time_Visual_Understanding__sample_104,Real-Time Visual Understanding_sample_104_1,Text-Rich Understanding,What is written on the rectangular object that the individual is presenting?,"['GTX 1080.', 'RTX 4090.', 'RTX 3070.', 'RX 6900.']",RTX 4090.,B,B) RTX 4090.,B,100.0,15.0,16,827,1.0,False,241,3136,0.0768,392,2,15000,0,64,1
Real-Time_Visual_Understanding__sample_104,Real-Time Visual Understanding_sample_104_2,Text-Rich Understanding,"Just now, which graphics card model has its frame rate exceeding 200 FPS?","['RTX 2080 Ti.', 'RTX 3090.', 'RTX 4090.', 'GTX 1080.']",RTX 4090.,C,C) RTX 4090.,C,100.0,240.0,241,827,1.0,False,1677,47236,0.0355,1960,10,15000,0,64,1
Real-Time_Visual_Understanding__sample_104,Real-Time Visual Understanding_sample_104_3,Text-Rich Understanding,"Which rival drivers are shown in front of the first-person perspective of the ""WILLIAMS"" car right now?","['RUSSELL and ALONSO', 'VERSTAPPEN, BOTTAS, RUSSELL, MAGNUSSEN and ALBON', 'HAMILTON and LECLERC', 'VETTEL and GASLY']","VERSTAPPEN, BOTTAS, RUSSELL, MAGNUSSEN and ALBON",B,"B) VERSTAPPEN, BOTTAS, RUSSELL, MAG",B,100.0,457.0,458,827,1.0,False,2836,89768,0.0316,3136,16,15000,0,64,1
Real-Time_Visual_Understanding__sample_104,Real-Time Visual Understanding_sample_104_4,Text-Rich Understanding,What key statistics about the GPU were shown just now?,"['CPU usage and system temperature.', 'GPU model, temperature readings, clock speed, and power.', 'Memory usage and network speed.', 'Hard drive space and cooling fan speed.']","GPU model, temperature readings, clock speed, and power.",B,"B) GPU model, temperature readings, clock speed, and power.",B,100.0,672.0,673,827,1.0,False,3518,131908,0.0267,3920,20,15000,0,64,1
Real-Time_Visual_Understanding__sample_104,Real-Time Visual Understanding_sample_104_5,Text-Rich Understanding,What is the visual focus of the scene right now?,"['The setup of a gaming console.', 'Two graphics cards on a white surface.', 'A close-up of a computer screen.', 'A group of people discussing.']",Two graphics cards on a white surface.,B,B) Two graphics cards on a white surface.,B,100.0,826.0,827,827,1.0,False,4100,162092,0.0253,4508,23,15000,0,64,1
Real-Time_Visual_Understanding__sample_105,Real-Time Visual Understanding_sample_105_1,Text-Rich Understanding,What graphics card is mentioned as having 44 shader TFLOPS?,"['RTX 4070 Super.', 'RTX 4080 Super.', 'RTX 4090.', 'RTX 4070 Ti Super.']",RTX 4070 Ti Super.,D,D) RTX 4070 Ti Super.,D,100.0,20.0,21,736,1.0,False,456,4116,0.1108,588,3,15000,0,64,1
Real-Time_Visual_Understanding__sample_105,Real-Time Visual Understanding_sample_105_2,Text-Rich Understanding,Which series of graphics cards is being displayed right now?,"['GTX 1080 Ti.', 'RTX 4070 Super.', 'RX 5700 XT.', 'RTX 3060.']",RTX 4070 Super.,B,B) RTX 4070 Super.,B,100.0,214.0,215,736,1.0,False,1532,42140,0.0364,1764,9,15000,0,64,1
Real-Time_Visual_Understanding__sample_105,Real-Time Visual Understanding_sample_105_3,Text-Rich Understanding,Which graphics card achieves the highest performance in all categories as shown?,"['RTX 4070', 'RTX 4070 SUPER', 'RTX 4070 Ti', 'RTX 4060 Ti']",RTX 4070 Ti,C,B) RTX 4070 SUPER,B,0.0,420.0,421,736,1.0,False,2598,82516,0.0315,2940,15,15000,0,64,1
Real-Time_Visual_Understanding__sample_105,Real-Time Visual Understanding_sample_105_4,Text-Rich Understanding,"What type of data is shown regarding ""Stable Diffusion AI"" right now?","['User reviews.', 'Benchmarking data.', 'Software tutorials.', 'Game results.']",Benchmarking data.,B,D) Game results.,D,0.0,620.0,621,736,1.0,False,3445,121716,0.0283,3920,20,15000,0,64,1
Real-Time_Visual_Understanding__sample_105,Real-Time Visual Understanding_sample_105_5,Text-Rich Understanding,What models are the two graphics cards labeled right now?,"['GTX 3090.', 'RX 6900.', 'RTX 4070 and RTX 4070 SUPER.', 'LIV.']",RTX 4070 and RTX 4070 SUPER.,C,C) RTX 4070 and RTX 407,C,100.0,735.0,736,736,1.0,False,3847,144256,0.0267,4508,23,15000,0,64,1
Real-Time_Visual_Understanding__sample_106,Real-Time Visual Understanding_sample_106_1,Text-Rich Understanding,What is the boost clock speed of the RTX 4090 right now?,"['1665 MHz.', '1695 MHz.', '2520 MHz.', '2505 MHz.']",2520 MHz.,C,B) 1695 MHz.,B,0.0,20.0,21,764,1.0,False,383,4116,0.0931,392,2,15000,0,64,1
Real-Time_Visual_Understanding__sample_106,Real-Time Visual Understanding_sample_106_2,Text-Rich Understanding,Which performance metrics are being shown right now?,"['CPU benchmarks for various processors.', 'FPS results for different games.', 'CPU clock, CPU Usage, VRAM Usage, GPU Power, GPU Temp, and FPS for 4070TiS.', 'RAM speed metrics for different memory types.']","CPU clock, CPU Usage, VRAM Usage, GPU Power, GPU Temp, and FPS for 4070TiS.",C,"C) CPU clock, CPU Usage, VRAM Usage, GPU Power, GPU",C,100.0,220.0,221,764,1.0,False,1573,43316,0.0363,1764,9,15000,0,64,1
Real-Time_Visual_Understanding__sample_106,Real-Time Visual Understanding_sample_106_3,Text-Rich Understanding,Which graphics card is labeled in green in the performance comparison right now?,"['RTX 3060 Ti', 'RTX 4060 Ti', 'RTX 4070 Ti SUPER', 'RTX 2070']",RTX 4070 Ti SUPER,C,C) RTX 4070 Ti SUPER,C,100.0,419.0,420,764,1.0,False,2538,82320,0.0308,2744,14,15000,0,64,1
Real-Time_Visual_Understanding__sample_106,Real-Time Visual Understanding_sample_106_4,Text-Rich Understanding,"Which GPU shows the best performance for ""SDXL(512x512)"" right now?","['RTX 4070.', 'RTX 4070 Ti.', 'RTX 4080.', 'SD1.5(512x512).']",RTX 4080.,C,B) RTX 4070 Ti.,B,0.0,620.0,621,764,1.0,False,3266,121716,0.0268,3528,18,15000,0,64,1
Real-Time_Visual_Understanding__sample_106,Real-Time Visual Understanding_sample_106_5,Text-Rich Understanding,What emojis are currently displayed around the man and the graphics card?,"['""like,"" ""comment,"" ""follow,"" and ""share"".', '""like,"" ""save,"" ""comment,"" and ""share"".', '""like,"" ""insert coins,"" ""favorite,"" and ""share"".', '""like,"" ""comment,"" ""subscribe,"" and ""share"".']","""like,"" ""insert coins,"" ""favorite,"" and ""share"".",C,"D) ""like,"" ""comment,"" ""subscribe,"" and ""share"".",D,0.0,763.0,764,764,1.0,False,3881,149744,0.0259,4312,22,15000,0,64,1
Real-Time_Visual_Understanding__sample_107,Real-Time Visual Understanding_sample_107_1,Text-Rich Understanding,What text is prominently displayed on the screen right now before the scene transitions to an outline resembling glasses?,"['Introducing the future.', 'Just one more thing...', 'One last item...', 'One more thing...']",One more thing...,D,D) One more thing...,D,100.0,5.0,6,735,1.0,False,253,1176,0.2151,392,2,15000,0,64,1
Real-Time_Visual_Understanding__sample_107,Real-Time Visual Understanding_sample_107_2,Text-Rich Understanding,"What scores are shown for the MacBook Air 13 just now for ""Premiere Pro"" in the ""Adobe results?","['322.', '835.', '327.', '1042.']",322.,A,D) 1042.,D,0.0,196.0,197,735,1.0,False,1322,38612,0.0342,1568,8,15000,0,64,1
Real-Time_Visual_Understanding__sample_107,Real-Time Visual Understanding_sample_107_3,Text-Rich Understanding,What word is printed on the sides of the yellow and black backpack right now?,"['TECHNO.', 'FUTURE.', 'CYBERPUNK.', 'HACKER.']",CYBERPUNK.,C,A) TECHNO.,A,0.0,362.0,363,735,1.0,False,2289,71148,0.0322,2548,13,15000,0,64,1
Real-Time_Visual_Understanding__sample_107,Real-Time Visual Understanding_sample_107_4,Text-Rich Understanding,Which MacBook model is shown with a geometric design on the screen right now?,"['MacBook Air 15.', 'MacBook Pro 14.', 'MacBook Pro 16.', 'MacBook Air 13.']",MacBook Air 13.,D,A) MacBook Air 15.,A,0.0,547.0,548,735,1.0,False,3091,107408,0.0288,3528,18,15000,0,64,1
Real-Time_Visual_Understanding__sample_107,Real-Time Visual Understanding_sample_107_5,Text-Rich Understanding,What color is the background right now while the man is speaking?,"['Red.', 'Green.', 'Blue.', 'Yellow.']",Blue.,C,C) Blue.,C,100.0,734.0,735,735,1.0,False,3845,144060,0.0267,4312,22,15000,0,64,1
Real-Time_Visual_Understanding__sample_108,Real-Time Visual Understanding_sample_108_1,Text-Rich Understanding,What is the price of the RTX 4080 shown right now?,"['6499.', '9499.', '7499.', '5499.']",9499.,B,B) 9499.,B,100.0,15.0,16,736,1.0,False,373,3136,0.1189,392,2,15000,0,64,1
Real-Time_Visual_Understanding__sample_108,Real-Time Visual Understanding_sample_108_2,Text-Rich Understanding,What is highlighted as the top-performing graphics card right now according to the 3DMark Time Spy Extreme scores?,"['RTX 3070.', 'RTX 4090.', 'RTX 4080.', 'RTX 3090 Ti.']",RTX 4090.,B,C) RTX 4080.,C,0.0,260.0,261,736,1.0,False,1692,51156,0.0331,1764,9,15000,0,64,1
Real-Time_Visual_Understanding__sample_108,Real-Time Visual Understanding_sample_108_3,Text-Rich Understanding,What is the average FPS score of the RTX 4080 at a resolution of 3840x2160 right now?,"['124.', '118.', '100.', '82.']",100.,C,A) 124.,A,0.0,489.0,490,736,1.0,False,2973,96040,0.031,3136,16,15000,0,64,1
Real-Time_Visual_Understanding__sample_108,Real-Time Visual Understanding_sample_108_4,Text-Rich Understanding,What is the marked performance percentage of the RTX 4090 right now?,"['100%', '121%', '129%', '166%']",166%,D,C) 129%,C,0.0,721.0,722,736,1.0,False,3756,141512,0.0265,3920,20,15000,0,64,1
Real-Time_Visual_Understanding__sample_108,Real-Time Visual Understanding_sample_108_5,Text-Rich Understanding,What is the price of the RTX 4080 graphics card in yuan?,"['5499 yuan.', '9499 yuan.', '11999 yuan.', '12999 yuan.']",9499 yuan.,B,B) 9499 yuan.,B,100.0,735.0,736,736,1.0,False,3851,144256,0.0267,4116,21,15000,0,64,1
Real-Time_Visual_Understanding__sample_109,Real-Time Visual Understanding_sample_109_1,Text-Rich Understanding,What GPU does the AMD Ryzen 7 5700G have right now?,"['Vega 6.', 'Vega 7.', 'Vega 8.', 'Vega 9.']",Vega 8.,C,B) Vega 7.,B,0.0,20.0,21,744,1.0,False,369,4116,0.0897,392,2,15000,0,64,1
Real-Time_Visual_Understanding__sample_109,Real-Time Visual Understanding_sample_109_2,Text-Rich Understanding,What is the score of the i7-1165G7 (Iris Xe Graphics) processor right now?,"['862.', '1656.', '1312.', '1429.']",1656.,B,D) 1429.,D,0.0,218.0,219,744,1.0,False,1685,42924,0.0393,1764,9,15000,0,64,1
Real-Time_Visual_Understanding__sample_109,Real-Time Visual Understanding_sample_109_3,Text-Rich Understanding,What graphical setting is mentioned on the menu screen right now?,"['Display.', 'Graphics.', 'Anti-Aliasing.', 'FidelityFX Super Resolution 1.0.']",FidelityFX Super Resolution 1.0.,D,D) FidelityFX Super Resolution 1.0.,D,100.0,405.0,406,744,1.0,False,3035,79576,0.0381,3136,16,15000,0,64,1
Real-Time_Visual_Understanding__sample_109,Real-Time Visual Understanding_sample_109_4,Text-Rich Understanding,"What value was set for the ""GFX Voltage"" just now?","['1.200V.', '1.500V.', '1.250V.', '1.400V.']",1.400V.,D,A) 1.200V.,A,0.0,601.0,602,744,1.0,False,4570,117992,0.0387,4704,24,15000,0,64,1
Real-Time_Visual_Understanding__sample_109,Real-Time Visual Understanding_sample_109_5,Text-Rich Understanding,What is the label on the boxed CPU seen right now?,"['Intel Core i7.', 'AMD Ryzen 5.', 'NVIDIA GeForce GTX.', 'Intel Core i5.']",AMD Ryzen 5.,B,B) AMD Ryzen 5.,B,100.0,743.0,744,744,1.0,False,5612,145824,0.0385,5880,30,15000,0,64,1
Real-Time_Visual_Understanding__sample_110,Real-Time Visual Understanding_sample_110_1,Text-Rich Understanding,What information is displayed as white text in Chinese on the black screen right now?,"['The video was edited using advanced software.', 'The video was shot entirely on an iPhone.', 'The video highlights scenic city landscapes.', 'The video was produced by a famous filmmaker.']",The video was shot entirely on an iPhone.,B,C) The video highlights scenic city landscapes.,C,0.0,3.0,4,923,1.0,False,228,784,0.2908,392,2,15000,0,64,1
Real-Time_Visual_Understanding__sample_110,Real-Time Visual Understanding_sample_110_2,Text-Rich Understanding,What language are the graph labels showing performance metrics written in right now?,"['English.', 'Japanese.', 'Korean.', 'Chinese.']",Chinese.,D,D) Chinese.,D,100.0,259.0,260,923,1.0,False,1607,50960,0.0315,1960,10,15000,0,64,1
Real-Time_Visual_Understanding__sample_110,Real-Time Visual Understanding_sample_110_3,Text-Rich Understanding,What labels are shown on the display screen right now?,"['""HDR,"" ""Portrait,"" ""Landscape,"" and ""Night.""', '""Pro,"" ""Normal,"" ""Custom,"" and ""Basic.""', '""Ultra wide,"" ""Wide,"" ""Depth,"" and ""Zoom.""', '""Ultra wide,"" ""Wide,"" ""Tele,"" and ""Selfie.""']","""Ultra wide,"" ""Wide,"" ""Tele,"" and ""Selfie.""",D,"D) ""Ultra wide,"" ""Wide,"" ""Tele,"" and ""Selfie",D,100.0,495.0,496,923,1.0,False,2638,97216,0.0271,3136,16,15000,0,64,1
Real-Time_Visual_Understanding__sample_110,Real-Time Visual Understanding_sample_110_4,Text-Rich Understanding,What app is being used on the smartphone right now?,"['FITNESS TRACKER.', 'SPEEDTEST.', 'WEATHER FORECAST.', 'MAPS NAVIGATION.']",SPEEDTEST.,B,B) SPEEDTEST.,B,100.0,729.0,730,923,1.0,False,3436,143080,0.024,4116,21,15000,0,64,1
Real-Time_Visual_Understanding__sample_110,Real-Time Visual Understanding_sample_110_5,Text-Rich Understanding,What does the overlay text on the screen right now humorously suggest?,"['Someone is praising the person.', 'Someone is gossiping about the person.', 'Someone is giving directions to the person.', 'Someone is warning the person.']",Someone is gossiping about the person.,B,A) Someone is praising the person.,A,0.0,922.0,923,923,1.0,False,4685,180908,0.0259,5488,28,15000,0,64,1
Real-Time_Visual_Understanding__sample_111,Real-Time Visual Understanding_sample_111_1,Text-Rich Understanding,What is the main subject of the comparison shown right now?,"['The gadgets on the shelves.', 'The MediaTek Dimensity 9000 chip and another chip labeled Snapdragon 8 Gen 1.', ""The person's hand gestures and facial expressions."", 'The blue wall with shelves in the background.']",The MediaTek Dimensity 9000 chip and another chip labeled Snapdragon 8 Gen 1.,B,B) The MediaTek Dimensity 9000 chip and another chip labeled,B,100.0,10.0,11,843,1.0,False,326,2156,0.1512,392,2,15000,0,64,1
Real-Time_Visual_Understanding__sample_111,Real-Time Visual Understanding_sample_111_2,Text-Rich Understanding,What is the label of the highlighted central block in the GPU section right now?,"['A510 1.8GHz.', 'G710MC10.', 'X2 3.05GHz.', 'A710 2.85GHz.']",G710MC10.,B,D) A710 2.85GHz.,D,0.0,240.0,241,843,1.0,False,1666,47236,0.0353,1764,9,15000,0,64,1
Real-Time_Visual_Understanding__sample_111,Real-Time Visual Understanding_sample_111_3,Text-Rich Understanding,What are the performance values shown for the device labeled Dimensity 9000 right now?,"['42 and 115.', '43 and 100.', '100 and 42.', '42 and 100.']",42 and 100.,D,D) 42 and 100.,D,100.0,450.0,451,843,1.0,False,2874,88396,0.0325,3136,16,15000,0,64,1
Real-Time_Visual_Understanding__sample_111,Real-Time Visual Understanding_sample_111_4,Text-Rich Understanding,What is the average frame rate and power consumption for the Snapdragon 8 Gen1 device right now?,"['59 fps/3.9W.', '59 fps/4.8W.', '58 fps/6.3W.', '48 fps/5.1W.']",58 fps/6.3W.,C,B) 59 fps/4.8W.,B,0.0,680.0,681,843,1.0,False,3530,133476,0.0264,3920,20,15000,0,64,1
Real-Time_Visual_Understanding__sample_111,Real-Time Visual Understanding_sample_111_5,Text-Rich Understanding,Which symbol is NOT displayed across the screen right now?,"['Thumbs-up icon.', 'forward icon.', 'Star.', 'Heart.']",Heart.,D,D) Heart.,D,100.0,842.0,843,843,1.0,False,4208,165228,0.0255,4704,24,15000,0,64,1
Real-Time_Visual_Understanding__sample_112,Real-Time Visual Understanding_sample_112_1,Text-Rich Understanding,Which graphics cards are being compared right now?,"['RTX 3080 Ti and RTX 3070 Ti.', 'RTX 3060 and RTX 3070 Ti.', 'RTX 3080 Ti and RTX 3090.', 'RTX 3070 and RTX 3080 Ti.']",RTX 3080 Ti and RTX 3070 Ti.,A,A) RTX 3080 Ti and RTX 30,A,100.0,20.0,21,674,1.0,False,364,4116,0.0884,392,2,15000,0,64,1
Real-Time_Visual_Understanding__sample_112,Real-Time Visual Understanding_sample_112_2,Text-Rich Understanding,Which graphics cards are being compared right now?,"['RTX 3080 Ti and RTX 3080.', 'RTX 3060 and RTX 3070 Ti.', 'RTX 3080 Ti and RTX 3090.', 'RTX 3070 and RTX 3080 Ti.']",RTX 3080 Ti and RTX 3080.,A,A) RTX 3080 Ti and RTX 30,A,100.0,191.0,192,674,1.0,False,1331,37632,0.0354,1372,7,15000,0,64,1
Real-Time_Visual_Understanding__sample_112,Real-Time Visual Understanding_sample_112_3,Text-Rich Understanding,What metrics are displayed on the benchmarking screen for each graphics card right now?,"['FPS, clock speed, temperature, power, and CPU usage.', 'Memory usage, CPU temperature, and power draw.', 'Ping rate, jitter, and packet loss.', 'Frame time, GPU load, and VRAM usage.']","FPS, clock speed, temperature, power, and CPU usage.",A,"A) FPS, clock speed, temperature, power, and CPU usage.",A,100.0,360.0,361,674,1.0,False,2074,70756,0.0293,2156,11,15000,0,64,1
Real-Time_Visual_Understanding__sample_112,Real-Time Visual Understanding_sample_112_4,Text-Rich Understanding,"What frame rate does the RTX 3080 Ti with Intel i9 12900K and 32G DDR5 4800 achieve for ""God of War 4"" at 4K+DLSS right now?","['101 fps.', '135 fps.', '91 fps.', '87 fps.']",101 fps.,A,D) 87 fps.,D,0.0,560.0,561,674,1.0,False,3128,109956,0.0284,3332,17,15000,0,64,1
Real-Time_Visual_Understanding__sample_112,Real-Time Visual Understanding_sample_112_5,Text-Rich Understanding,What appears in the overlay graphics on the screen right now?,"['User interaction options.', 'Weather icons.', 'Application logos.', 'Navigation tools.']",User interaction options.,A,A) User interaction options.,A,100.0,673.0,674,674,1.0,False,3956,132104,0.0299,4312,22,15000,0,64,1
Real-Time_Visual_Understanding__sample_113,Real-Time Visual Understanding_sample_113_1,Text-Rich Understanding,What item is the person holding close to the camera right now?,"['A framed picture.', 'A black device.', 'A navy blue t-shirt.', 'A smartphone.']",A smartphone.,D,B) A black device.,B,0.0,7.0,8,632,1.0,False,218,1568,0.139,392,2,15000,0,64,1
Real-Time_Visual_Understanding__sample_113,Real-Time Visual Understanding_sample_113_2,Text-Rich Understanding,What is the CPU multi-core score shown in the video for the A15?,"['4317.', '1741.', '4211.', '4908.']",4908.,D,A) 4317.,A,0.0,180.0,181,632,1.0,False,1206,35476,0.034,1568,8,15000,0,64,1
Real-Time_Visual_Understanding__sample_113,Real-Time Visual Understanding_sample_113_3,Text-Rich Understanding,What title is displayed at the top center of the black background right now?,"['3DMark Benchmark Results.', 'Processor Performance Test.', '3DMark Extreme Test.', '3DMark Wild Extreme Stress.']",3DMark Wild Extreme Stress.,D,A) 3DMark Benchmark Results.,A,0.0,327.0,328,632,1.0,False,1521,64288,0.0237,1960,10,15000,0,64,1
Real-Time_Visual_Understanding__sample_113,Real-Time Visual Understanding_sample_113_4,Text-Rich Understanding,What is the title of the bar chart being displayed right now?,"['Game Equipment Comparison.', 'Relationship between Frame Rate and Temperature.', 'Power Consumption Comparison of Different Devices.', 'Real-time Frame Rate of the Game ""Genshin Impact"".']","Real-time Frame Rate of the Game ""Genshin Impact"".",D,"D) Real-time Frame Rate of the Game ""Genshin Impact"".",D,100.0,499.0,500,632,1.0,False,2166,98000,0.0221,2744,14,15000,0,64,1
Real-Time_Visual_Understanding__sample_113,Real-Time Visual Understanding_sample_113_5,Text-Rich Understanding,What type of products are predominantly displayed on the shopping application right now?,"['Clothes.', 'Books.', 'Furniture.', 'Electronics.']",Electronics.,D,D) Electronics.,D,100.0,631.0,632,632,1.0,False,2714,123872,0.0219,3332,17,15000,0,64,1
Real-Time_Visual_Understanding__sample_114,Real-Time Visual Understanding_sample_114_1,Text-Rich Understanding,What label is prominently visible on the computer case right now?,"['ASUS.', 'Corsair.', 'Cooler Master.', 'NZXT.']",NZXT.,D,D) NZXT.,D,100.0,6.0,7,857,1.0,False,227,1372,0.1655,392,2,15000,0,64,1
Real-Time_Visual_Understanding__sample_114,Real-Time Visual Understanding_sample_114_2,Text-Rich Understanding,What label is visible on the memory bank just now?,"['Essential.', 'Major.', 'Primary.', 'Crucial.']",Crucial.,D,D) Crucial.,D,100.0,247.0,248,857,1.0,False,1798,48608,0.037,2156,11,15000,0,64,1
Real-Time_Visual_Understanding__sample_114,Real-Time Visual Understanding_sample_114_3,Text-Rich Understanding,Which brand name appears on the black fans inside the computer case right now?,"['Corsair.', 'Cooler Master.', 'Thermaltake.', 'NZXT.']",NZXT.,D,D) NZXT.,D,100.0,459.0,460,857,1.0,False,2786,90160,0.0309,3332,17,15000,0,64,1
Real-Time_Visual_Understanding__sample_114,Real-Time Visual Understanding_sample_114_4,Text-Rich Understanding,Which CPU's performance are displayed right now?,"['RTX 4070 Ti SUPER.', 'RTX 4090.', 'RTX 4080.', 'RTX 4070Ti.']",RTX 4070Ti.,D,D) RTX 4070Ti.,D,100.0,680.0,681,857,1.0,False,4056,133476,0.0304,4704,24,15000,0,64,1
Real-Time_Visual_Understanding__sample_114,Real-Time Visual Understanding_sample_114_5,Text-Rich Understanding,What words can be seen inside the computer case now?,"['GPU.', 'RTX 4070 Ti SUPER.', 'FAN.', 'GIGABYTE.']",GIGABYTE.,D,D) GIGABYTE.,D,100.0,856.0,857,857,1.0,False,4747,167972,0.0283,5488,28,15000,0,64,1
Real-Time_Visual_Understanding__sample_115,Real-Time Visual Understanding_sample_115_1,Text-Rich Understanding,Which graphics card performs better in this game?,"['RTX 4090.', 'RTX 3080.', 'RTX 3090.', 'RTX 4080.']",RTX 4090.,A,A) RTX 4090.,A,100.0,13.0,14,581,1.0,False,326,2744,0.1188,392,2,15000,0,64,1
Real-Time_Visual_Understanding__sample_115,Real-Time Visual Understanding_sample_115_2,Text-Rich Understanding,What price is shown for the GeForce RTX 4060 Family graphics card right now?,"['AUD $545.', 'AUD $499.', 'USD $545.', 'USD $499.']",AUD $545.,A,B) AUD $499.,B,0.0,163.0,164,581,1.0,False,1675,32144,0.0521,1764,9,15000,0,64,1
Real-Time_Visual_Understanding__sample_115,Real-Time Visual Understanding_sample_115_3,Text-Rich Understanding,What graphical setting is added to the right view that is not included in the left view right now?,"['Frame Generation.', 'DLSS 3 Perf.', 'RT Psycho.', 'RTX 4090.']",Frame Generation.,A,D) RTX 4090.,D,0.0,326.0,327,581,1.0,False,2577,64092,0.0402,2744,14,15000,0,64,1
Real-Time_Visual_Understanding__sample_115,Real-Time Visual Understanding_sample_115_4,Text-Rich Understanding,What comparison is displayed on the screen right now?,"['4070Ti vs 4070 in various games.', 'Cooling efficiency of RTX 4070 against previous models.', '4070 in different regions.', '4070.']",4070Ti vs 4070 in various games.,A,A) 4070Ti vs 4070 in various,A,100.0,488.0,489,581,1.0,False,3855,95844,0.0402,4116,21,15000,0,64,1
Real-Time_Visual_Understanding__sample_115,Real-Time Visual Understanding_sample_115_5,Text-Rich Understanding,What is the message printed on the box underneath the GeForce RTX graphics card right now?,"['INSPIRED BY GAMERS, BUILT BY NVIDIA.', 'DESIGNED FOR GAMERS, MADE BY NVIDIA.', 'CREATED FOR GAMERS, MADE BY NVIDIA.', 'DESIGNED FOR GAMERS, BUILT BY NVIDIA.']","INSPIRED BY GAMERS, BUILT BY NVIDIA.",A,"D) DESIGNED FOR GAMERS, BUILT BY NVIDIA.",D,0.0,580.0,581,581,1.0,False,4497,113876,0.0395,4900,25,15000,0,64,1
Real-Time_Visual_Understanding__sample_116,Real-Time Visual Understanding_sample_116_1,Action Perception,What action are the hands performing right now?,"['Positioning the graphics card inside the case.', 'Lifting a black mesh panel.', 'Installing a light olive green t-shirt.', 'Talking at a white table.']",Positioning the graphics card inside the case.,A,A) Positioning the graphics card inside the case.,A,100.0,15.0,16,662,1.0,False,333,3136,0.1062,392,2,15000,0,64,1
Real-Time_Visual_Understanding__sample_116,Real-Time Visual Understanding_sample_116_2,Text-Rich Understanding,Which logo is illuminated in white on the dark mesh panel right now?,"['GEFORCE GT.', 'GTX ROG.', 'GEFORCE RTX.', 'GEFORCE ROG.']",GEFORCE RTX.,C,C) GEFORCE RTX.,C,100.0,183.0,184,662,1.0,False,1124,36064,0.0312,1372,7,15000,0,64,1
Real-Time_Visual_Understanding__sample_116,Real-Time Visual Understanding_sample_116_3,Attribute Perception,What color is the light glowing from one of the components right now?,"['Red.', 'Green.', 'Blue.', 'Yellow.']",Blue.,C,C) Blue.,C,100.0,385.0,386,662,1.0,False,2064,75656,0.0273,2352,12,15000,0,64,1
Real-Time_Visual_Understanding__sample_116,Real-Time Visual Understanding_sample_116_4,Text-Rich Understanding,What brand name is shown on the GPU right now?,"['ASUS.', 'CORSAIR.', 'MSI.', 'EVGA.']",MSI.,C,B) CORSAIR.,B,0.0,553.0,554,662,1.0,False,2793,108584,0.0257,3136,16,15000,0,64,1
Real-Time_Visual_Understanding__sample_116,Real-Time Visual Understanding_sample_116_5,Object Perception,What items are beside the computer case right now?,"['A screwdriver and mouse.', 'A pair of pliers and a keyboard.', 'A keyboard.', 'A set of cables.']",A screwdriver and mouse.,A,A) A screwdriver and mouse.,A,100.0,661.0,662,662,1.0,False,3343,129752,0.0258,3724,19,15000,0,64,1
Real-Time_Visual_Understanding__sample_117,Real-Time Visual Understanding_sample_117_1,Text-Rich Understanding,What specific text is etched on the graphics card shown right now?,"['RTX 3060 Ti.', 'RTX 4070 Ti.', 'RTX 4080 SUPER.', 'RTX 5000 ULTRA.']",RTX 4080 SUPER.,C,C) RTX 4080 SUPER.,C,100.0,7.0,8,764,1.0,False,298,1568,0.1901,392,2,15000,0,64,1
Real-Time_Visual_Understanding__sample_117,Real-Time Visual Understanding_sample_117_2,Text-Rich Understanding,What is the highlighted label on the graphics chip right now?,"['AD103-400A1.', 'AD104-300B1.', 'TS MC223A2.', 'AD102-500A3.']",AD103-400A1.,A,A) AD103-400A1.,A,100.0,212.0,213,764,1.0,False,1272,41748,0.0305,1372,7,15000,0,64,1
Real-Time_Visual_Understanding__sample_117,Real-Time Visual Understanding_sample_117_3,Text-Rich Understanding,What resolution setting is highlighted right now?,"['2560x1440.', '1920x1080.', '3840x2160.', '3200x1800.']",3840x2160.,C,B) 1920x1080.,B,0.0,412.0,413,764,1.0,False,2153,80948,0.0266,2352,12,15000,0,64,1
Real-Time_Visual_Understanding__sample_117,Real-Time Visual Understanding_sample_117_4,Text-Rich Understanding,What performance gain does the NVIDIA RTX 4080 SUPER achieve in ray-traced games at 2160P resolution right now?,"['+2.93%', '+3.21%', '+3.11%', '-3%']",+3.11%,C,B) +3.21%,B,0.0,620.0,621,764,1.0,False,2936,121716,0.0241,3136,16,15000,0,64,1
Real-Time_Visual_Understanding__sample_117,Real-Time Visual Understanding_sample_117_5,Text-Rich Understanding,What is the label on the rightmost graphics card right now?,"['GeForce RTX 4090.', 'GeForce GTX 4090 SUPER.', 'GeForce RTX 4080.', 'GTX 4090.']",GeForce RTX 4080.,C,C) GeForce RTX 4080.,C,100.0,763.0,764,764,1.0,False,3853,149744,0.0257,4116,21,15000,0,64,1
Real-Time_Visual_Understanding__sample_118,Real-Time Visual Understanding_sample_118_1,Text-Rich Understanding,What label is visible on the computer component inside the electronic device right now?,"['GEFORCE RTX.', 'FIRE GTX.', 'GEFORCE GTX.', 'G*FORCE GTX.']",GEFORCE RTX.,A,C) GEFORCE GTX.,C,0.0,6.0,7,582,1.0,False,230,1372,0.1676,392,2,15000,0,64,1
Real-Time_Visual_Understanding__sample_118,Real-Time Visual Understanding_sample_118_2,Text-Rich Understanding,What brand of heatsink is being installed onto the motherboard's CPU right now?,"['Noctua.', 'Cooler Master.', 'Corsair.', 'Be Quiet!.']",Cooler Master.,B,B) Cooler Master.,B,100.0,167.0,168,582,1.0,False,1446,32928,0.0439,1764,9,15000,0,64,1
Real-Time_Visual_Understanding__sample_118,Real-Time Visual Understanding_sample_118_3,Object Perception,What product image is shown on the webpage right now?,"['White CPU cooler.', 'Black fan cooler.', 'RGB lighting.', 'Transparent case fan.']",Black fan cooler.,B,A) White CPU cooler.,A,0.0,320.0,321,582,1.0,False,2337,62916,0.0371,2744,14,15000,0,64,1
Real-Time_Visual_Understanding__sample_118,Real-Time Visual Understanding_sample_118_4,Text-Rich Understanding,What setting is being selected in the voltage settings interface right now?,"['Auto Mode.', 'Fixed Mode.', 'Offset Mode.', 'Manual Mode.']",Offset Mode.,C,B) Fixed Mode.,B,0.0,498.0,499,582,1.0,False,3855,97804,0.0394,4312,22,15000,0,64,1
Real-Time_Visual_Understanding__sample_118,Real-Time Visual Understanding_sample_118_5,Text-Rich Understanding,What hardware performance metric is visible at the top of the screen right now?,"['CPU clock speed.', 'Temperature, power, framerate for cpu and gpu.', 'Network speed.', 'Memory usage.']","Temperature, power, framerate for cpu and gpu.",B,"B) Temperature, power, framerate for cpu and gpu.",B,100.0,581.0,582,582,1.0,False,4331,114072,0.038,4900,25,15000,0,64,1
Real-Time_Visual_Understanding__sample_119,Real-Time Visual Understanding_sample_119_1,Text-Rich Understanding,What element is illuminated in the close-up view of the computer part right now?,"['A red circuit board.', 'A ROG logo.', 'A MSI logo.', 'Computer cables.']",A ROG logo.,B,A) A red circuit board.,A,0.0,6.0,7,388,1.0,False,214,1372,0.156,392,2,15000,0,64,1
Real-Time_Visual_Understanding__sample_119,Real-Time Visual Understanding_sample_119_2,Text-Rich Understanding,What component is being detached from the GPU just now?,"['A fan module.', 'A copper heat sink.', 'A plastic cover.', 'A backplate.']",A copper heat sink.,B,B) A copper heat sink.,B,100.0,112.0,113,388,1.0,False,813,22148,0.0367,1176,6,15000,0,64,1
Real-Time_Visual_Understanding__sample_119,Real-Time Visual Understanding_sample_119_3,Attribute Perception,"Which colors are the RGB lighting alternating between on the ""Matrix"" component right now?","['Red, green, and blue.', 'Blue, purple, and green.', 'Red, blue, and purple.', 'Red, purple, and green.']","Red, blue, and purple.",C,"A) Red, green, and blue.",A,0.0,203.0,204,388,1.0,False,1205,39984,0.0301,1568,8,15000,0,64,1
Real-Time_Visual_Understanding__sample_119,Real-Time Visual Understanding_sample_119_4,Text-Rich Understanding,What graphics card models are shown on the benchmarking results right now?,"['4080 FE, 4090 Suprim X, 4090 Matrix.', '4090 FE, 4080 Suprim X, 4090 Matrix.', '4090 FE, 4090 Suprim X, 4080 Matrix.', '4090 FE, 4090 Suprim X, 4090 Matrix.']","4090 FE, 4090 Suprim X, 4090 Matrix.",D,"D) 4090 FE, 4090 Suprim",D,100.0,309.0,310,388,1.0,False,1838,60760,0.0303,2352,12,15000,0,64,1
Real-Time_Visual_Understanding__sample_119,Real-Time Visual Understanding_sample_119_5,Causal Reasoning,What is the likely purpose of the person's gestures right now?,"['Asking a question.', 'Explaining a concept.', 'Writing something down.', 'Watching a demonstration.']",Explaining a concept.,B,D) Watching a demonstration.,D,0.0,387.0,388,388,1.0,False,2185,76048,0.0287,2744,14,15000,0,64,1
Real-Time_Visual_Understanding__sample_120,Real-Time Visual Understanding_sample_120_1,Text-Rich Understanding,What text is visible on the white box being handled right now?,"['""Apple Device"".', '""Mac Studio"".', '""Tech Gear"".', '""Studio Box"".']","""Mac Studio"".",B,"B) ""Mac Studio"".",B,100.0,7.0,8,892,1.0,False,302,1568,0.1926,392,2,15000,0,64,1
Real-Time_Visual_Understanding__sample_120,Real-Time Visual Understanding_sample_120_2,Text-Rich Understanding,What specific hardware components are highlighted right now?,"['RTX 3090 and GTX 980 Ti graphics cards.', 'Cooling fan and motherboard.', 'Large black box and smaller silver box.', 'Computer monitor and keyboard.']",RTX 3090 and GTX 980 Ti graphics cards.,A,A) RTX 3090 and GTX 980 Ti,A,100.0,239.0,240,892,1.0,False,1743,47040,0.0371,1960,10,15000,0,64,1
Real-Time_Visual_Understanding__sample_120,Real-Time Visual Understanding_sample_120_3,Text-Rich Understanding,What is the title shown on the digital display with a bar graph right now?,"['System Analysis.', 'Performance Metrics.', 'Mask Tracking.', 'Data Comparison.']",Mask Tracking.,C,C) Mask Tracking.,C,100.0,446.0,447,892,1.0,False,2912,87612,0.0332,3136,16,15000,0,64,1
Real-Time_Visual_Understanding__sample_120,Real-Time Visual Understanding_sample_120_4,Attribute Perception,What type of wallpaper is displayed on the monitor screen right now?,"['Green and yellow abstract design.', 'Photo of a natural landscape.', 'Black and white geometric pattern.', 'Vibrant blue and purple gradient.']",Vibrant blue and purple gradient.,D,D) Vibrant blue and purple gradient.,D,100.0,663.0,664,892,1.0,False,3921,130144,0.0301,4312,22,15000,0,64,1
Real-Time_Visual_Understanding__sample_120,Real-Time Visual Understanding_sample_120_5,Text-Rich Understanding,What is the person in the green shirt gesturing towards right now?,"['The compact computer on the left.', 'The opened black computer case on the right.', 'The monitor displaying a colorful desktop screen.', 'The table itself.']",The opened black computer case on the right.,B,B) The opened black computer case on the right.,B,100.0,891.0,892,892,1.0,False,4868,174832,0.0278,5292,27,15000,0,64,1
Real-Time_Visual_Understanding__sample_121,Real-Time Visual Understanding_sample_121_1,Text-Rich Understanding,What label on the graphics card is visible right now?,"['RTX 4090.', 'AMD RADEON.', 'INTEL ARC.', 'NVIDIA TESLA.']",RTX 4090.,A,A) RTX 4090.,A,100.0,11.0,12,706,1.0,False,291,2352,0.1237,392,2,15000,0,64,1
Real-Time_Visual_Understanding__sample_121,Real-Time Visual Understanding_sample_121_2,Text-Rich Understanding,What license plate is displayed on the left car's rear right now?,"['RTX1MUM.', 'OPT1MUM.', 'DLX3080.', 'CAR4080.']",OPT1MUM.,B,B) OPT1MUM.,B,100.0,200.0,201,706,1.0,False,1232,39396,0.0313,1372,7,15000,0,64,1
Real-Time_Visual_Understanding__sample_121,Real-Time Visual Understanding_sample_121_3,Text-Rich Understanding,Which graphical overlay is NOT shown right now?,"['RTX 2080 S.', 'RTX 3080.', 'RTX 3070.', 'RTX 4080.']",RTX 3070.,C,D) RTX 4080.,D,0.0,380.0,381,706,1.0,False,1870,74676,0.025,2156,11,15000,0,64,1
Real-Time_Visual_Understanding__sample_121,Real-Time Visual Understanding_sample_121_4,Text-Rich Understanding,What is the V-Ray 5 benchmark score for the RTX 3080 right now?,"['2314.', '2691.', '1308.', '3972.']",2314.,A,B) 2691.,B,0.0,559.0,560,706,1.0,False,2671,109760,0.0243,3136,16,15000,0,64,1
Real-Time_Visual_Understanding__sample_121,Real-Time Visual Understanding_sample_121_5,Text-Rich Understanding,What brand and model of the graphics card box is visible on the man's hand right now?,"['Radeon RX 590.', 'GeForce GTX 1080.', 'GeForce RTX 4080.', 'Radeon RX 6700.']",GeForce RTX 4080.,C,C) GeForce RTX 4080.,C,100.0,705.0,706,706,1.0,False,3318,138376,0.024,3920,20,15000,0,64,1
Real-Time_Visual_Understanding__sample_122,Real-Time Visual Understanding_sample_122_1,Text-Rich Understanding,What text is prominently shown on the packaging of the darker graphics card right now?,"['DESIGNED BY GAMERS, BUILT BY NVIDIA.', 'CREATED BY GAMERS, DEVELOPED BY NVIDIA.', 'INSPIRED BY GAMERS. BUILT BY NVIDIA.', 'ENGINEERED BY GAMERS, MADE BY NVIDIA.']",INSPIRED BY GAMERS. BUILT BY NVIDIA.,C,C) INSPIRED BY GAMERS. BUILT BY NVIDIA.,C,100.0,15.0,16,287,1.0,False,316,3136,0.1008,392,2,15000,0,64,1
Real-Time_Visual_Understanding__sample_122,Real-Time Visual Understanding_sample_122_2,Text-Rich Understanding,What titles are not listed on the comparison chart shown right now?,"['GTA V.', 'Shadow of the Tomb Raider.', 'Forza Horizon 5.', 'God of War.']",GTA V.,A,D) God of War.,D,0.0,96.0,97,287,1.0,False,775,19012,0.0408,980,5,15000,0,64,1
Real-Time_Visual_Understanding__sample_122,Real-Time Visual Understanding_sample_122_3,Text-Rich Understanding,What is the brand name of the graphics card shown right now?,"['NVIDIA.', 'GE FORCE.', 'AMD.', 'RADEON.']",AMD.,C,B) GE FORCE.,B,0.0,180.0,181,287,1.0,False,1414,35476,0.0399,1764,9,15000,0,64,1
Real-Time_Visual_Understanding__sample_122,Real-Time Visual Understanding_sample_122_4,Attribute Perception,What is the design feature of the graphics card on the right right now?,"['It has dual fans with a sleek design.', 'It has three fans with a geometric, aggressive design.', 'It features a single large fan in the center.', 'It is completely fanless with a passive cooling system.']","It has three fans with a geometric, aggressive design.",B,"B) It has three fans with a geometric, aggressive design.",B,100.0,251.0,252,287,1.0,False,1867,49392,0.0378,2352,12,15000,0,64,1
Real-Time_Visual_Understanding__sample_122,Real-Time Visual Understanding_sample_122_5,Counting,How many fans does the graphics card on the right have right now?,"['One.', 'Two.', 'Three.', 'Four.']",Three.,C,C) Three.,C,100.0,286.0,287,287,1.0,False,2074,56252,0.0369,2744,14,15000,0,64,1
Real-Time_Visual_Understanding__sample_123,Real-Time Visual Understanding_sample_123_1,Text-Rich Understanding,What text appears next to the graphics card on the desk right now?,"['RTX 4060.', 'GTX 3050.', 'RTX 3090.', 'GTX 1080.']",RTX 4060.,A,A) RTX 4060.,A,100.0,8.0,9,572,1.0,False,329,1764,0.1865,392,2,15000,0,64,1
Real-Time_Visual_Understanding__sample_123,Real-Time Visual Understanding_sample_123_2,Text-Rich Understanding,"According to the comparison chart, what is the memory size of the RTX 3060 and the RTX 4060 right now?","['12GB for RTX 3060, 8GB for RTX 4060.', '8GB for RTX 3060, 12GB for RTX 4060.', '10GB for RTX 3060, 8GB for RTX 4060.', '16GB for RTX 3060, 10GB for RTX 4060.']","12GB for RTX 3060, 8GB for RTX 4060.",A,"A) 12GB for RTX 3060, ",A,100.0,150.0,151,572,1.0,False,984,29596,0.0332,1176,6,15000,0,64,1
Real-Time_Visual_Understanding__sample_123,Real-Time Visual Understanding_sample_123_3,Text-Rich Understanding,"According to the performance test titled ""3DMark Time Spy Extreme"", which graphics card scored the highest?","['RTX 4060 Ti.', 'RTX 4060.', 'RTX 3060.', 'RTX 3060 Ti.']",RTX 4060 Ti.,A,A) RTX 4060 Ti.,A,100.0,300.0,301,572,1.0,False,1752,58996,0.0297,1960,10,15000,0,64,1
Real-Time_Visual_Understanding__sample_123,Real-Time Visual Understanding_sample_123_4,Text-Rich Understanding,"Which game's performance metrics are consistently shown for the RTX 3060 Ti, RTX 3060, and RTX 4060 at a 1920x1080 resolution right now?","['Journey to Hogwarts.', 'Horizon 5.', 'Apex Legends.', 'Call of Duty.']",Journey to Hogwarts.,A,D) Call of Duty.,D,0.0,440.0,441,572,1.0,False,2002,86436,0.0232,2352,12,15000,0,64,1
Real-Time_Visual_Understanding__sample_123,Real-Time Visual Understanding_sample_123_5,Text-Rich Understanding,What benchmark score is being displayed for the time spy?,"['13,001.', '10,000.', '11,380.', '13,300.']","13,001.",A,"C) 11,380.",C,0.0,571.0,572,572,1.0,False,2910,112112,0.026,3332,17,15000,0,64,1
Real-Time_Visual_Understanding__sample_124,Real-Time Visual Understanding_sample_124_1,Event Understanding,What is the man in the video doing so far?,"['Speaking and gesturing while seated.', 'Cooking in a dimly lit kitchen.', 'Reading a book quietly.', 'Writing notes on a paper.']",Speaking and gesturing while seated.,A,A) Speaking and gesturing while seated.,A,100.0,19.0,20,430,1.0,False,206,3920,0.0526,392,2,15000,0,64,1
Real-Time_Visual_Understanding__sample_124,Real-Time Visual Understanding_sample_124_2,Attribute Perception,"What brand is mentioned on the white bottle labeled ""GAC 100""?","['GOLDEN.', 'SILVER.', 'BRONZE.', 'PLATINUM.']",GOLDEN.,A,A) GOLDEN.,A,100.0,160.0,161,430,1.0,False,966,31556,0.0306,1176,6,15000,0,64,1
Real-Time_Visual_Understanding__sample_124,Real-Time Visual Understanding_sample_124_3,Causal Reasoning,Why is the yellow tape used on the denim fabric?,"['To secure the fabric to the table.', 'To create a border for the white liquid application.', 'To measure the fabric size.', 'To mark the sections for different colors.']",To create a border for the white liquid application.,B,B) To create a border for the white liquid application.,B,100.0,179.0,180,430,1.0,False,1033,35280,0.0293,1372,7,15000,0,64,1
Real-Time_Visual_Understanding__sample_124,Real-Time Visual Understanding_sample_124_4,Causal Reasoning,Why does the artist add layers of white paint to the portrait?,"['To create highlights and enhance dimensionality.', 'To cover mistakes made earlier.', 'To change the color of the background.', 'To outline the figure in the portrait.']",To create highlights and enhance dimensionality.,A,A) To create highlights and enhance dimensionality.,A,100.0,297.0,298,430,1.0,False,1271,58408,0.0218,1764,9,15000,0,64,1
Real-Time_Visual_Understanding__sample_124,Real-Time Visual Understanding_sample_124_5,Clips Summarize,Which of the following best summarizes the painting shown in the clip?,"['A young warrior playing a musical instrument.', 'A landscape with a forest and a gardener.', 'An abstract painting with vibrant colors.', 'An elderly man with a blue sword-like object.']",An elderly man with a blue sword-like object.,D,D) An elderly man with a blue sword-like object.,D,100.0,429.0,430,430,1.0,False,1759,84280,0.0209,2352,12,15000,0,64,1
Real-Time_Visual_Understanding__sample_125,Real-Time Visual Understanding_sample_125_1,Event Understanding,What happens right after the scene shifts to a different view showing a blank white canvas?,"['A piece of gray fabric is placed over the canvas.', 'The canvas is painted with light colors.', 'A new portrait appears on the canvas.', 'The video zooms out to show the entire table.']",A piece of gray fabric is placed over the canvas.,A,C) A new portrait appears on the canvas.,C,0.0,16.0,17,561,1.0,False,244,3332,0.0732,392,2,15000,0,64,1
Real-Time_Visual_Understanding__sample_125,Real-Time Visual Understanding_sample_125_2,Attribute Perception,What color is the circle in the background of the painting?,"['Red.', 'Blue.', 'Green.', 'Yellow.']",Yellow.,D,B) Blue.,B,0.0,199.0,200,561,1.0,False,629,39200,0.016,784,4,15000,0,64,1
Real-Time_Visual_Understanding__sample_125,Real-Time Visual Understanding_sample_125_3,Action Perception,What is the hand doing just now?,"['Painting a landscape.', 'Blending the background colors.', ""Painting the subject's face."", 'Adding details to the hair.']",Adding details to the hair.,D,C) Painting the subject's face.,C,0.0,366.0,367,561,1.0,False,1095,71932,0.0152,1372,7,15000,0,64,1
Real-Time_Visual_Understanding__sample_125,Real-Time Visual Understanding_sample_125_4,Event Understanding,What is the hand doing when it shifts focus to the lower part of the painting?,"['Adding texture to the hair.', 'Painting broad strokes with pink and purple hues.', ""Detailing the woman's face."", 'Refining the transition between background colors.']",Painting broad strokes with pink and purple hues.,B,B) Painting broad strokes with pink and purple hues.,B,100.0,387.0,388,561,1.0,False,1166,76048,0.0153,1568,8,15000,0,64,1
Real-Time_Visual_Understanding__sample_125,Real-Time Visual Understanding_sample_125_5,Clips Summarize,Which of the following best summarizes the painting shown in the video?,"['A detailed painting of a woman with blonde hair on a dark blue background with a full moon and clouds.', 'A landscape painting with mountains and rivers.', 'An abstract painting with vibrant colors and shapes.', 'A close-up portrait of an elderly man.']",A detailed painting of a woman with blonde hair on a dark blue background with a full moon and clouds.,A,A) A detailed painting of a woman with blonde hair on a dark blue background,A,100.0,560.0,561,561,1.0,False,1620,109956,0.0147,2156,11,15000,0,64,1
Real-Time_Visual_Understanding__sample_126,Real-Time Visual Understanding_sample_126_1,Action Perception,What is the artist doing with the gold leaf in the video?,"['Applying it to a painted surface.', 'Cutting it into smaller pieces.', 'Mixing it with paint.', 'Discarding it.']",Applying it to a painted surface.,A,A) Applying it to a painted surface.,A,100.0,8.0,9,501,1.0,False,220,1764,0.1247,392,2,15000,0,64,1
Real-Time_Visual_Understanding__sample_126,Real-Time Visual Understanding_sample_126_2,Event Understanding,What is the sequence of actions just performed by the artist?,"['Painting the background, then the nose, followed by the cheek, and finally the forehead.', 'Painting the nose, then the cheek, followed by the forehead.', 'Painting the forehead, then the nose, followed by the cheek.', 'Painting the cheek, then the forehead, followed by the nose.']","Painting the nose, then the cheek, followed by the forehead.",B,"A) Painting the background, then the nose, followed by the cheek, and",A,0.0,180.0,181,501,1.0,False,504,35476,0.0142,784,4,15000,0,64,1
Real-Time_Visual_Understanding__sample_126,Real-Time Visual Understanding_sample_126_3,Action Perception,What did the artist do just now?,"['Sketching the ear.', 'Applying meticulous strokes to the ear area.', 'Cleaning the paintbrush.', 'Painting the background.']",Applying meticulous strokes to the ear area.,B,B) Applying meticulous strokes to the ear area.,B,100.0,338.0,339,501,1.0,False,795,66444,0.012,1176,6,15000,0,64,1
Real-Time_Visual_Understanding__sample_126,Real-Time Visual Understanding_sample_126_4,Spatial Understanding,Where are the other brushes and pencils located in relation to the artwork?,"['On a shelf above the artwork.', 'Scattered around the artwork on the table.', 'Inside a drawer next to the table.', ""Held in the artist's other hand.""]",Scattered around the artwork on the table.,B,B) Scattered around the artwork on the table.,B,100.0,490.0,491,501,1.0,False,1069,96236,0.0111,1568,8,15000,0,64,1
Real-Time_Visual_Understanding__sample_126,Real-Time Visual Understanding_sample_126_5,Clips Summarize,Which of the following best summarizes the painting shown in the video?,"['A detailed painting of a woman with blonde hair on a dark blue background with a full moon and clouds.', 'A landscape painting with mountains and rivers.', ""A detailed illustration of a woman's profile with leaves in her hair being painted."", 'A close-up portrait of an elderly man.']",A detailed illustration of a woman's profile with leaves in her hair being painted.,C,C) A detailed illustration of a woman's profile with leaves in her hair being,C,100.0,500.0,501,501,1.0,False,1087,98196,0.0111,1764,9,15000,0,64,1
Real-Time_Visual_Understanding__sample_127,Real-Time Visual Understanding_sample_127_1,Attribute Perception,What color was added to the eyes of the sketched portrait?,"['Green', 'Brown', 'Blue', 'Hazel']",Blue,C,D) Hazel,D,0.0,20.0,21,681,1.0,False,270,4116,0.0656,392,2,15000,0,64,1
Real-Time_Visual_Understanding__sample_127,Real-Time Visual Understanding_sample_127_2,Action Perception,What action is the paintbrush performing right now?,"['Adding details to the hair.', 'Coloring the lips.', 'Adding details to the nose.', 'Shading the background.']",Adding details to the nose.,C,C) Adding details to the nose.,C,100.0,229.0,230,681,1.0,False,589,45080,0.0131,784,4,15000,0,64,1
Real-Time_Visual_Understanding__sample_127,Real-Time Visual Understanding_sample_127_3,Spatial Understanding,Which parts of the face remain unpainted right now?,"['Eyes and lips.', 'Hair and surrounding skin areas.', 'Nose and lips.', 'Eyes and nose.']",Hair and surrounding skin areas.,B,A) Eyes and lips.,A,0.0,240.0,241,681,1.0,False,612,47236,0.013,980,5,15000,0,64,1
Real-Time_Visual_Understanding__sample_127,Real-Time Visual Understanding_sample_127_4,Event Understanding,What is the primary focus of the video?,"['The artist mixing paints.', 'The artist adjusting the background.', ""The detailed painting of a woman's face."", 'The artist framing the artwork.']",The detailed painting of a woman's face.,C,C) The detailed painting of a woman's face.,C,100.0,460.0,461,681,1.0,False,897,90356,0.0099,1372,7,15000,0,64,1
Real-Time_Visual_Understanding__sample_127,Real-Time Visual Understanding_sample_127_5,Event Understanding,What does the painter focus on during the last strokes?,"['The eyes and hair.', 'The lower face.', 'The background and plant.', 'The canvas texture.']",The lower face.,B,A) The eyes and hair.,A,0.0,680.0,681,681,1.0,False,1731,133476,0.013,2352,12,15000,0,64,1
Real-Time_Visual_Understanding__sample_128,Real-Time Visual Understanding_sample_128_1,Spatial Understanding,Where is the green potted plant positioned relative to the painting in the initial scene?,"['To the right of the painting.', 'In front of the painting.', 'To the left of the painting.', 'Above the painting.']",To the left of the painting.,C,C) To the left of the painting.,C,100.0,6.0,7,501,1.0,False,197,1372,0.1436,392,2,15000,0,64,1
Real-Time_Visual_Understanding__sample_128,Real-Time Visual Understanding_sample_128_2,Clips Summarize,Which of the following best summarizes the scene in the video?,"['A detailed exploration of a landscape painting.', 'The process of painting a landscape with vibrant colors.', ""A focus on a woman's portrait with a tranquil expression."", 'An artist discussing the inspiration behind an abstract piece.']",A focus on a woman's portrait with a tranquil expression.,C,C) A focus on a woman's portrait with a tranquil expression.,C,100.0,19.0,20,501,1.0,False,207,3920,0.0528,588,3,15000,0,64,1
Real-Time_Visual_Understanding__sample_128,Real-Time Visual Understanding_sample_128_3,Spatial Understanding,What is visible in the left lower corner of the frame after the camera zooms out?,"['A decorative statue.', 'A green plant.', 'A part of a bookshelf.', 'A palette of colors.']",A green plant.,B,B) A green plant.,B,100.0,178.0,179,501,1.0,False,543,35084,0.0155,980,5,15000,0,64,1
Real-Time_Visual_Understanding__sample_128,Real-Time Visual Understanding_sample_128_4,Clips Summarize,Which of the following best summarizes the painting shown in the video?,"['A woman with open eyes and vibrant colors.', 'A landscape with intricate textures.', ""A woman's face with closed eyes and partially painted skin tones."", 'An abstract painting with geometric shapes.']",A woman's face with closed eyes and partially painted skin tones.,C,C) A woman's face with closed eyes and partially painted skin tones.,C,100.0,326.0,327,501,1.0,False,988,64092,0.0154,1568,8,15000,0,64,1
Real-Time_Visual_Understanding__sample_128,Real-Time Visual Understanding_sample_128_5,Clips Summarize,Which of the following best summarizes the content that was just shown in the video?,"['Two paintings of a landscape are displayed, followed by a close-up of a bird sculpture.', 'Two portraits of a woman are shown, with a close-up revealing details of one painting, and then the original view is restored.', ""A painting of a young man is displayed, followed by a description of the artist's technique."", 'A video of an artist painting is shown, with a focus on the brush strokes and colors used.']","Two portraits of a woman are shown, with a close-up revealing details of one painting, and then the original view is restored.",B,"B) Two portraits of a woman are shown, with a close-up revealing details",B,100.0,500.0,501,501,1.0,False,1551,98196,0.0158,2156,11,15000,0,64,1
Real-Time_Visual_Understanding__sample_129,Real-Time Visual Understanding_sample_129_1,Spatial Understanding,Which side of the head does the person paint first?,"['The top.', 'The left side.', 'The right side.', 'The back.']",The left side.,B,B) The left side.,B,100.0,9.0,10,441,1.0,False,210,1960,0.1071,392,2,15000,0,64,1
Real-Time_Visual_Understanding__sample_129,Real-Time Visual Understanding_sample_129_2,Clips Summarize,Which of the following best summarizes the painting process that was just shown in the video?,"['Adding final touches to a landscape.', 'Detailing a person with short brown hair and a red coat.', 'Painting an abstract art piece.', 'Working on a cityscape with vibrant colors.']",Detailing a person with short brown hair and a red coat.,B,B) Detailing a person with short brown hair and a red coat.,B,100.0,159.0,160,441,1.0,False,429,31360,0.0137,784,4,15000,0,64,1
Real-Time_Visual_Understanding__sample_129,Real-Time Visual Understanding_sample_129_3,Causal Reasoning,Why is the artist applying touches to the facial features frequently?,"['To correct mistakes.', 'To emphasize expressions.', 'To add abstract elements.', 'To change the background color.']",To emphasize expressions.,B,B) To emphasize expressions.,B,100.0,299.0,300,441,1.0,False,1069,58800,0.0182,1568,8,15000,0,64,1
Real-Time_Visual_Understanding__sample_129,Real-Time Visual Understanding_sample_129_4,Spatial Understanding,Where are the plants located in relation to the painting in the studio?,"['To the right side of the painting.', 'On a table beneath the painting.', 'On the left side of the painting.', 'Behind the artist.']",On the left side of the painting.,C,C) On the left side of the painting.,C,100.0,440.0,441,441,1.0,False,1203,86436,0.0139,1764,9,15000,0,64,1
Real-Time_Visual_Understanding__sample_129,Real-Time Visual Understanding_sample_129_5,Clips Summarize,Which of the following best summarizes the content that was just shown in the video?,"['The artist is setting up the studio before starting to paint.', 'The artist is making precise adjustments to an already detailed portrait.', 'The artist is selecting colors and preparing brushes for a new painting.', 'The artist is cleaning up the studio after completing a painting.']",The artist is making precise adjustments to an already detailed portrait.,B,C) The artist is selecting colors and preparing brushes for a new painting.,C,0.0,440.0,441,441,1.0,False,1203,86436,0.0139,1764,9,15000,0,64,1
Real-Time_Visual_Understanding__sample_130,Real-Time Visual Understanding_sample_130_1,Clips Summarize,What is the main activity depicted in the video so far?,"['Sketching a helmeted figure.', 'Painting a landscape.', 'Arranging art supplies.', 'Painting a portrait.']",Sketching a helmeted figure.,A,A) Sketching a helmeted figure.,A,100.0,19.0,20,643,1.0,False,253,3920,0.0645,392,2,15000,0,64,1
Real-Time_Visual_Understanding__sample_130,Real-Time Visual Understanding_sample_130_2,Clips Summarize,Which of the following best summarizes the painting process just shown in the video?,"['A hand paints a helmet with silver and blue accents, focusing on refining details.', 'A hand paints a landscape and then switches to a portrait.', 'A hand starts with abstract strokes and then adds a figure wearing armor.', 'A hand repaints a completed painting with new colors.']","A hand paints a helmet with silver and blue accents, focusing on refining details.",A,"A) A hand paints a helmet with silver and blue accents, focusing on refining",A,100.0,180.0,181,643,1.0,False,457,35476,0.0129,784,4,15000,0,64,1
Real-Time_Visual_Understanding__sample_130,Real-Time Visual Understanding_sample_130_3,Spatial Understanding,Where is the artist applying pink paint on the helmet right now?,"['The upper left portion.', 'The lower right portion.', 'The upper right portion.', 'The lower left portion.']",The upper right portion.,C,A) The upper left portion.,A,0.0,499.0,500,643,1.0,False,1435,98000,0.0146,1764,9,15000,0,64,1
Real-Time_Visual_Understanding__sample_130,Real-Time Visual Understanding_sample_130_4,Clips Summarize,Which of the following best summarizes the artist's activity shown in the video just now?,"['The artist is painting a background with pink paint.', 'The artist is drawing a landscape with various colors.', 'The artist is sketching an abstract figure with fine details.', 'The artist is applying blue and brown accents to a white background.']",The artist is painting a background with pink paint.,A,D) The artist is applying blue and brown accents to a white background.,D,0.0,500.0,501,643,1.0,False,1437,98196,0.0146,1960,10,15000,0,64,1
Real-Time_Visual_Understanding__sample_130,Real-Time Visual Understanding_sample_130_5,Spatial Understanding,What objects are scattered behind the easel?,"['Pencils and papers.', 'Paint tubes and brushes.', 'Books and magazines.', 'Sculpting tools and clay.']",Paint tubes and brushes.,B,B) Paint tubes and brushes.,B,100.0,642.0,643,643,1.0,False,2071,126028,0.0164,2744,14,15000,0,64,1
Real-Time_Visual_Understanding__sample_131,Real-Time Visual Understanding_sample_131_1,Event Understanding,What sequence of paintings was revealed in the notebook?,"['A fish, a tree, and a landscape.', 'A creature with a long beak, a feline face, and a realistic fish.', 'An abstract design, a human portrait, and a cityscape.', 'A bird, a flower, and a mountain.']","A creature with a long beak, a feline face, and a realistic fish.",B,"B) A creature with a long beak, a feline face, and",B,100.0,17.0,18,560,1.0,False,238,3528,0.0675,392,2,15000,0,64,1
Real-Time_Visual_Understanding__sample_131,Real-Time Visual Understanding_sample_131_2,Clips Summarize,Which of the following best summarizes the content shown in the video just now?,"['The artist is painting a landscape with various animals.', 'The artist is sketching a detailed rooster using a pencil.', 'The artist is painting abstract shapes and patterns.', ""The artist is painting a rooster's head and body with vibrant colors and detailed brushstrokes.""]",The artist is painting a rooster's head and body with vibrant colors and detailed brushstrokes.,D,D) The artist is painting a rooster's head and body with vibrant colors,D,100.0,199.0,200,560,1.0,False,494,39200,0.0126,784,4,15000,0,64,1
Real-Time_Visual_Understanding__sample_131,Real-Time Visual Understanding_sample_131_3,Event Understanding,What is the painter focusing right now?,"['Adding a background landscape.', ""Detailing the chicken's neck and feathers."", ""Painting the chicken's feet."", 'Sketching a second chicken.']",Detailing the chicken's neck and feathers.,B,B) Detailing the chicken's neck and feathers.,B,100.0,372.0,373,560,1.0,False,649,73108,0.0089,980,5,15000,0,64,1
Real-Time_Visual_Understanding__sample_131,Real-Time Visual Understanding_sample_131_4,Action Perception,What action is the painter performing at the upper left corner of the painting?,"['Adding red paint.', 'Adding green paint.', 'Adding blue paint.', 'Adding yellow paint.']",Adding blue paint.,C,A) Adding red paint.,A,0.0,549.0,550,560,1.0,False,748,107800,0.0069,1176,6,15000,0,64,1
Real-Time_Visual_Understanding__sample_131,Real-Time Visual Understanding_sample_131_5,Event Understanding,What is the painter focusing right now?,"['The painter begins a new painting.', ""The painter adds blue paint to the rooster's body."", 'The painter makes touches and adjustments to the background.', 'The painter signs the painting.']",The painter makes touches and adjustments to the background.,C,C) The painter makes touches and adjustments to the background.,C,100.0,559.0,560,560,1.0,False,754,109760,0.0069,1372,7,15000,0,64,1
Real-Time_Visual_Understanding__sample_132,Real-Time Visual Understanding_sample_132_1,Event Understanding,What does the person do immediately after aligning the paper on the easel?,"['Makes small adjustments by touching the paper.', 'Places a new sketch on the easel.', 'Moves the easel to a different spot.', 'Changes the spotlight angle.']",Makes small adjustments by touching the paper.,A,A) Makes small adjustments by touching the paper.,A,100.0,19.0,20,751,1.0,False,225,3920,0.0574,392,2,15000,0,64,1
Real-Time_Visual_Understanding__sample_132,Real-Time Visual Understanding_sample_132_2,Spatial Understanding,Where is the potted plant located in relation to the portrait?,"['On the right side.', 'Behind the canvas.', 'On the left side.', 'Under the table.']",On the left side.,C,C) On the left side.,C,100.0,260.0,261,751,1.0,False,591,51156,0.0116,784,4,15000,0,64,1
Real-Time_Visual_Understanding__sample_132,Real-Time Visual Understanding_sample_132_3,Clips Summarize,Which of the following best summarizes the artist's activity just shown in the video?,"['Creating a landscape painting.', 'Working on a realistic portrait of a woman, focusing on the neck area.', 'Sketching a preliminary outline for a new artwork.', 'Mixing colors on a palette for future use.']","Working on a realistic portrait of a woman, focusing on the neck area.",B,C) Sketching a preliminary outline for a new artwork.,C,0.0,260.0,261,751,1.0,False,591,51156,0.0116,784,4,15000,0,64,1
Real-Time_Visual_Understanding__sample_132,Real-Time Visual Understanding_sample_132_4,Spatial Understanding,Where are the bird decorations located in the workspace?,"['On the left side.', 'In front of the canvas.', 'On a shelf to the right.', 'Next to the potted plant.']",On a shelf to the right.,C,D) Next to the potted plant.,D,0.0,740.0,741,751,1.0,False,1780,145236,0.0123,2156,11,15000,0,64,1
Real-Time_Visual_Understanding__sample_132,Real-Time Visual Understanding_sample_132_5,Clips Summarize,Which of the following best summarizes the painting process just shown in the video?,"['The artist is organizing painting tools in a vibrant studio.', 'The painter is applying broad strokes to a landscape painting.', 'The video captures the detailed process of painting background of a portrait with various brush strokes.', 'The artist is blending colors on the palette while preparing to paint.']",The video captures the detailed process of painting background of a portrait with various brush strokes.,C,C) The video captures the detailed process of painting background of a portrait with various,C,100.0,750.0,751,751,1.0,False,1789,147196,0.0122,2352,12,15000,0,64,1
Real-Time_Visual_Understanding__sample_133,Real-Time Visual Understanding_sample_133_1,Spatial Understanding,What is the position of the paintbrush relative to the sketchbooks initially?,"['In front of the open sketchbook.', 'Between a sketchbook and a white item.', 'Behind the closed sketchbook.', 'To the left of the open sketchbook.']",Between a sketchbook and a white item.,B,D) To the left of the open sketchbook.,D,0.0,20.0,21,620,1.0,False,256,4116,0.0622,392,2,15000,0,64,1
Real-Time_Visual_Understanding__sample_133,Real-Time Visual Understanding_sample_133_2,Event Understanding,What is the artist focusing on right now?,"['Adding a background.', ""Painting the portrait's face."", 'Sketching the portrait.', 'Cleaning the palette.']",Painting the portrait's face.,B,B) Painting the portrait's face.,B,100.0,219.0,220,620,1.0,False,547,43120,0.0127,784,4,15000,0,64,1
Real-Time_Visual_Understanding__sample_133,Real-Time Visual Understanding_sample_133_3,Spatial Understanding,Where is the painting set while the artist works on it?,"['On an easel.', 'On the floor.', 'On a table.', 'On a wall.']",On a table.,C,C) On a table.,C,100.0,420.0,421,620,1.0,False,820,82516,0.0099,1176,6,15000,0,64,1
Real-Time_Visual_Understanding__sample_133,Real-Time Visual Understanding_sample_133_4,Clips Summarize,Which of the following best summarizes the painting process shown just now?,"['A rough sketch of a landscape.', 'Add background color to the portrait.', 'An abstract painting with vibrant colors.', 'A still life painting of fruits and flowers.']",Add background color to the portrait.,B,B) Add background color to the portrait.,B,100.0,420.0,421,620,1.0,False,820,82516,0.0099,1176,6,15000,0,64,1
Real-Time_Visual_Understanding__sample_133,Real-Time Visual Understanding_sample_133_5,Clips Summarize,Which of the following best summarizes the painting process in the video?,"['Bold brushstrokes on a colorful landscape.', 'Fine details on a still life painting.', 'Detailing a portrait of a man with dark hair and a serious expressions.', 'Subtle shading on an abstract design.']",Detailing a portrait of a man with dark hair and a serious expressions.,C,C) Detailing a portrait of a man with dark hair and a serious expressions,C,100.0,619.0,620,620,1.0,False,1241,121520,0.0102,1764,9,15000,0,64,1
Real-Time_Visual_Understanding__sample_134,Real-Time Visual Understanding_sample_134_1,Event Understanding,Which part of the drawing is being detailed by the brush in the first few seconds?,"['The left eye.', 'The right eye.', 'The nose.', 'The mouth.']",The left eye.,A,A) The left eye.,A,100.0,20.0,21,560,1.0,False,211,4116,0.0513,392,2,15000,0,64,1
Real-Time_Visual_Understanding__sample_134,Real-Time Visual Understanding_sample_134_2,Clips Summarize,Which of the following best summarizes the content just shown in the video?,"['A paintbrush outlines and details floral elements.', 'A detailed drawing of a face is created from scratch.', 'A paintbrush adds color to the floral headpiece.', 'A paintbrush outlines and fills in the eyes of a detailed drawing.']",A paintbrush outlines and fills in the eyes of a detailed drawing.,D,D) A paintbrush outlines and fills in the eyes of a detailed drawing.,D,100.0,20.0,21,560,1.0,False,211,4116,0.0513,392,2,15000,0,64,1
Real-Time_Visual_Understanding__sample_134,Real-Time Visual Understanding_sample_134_3,Clips Summarize,Which of the following best summarizes the painting process just shown in the video?,"[""An artist begins sketching a woman's face on a new canvas."", ""An artist is detailing a woman's face, focusing on her eyes, cheeks, and nose."", 'An artist adds a detailed background to a painting of a woman.', ""An artist is drawing abstract patterns around a woman's face.""]","An artist is detailing a woman's face, focusing on her eyes, cheeks, and nose.",B,"B) An artist is detailing a woman's face, focusing on her eyes,",B,100.0,200.0,201,560,1.0,False,387,39396,0.0098,588,3,15000,0,64,1
Real-Time_Visual_Understanding__sample_134,Real-Time Visual Understanding_sample_134_4,Clips Summarize,Which of the following best summarizes the painting process just shown in the video?,"['A landscape being painted with different shades of green.', 'A portrait of a woman being detailed with various brushes.', 'An abstract painting with bright colors.', 'A still life of fruits being created with careful strokes.']",A portrait of a woman being detailed with various brushes.,B,B) A portrait of a woman being detailed with various brushes.,B,100.0,380.0,381,560,1.0,False,582,74676,0.0078,784,4,15000,0,64,1
Real-Time_Visual_Understanding__sample_134,Real-Time Visual Understanding_sample_134_5,Clips Summarize,Which of the following best summarizes the content of the video?,"['An artist painting a landscape.', 'An artist creating a portrait with vibrant colors and detailed features.', 'A woman decorating her hair with flowers.', 'An artist discussing painting techniques.']",An artist creating a portrait with vibrant colors and detailed features.,B,B) An artist creating a portrait with vibrant colors and detailed features.,B,100.0,559.0,560,560,1.0,False,771,109760,0.007,980,5,15000,0,64,1
Real-Time_Visual_Understanding__sample_135,Real-Time Visual Understanding_sample_135_1,Clips Summarize,Which of the following best summarizes the painting just shown in the video?,"['A partially painted left eye with preliminary details.', 'A complete and detailed right eye, including the upper eyelid line.', 'A detailed sketch of the entire face with no paint.', 'An unfinished sketch with some paint on the lips.']","A complete and detailed right eye, including the upper eyelid line.",B,"B) A complete and detailed right eye, including the upper eyelid line.",B,100.0,19.0,20,561,1.0,False,247,3920,0.063,392,2,15000,0,64,1
Real-Time_Visual_Understanding__sample_135,Real-Time Visual Understanding_sample_135_2,Spatial Understanding,Which area of the face remains largely unpainted so far?,"['The eyes.', 'The lips.', 'The eyebrows.', 'The cheeks and hair.']",The cheeks and hair.,D,D) The cheeks and hair.,D,100.0,187.0,188,561,1.0,False,538,36848,0.0146,784,4,15000,0,64,1
Real-Time_Visual_Understanding__sample_135,Real-Time Visual Understanding_sample_135_3,Clips Summarize,Which of the following best summarizes the painting process just shown in the video?,"['The artist is preparing a new canvas for painting.', 'This artist is adding details to the face of the portrait.', 'The artist is drawing a rough sketch of a landscape.', 'The artist is cleaning up after completing a painting.']",This artist is adding details to the face of the portrait.,B,B) This artist is adding details to the face of the portrait.,B,100.0,380.0,381,561,1.0,False,742,74676,0.0099,1176,6,15000,0,64,1
Real-Time_Visual_Understanding__sample_135,Real-Time Visual Understanding_sample_135_5,Clips Summarize,Which statement best summarizes the painting process just shown in the video?,"['The artist is rapidly applying layers of paint with a wide brush.', 'The painter is outdoors, capturing a landscape with vivid colors.', ""The artist is working methodically on a woman's portrait, focusing on hair details indoors."", 'The canvas depicts an abstract scene with no distinguishable features.']","The artist is working methodically on a woman's portrait, focusing on hair details indoors.",C,"C) The artist is working methodically on a woman's portrait, focusing on",C,100.0,558.0,559,561,1.0,False,874,109564,0.008,1372,7,15000,0,64,1
Real-Time_Visual_Understanding__sample_135,Real-Time Visual Understanding_sample_135_4,Spatial Understanding,What is positioned to the left of the canvas?,"['A window.', 'A green plant.', 'A cup of coffee.', 'A lamp.']",A green plant.,B,B) A green plant.,B,100.0,560.0,561,561,1.0,False,875,109956,0.008,1568,8,15000,0,64,1
Real-Time_Visual_Understanding__sample_136,Real-Time Visual Understanding_sample_136_2,Spatial Understanding,Where is the white palette located relative to the canvas?,"['To the left of the canvas.', 'Above the canvas.', 'Below the canvas.', 'To the right of the canvas.']",To the right of the canvas.,D,D) To the right of the canvas.,D,100.0,8.0,9,500,1.0,False,203,1764,0.1151,392,2,15000,0,64,1
Real-Time_Visual_Understanding__sample_136,Real-Time Visual Understanding_sample_136_1,Text-Rich Understanding,What are the dimensions of the canvas just shown in the video?,"['25 cm by 20 cm.', '28 cm by 23 cm.', '30 cm by 25 cm.', '32 cm by 28 cm.']",28 cm by 23 cm.,B,B) 28 cm by 23 cm.,B,100.0,20.0,21,500,1.0,False,239,4116,0.0581,588,3,15000,0,64,1
Real-Time_Visual_Understanding__sample_136,Real-Time Visual Understanding_sample_136_3,Spatial Understanding,Where is the palette located in relation to the canvas?,"['To the left of the canvas.', 'Above the canvas.', 'Below the canvas.', 'To the right of the canvas.']",To the right of the canvas.,D,A) To the left of the canvas.,A,0.0,179.0,180,500,1.0,False,594,35280,0.0168,980,5,15000,0,64,1
Real-Time_Visual_Understanding__sample_136,Real-Time Visual Understanding_sample_136_4,Event Understanding,What does the painter do after shifting to a broader view of the canvas?,"['Cleans the brush.', 'Adds details to the water.', 'Mixes paint on the palette.', 'Adjusts the position of the canvas.']",Mixes paint on the palette.,C,C) Mixes paint on the palette.,C,100.0,334.0,335,500,1.0,False,856,65660,0.013,1372,7,15000,0,64,1
Real-Time_Visual_Understanding__sample_136,Real-Time Visual Understanding_sample_136_5,Clips Summarize,Which of the following best summarizes the painting process just shown in the video?,"['The artist paints a bright sunny day with flowers and butterflies.', 'The artist creates a night scene with stars and a moon.', 'The artist illustrates a winter landscape with snow and ice.', 'The artist depicts a sunset over water, adding vertical elements like trees or reeds.']","The artist depicts a sunset over water, adding vertical elements like trees or reeds.",D,"D) The artist depicts a sunset over water, adding vertical elements like trees or",D,100.0,499.0,500,500,1.0,False,1213,98000,0.0124,1764,9,15000,0,64,1
Real-Time_Visual_Understanding__sample_137,Real-Time Visual Understanding_sample_137_1,Clips Summarize,Which of the following best describes the initial actions shown in the clip?,"['A hand is painting directly on a canvas.', 'A plastic sheet is covered with paint stains, then a name appears.', 'A blank canvas is being prepared for painting.', 'Paint is being dispensed onto a plastic sheet covering a canvas.']",Paint is being dispensed onto a plastic sheet covering a canvas.,D,C). A blank canvas is being prepared for painting.,C,0.0,12.0,13,921,1.0,False,221,2548,0.0867,392,2,15000,0,64,1
Real-Time_Visual_Understanding__sample_137,Real-Time Visual Understanding_sample_137_2,Prospective Reasoning,What is likely the next step after dispensing all the paint colors onto the plastic sheet?,"['The hand will spread the paint across the sheet.', 'The plastic sheet will be removed from the canvas.', 'Additional colors will be added.', 'The text ""CorreaArt"" will be erased.']",The plastic sheet will be removed from the canvas.,B,A) The hand will spread the paint across the sheet.,A,0.0,19.0,20,921,1.0,False,251,3920,0.064,588,3,15000,0,64,1
Real-Time_Visual_Understanding__sample_137,Real-Time Visual Understanding_sample_137_3,Spatial Understanding,Where are the various squeezed paint tubes located in relation to the canvas?,"['To the left of the canvas.', 'On a shelf above the canvas.', 'Below the canvas on the floor.', 'On a wooden table to the right of the canvas.']",On a wooden table to the right of the canvas.,D,D) On a wooden table to the right of the canvas.,D,100.0,308.0,309,921,1.0,False,944,60564,0.0156,1372,7,15000,0,64,1
Real-Time_Visual_Understanding__sample_137,Real-Time Visual Understanding_sample_137_4,Causal Reasoning,Why does the paint mixture become deeper and richer in purple color right now?,"['Because more orange paint was added.', 'Because more red and blue paint was added.', 'Because purple paint was added.', 'Because the palette knife was cleaned.']",Because more red and blue paint was added.,B,C) Because purple paint was added.,C,0.0,616.0,617,921,1.0,False,1500,120932,0.0124,1960,10,15000,0,64,1
Real-Time_Visual_Understanding__sample_137,Real-Time Visual Understanding_sample_137_5,Clips Summarize,Which of the following best summarizes the artistic process just shown in the clip?,"['A painter adding final touches to a portrait.', 'A painter cleaning their tools after finishing a painting.', 'A painter starting a new abstract piece.', 'A painter refining the details of ocean waves.']",A painter refining the details of ocean waves.,D,D) A painter refining the details of ocean waves.,D,100.0,920.0,921,921,1.0,False,1845,180516,0.0102,2352,12,15000,0,64,1
Real-Time_Visual_Understanding__sample_138,Real-Time Visual Understanding_sample_138_1,Clips Summarize,Which of the following best summarizes the initial painting process in the clip?,"['Applying and blending cerulean blue and white paint on the upper part of the canvas.', 'Setting up various colors of paint and brushes on the canvas.', 'Drawing an outline before filling in with different colors.', 'Cleaning the brushes and preparing the paint palette.']",Applying and blending cerulean blue and white paint on the upper part of the canvas.,A,A) Applying and blending cerulean blue and white paint on the upper part,A,100.0,19.0,20,380,1.0,False,277,3920,0.0707,392,2,15000,0,64,1
Real-Time_Visual_Understanding__sample_138,Real-Time Visual Understanding_sample_138_2,Clips Summarize,Which of the following best summarizes the painting activity just shown in the video?,"[""Adding texture to a tree's foliage against a blue sky."", 'Painting a landscape with mountains and a river.', 'Creating a portrait with detailed facial features.', 'Sketching a building with architectural details.']",Adding texture to a tree's foliage against a blue sky.,A,A) Adding texture to a tree's foliage against a blue sky.,A,100.0,140.0,141,380,1.0,False,496,27636,0.0179,784,4,15000,0,64,1
Real-Time_Visual_Understanding__sample_138,Real-Time Visual Understanding_sample_138_3,Clips Summarize,Which of the following options best describes what the artist is doing?,"['An artist painting a landscape with a bright sky and a leafy tree.', 'An artist drawing a portrait of a person.', 'An artist sculpting a figure out of clay.', 'An artist photographing a nature scene.']",An artist painting a landscape with a bright sky and a leafy tree.,A,A) An artist painting a landscape with a bright sky and a leafy tree,A,100.0,259.0,260,380,1.0,False,628,50960,0.0123,980,5,15000,0,64,1
Real-Time_Visual_Understanding__sample_138,Real-Time Visual Understanding_sample_138_4,Spatial Understanding,Where is the artist adding pink flowers on the canvas?,"['Top right quadrant.', 'Bottom left quadrant.', 'Center of the canvas.', 'Top left quadrant.']",Bottom left quadrant.,B,D) Top left quadrant.,D,0.0,368.0,369,380,1.0,False,740,72324,0.0102,1176,6,15000,0,64,1
Real-Time_Visual_Understanding__sample_138,Real-Time Visual Understanding_sample_138_5,Clips Summarize,Which of the following best summarizes the painting process just shown in the video?,"['An artist adding intricate floral details to a scenic painting.', 'An artist painting a mountainous scene with animals.', 'An artist sculpting a clay model of a tree.', 'An artist drawing a sketch of a cityscape.']",An artist adding intricate floral details to a scenic painting.,A,A) An artist adding intricate floral details to a scenic painting.,A,100.0,379.0,380,380,1.0,False,754,74480,0.0101,1372,7,15000,0,64,1
Real-Time_Visual_Understanding__sample_139,Real-Time Visual Understanding_sample_139_1,Clips Summarize,Which of the following best summarizes the initial sequence of the video?,"['A dark screen is followed by a splash screen, then a hand arranges and prepares paint for a painting session.', 'A splash screen is followed by a dark screen, then a hand arranges brushes for a painting session.', 'A white canvas is shown first, followed by a splash screen and paint tubes being arranged.', 'A palette is shown with various colors, followed by a splash screen and a hand preparing brushes.']","A dark screen is followed by a splash screen, then a hand arranges and prepares paint for a painting session.",A,"A) A dark screen is followed by a splash screen, then a hand arr",A,100.0,20.0,21,501,1.0,False,316,4116,0.0768,392,2,15000,0,64,1
Real-Time_Visual_Understanding__sample_139,Real-Time Visual Understanding_sample_139_2,Spatial Understanding,Where is the masking tape positioned on the canvas?,"['Along the top edge.', 'Along the bottom edge.', 'Aligning with the horizon.', 'Vertical down the center.']",Aligning with the horizon.,C,A) Along the top edge.,A,0.0,164.0,165,501,1.0,False,873,32340,0.027,980,5,15000,0,64,1
Real-Time_Visual_Understanding__sample_139,Real-Time Visual Understanding_sample_139_3,Causal Reasoning,Why did the hand reach towards the palette just now?,"['To clean the brush.', 'To mix and pick up more paint.', 'To adjust the masking tape.', 'To start a new painting.']",To mix and pick up more paint.,B,D) To start a new painting.,D,0.0,180.0,181,501,1.0,False,920,35476,0.0259,1176,6,15000,0,64,1
Real-Time_Visual_Understanding__sample_139,Real-Time Visual Understanding_sample_139_4,Spatial Understanding,Where is the hand focusing its painting efforts right now?,"['On the sandy beach.', 'On the horizon line.', 'On the the second wave.', 'On the fluffy white clouds.']",On the the second wave.,C,A) On the sandy beach.,A,0.0,338.0,339,501,1.0,False,1420,66444,0.0214,1764,9,15000,0,64,1
Real-Time_Visual_Understanding__sample_139,Real-Time Visual Understanding_sample_139_5,Clips Summarize,Which of the following best summarizes the content just shown in the video?,"['A hand painting a vibrant seascape with turquoise waves and white foam.', 'A close-up of an artist sketching a cityscape.', 'A detailed view of a forest scene being painted.', 'An artist mixing colors on a palette.']",A hand painting a vibrant seascape with turquoise waves and white foam.,A,A) A hand painting a vibrant seascape with turquoise waves and white foam.,A,100.0,500.0,501,501,1.0,False,1858,98196,0.0189,2352,12,15000,0,64,1
Real-Time_Visual_Understanding__sample_140,Real-Time Visual Understanding_sample_140_1,Causal Reasoning,Why does the gradient effect become more pronounced?,"['Because more dark paint is added.', 'Because the brushstrokes become vertical.', 'Because the brushstrokes blend smoothly from pink to white.', 'Because the person stops adding paint.']",Because the brushstrokes blend smoothly from pink to white.,C,C) Because the brushstrokes blend smoothly from pink to white.,C,100.0,20.0,21,381,1.0,False,292,4116,0.0709,392,2,15000,0,64,1
Real-Time_Visual_Understanding__sample_140,Real-Time Visual Understanding_sample_140_2,Clips Summarize,Which of the following best summarizes the painting process just shown in the video?,"['The person paints a gradient from pink to white with smooth horizontal strokes.', 'The canvas is covered with random colors and patterns.', 'The palette is used to mix blue and green colors for a landscape.', 'The person uses a sponge to create a textured effect.']",The person paints a gradient from pink to white with smooth horizontal strokes.,A,A) The person paints a gradient from pink to white with smooth horizontal strokes.,A,100.0,20.0,21,381,1.0,False,292,4116,0.0709,392,2,15000,0,64,1
Real-Time_Visual_Understanding__sample_140,Real-Time Visual Understanding_sample_140_3,Action Perception,What action is the artist performing right now?,"['Mixing colors on the palette.', 'Framing the finished painting.', 'Applying fine details to the grass lawn.', 'Cleaning the brush with water.']",Applying fine details to the grass lawn.,C,C) Applying fine details to the grass lawn.,C,100.0,139.0,140,381,1.0,False,636,27440,0.0232,784,4,15000,0,64,1
Real-Time_Visual_Understanding__sample_140,Real-Time Visual Understanding_sample_140_4,Clips Summarize,Which of the following best summarizes the painting just shown in the video?,"['A landscape painting with a path leading to a small white house with a red roof.', 'A portrait of an elderly man being painted with fine details.', 'A close-up of a flower being painted with vibrant colors.', 'An abstract painting with various geometric shapes.']",A landscape painting with a path leading to a small white house with a red roof.,A,A) A landscape painting with a path leading to a small white house with a,A,100.0,260.0,261,381,1.0,False,838,51156,0.0164,1176,6,15000,0,64,1
Real-Time_Visual_Understanding__sample_140,Real-Time Visual Understanding_sample_140_5,Spatial Understanding,What is located below the large dark brown tree in the painting?,"['A lake with a boat.', 'A group of animals.', 'A river with a bridge.', 'A grass lawn.']",A grass lawn.,D,D) A grass lawn.,D,100.0,380.0,381,381,1.0,False,1106,74676,0.0148,1568,8,15000,0,64,1
Real-Time_Visual_Understanding__sample_141,Real-Time Visual Understanding_sample_141_1,Spatial Understanding,What is the arrangement of the items on the wooden surface now?,"['The watercolor palette is on the left, and the white canvas is on the right.', 'The watercolor palette is on the right, and the glass dish is on the left.', 'The watercolor palette is in the center, and the paper is on the right.', 'The glass dish is in the center, and the paper is on the left.']","The watercolor palette is on the left, and the white canvas is on the right.",A,"A) The watercolor palette is on the left, and the white canvas is",A,100.0,8.0,9,500,1.0,False,204,1764,0.1156,392,2,15000,0,64,1
Real-Time_Visual_Understanding__sample_141,Real-Time Visual Understanding_sample_141_2,Clips Summarize,Which of the following best summarizes the painting activity just shown in the video?,"['The hand is painting a deep green and light green abstract form on paper.', 'The hand is drawing a detailed landscape.', 'The hand is sketching with a pencil before painting.', 'The hand is creating a watercolor portrait.']",The hand is painting a deep green and light green abstract form on paper.,A,A) The hand is painting a deep green and light green abstract form on paper,A,100.0,180.0,181,500,1.0,False,362,35476,0.0102,588,3,15000,0,64,1
Real-Time_Visual_Understanding__sample_141,Real-Time Visual Understanding_sample_141_3,Prospective Reasoning,What is the artist likely to do next?,"['Sign the painting.', 'Add more details to the painting.', 'Clean up the workspace.', 'Start a new painting.']",Add more details to the painting.,B,D) Start a new painting.,D,0.0,334.0,335,500,1.0,False,473,65660,0.0072,784,4,15000,0,64,1
Real-Time_Visual_Understanding__sample_141,Real-Time Visual Understanding_sample_141_4,Spatial Understanding,Where is the paint palette positioned relative to the artist's hand?,"['To the left of the hand.', 'To the right of the hand.', 'Directly below the hand.', 'Above the hand.']",To the left of the hand.,A,A) To the left of the hand.,A,100.0,499.0,500,500,1.0,False,740,98000,0.0076,1176,6,15000,0,64,1
Real-Time_Visual_Understanding__sample_141,Real-Time Visual Understanding_sample_141_5,Event Understanding,What is the artist creating in the video?,"['A portrait of a person.', 'A watercolor landscape.', 'An abstract painting.', 'A charcoal sketch.']",A watercolor landscape.,B,B) A watercolor landscape.,B,100.0,499.0,500,500,1.0,False,740,98000,0.0076,1176,6,15000,0,64,1
Real-Time_Visual_Understanding__sample_142,Real-Time Visual Understanding_sample_142_1,Spatial Understanding,Where is the paint palette located relative to the canvas?,"['To the left of the canvas.', 'To the right of the canvas.', 'Below the canvas.', 'Above the canvas.']",To the right of the canvas.,B,B) To the right of the canvas.,B,100.0,1.0,2,382,1.0,False,198,392,0.5051,392,2,15000,0,64,1
Real-Time_Visual_Understanding__sample_142,Real-Time Visual Understanding_sample_142_2,Action Perception,What is the hand doing in the video?,"['Applying white paint to a curved surface.', 'Drawing a straight line with a pencil.', 'Cleaning the paintbrush.', 'Mixing colors on a palette.']",Applying white paint to a curved surface.,A,A) Applying white paint to a curved surface.,A,100.0,139.0,140,382,1.0,False,664,27440,0.0242,980,5,15000,0,64,1
Real-Time_Visual_Understanding__sample_142,Real-Time Visual Understanding_sample_142_3,Action Perception,What is the artist doing right now,"['Mixing colors on the palette.', ""Applying paint to the moon's surface."", 'Cleaning the paintbrush.', 'Adjusting the canvas.']",Applying paint to the moon's surface.,B,B) Applying paint to the moon's surface.,B,100.0,251.0,252,382,1.0,False,882,49392,0.0179,1372,7,15000,0,64,1
Real-Time_Visual_Understanding__sample_142,Real-Time Visual Understanding_sample_142_5,Clips Summarize,Which of the following best summarizes the artist's actions just shown in the video,"['The artist sketches a rough outline of a landscape.', 'The artist adds fine details to a previously sketched portrait.', 'The artist paints vertical lines, mixes paint, and adds foliage details to the canvas.', 'The artist starts a new painting with a fresh palette and blank canvas.']","The artist paints vertical lines, mixes paint, and adds foliage details to the canvas.",C,"C) The artist paints vertical lines, mixes paint, and adds foliage details to",C,100.0,380.0,381,382,1.0,False,1081,74676,0.0145,1764,9,15000,0,64,1
Real-Time_Visual_Understanding__sample_142,Real-Time Visual Understanding_sample_142_4,Causal Reasoning,Why does the artist pick up a larger paintbrush after finishing the lines?,"['To add foliage details.', 'To clean the previous paintbrush.', 'To start a new painting.', 'To add a new color to the palette.']",To add foliage details.,A,C) To start a new painting.,C,0.0,381.0,382,382,1.0,False,1083,74872,0.0145,1960,10,15000,0,64,1
Real-Time_Visual_Understanding__sample_143,Real-Time Visual Understanding_sample_143_1,Event Understanding,What does the split-screen show right now?,"['Two different people performing the same exercise.', 'A comparison between two types of exercise equipment.', 'Two options for the same exercise.', 'Different stages of the same workout.']",Two options for the same exercise.,C,D) Different stages of the same workout.,D,0.0,201.0,202,607,1.0,False,1589,39592,0.0401,1764,9,15000,0,64,1
Real-Time_Visual_Understanding__sample_143,Real-Time Visual Understanding_sample_143_2,Event Understanding,"What exercise is being performed in ""Exercise 2 of 7""?","['Deadlift.', 'Bench Press.', 'Larsen Press.', 'Squat.']",Larsen Press.,C,B) Bench Press.,B,0.0,206.0,207,607,1.0,False,1624,40572,0.04,1960,10,15000,0,64,1
Real-Time_Visual_Understanding__sample_143,Real-Time Visual Understanding_sample_143_3,Action Perception,What exercise is the man performing right now?,"['Bicep curls.', 'Press around.', 'Leg press.', 'Shoulder press.']",Press around.,B,C) Leg press.,C,0.0,400.0,401,607,1.0,False,2538,78596,0.0323,2940,15,15000,0,64,1
Real-Time_Visual_Understanding__sample_143,Real-Time Visual Understanding_sample_143_4,Attribute Perception,What is the man wearing during his exercise in the gym?,"['Black T-shirt and white shorts.', 'White T-shirt and black shorts.', 'Gray T-shirt and white pants.', 'Blue T-shirt and pants.']",White T-shirt and black shorts.,B,B) White T-shirt and black shorts.,B,100.0,420.0,421,607,1.0,False,2657,82516,0.0322,3136,16,15000,0,64,1
Real-Time_Visual_Understanding__sample_143,Real-Time Visual Understanding_sample_143_5,Action Perception,What action is the man in a white shirt performing right now?,"['Stretch-Only Overhead Extension.', 'Bicep Curl.', 'Squeeze-Only Pressdown.', 'Leg Press.']",Squeeze-Only Pressdown.,C,D) Leg Press.,D,0.0,606.0,607,607,1.0,False,3429,118972,0.0288,3920,20,15000,0,64,1
Real-Time_Visual_Understanding__sample_144,Real-Time Visual Understanding_sample_144_1,Event Understanding,What series is being presented according to the text overlay during the video?,"['""THE ULTIMATE BODYBUILDING SERIES"".', '""JEFF NIPPARD\'S WORKOUT SERIES"".', '""THE ULTIMATE GYM SERIES"".', '""THE ULTIMATE PUSH PULL LEGS SERIES"".']","""THE ULTIMATE PUSH PULL LEGS SERIES"".",D,"D) ""THE ULTIMATE PUSH PULL LEGS SERIES"".",D,100.0,15.0,16,546,1.0,False,400,3136,0.1276,588,3,15000,0,64,1
Real-Time_Visual_Understanding__sample_144,Real-Time Visual Understanding_sample_144_2,Counting,How many exercises are indicated in the sequence the person is following?,"['4', '5', '6', '7']",6,C,A) 4,A,0.0,190.0,191,546,1.0,False,1142,37436,0.0305,1372,7,15000,0,64,1
Real-Time_Visual_Understanding__sample_144,Real-Time Visual Understanding_sample_144_3,Action Perception,What exercise is the person performing right now?,"['Squats', 'Lunges', 'Push-ups', 'Deadlifts']",Lunges,B,D) Deadlifts,D,0.0,362.0,363,546,1.0,False,2164,71148,0.0304,2548,13,15000,0,64,1
Real-Time_Visual_Understanding__sample_144,Real-Time Visual Understanding_sample_144_4,Event Understanding,What action does the person take after squatting down and adjusting their grip on the dumbbells?,"['He put the dumbbells down.', 'He start doing push-ups.', 'He switch to another exercise machine.', 'He begin performing lunges again.']",He begin performing lunges again.,D,A) He put the dumbbells down.,A,0.0,377.0,378,546,1.0,False,2251,74088,0.0304,2744,14,15000,0,64,1
Real-Time_Visual_Understanding__sample_144,Real-Time Visual Understanding_sample_144_5,Object Perception,What is shown on the left side of the screen right now?,"['An anatomical illustration of the lower leg muscles.', 'A person exercising in a gym.', 'A chart with data points.', 'A blue and green arrow.']",An anatomical illustration of the lower leg muscles.,A,A) An anatomical illustration of the lower leg muscles.,A,100.0,545.0,546,546,1.0,False,3044,107016,0.0284,3724,19,15000,0,64,1
Real-Time_Visual_Understanding__sample_145,Real-Time Visual Understanding_sample_145_1,Action Perception,What exercise is the individual performing in the gym after the box jumps?,"['Squats.', 'Deadlifts.', 'Barbell clean and press.', 'Push-ups.']",Barbell clean and press.,C,C) Barbell clean and press.,C,100.0,7.0,8,628,1.0,False,240,1568,0.1531,392,2,15000,0,64,1
Real-Time_Visual_Understanding__sample_145,Real-Time Visual Understanding_sample_145_2,Attribute Perception,What color are the sneakers worn by the person performing the lift right now?,"['Black and yellow.', 'White and black.', 'Blue and white.', 'Red and white.']",White and black.,B,B) White and black.,B,100.0,213.0,214,628,1.0,False,859,41944,0.0205,1176,6,15000,0,64,1
Real-Time_Visual_Understanding__sample_145,Real-Time Visual Understanding_sample_145_3,Spatial Understanding,Where is the American flag located in relation to the person performing the box jump?,"['Directly behind him.', 'To his left.', 'To his right.', 'In front of him.']",To his right.,C,A) Directly behind him.,A,0.0,219.0,220,628,1.0,False,887,43120,0.0206,1372,7,15000,0,64,1
Real-Time_Visual_Understanding__sample_145,Real-Time Visual Understanding_sample_145_4,Object Perception,What is the man who is lifting wearing right now?,"['Red sleeveless shirt, black shorts, and white athletic shoes.', 'Blue sleeveless shirt, black shorts, and white athletic shoes.', 'Green sleeveless shirt, black shorts, and white athletic shoes.', 'Blue sleeveless shirt, red shorts, and white athletic shoes.']","Blue sleeveless shirt, black shorts, and white athletic shoes.",B,"B) Blue sleeveless shirt, black shorts, and white athletic shoes.",B,100.0,420.0,421,628,1.0,False,1424,82516,0.0173,1960,10,15000,0,64,1
Real-Time_Visual_Understanding__sample_145,Real-Time Visual Understanding_sample_145_5,Action Perception,What action is the individual performing right now?,"['Running on the treadmill.', 'Lifting weights.', 'Performing box jumps.', 'Stretching.']",Performing box jumps.,C,B) Lifting weights.,B,0.0,627.0,628,628,1.0,False,1852,123088,0.015,2548,13,15000,0,64,1
Real-Time_Visual_Understanding__sample_146,Real-Time Visual Understanding_sample_146_1,Text-Rich Understanding,What text is displayed on the screen at the beginning?,"['""HOW I TRAIN"".', '""CHEST WORKOUT"".', '""MUSCLE FLEX"".', '""GYM EQUIPMENT"".']","""HOW I TRAIN"".",A,A) HOW I TRAIN.,A,100.0,6.0,7,487,1.0,False,248,1372,0.1808,392,2,15000,0,64,1
Real-Time_Visual_Understanding__sample_146,Real-Time Visual Understanding_sample_146_2,Action Perception,What is the person doing right now?,"['Walking on a treadmill.', 'Performing bench presses.', 'Lifting weights overhead.', 'Doing tricep presses.']",Walking on a treadmill.,A,D) Doing tricep presses.,D,0.0,16.0,17,487,1.0,False,327,3332,0.0981,588,3,15000,0,64,1
Real-Time_Visual_Understanding__sample_146,Real-Time Visual Understanding_sample_146_3,Object Perception,What is the man holding above his chest right now?,"['Dumbbells.', 'A kettlebell.', 'A barbell.', 'A medicine ball.']",A barbell.,C,A) Dumbbells.,A,0.0,180.0,181,487,1.0,False,1310,35476,0.0369,1764,9,15000,0,64,1
Real-Time_Visual_Understanding__sample_146,Real-Time Visual Understanding_sample_146_4,Event Understanding,What is the person doing after the barbell exercise?,"['Running on a treadmill.', 'Performing cable fly.', 'Stretching.', 'Using a rowing machine.']",Performing cable fly.,B,B) Performing cable fly.,B,100.0,339.0,340,487,1.0,False,1818,66640,0.0273,2352,12,15000,0,64,1
Real-Time_Visual_Understanding__sample_146,Real-Time Visual Understanding_sample_146_5,Object Perception,What muscle groups are highlighted in red on the left side of the screen during the front raise exercise?,"['Front deltoids.', 'Rear deltoids.', 'Side deltoids.', 'Biceps.']",Front deltoids.,A,A) Front deltoids.,A,100.0,486.0,487,487,1.0,False,2339,95452,0.0245,2940,15,15000,0,64,1
Real-Time_Visual_Understanding__sample_147,Real-Time Visual Understanding_sample_147_2,Text-Rich Understanding,What text appears on the screen when the man is shown exercising on the treadmill?,"['""WARM-UP"".', '""HOW TO TRAIN"".', '""BACK & BICEPS"".', '""WORKOUT PLAN"".']","""WARM-UP"".",A,"B) ""HOW TO TRAIN"".",B,0.0,13.0,14,381,1.0,False,272,2744,0.0991,392,2,15000,0,64,1
Real-Time_Visual_Understanding__sample_147,Real-Time Visual Understanding_sample_147_1,Attribute Perception,What color are the shorts the man is wearing while stretching his arms and warming up?,"['Red.', 'Black.', 'Gray.', 'Blue.']",Blue.,D,B) Black.,B,0.0,19.0,20,381,1.0,False,331,3920,0.0844,588,3,15000,0,64,1
Real-Time_Visual_Understanding__sample_147,Real-Time Visual Understanding_sample_147_3,Object Perception,What is the man using for his exercise?,"['A treadmill.', 'A dumbbell.', 'A pull-up bar.', 'A bench press.']",A pull-up bar.,C,C) A pull-up bar.,C,100.0,140.0,141,381,1.0,False,817,27636,0.0296,1176,6,15000,0,64,1
Real-Time_Visual_Understanding__sample_147,Real-Time Visual Understanding_sample_147_4,Object Perception,What is the man holding in his left hand?,"['A barbell.', 'A kettlebell.', 'A resistance band.', 'A dumbbell.']",A dumbbell.,D,D) A dumbbell.,D,100.0,249.0,250,381,1.0,False,1149,49000,0.0234,1568,8,15000,0,64,1
Real-Time_Visual_Understanding__sample_147,Real-Time Visual Understanding_sample_147_5,Text-Rich Understanding,What is the main focus of the study shown in the scientific paper format?,"['The effect of hand position on EMG activity of posterior shoulder musculature during horizontal abduction exercise.', 'The effect of hand position on shoulder pain.', 'The effect of different exercises on overall shoulder strength.', 'The comparison of EMG activity between different exercises.']",The effect of hand position on EMG activity of posterior shoulder musculature during horizontal abduction exercise.,A,A) The effect of hand position on EMG activity of posterior shoulder muscul,A,100.0,380.0,381,381,1.0,False,1832,74676,0.0245,2352,12,15000,0,64,1
Real-Time_Visual_Understanding__sample_148,Real-Time Visual Understanding_sample_148_1,Action Perception,What does the man do at the start of the video?,"['He is scratching his head.', 'He is tying his shoes.', 'He is drinking water.', 'He is adjusting his watch.']",He is scratching his head.,A,A) He is scratching his head.,A,100.0,8.0,9,555,1.0,False,271,1764,0.1536,392,2,15000,0,64,1
Real-Time_Visual_Understanding__sample_148,Real-Time Visual Understanding_sample_148_2,Attribute Perception,How is the tier list diagram colored?,"['Red, orange, yellow, and green.', 'Blue, purple, yellow, and red.', 'Green, yellow, orange, and red.', 'Yellow, blue, green, and orange.']","Red, orange, yellow, and green.",A,D).,D,0.0,10.0,11,555,1.0,False,291,2156,0.135,588,3,15000,0,64,1
Real-Time_Visual_Understanding__sample_148,Real-Time Visual Understanding_sample_148_3,Text-Rich Understanding,What text appeared at the bottom of the screen just now?,"['""BARBELL BACK SQUAT"".', '""DEADLIFT"".', '""BARBELL FRONT SQUAT"".', '""BENCH PRESS"".']","""BARBELL FRONT SQUAT"".",C,C) BARBELL FRONT SQUAT,C,100.0,190.0,191,555,1.0,False,2055,37436,0.0549,2352,12,15000,0,64,1
Real-Time_Visual_Understanding__sample_148,Real-Time Visual Understanding_sample_148_4,Object Perception,What is the man using right now?,"['Treadmill.', 'Dumbbells.', 'Elliptical machine.', 'Leg press machine.']",Leg press machine.,D,D) Leg press machine.,D,100.0,383.0,384,555,1.0,False,3472,75264,0.0461,3920,20,15000,0,64,1
Real-Time_Visual_Understanding__sample_148,Real-Time Visual Understanding_sample_148_5,Action Perception,What exercise is the person performing in the gym right now?,"['Deadlift.', 'Bench press.', 'Weighted squat.', 'Push-up.']",Weighted squat.,C,C) Weighted squat.,C,100.0,554.0,555,555,1.0,False,4504,108780,0.0414,5096,26,15000,0,64,1
Real-Time_Visual_Understanding__sample_149,Real-Time Visual Understanding_sample_149_1,Text-Rich Understanding,What text appears prominently on the left side of the screen at the start of the video?,"['""HOW TO TRAIN""', '""WORKOUT ROUTINE""', '""TRAINING SCHEDULE""', '""GYM TIPS""']","""HOW TO TRAIN""",A,A) HOW TO TRAIN,A,100.0,3.0,4,462,1.0,False,206,784,0.2628,392,2,15000,0,64,1
Real-Time_Visual_Understanding__sample_149,Real-Time Visual Understanding_sample_149_2,Text-Rich Understanding,How many repetitions are suggested for each leg for both front-to-back and side-to-side leg swings?,"['12 reps.', '10 reps.', '15 reps.', '20 reps.']",12 reps.,A,A) 12 reps.,A,100.0,20.0,21,462,1.0,False,377,4116,0.0916,588,3,15000,0,64,1
Real-Time_Visual_Understanding__sample_149,Real-Time Visual Understanding_sample_149_3,Attribute Perception,What is the man wearing during the deadlift exercise?,"['A white t-shirt and black shorts.', 'A dark gray t-shirt and black shorts.', 'A blue t-shirt and black shorts.', 'A dark gray t-shirt and blue shorts.']",A dark gray t-shirt and black shorts.,B,B) A dark gray t-shirt and black shorts.,B,100.0,134.0,135,462,1.0,False,1048,26460,0.0396,1372,7,15000,0,64,1
Real-Time_Visual_Understanding__sample_149,Real-Time Visual Understanding_sample_149_4,Action Perception,"What is the man doing during the ""Slow-Eccentric Leg Extension"" exercise?","['Pulling the bar upwards quickly with his legs.', 'Jumping off the machine.', 'Swinging his legs back and forth.', 'Pushing the padded bar upwards and lowering it slowly with his legs.']",Pushing the padded bar upwards and lowering it slowly with his legs.,D,D) Pushing the padded bar upwards and lowering it slowly with his legs.,D,100.0,259.0,260,462,1.0,False,1650,50960,0.0324,2156,11,15000,0,64,1
Real-Time_Visual_Understanding__sample_149,Real-Time Visual Understanding_sample_149_5,Object Perception,What is written on the poster next to the person right now?,"['""The Ultimate Bodybuilding Guide"".', '""The Ultimate Fitness Program"".', '""The Ultimate Muscle Flex System"".', '""The Ultimate Push Pull Legs System"".']","""The Ultimate Push Pull Legs System"".",D,"D) ""The Ultimate Push Pull Legs System"".",D,100.0,461.0,462,462,1.0,False,2581,90552,0.0285,3136,16,15000,0,64,1
Real-Time_Visual_Understanding__sample_150,Real-Time Visual Understanding_sample_150_1,Action Perception,What action does the man perform after taking off his gray t-shirt?,"['Clap hands to remove the excess powder and adjusts a weightlifting belt.', 'Does a pull-up.', 'Puts on a black t-shirt.', 'Walks through the gym.']",Clap hands to remove the excess powder and adjusts a weightlifting belt.,A,A) Clap hands to remove the excess powder and adjusts a weightlifting belt,A,100.0,5.0,6,701,1.0,False,268,1176,0.2279,392,2,15000,0,64,1
Real-Time_Visual_Understanding__sample_150,Real-Time Visual Understanding_sample_150_2,Object Perception,What is the person adjusting right now?,"['The weight on a gym machine.', 'A treadmill speed.', 'A dumbbell rack.', 'A stationary bike seat.']",The weight on a gym machine.,A,A) The weight on a gym machine.,A,100.0,182.0,183,701,1.0,False,1278,35868,0.0356,1568,8,15000,0,64,1
Real-Time_Visual_Understanding__sample_150,Real-Time Visual Understanding_sample_150_3,Event Understanding,What is the individual doing right now after shifting focus to the new exercise machine?,"['Performing vertical pull exercises.', 'Flexing his muscles.', 'Performing a seated exercise targeting upper body muscles.', 'Walking around the gym.']",Performing a seated exercise targeting upper body muscles.,C,A) Performing vertical pull exercises.,A,0.0,373.0,374,701,1.0,False,2402,73304,0.0328,2744,14,15000,0,64,1
Real-Time_Visual_Understanding__sample_150,Real-Time Visual Understanding_sample_150_4,Text-Rich Understanding,What type of exercise is the person performing in the left panel?,"['High-to-Low.', 'Mid-to-Mid.', 'Low-to-High.', 'Low-to-Mid.']",Low-to-High.,C,A) High-to-Low.,A,0.0,541.0,542,701,1.0,False,3030,106232,0.0285,3528,18,15000,0,64,1
Real-Time_Visual_Understanding__sample_150,Real-Time Visual Understanding_sample_150_5,Object Perception,What is positioned above the books on the man's desk?,"['A potted plant.', 'A laptop.', 'A microphone.', 'A globe.']",A globe.,D,D) A globe.,D,100.0,701.0,701,701,1.0,True,3916,137396,0.0285,4508,23,15000,0,64,1
Real-Time_Visual_Understanding__sample_151,Real-Time Visual Understanding_sample_151_1,Action Perception,What is the woman in the white dress doing when the scene transitions?,"['Dancing.', ""Styling another person's hair."", 'Getting her hair styled by another person.', 'Eating.']",Getting her hair styled by another person.,C,C) Getting her hair styled by another person.,C,100.0,10.0,11,320,1.0,False,240,2156,0.1113,392,2,15000,0,64,1
Real-Time_Visual_Understanding__sample_151,Real-Time Visual Understanding_sample_151_2,Attribute Perception,What is the color of the undershirt worn by the woman on the left?,"['Black.', 'White.', 'Red.', 'Blue.']",White.,B,B) White.,B,100.0,115.0,116,320,1.0,False,578,22736,0.0254,784,4,15000,0,64,1
Real-Time_Visual_Understanding__sample_151,Real-Time Visual Understanding_sample_151_3,Event Understanding,What activity are the two women primarily engaged in?,"['Cooking.', 'Cleaning.', 'Dressing.', 'Sewing.']",Dressing.,C,C) Dressing.,C,100.0,120.0,121,320,1.0,False,606,23716,0.0256,980,5,15000,0,64,1
Real-Time_Visual_Understanding__sample_151,Real-Time Visual Understanding_sample_151_4,Attribute Perception,What color is the assistant's dress?,"['Blue and red.', 'Red and white.', 'Green and red.', 'Purple and white.']",Red and white.,B,B) Red and white.,B,100.0,206.0,207,320,1.0,False,843,40572,0.0208,1372,7,15000,0,64,1
Real-Time_Visual_Understanding__sample_151,Real-Time Visual Understanding_sample_151_5,Object Perception,"What is the man with medium-length, curly, white hair wearing?","['A white top with a black neckline.', 'A black top with a white neckline.', 'A dark robe with yellow-gold sleeves.', 'A dress with intricate gold stitching.']",A black top with a white neckline.,B,C) A dark robe with yellow-gold sleeves.,C,0.0,319.0,320,320,1.0,False,1151,62720,0.0184,1764,9,15000,0,64,1
Real-Time_Visual_Understanding__sample_152,Real-Time Visual Understanding_sample_152_1,Object Perception,What item does the video start with someone picking up?,"['A decorative hair comb.', 'A wooden comb.', 'A hand mirror.', 'A jeweled necklace.']",A decorative hair comb.,A,A) A decorative hair comb.,A,100.0,2.0,3,311,1.0,False,197,588,0.335,392,2,15000,0,64,1
Real-Time_Visual_Understanding__sample_152,Real-Time Visual Understanding_sample_152_2,Attribute Perception,What are the colors of the corset and its trim worn by the person?,"['Light brown with white stripes and black lace trim.', 'Light brown with black stripes and white lace trim.', 'White with black stripes and light brown lace trim.', 'Black with white stripes and brown lace trim.']",Light brown with black stripes and white lace trim.,B,B) Light brown with black stripes and white lace trim.,B,100.0,104.0,105,311,1.0,False,642,20580,0.0312,980,5,15000,0,64,1
Real-Time_Visual_Understanding__sample_152,Real-Time Visual Understanding_sample_152_3,Action Perception,What action did the person just perform?,"['Fastening the metal clasps.', 'Adjusting the white dress.', 'Tightening the corset laces.', 'Lowering their arms.']",Tightening the corset laces.,C,C) Tightening the corset laces.,C,100.0,109.0,110,311,1.0,False,656,21560,0.0304,1176,6,15000,0,64,1
Real-Time_Visual_Understanding__sample_152,Real-Time Visual Understanding_sample_152_4,Object Perception,What is the left side person holding in his hands?,"['A white garment.', 'A black hat.', 'A book.', 'A pair of shoes.']",A white garment.,A,A) A white garment.,A,100.0,205.0,206,311,1.0,False,1048,40376,0.026,1568,8,15000,0,64,1
Real-Time_Visual_Understanding__sample_152,Real-Time Visual Understanding_sample_152_5,Object Perception,What is hanging on the mirror right now?,"['White gloves.', 'A hat.', 'A scarf.', 'A necklace.']",White gloves.,A,A) White gloves.,A,100.0,310.0,311,311,1.0,False,1460,60956,0.024,2156,11,15000,0,64,1
Real-Time_Visual_Understanding__sample_153,Real-Time Visual Understanding_sample_153_1,Attribute Perception,What is the distinctive feature of the man's appearance?,"['A scar on his cheek.', 'A handlebar mustache.', 'A monocle.', 'A bow tie.']",A handlebar mustache.,B,B) A handlebar mustache.,B,100.0,5.0,6,141,1.0,False,247,1176,0.21,392,2,15000,0,64,1
Real-Time_Visual_Understanding__sample_153,Real-Time Visual Understanding_sample_153_2,Object Perception,What item is located below the painting with the golden frame?,"['A bookshelf.', 'A table with a vase.', 'A candelabrum.', 'A mirror.']",A candelabrum.,C,C) A candelabrum.,C,100.0,64.0,65,141,1.0,False,643,12740,0.0505,980,5,15000,0,64,1
Real-Time_Visual_Understanding__sample_153,Real-Time Visual Understanding_sample_153_3,Action Perception,What is the man doing while sitting on a chair?,"['Reading a book.', 'Polishing his shoes.', 'Adjusting his trousers and shoes.', 'Writing a letter.']",Adjusting his trousers and shoes.,C,C) Adjusting his trousers and shoes.,C,100.0,70.0,71,141,1.0,False,677,13916,0.0486,1176,6,15000,0,64,1
Real-Time_Visual_Understanding__sample_153,Real-Time Visual Understanding_sample_153_5,Action Perception,What does the man being helped do after the helper finishes adjusting his collar and bow tie?,"['Looks in the mirror.', 'Closes his eyes.', 'Lifts his arm.', 'Looks down slightly.']",Looks down slightly.,D,D) Looks down slightly.,D,100.0,135.0,136,141,1.0,False,917,26656,0.0344,1568,8,15000,0,64,1
Real-Time_Visual_Understanding__sample_153,Real-Time Visual Understanding_sample_153_4,Attribute Perception,What color is the vest of the man being helped?,"['White.', 'Beige.', 'Black.', 'Gray.']",Beige.,B,B) Beige.,B,100.0,140.0,141,141,1.0,False,923,27636,0.0334,1764,9,15000,0,64,1
Real-Time_Visual_Understanding__sample_154,Real-Time Visual Understanding_sample_154_1,Attribute Perception,What color are the walls and the bed in the bedroom?,"['Blue.', 'Green.', 'Yellow.', 'Red.']",Red.,D,D) Red.,D,100.0,5.0,6,100,1.0,False,276,1176,0.2347,392,2,15000,0,64,1
Real-Time_Visual_Understanding__sample_154,Real-Time Visual Understanding_sample_154_2,Action Perception,What does the person do after waking up?,"['Lies back down.', 'Walks out of the room.', 'Sits up on the edge of the bed.', 'Stands up and stretches.']",Sits up on the edge of the bed.,C,C) Sits up on the edge of the bed.,C,100.0,19.0,20,100,1.0,False,375,3920,0.0957,588,3,15000,0,64,1
Real-Time_Visual_Understanding__sample_154,Real-Time Visual Understanding_sample_154_3,Attribute Perception,What type are the man's sleeves?,"['Blue with embroidery.', 'Green with stripes.', 'Black with buttons.', 'White with lace.']",White with lace.,D,D) White with lace.,D,100.0,85.0,86,100,1.0,False,960,16856,0.057,1176,6,15000,0,64,1
Real-Time_Visual_Understanding__sample_154,Real-Time Visual Understanding_sample_154_4,Object Perception,What item does the man pick up from the table while sitting?,"['A chalice.', 'A green vase.', 'A metal container.', 'A large white wig.']",A large white wig.,D,D) A large white wig.,D,100.0,89.0,90,100,1.0,False,991,17640,0.0562,1372,7,15000,0,64,1
Real-Time_Visual_Understanding__sample_154,Real-Time Visual Understanding_sample_154_5,Clips Summarize,How did the scene change just now?,"['The man picked up a piece of clothing on a red sofa in a different room.', 'The man is seen standing in front of a mirror.', 'The man is shown sitting and adjusting his wig.', 'The man walks out of the room.']",The man picked up a piece of clothing on a red sofa in a different room.,A,C) The man is shown sitting and adjusting his wig.,C,0.0,99.0,100,100,1.0,False,1047,19600,0.0534,1568,8,15000,0,64,1
Real-Time_Visual_Understanding__sample_155,Real-Time Visual Understanding_sample_155_2,Counting,How many eggs are in the wooden bowl next to the marble slab?,"['One.', 'Five.', 'Three.', 'Four.']",Five.,B,C) Three.,C,0.0,3.0,4,246,1.0,False,204,784,0.2602,392,2,15000,0,64,1
Real-Time_Visual_Understanding__sample_155,Real-Time Visual Understanding_sample_155_1,Action Perception,What is the elderly person with a white beard doing in the video?,"['Reading a book.', 'Painting on a canvas.', 'Cooking with a pot.', 'Writing with a quill pen.']",Writing with a quill pen.,D,D) Writing with a quill pen.,D,100.0,10.0,11,246,1.0,False,226,2156,0.1048,588,3,15000,0,64,1
Real-Time_Visual_Understanding__sample_155,Real-Time Visual Understanding_sample_155_3,Action Perception,What action does the man perform after adjusting his waistband?,"['Sits down.', 'Looks out the window.', 'Lies down on the bed.', 'Reaches for a piece of clothing.']",Reaches for a piece of clothing.,D,D) Reaches for a piece of clothing.,D,100.0,100.0,101,246,1.0,False,418,19796,0.0211,784,4,15000,0,64,1
Real-Time_Visual_Understanding__sample_155,Real-Time Visual Understanding_sample_155_4,Attribute Perception,What type of boots is the person wearing?,"['Brown leather boots.', 'Rubber boots.', 'Sneakers.', 'Sandals.']",Brown leather boots.,A,A) Brown leather boots.,A,100.0,169.0,170,246,1.0,False,598,33320,0.0179,980,5,15000,0,64,1
Real-Time_Visual_Understanding__sample_155,Real-Time Visual Understanding_sample_155_5,Object Perception,What is the person wearing around their neck right now?,"['A dark purple scarf.', 'A dark green scarf.', 'A light brown scarf.', 'A dark blue scarf.']",A dark purple scarf.,A,A) A dark purple scarf.,A,100.0,245.0,246,246,1.0,False,884,48216,0.0183,1372,7,15000,0,64,1
Real-Time_Visual_Understanding__sample_156,Real-Time Visual Understanding_sample_156_1,Text-Rich Understanding,What text appears first on the black screen?,"['""National Museums Liverpool"".', '""Art Gallery"".', '""Walker"".', '""Walker Art Gallery"".']","""Walker"".",C,"C) ""Walker"".",C,100.0,3.0,4,262,1.0,False,224,784,0.2857,392,2,15000,0,64,1
Real-Time_Visual_Understanding__sample_156,Real-Time Visual Understanding_sample_156_2,Attribute Perception,What are the walls' color in the larger room?,"['White.', 'Peach.', 'Blue.', 'Gray.']",Peach.,B,B) Peach.,B,100.0,13.0,14,262,1.0,False,337,2744,0.1228,588,3,15000,0,64,1
Real-Time_Visual_Understanding__sample_156,Real-Time Visual Understanding_sample_156_3,Attribute Perception,What is notable about the gold button?,"['It has a plain surface.', 'It is silver with a smooth finish.', 'It has a decorative design.', 'It is wooden with carvings.']",It has a decorative design.,C,C) It has a decorative design.,C,100.0,98.0,99,262,1.0,False,698,19404,0.036,980,5,15000,0,64,1
Real-Time_Visual_Understanding__sample_156,Real-Time Visual Understanding_sample_156_4,Object Perception,What item of clothing is the older man helping the younger man with?,"['Shirt.', 'Trousers.', 'Waistcoat.', 'Jacket.']",Waistcoat.,C,C) Waistcoat.,C,100.0,180.0,181,262,1.0,False,956,35476,0.0269,1372,7,15000,0,64,1
Real-Time_Visual_Understanding__sample_156,Real-Time Visual Understanding_sample_156_5,Object Perception,What is one of the items on the well-decorated table?,"['A book.', 'A ceramic pitcher.', 'A silver tray.', 'A candle.']",A ceramic pitcher.,B,B) A ceramic pitcher.,B,100.0,261.0,262,262,1.0,False,1258,51352,0.0245,1764,9,15000,0,64,1
Real-Time_Visual_Understanding__sample_157,Real-Time Visual Understanding_sample_157_1,Action Perception,What is the woman doing to secure the sock in place?,"['Tying it with a ribbon.', 'Securing it with a black strap or garter.', 'Using a safety pin.', 'Sewing it in place.']",Securing it with a black strap or garter.,B,B) Securing it with a black strap or garter.,B,100.0,13.0,14,380,1.0,False,226,2744,0.0824,392,2,15000,0,64,1
Real-Time_Visual_Understanding__sample_157,Real-Time Visual Understanding_sample_157_2,Action Perception,What do the two standing women do to the seated woman?,"['They are talking to her.', 'They are adjusting her clothing items.', 'They are serving her food.', 'They are combing her hair.']",They are adjusting her clothing items.,B,B) They are adjusting her clothing items.,B,100.0,150.0,151,380,1.0,False,632,29596,0.0214,980,5,15000,0,64,1
Real-Time_Visual_Understanding__sample_157,Real-Time Visual Understanding_sample_157_4,Spatial Understanding,Where is the table with a white tablecloth positioned in the room?,"['To the left of the central woman.', 'To the right of the central woman.', 'In front of the central woman.', 'Behind the central woman.']",To the left of the central woman.,A,A) To the left of the central woman.,A,100.0,243.0,244,380,1.0,False,951,47824,0.0199,1372,7,15000,0,64,1
Real-Time_Visual_Understanding__sample_157,Real-Time Visual Understanding_sample_157_3,Action Perception,What are the two women wearing white caps and aprons doing?,"['Standing by the table.', ""Adjusting the central woman's clothing."", 'Preparing food.', 'Cleaning the room.']",Adjusting the central woman's clothing.,B,B) Adjusting the central woman's clothing.,B,100.0,249.0,250,380,1.0,False,964,49000,0.0197,1568,8,15000,0,64,1
Real-Time_Visual_Understanding__sample_157,Real-Time Visual Understanding_sample_157_5,Spatial Understanding,Where is the young woman sitting right now?,"['On a cushion on the floor.', 'On an intricately carved wooden chair.', 'On a plain wooden bench.', 'On a cushioned sofa.']",On an intricately carved wooden chair.,B,B) On an intricately carved wooden chair.,B,100.0,379.0,380,380,1.0,False,1233,74480,0.0166,1960,10,15000,0,64,1
Real-Time_Visual_Understanding__sample_158,Real-Time Visual Understanding_sample_158_1,Attribute Perception,What are the patterns on the second fabric piece retrieved from the drawer?,"['Polka dots.', 'Stripes.', 'Floral patterns.', 'Geometric shapes.']",Floral patterns.,C,C) Floral patterns.,C,100.0,16.0,17,101,1.0,False,252,3332,0.0756,392,2,15000,0,64,1
Real-Time_Visual_Understanding__sample_158,Real-Time Visual Understanding_sample_158_3,Attribute Perception,What pattern is on the stocking the person is wearing?,"['Stripes.', 'Polka dots.', 'Checkered.', 'Floral.']",Checkered.,C,C) Checkered.,C,100.0,84.0,85,101,1.0,False,534,16660,0.0321,784,4,15000,0,64,1
Real-Time_Visual_Understanding__sample_158,Real-Time Visual Understanding_sample_158_2,Object Perception,What is the person putting on their feet?,"['Red boots.', 'Red shoes with a low heel and a strap.', 'Black sneakers.', 'Sandals.']",Red shoes with a low heel and a strap.,B,B) Red shoes with a low heel and a strap.,B,100.0,90.0,91,101,1.0,False,552,17836,0.0309,980,5,15000,0,64,1
Real-Time_Visual_Understanding__sample_158,Real-Time Visual Understanding_sample_158_4,Object Perception,What is featured in the background of the scene right now?,"['A plain white wall.', 'A patterned rug with horizontal stripes in various colors.', 'A window with curtains.', 'A bookshelf.']",A patterned rug with horizontal stripes in various colors.,B,B) A patterned rug with horizontal stripes in various colors.,B,100.0,96.0,97,101,1.0,False,568,19012,0.0299,1176,6,15000,0,64,1
Real-Time_Visual_Understanding__sample_158,Real-Time Visual Understanding_sample_158_5,Attribute Perception,What is the focus of the person when the camera cuts to a close-up of their face?,"['They are smiling and talking.', 'They are eating.', 'They appear focused, possibly adjusting their appearance.', 'They are looking at the camera and waving.']","They appear focused, possibly adjusting their appearance.",C,"C) They appear focused, possibly adjusting their appearance.",C,100.0,100.0,101,101,1.0,False,597,19796,0.0302,1372,7,15000,0,64,1
Real-Time_Visual_Understanding__sample_159,Real-Time Visual Understanding_sample_159_1,Object Perception,What is the woman wearing right now?,"['A black dress.', 'A white strapless top.', 'A red shirt.', 'A grayish-blue long-sleeved shirt.']",A white strapless top.,B,B) A white strapless top.,B,100.0,11.0,12,186,1.0,False,212,2352,0.0901,392,2,15000,0,64,1
Real-Time_Visual_Understanding__sample_159,Real-Time Visual Understanding_sample_159_2,Attribute Perception,What is the color of the wall in front of the woman?,"['White with blue stripes.', 'Pink with white stripes.', 'Light-colored with pink stripes.', 'Dark-colored with gold detailing.']",Light-colored with pink stripes.,C,B) Pink with white stripes.,B,0.0,14.0,15,186,1.0,False,214,2940,0.0728,588,3,15000,0,64,1
Real-Time_Visual_Understanding__sample_159,Real-Time Visual Understanding_sample_159_3,Action Perception,What are the helpers doing to the person in the golden robe?,"['Applying makeup.', 'Adjusting a braided belt.', 'Polishing their sandals.', 'Fixing their hair.']",Adjusting a braided belt.,B,B) Adjusting a braided belt.,B,100.0,66.0,67,186,1.0,False,404,13132,0.0308,784,4,15000,0,64,1
Real-Time_Visual_Understanding__sample_159,Real-Time Visual Understanding_sample_159_4,Action Perception,What is the person in the yellow garment doing right now?,"['Reaching for the box.', 'Selecting a bracelet from the wooden box and putting it on her hand.', 'Putting on a necklace.', 'Fixing their hairstyle.']",Selecting a bracelet from the wooden box and putting it on her hand.,B,B) Selecting a bracelet from the wooden box and putting it on her hand,B,100.0,129.0,130,186,1.0,False,671,25480,0.0263,1176,6,15000,0,64,1
Real-Time_Visual_Understanding__sample_159,Real-Time Visual Understanding_sample_159_5,Action Perception,What does the older woman do after appearing behind the young woman?,"['Adjusts the shawl of the young woman.', 'Hands a vessel to the young woman.', 'Sits down beside the young woman.', 'Leaves the scene immediately.']",Adjusts the shawl of the young woman.,A,A) Adjusts the shawl of the young woman.,A,100.0,185.0,186,186,1.0,False,836,36456,0.0229,1372,7,15000,0,64,1
Real-Time_Visual_Understanding__sample_160,Real-Time Visual Understanding_sample_160_1,Object Perception,What is the person picking up in the video?,"['A small piece of fabric.', 'A large piece of beige fabric.', 'A wooden beam.', 'A piece of darker fabric.']",A large piece of beige fabric.,B,B) A large piece of beige fabric.,B,100.0,11.0,12,269,1.0,False,214,2352,0.091,392,2,15000,0,64,1
Real-Time_Visual_Understanding__sample_160,Real-Time Visual Understanding_sample_160_2,Action Perception,What action does the person perform with the large piece of fabric?,"['Ties it around their waist.', 'Drapes it over themselves and threads arms through the sleeves.', 'Folds it neatly and places it on the floor.', 'Wraps it around their head.']",Drapes it over themselves and threads arms through the sleeves.,B,B) Drapes it over themselves and threads arms through the sleeves.,B,100.0,15.0,16,269,1.0,False,220,3136,0.0702,588,3,15000,0,64,1
Real-Time_Visual_Understanding__sample_160,Real-Time Visual Understanding_sample_160_3,Event Understanding,What does the person do after picking up or placing several small objects?,"['Opens the window.', 'Sits down at the table.', 'Adjusts a braided belt around their waist.', 'Leaves the room.']",Adjusts a braided belt around their waist.,C,C) Adjusts a braided belt around their waist.,C,100.0,93.0,94,269,1.0,False,415,18424,0.0225,784,4,15000,0,64,1
Real-Time_Visual_Understanding__sample_160,Real-Time Visual Understanding_sample_160_4,Action Perception,What is the person doing right now?,"['Adjusting their belt.', 'Pulling a hood over their head.', 'Opening a wooden door.', 'Stepping outside.']",Stepping outside.,D,B) Pulling a hood over their head.,B,0.0,177.0,178,269,1.0,False,645,34888,0.0185,1176,6,15000,0,64,1
Real-Time_Visual_Understanding__sample_160,Real-Time Visual Understanding_sample_160_5,Attribute Perception,What are the colors of the garments worn by the person lying down?,"['Cream and blue with red embroidered edges.', 'White and blue with gold embroidered edges.', 'Cream and green with silver embroidered edges.', 'White and red with blue embroidered edges.']",Cream and blue with red embroidered edges.,A,A) Cream and blue with red embroidered edges.,A,100.0,268.0,269,269,1.0,False,885,52724,0.0168,1568,8,15000,0,64,1
Real-Time_Visual_Understanding__sample_161,Real-Time Visual Understanding_sample_161_1,Attribute Perception,What pattern is on the woman's robe?,"['Stripes.', 'Polka dots.', 'Floral.', 'Geometric.']",Floral.,C,C) Floral.,C,100.0,2.0,3,163,1.0,False,204,588,0.3469,392,2,15000,0,64,1
Real-Time_Visual_Understanding__sample_161,Real-Time Visual Understanding_sample_161_2,Attribute Perception,What color is the cover on the bed?,"['Blue.', 'Green.', 'Peach.', 'White.']",Peach.,C,C) Peach.,C,100.0,80.0,81,163,1.0,False,376,15876,0.0237,588,3,15000,0,64,1
Real-Time_Visual_Understanding__sample_161,Real-Time Visual Understanding_sample_161_4,Event Understanding,What is the woman primarily doing in the video?,"['Cleaning the room.', 'Reading a book.', 'Dressing herself.', 'Writing a letter.']",Dressing herself.,C,C) Dressing herself.,C,100.0,80.0,81,163,1.0,False,376,15876,0.0237,588,3,15000,0,64,1
Real-Time_Visual_Understanding__sample_161,Real-Time Visual Understanding_sample_161_3,Action Perception,What does the woman do after putting on the dress?,"['Brushes her hair.', 'Put on her high heels.', 'Adjusts the mirror.', 'Picks up a jewelry box.']",Put on her high heels.,B,A) Brushes her hair.,A,0.0,89.0,90,163,1.0,False,397,17640,0.0225,784,4,15000,0,64,1
Real-Time_Visual_Understanding__sample_161,Real-Time Visual Understanding_sample_161_5,Action Perception,What is the woman doing right now?,"['Singing.', 'Dancing.', 'Smiling.', 'Reading.']",Dancing.,B,B) Dancing.,B,100.0,162.0,163,163,1.0,False,664,31948,0.0208,1176,6,15000,0,64,1
Real-Time_Visual_Understanding__sample_162,Real-Time Visual Understanding_sample_162_1,Object Perception,What is hanging on the wall beside the nurse?,"['A clock.', 'A portrait.', 'A Union Jack flag.', 'A medical certificate.']",A Union Jack flag.,C,C) A Union Jack flag.,C,100.0,14.0,15,192,1.0,False,262,2940,0.0891,392,2,15000,0,64,1
Real-Time_Visual_Understanding__sample_162,Real-Time Visual Understanding_sample_162_2,Action Perception,What is the nurse doing in the room?,"['Preparing a meal.', 'Writing notes.', 'Making a bed.', 'Cleaning the floor.']",Making a bed.,C,C) Making a bed.,C,100.0,20.0,21,192,1.0,False,313,4116,0.076,588,3,15000,0,64,1
Real-Time_Visual_Understanding__sample_162,Real-Time Visual Understanding_sample_162_3,Attribute Perception,What color are the socks being put on the seated person?,"['Red.', 'Blue.', 'Yellow.', 'Green.']",Green.,D,D) Green.,D,100.0,72.0,73,192,1.0,False,483,14308,0.0338,784,4,15000,0,64,1
Real-Time_Visual_Understanding__sample_162,Real-Time Visual Understanding_sample_162_4,Attribute Perception,What color is the man's tie?,"['Blue.', 'Green.', 'Yellow.', 'Red.']",Red.,D,B) Green.,B,0.0,124.0,125,192,1.0,False,596,24500,0.0243,980,5,15000,0,64,1
Real-Time_Visual_Understanding__sample_162,Real-Time Visual Understanding_sample_162_5,Event Understanding,What are the women doing as the man puts on the navy blue jacket?,"['They are leaving the room.', 'They are helping him put on the jacket and adjusting it.', 'They are folding the linens.', 'They are standing by the window.']",They are helping him put on the jacket and adjusting it.,B,B) They are helping him put on the jacket and adjusting it.,B,100.0,191.0,192,192,1.0,False,696,37632,0.0185,1176,6,15000,0,64,1
Real-Time_Visual_Understanding__sample_163,Real-Time Visual Understanding_sample_163_1,Text-Rich Understanding,What is the current mph of the rider in the video?,"['32 mph.', '33 mph.', '34 mph.', '35 mph.']",32 mph.,A,D) 35 mph.,D,0.0,49.0,50,467,1.0,False,426,9800,0.0435,588,3,15000,0,64,1
Real-Time_Visual_Understanding__sample_163,Real-Time Visual Understanding_sample_163_2,Text-Rich Understanding,What is the current kmh of the rider in the video?,"['52 kmh.', '51 kmh.', '53 kmh.', '54 kmh.']",51 kmh.,B,B) 51 kmh.,B,100.0,61.0,62,467,1.0,False,442,12152,0.0364,784,4,15000,0,64,1
Real-Time_Visual_Understanding__sample_163,Real-Time Visual Understanding_sample_163_3,Text-Rich Understanding,What is the current grad. of the rider in the video?,"['-7.', '-9.', '-8.', '-6.']",-8.,C,A) -7.,A,0.0,225.0,226,467,1.0,False,684,44296,0.0154,1176,6,15000,0,64,1
Real-Time_Visual_Understanding__sample_163,Real-Time Visual Understanding_sample_163_4,Text-Rich Understanding,What is the current grad. of the rider in the video?,"['-7.', '-9.', '-6.', '-8.']",-8.,D,A) -7.,A,0.0,371.0,372,467,1.0,False,896,72912,0.0123,1568,8,15000,0,64,1
Real-Time_Visual_Understanding__sample_163,Real-Time Visual Understanding_sample_163_5,Spatial Understanding,Where is the road positioned right now?,"['Between field and forest.', 'Through a dense forest.', 'Beside a river.', 'Along a mountain ridge.']",Along a mountain ridge.,D,D) Along a mountain ridge.,D,100.0,466.0,467,467,1.0,False,1063,91532,0.0116,1764,9,15000,0,64,1
Real-Time_Visual_Understanding__sample_164,Real-Time Visual Understanding_sample_164_1,Spatial Understanding,Where is the cyclist located right now?,"['At an intersection.', 'On a bridge.', 'Passing through a tunnel.', 'In the middle of an open field.']",At an intersection.,A,A) At an intersection.,A,100.0,7.0,8,468,1.0,False,200,1568,0.1276,392,2,15000,0,64,1
Real-Time_Visual_Understanding__sample_164,Real-Time Visual Understanding_sample_164_2,Spatial Understanding,What is located on the right side of the road right now?,"['A river.', 'A fence.', 'Tall bushes and trees.', 'A concrete wall.']",Tall bushes and trees.,C,C) Tall bushes and trees.,C,100.0,124.0,125,468,1.0,False,480,24500,0.0196,784,4,15000,0,64,1
Real-Time_Visual_Understanding__sample_164,Real-Time Visual Understanding_sample_164_3,Spatial Understanding,What is visible on the left side of the road right now?,"['A field.', 'A river.', 'A dense forest.', 'A row of trees and bushes.']",A row of trees and bushes.,D,D) A row of trees and bushes.,D,100.0,233.0,234,468,1.0,False,664,45864,0.0145,980,5,15000,0,64,1
Real-Time_Visual_Understanding__sample_164,Real-Time Visual Understanding_sample_164_4,Spatial Understanding,What is located on the left side of the road right now?,"['A field with crops.', 'A dense line of trees and bushes.', 'A small river.', 'An open green field.']",A dense line of trees and bushes.,B,B) A dense line of trees and bushes.,B,100.0,350.0,351,468,1.0,False,878,68796,0.0128,1372,7,15000,0,64,1
Real-Time_Visual_Understanding__sample_164,Real-Time Visual Understanding_sample_164_5,Spatial Understanding,Where is the road positioned right now?,"['Between field and forest.', 'Through a dense forest.', 'Beside a river.', 'Along a mountain ridge.']",Between field and forest.,A,B) Through a dense forest.,B,0.0,467.0,468,468,1.0,False,1160,91728,0.0126,1764,9,15000,0,64,1
Real-Time_Visual_Understanding__sample_165,Real-Time Visual Understanding_sample_165_1,Spatial Understanding,Where is the red car located right now?,"['In front of the cyclist, on the left.', 'Just behind the cyclist, on the right.', 'Parked on the side of the road, on the right.', 'Ahead in the distance, slightly to the left.']","Parked on the side of the road, on the right.",C,"D) Ahead in the distance, slightly to the left.",D,0.0,2.0,3,494,1.0,False,198,588,0.3367,392,2,15000,0,64,1
Real-Time_Visual_Understanding__sample_165,Real-Time Visual Understanding_sample_165_2,Spatial Understanding,Where are the trees located right now?,"['On both sides of the road.', 'Only on the left side of the road.', 'Only on the right side of the road.', 'Directly in front of the cyclist.']",On both sides of the road.,A,A) On both sides of the road.,A,100.0,140.0,141,494,1.0,False,477,27636,0.0173,784,4,15000,0,64,1
Real-Time_Visual_Understanding__sample_165,Real-Time Visual Understanding_sample_165_3,Spatial Understanding,Where are the trees located right now?,"['On both sides of the road.', 'On the right side of the road.', 'In the center of the road.', 'Evenly distributed on both sides.']",On both sides of the road.,A,A) On both sides of the road.,A,100.0,255.0,256,494,1.0,False,751,50176,0.015,1176,6,15000,0,64,1
Real-Time_Visual_Understanding__sample_165,Real-Time Visual Understanding_sample_165_4,Spatial Understanding,Where are the trees located right now?,"['On both sides of the road.', 'On the left side of the road.', 'On the right side of the road.', 'There are no trees visible right now.']",On the right side of the road.,C,D) There are no trees visible right now.,D,0.0,385.0,386,494,1.0,False,959,75656,0.0127,1568,8,15000,0,64,1
Real-Time_Visual_Understanding__sample_165,Real-Time Visual Understanding_sample_165_5,Text-Rich Understanding,What is the current value of 'distanz' displayed in the video?,"['76.2KM.', '76.3KM.', '76.1KM.', '76.0KM.']",76.2KM.,A,C) 76.1KM.,C,0.0,493.0,494,494,1.0,False,1123,96824,0.0116,1764,9,15000,0,64,1
Real-Time_Visual_Understanding__sample_166,Real-Time Visual Understanding_sample_166_1,Spatial Understanding,Which side of the trail has more dense foliage right now?,"['The left side.', 'The right side.', 'Both sides equally.', 'Neither side has foliage.']",The left side.,A,A) The left side.,A,100.0,10.0,11,441,1.0,False,222,2156,0.103,392,2,15000,0,64,1
Real-Time_Visual_Understanding__sample_166,Real-Time Visual Understanding_sample_166_2,Spatial Understanding,Where is the large tree located right now?,"['On the left side of the road.', 'Ahead, slightly to the left.', 'Overhead, providing shade.', 'On the right side of the road.']",On the right side of the road.,D,"B) Ahead, slightly to the left.",B,0.0,126.0,127,441,1.0,False,443,24892,0.0178,784,4,15000,0,64,1
Real-Time_Visual_Understanding__sample_166,Real-Time Visual Understanding_sample_166_3,Spatial Understanding,Where is the shadowed area located right now?,"['On the left side of the road.', 'Across the entire road.', 'On the right side of the road.', 'No shadow at all.']",Across the entire road.,B,A) On the left side of the road.,A,0.0,233.0,234,441,1.0,False,642,45864,0.014,1176,6,15000,0,64,1
Real-Time_Visual_Understanding__sample_166,Real-Time Visual Understanding_sample_166_4,Spatial Understanding,What is located immediately ahead in the clearing right now?,"['An intersection.', 'A steep hill.', 'A large boulder.', 'A narrow bridge.']",An intersection.,A,A) An intersection.,A,100.0,333.0,334,441,1.0,False,791,65464,0.0121,1372,7,15000,0,64,1
Real-Time_Visual_Understanding__sample_166,Real-Time Visual Understanding_sample_166_5,Spatial Understanding,What is mainly visible on the left side of the road right now?,"['A lake.', 'Trees and dense foliage.', 'A building complex.', 'Farmland.']",Trees and dense foliage.,B,B) Trees and dense foliage.,B,100.0,440.0,441,441,1.0,False,995,86436,0.0115,1764,9,15000,0,64,1
Real-Time_Visual_Understanding__sample_167,Real-Time Visual Understanding_sample_167_1,Spatial Understanding,Where is the black car parked right now?,"['On the right side of the road.', 'On the left side of the road.', 'Directly in front of the road.', 'Behind the cyclist.']",On the right side of the road.,A,A) On the right side of the road.,A,100.0,36.0,37,514,1.0,False,231,7252,0.0319,392,2,15000,0,64,1
Real-Time_Visual_Understanding__sample_167,Real-Time Visual Understanding_sample_167_2,Text-Rich Understanding,What is the current value of 'distanz' displayed in the video?,"['6.0KM.', '6.1KM.', '6.2KM.', '5.9KM.']",6.0KM.,A,B) 6.1KM.,B,0.0,145.0,146,514,1.0,False,447,28616,0.0156,784,4,15000,0,64,1
Real-Time_Visual_Understanding__sample_167,Real-Time Visual Understanding_sample_167_3,Spatial Understanding,What is the object seen parallel and closest to the right side of the cyclist right now?,"['A river.', 'A line of trees.', 'Another cyclist.', 'A fenceline.']",Another cyclist.,C,B) A line of trees.,B,0.0,270.0,271,514,1.0,False,631,53116,0.0119,980,5,15000,0,64,1
Real-Time_Visual_Understanding__sample_167,Real-Time Visual Understanding_sample_167_4,Spatial Understanding,Where is the white railing located right now?,"['On the right side of the path.', 'On the left side of the path.', 'Overhead, forming an arch.', 'Directly in front of the cyclist.']",On the right side of the path.,A,B) On the left side of the path.,B,0.0,393.0,394,514,1.0,False,829,77224,0.0107,1372,7,15000,0,64,1
Real-Time_Visual_Understanding__sample_167,Real-Time Visual Understanding_sample_167_5,Spatial Understanding,Where are the power lines located right now?,"['To the left of the road.', 'Overhead, crossing the road.', 'To the right side of the road.', 'Directly in front of the cyclist.']",To the right side of the road.,C,"B) Overhead, crossing the road.",B,0.0,513.0,514,514,1.0,False,1004,100744,0.01,1568,8,15000,0,64,1
Real-Time_Visual_Understanding__sample_168,Real-Time Visual Understanding_sample_168_1,Spatial Understanding,What is located on the left side of the cyclists right now?,"['A row of shops.', 'A forest.', 'A parking lot.', 'A large park.']",A row of shops.,A,A) A row of shops.,A,100.0,19.0,20,493,1.0,False,254,3920,0.0648,392,2,15000,0,64,1
Real-Time_Visual_Understanding__sample_168,Real-Time Visual Understanding_sample_168_2,Spatial Understanding,Where is the National Championships banner located right now?,"['Hanging above the cyclist.', 'On the left side of the road.', 'On the right side of the road.', 'Directly behind the cyclist.']",Hanging above the cyclist.,A,C) On the right side of the road.,C,0.0,137.0,138,493,1.0,False,589,27048,0.0218,784,4,15000,0,64,1
Real-Time_Visual_Understanding__sample_168,Real-Time Visual Understanding_sample_168_3,Spatial Understanding,Where is the stop sign located right now?,"['On the right side of the cyclists.', 'On the left side of the road.', 'Directly ahead of the cyclists.', 'Behind the cyclists.']",On the right side of the cyclists.,A,B) On the left side of the road.,B,0.0,253.0,254,493,1.0,False,895,49784,0.018,1176,6,15000,0,64,1
Real-Time_Visual_Understanding__sample_168,Real-Time Visual Understanding_sample_168_4,Spatial Understanding,What is positioned on the right side of the cyclists right now?,"['A green fence.', 'A banner with an advertisement.', 'A row of trees.', 'A pedestrian sitting area.']",A green fence.,A,A) A green fence.,A,100.0,369.0,370,493,1.0,False,1143,72520,0.0158,1568,8,15000,0,64,1
Real-Time_Visual_Understanding__sample_168,Real-Time Visual Understanding_sample_168_5,Spatial Understanding,Where is the cyclist with the orange socks located right now?,"['To the right of the cameraman.', 'Directly in front of the cameraman.', 'To the left of the cameraman.', 'Behind the cameraman.']",Directly in front of the cameraman.,B,A) To the right of the cameraman.,A,0.0,492.0,493,493,1.0,False,1444,96628,0.0149,1960,10,15000,0,64,1
Real-Time_Visual_Understanding__sample_169,Real-Time Visual Understanding_sample_169_1,Spatial Understanding,What is located to the right side of the road right now?,"['A gas station.', 'A bank.', 'A park.', 'A cafe.']",A cafe.,D,A) A gas station.,A,0.0,20.0,21,552,1.0,False,214,4116,0.052,392,2,15000,0,64,1
Real-Time_Visual_Understanding__sample_169,Real-Time Visual Understanding_sample_169_2,Attribute Perception,What are the main colors of the flowers in the hanging baskets right now?,"['Green and black.', 'Red and pink.', 'Red and blue.', 'White, yellow and purple.']","White, yellow and purple.",D,"D) White, yellow and purple.",D,100.0,134.0,135,552,1.0,False,420,26460,0.0159,784,4,15000,0,64,1
Real-Time_Visual_Understanding__sample_169,Real-Time Visual Understanding_sample_169_3,Spatial Understanding,Where are the kayaks located right now?,"['On the right side of the road.', 'On the left side of the road.', 'On the grass beside the path.', 'Docked at the shore.']",On the left side of the road.,B,B) On the left side of the road.,B,100.0,280.0,281,552,1.0,False,669,55076,0.0121,1176,6,15000,0,64,1
Real-Time_Visual_Understanding__sample_169,Real-Time Visual Understanding_sample_169_4,Spatial Understanding,What is located on the left side of the cyclist right now?,"['A field.', 'A canal.', 'A dense forest.', 'A building.']",A canal.,B,D) A building.,D,0.0,409.0,410,552,1.0,False,855,80360,0.0106,1372,7,15000,0,64,1
Real-Time_Visual_Understanding__sample_169,Real-Time Visual Understanding_sample_169_5,Spatial Understanding,What is located on the left side of the path right now?,"['A river.', 'A line of trees.', 'A building.', 'A field.']",A line of trees.,B,A) A river.,A,0.0,551.0,552,552,1.0,False,1112,108192,0.0103,1764,9,15000,0,64,1
Real-Time_Visual_Understanding__sample_170,Real-Time Visual Understanding_sample_170_1,Spatial Understanding,What is on the left side of the road right now?,"['A clear field.', 'A group of houses.', 'A river.', 'A line of trees.']",A line of trees.,D,D) A line of trees.,D,100.0,10.0,11,561,1.0,False,206,2156,0.0955,392,2,15000,0,64,1
Real-Time_Visual_Understanding__sample_170,Real-Time Visual Understanding_sample_170_2,Spatial Understanding,Where is the nearest dense row of trees located right now?,"['On the right side of the road.', 'On both sides of the road.', 'In the distance ahead.', 'On the left side of the road.']",On the left side of the road.,D,D) On the left side of the road.,D,100.0,150.0,151,561,1.0,False,467,29596,0.0158,784,4,15000,0,64,1
Real-Time_Visual_Understanding__sample_170,Real-Time Visual Understanding_sample_170_3,Spatial Understanding,Where is the wooden bench?,"['On the left side of the road.', 'Directly ahead.', 'There is no bench.', 'On the right side of the road.']",On the right side of the road.,D,D) On the right side of the road.,D,100.0,288.0,289,561,1.0,False,743,56644,0.0131,1176,6,15000,0,64,1
Real-Time_Visual_Understanding__sample_170,Real-Time Visual Understanding_sample_170_4,Spatial Understanding,What is present on the left side of the road right now?,"['A small park with benches.', 'A river with a pedestrian bridge.', 'An open field with trees.', 'A parked cars and several houses.']",A parked cars and several houses.,D,D) A parked cars and several houses.,D,100.0,429.0,430,561,1.0,False,961,84280,0.0114,1568,8,15000,0,64,1
Real-Time_Visual_Understanding__sample_170,Real-Time Visual Understanding_sample_170_5,Spatial Understanding,Where is the tree casting a shadow located right now?,"['On the left side, in the field.', 'In the middle of the road.', 'On the right side of the road.', 'Slightly in front of the cyclist, on the left.']","Slightly in front of the cyclist, on the left.",D,"D) Slightly in front of the cyclist, on the left.",D,100.0,560.0,561,561,1.0,False,1156,109956,0.0105,1764,9,15000,0,64,1
Real-Time_Visual_Understanding__sample_171,Real-Time Visual Understanding_sample_171_1,Spatial Understanding,Where are the power lines located right now?,"['Crossing diagonally over the road.', 'Parallel to the right side of the road.', 'Intersecting the road perpendicularly.', 'Running parallel to the left side of the road.']",Running parallel to the left side of the road.,D,A) Crossing diagonally over the road.,A,0.0,8.0,9,515,1.0,False,207,1764,0.1173,392,2,15000,0,64,1
Real-Time_Visual_Understanding__sample_171,Real-Time Visual Understanding_sample_171_2,Spatial Understanding,Where is the red graffiti?,"['On the right side of the road.', 'On the left side of the road.', 'In front of the road.', 'Above the entrance of the tunnel.']",Above the entrance of the tunnel.,D,B) On the left side of the road.,B,0.0,136.0,137,515,1.0,False,501,26852,0.0187,784,4,15000,0,64,1
Real-Time_Visual_Understanding__sample_171,Real-Time Visual Understanding_sample_171_3,Spatial Understanding,What is on the left side of the road right now?,"['A river.', 'A small building.', 'An open field.', 'Dense vegetation.']",Dense vegetation.,D,D) Dense vegetation.,D,100.0,250.0,251,515,1.0,False,736,49196,0.015,1176,6,15000,0,64,1
Real-Time_Visual_Understanding__sample_171,Real-Time Visual Understanding_sample_171_4,Spatial Understanding,What is located on the left side of the path right now?,"['A cornfield.', 'A tall building.', 'A dense forest.', 'A patch of grass.']",A patch of grass.,D,C) A dense forest.,C,0.0,387.0,388,515,1.0,False,996,76048,0.0131,1568,8,15000,0,64,1
Real-Time_Visual_Understanding__sample_171,Real-Time Visual Understanding_sample_171_5,Spatial Understanding,What is located on the right side of the road right now?,"['A field of corn.', 'A forest.', 'A river.', 'A field of wheat.']",A field of wheat.,D,A) A field of corn.,A,0.0,514.0,515,515,1.0,False,1181,100940,0.0117,1764,9,15000,0,64,1
Real-Time_Visual_Understanding__sample_172,Real-Time Visual Understanding_sample_172_1,Spatial Understanding,What is located on the right side of the cyclist right now?,"['A supermarket entrance.', 'A row of flags.', 'A bus stop.', 'A park.']",A row of flags.,B,B) A row of flags.,B,100.0,14.0,15,561,1.0,False,228,2940,0.0776,392,2,15000,0,64,1
Real-Time_Visual_Understanding__sample_172,Real-Time Visual Understanding_sample_172_2,Spatial Understanding,"What structure is located straight ahead on the right side of the road, visible right now?","['A bridge.', 'A gym.', 'A billboard.', 'A roundabout.']",A billboard.,C,A) A bridge.,A,0.0,141.0,142,561,1.0,False,433,27832,0.0156,784,4,15000,0,64,1
Real-Time_Visual_Understanding__sample_172,Real-Time Visual Understanding_sample_172_3,Spatial Understanding,What is located on the right side of the road right now?,"['A series of road signs.', 'A parked car.', 'A bus stop.', 'A pedestrian crossing.']",A series of road signs.,A,A) A series of road signs.,A,100.0,263.0,264,561,1.0,False,614,51744,0.0119,980,5,15000,0,64,1
Real-Time_Visual_Understanding__sample_172,Real-Time Visual Understanding_sample_172_4,Spatial Understanding,Where is the cyclist right now?,"['Turning a corner.', 'Going uphill.', 'On a straight road.', 'About to reach a roundabout.']",On a straight road.,C,A) Turning a corner.,A,0.0,374.0,375,561,1.0,False,784,73500,0.0107,1176,6,15000,0,64,1
Real-Time_Visual_Understanding__sample_172,Real-Time Visual Understanding_sample_172_5,Spatial Understanding,Where is the big red truck?,"['On the left side of the cyclist.', 'Behind the cyclist, on the right.', 'On the right side of the main path.', 'Ahead, to the left.']",On the left side of the cyclist.,A,"D) Ahead, to the left.",D,0.0,560.0,561,561,1.0,False,1122,109956,0.0102,1568,8,15000,0,64,1
Real-Time_Visual_Understanding__sample_173,Real-Time Visual Understanding_sample_173_1,Spatial Understanding,What is visible on the right side of the road right now?,"['A fence.', 'A small white sign.', 'A utility pole.', 'A parked vehicle.']",A small white sign.,B,B) A small white sign.,B,100.0,15.0,16,531,1.0,False,219,3136,0.0698,392,2,15000,0,64,1
Real-Time_Visual_Understanding__sample_173,Real-Time Visual Understanding_sample_173_2,Spatial Understanding,On which side are the two walkers located right now?,"['On the right side.', 'In the middle of the path.', 'On the left side.', 'Not visible.']",On the right side.,A,C) On the left side.,C,0.0,133.0,134,531,1.0,False,379,26264,0.0144,588,3,15000,0,64,1
Real-Time_Visual_Understanding__sample_173,Real-Time Visual Understanding_sample_173_3,Spatial Understanding,What is located on the left side of the road right now?,"['A row of houses.', 'A field.', 'A dense forest.', 'A river.']",A field.,B,C) A dense forest.,C,0.0,262.0,263,531,1.0,False,548,51548,0.0106,784,4,15000,0,64,1
Real-Time_Visual_Understanding__sample_173,Real-Time Visual Understanding_sample_173_4,Spatial Understanding,What is located to the right side of the cyclist right now?,"['A parked black car.', 'An open field.', 'A white building.', 'A wooded area.']",A white building.,C,A) A parked black car.,A,0.0,407.0,408,531,1.0,False,816,79968,0.0102,1176,6,15000,0,64,1
Real-Time_Visual_Understanding__sample_173,Real-Time Visual Understanding_sample_173_5,Spatial Understanding,Where is the tree shadow falling on the road right now?,"['On the left side of the road.', 'On the right side of the road.', 'In the center of the road.', 'No shadows are visible.']",On the right side of the road.,B,A) On the left side of the road.,A,0.0,530.0,531,531,1.0,False,1049,104076,0.0101,1568,8,15000,0,64,1
Real-Time_Visual_Understanding__sample_174,Real-Time Visual Understanding_sample_174_1,Spatial Understanding,What is located on the left side of the current road?,"['A dense forest.', 'An open field.', 'A river.', 'A row of houses.']",An open field.,B,B) An open field.,B,100.0,10.0,11,499,1.0,False,200,2156,0.0928,392,2,15000,0,64,1
Real-Time_Visual_Understanding__sample_174,Real-Time Visual Understanding_sample_174_2,Spatial Understanding,Where is the wire fence located right now?,"['On the right side of the road.', 'On the left side of the road.', 'Ahead on the left.', 'Behind on the right.']",On the left side of the road.,B,B) On the left side of the road.,B,100.0,140.0,141,499,1.0,False,478,27636,0.0173,784,4,15000,0,64,1
Real-Time_Visual_Understanding__sample_174,Real-Time Visual Understanding_sample_174_3,Spatial Understanding,What is situated on the right side of the path right now?,"['A lamp post.', 'A bench.', 'A trash can.', 'A bicycle rack.']",A bench.,B,A) A lamp post.,A,0.0,259.0,260,499,1.0,False,702,50960,0.0138,1176,6,15000,0,64,1
Real-Time_Visual_Understanding__sample_174,Real-Time Visual Understanding_sample_174_4,Spatial Understanding,Where are the overhead power lines located right now?,"['Crossing the road ahead.', 'Running parallel to the left of the road.', 'Running parallel to the right of the road.', 'Not visible at the moment.']",Running parallel to the left of the road.,B,D) Not visible at the moment.,D,0.0,377.0,378,499,1.0,False,975,74088,0.0132,1568,8,15000,0,64,1
Real-Time_Visual_Understanding__sample_174,Real-Time Visual Understanding_sample_174_5,Spatial Understanding,What is visible on the left side of the path right now?,"['A field with some fencing.', 'A dense forest.', 'A village with a few houses.', 'A river flowing parallel to the path.']",A field with some fencing.,A,A) A field with some fencing.,A,100.0,498.0,499,499,1.0,False,1258,97804,0.0129,1960,10,15000,0,64,1
Real-Time_Visual_Understanding__sample_175,Real-Time Visual Understanding_sample_175_1,Spatial Understanding,Where is the cyclist with the number 894 located relative to the main pack right now?,"['Leading the main pack.', 'Directly behind the main pack.', 'In the middle of the main pack.', 'To the side of the main pack.']",Directly behind the main pack.,B,A) Leading the main pack.,A,0.0,19.0,20,513,1.0,False,237,3920,0.0605,392,2,15000,0,64,1
Real-Time_Visual_Understanding__sample_175,Real-Time Visual Understanding_sample_175_2,Spatial Understanding,What structure is the cyclist approaching right now?,"['A National Championships banner.', ""A McDonald's sign."", 'A residential building.', 'A traffic light.']",A National Championships banner.,A,A) A National Championships banner.,A,100.0,127.0,128,513,1.0,False,444,25088,0.0177,784,4,15000,0,64,1
Real-Time_Visual_Understanding__sample_175,Real-Time Visual Understanding_sample_175_3,Spatial Understanding,What is the relative position of the red brick building to the cyclist right now?,"['On the left side of the road.', 'Directly ahead.', 'On the right side of the road.', 'Directly behind the cyclist.']",On the right side of the road.,C,A) On the left side of the road.,A,0.0,259.0,260,513,1.0,False,736,50960,0.0144,1176,6,15000,0,64,1
Real-Time_Visual_Understanding__sample_175,Real-Time Visual Understanding_sample_175_4,Spatial Understanding,"Where is the ""National Championships"" banner located right now?","['On the right side of the road.', 'Above the cyclists.', 'Hanging in the middle of the road.', 'Directly behind the cyclists.']",Hanging in the middle of the road.,C,A) On the right side of the road.,A,0.0,394.0,395,513,1.0,False,1064,77420,0.0137,1568,8,15000,0,64,1
Real-Time_Visual_Understanding__sample_175,Real-Time Visual Understanding_sample_175_5,Spatial Understanding,What is the relative position of the cyclist in the green shoes to the group right now?,"['Leading the group.', 'In the middle of the group.', 'At the back of the group.', 'Outside the group.']",At the back of the group.,C,A) Leading the group.,A,0.0,512.0,513,513,1.0,False,1334,100548,0.0133,1960,10,15000,0,64,1
Real-Time_Visual_Understanding__sample_176,Real-Time Visual Understanding_sample_176_1,Spatial Understanding,Where is the white car parked right now?,"['Next to the cyclist.', 'On the right side of the road.', 'Directly ahead of the cyclist.', 'On the left side of the road.']",On the left side of the road.,D,D) On the left side of the road.,D,100.0,10.0,11,526,1.0,False,214,2156,0.0993,392,2,15000,0,64,1
Real-Time_Visual_Understanding__sample_176,Real-Time Visual Understanding_sample_176_2,Spatial Understanding,Where is the telegraph pole located right now?,"['On the left side.', 'In the middle of the road.', 'Directly above the road.', 'On the right side.']",On the right side.,D,A) On the left side.,A,0.0,127.0,128,526,1.0,False,480,25088,0.0191,784,4,15000,0,64,1
Real-Time_Visual_Understanding__sample_176,Real-Time Visual Understanding_sample_176_3,Spatial Understanding,Where are the trees located?,"['On both sides of the road.', 'On the left side of the road.', 'On the right side of the road.', 'Directly ahead.']",On both sides of the road.,A,A) On both sides of the road.,A,100.0,260.0,261,526,1.0,False,765,51156,0.015,1176,6,15000,0,64,1
Real-Time_Visual_Understanding__sample_176,Real-Time Visual Understanding_sample_176_4,Spatial Understanding,What is the object on the left front of the cyclist right now?,"['A traffic light.', 'A bus stop.', 'A water fountain.', 'A green bollard.']",A green bollard.,D,D) A green bollard.,D,100.0,399.0,400,526,1.0,False,1027,78400,0.0131,1568,8,15000,0,64,1
Real-Time_Visual_Understanding__sample_176,Real-Time Visual Understanding_sample_176_5,Spatial Understanding,What is the position of the church building right now?,"['On the left side of the road.', 'On the right side of the road.', 'Behind the cyclist.', 'Directly ahead.']",Directly ahead.,D,B) On the right side of the road.,B,0.0,525.0,526,526,1.0,False,1255,103096,0.0122,1960,10,15000,0,64,1
Real-Time_Visual_Understanding__sample_177,Real-Time Visual Understanding_sample_177_1,Spatial Understanding,Where are the trees located?,"['On the both sides of the road.', 'On the left side of the road.', 'In the middle of the road.', 'On the right side of the road.']",On the both sides of the road.,A,A) On the both sides of the road.,A,100.0,20.0,21,478,1.0,False,218,4116,0.053,392,2,15000,0,64,1
Real-Time_Visual_Understanding__sample_177,Real-Time Visual Understanding_sample_177_2,Spatial Understanding,What is located on the right side of the path right now?,"['An open field.', 'A dense forest.', 'A farmhouse.', 'A shopping plaza.']",An open field.,A,B) A dense forest.,B,0.0,139.0,140,478,1.0,False,374,27440,0.0136,588,3,15000,0,64,1
Real-Time_Visual_Understanding__sample_177,Real-Time Visual Understanding_sample_177_3,Spatial Understanding,Where is the house with the brown roof located right now?,"['On the right side of the road.', 'On the left side of the road.', 'Directly behind the cyclist.', 'In the middle of the forest.']",On the right side of the road.,A,B) On the left side of the road.,B,0.0,249.0,250,478,1.0,False,572,49000,0.0117,980,5,15000,0,64,1
Real-Time_Visual_Understanding__sample_177,Real-Time Visual Understanding_sample_177_4,Spatial Understanding,Where are the trees located right now?,"['On the both sides of the road.', 'On the left side of the road.', 'In the middle of the road.', 'On the right side of the road.']",On the both sides of the road.,A,A) On the both sides of the road.,A,100.0,376.0,377,478,1.0,False,764,73892,0.0103,1176,6,15000,0,64,1
Real-Time_Visual_Understanding__sample_177,Real-Time Visual Understanding_sample_177_5,Spatial Understanding,What is the black car parked right now?,"['On the left side of the road.', 'On the both sides of the road.', 'On the right side of the road.', 'No black car.']",On the left side of the road.,A,D) No black car.,D,0.0,477.0,478,478,1.0,False,920,93688,0.0098,1372,7,15000,0,64,1
Real-Time_Visual_Understanding__sample_178,Real-Time Visual Understanding_sample_178_1,Spatial Understanding,Where is the white road marker positioned relative to the cyclist right now?,"['On both sides of the cyclist.', 'In front of the cyclist.', 'To the left of the cyclist.', 'Behind the cyclist.']",On both sides of the cyclist.,A,A) On both sides of the cyclist.,A,100.0,6.0,7,459,1.0,False,204,1372,0.1487,392,2,15000,0,64,1
Real-Time_Visual_Understanding__sample_178,Real-Time Visual Understanding_sample_178_2,Spatial Understanding,How are the road signs oriented right now?,"['Indicating a left turn.', 'Pointing straight ahead.', 'Indicating a right turn.', 'Indicating a U-turn.']",Indicating a left turn.,A,C) Indicating a right turn.,C,0.0,115.0,116,459,1.0,False,362,22736,0.0159,588,3,15000,0,64,1
Real-Time_Visual_Understanding__sample_178,Real-Time Visual Understanding_sample_178_3,Spatial Understanding,What is located at the far end of the left side of the road right now?,"['A tall tree.', 'A hospital.', 'A park.', 'A bridge.']",A tall tree.,A,A) A tall tree.,A,100.0,237.0,238,459,1.0,False,564,46648,0.0121,980,5,15000,0,64,1
Real-Time_Visual_Understanding__sample_178,Real-Time Visual Understanding_sample_178_4,Spatial Understanding,Where is the blue car located right now?,"['On the right side of the cyclist.', 'On the left side of the cyclist.', 'Directly in front of the cyclist.', 'Behind the cyclist.']",On the right side of the cyclist.,A,B) On the left side of the cyclist.,B,0.0,338.0,339,459,1.0,False,731,66444,0.011,1176,6,15000,0,64,1
Real-Time_Visual_Understanding__sample_178,Real-Time Visual Understanding_sample_178_5,Spatial Understanding,Where is the red car located right now?,"['On the right side of the cyclist.', 'On the left side of the cyclist.', 'Directly in front of the cyclist.', 'Behind the cyclist.']",On the right side of the cyclist.,A,B) On the left side of the cyclist.,B,0.0,458.0,459,459,1.0,False,984,89964,0.0109,1568,8,15000,0,64,1
Real-Time_Visual_Understanding__sample_179,Real-Time Visual Understanding_sample_179_1,Spatial Understanding,Where is the green banner located right now?,"['Hanging above the cyclists.', 'On the left side of the road.', 'Directly behind the cyclists.', 'On the both sides of the road.']",On the both sides of the road.,D,A) Hanging above the cyclists.,A,0.0,4.0,5,498,1.0,False,199,980,0.2031,392,2,15000,0,64,1
Real-Time_Visual_Understanding__sample_179,Real-Time Visual Understanding_sample_179_2,Spatial Understanding,Where is the flag located right now?,"['Hanging on the left side of the road.', 'Hanging above the cyclists.', 'Hanging behind the cyclists.', 'Hanging on the right side of the road.']",Hanging on the right side of the road.,D,D) Hanging on the right side of the road.,D,100.0,138.0,139,498,1.0,False,463,27244,0.017,784,4,15000,0,64,1
Real-Time_Visual_Understanding__sample_179,Real-Time Visual Understanding_sample_179_3,Spatial Understanding,Where is the cyclist located relative to the National Championships banner right now?,"['Far down the road from the banner.', 'Before reaching the banner.', 'Turned away from the banner.', 'Just crossing underneath the banner.']",Just crossing underneath the banner.,D,D) Just crossing underneath the banner.,D,100.0,245.0,246,498,1.0,False,670,48216,0.0139,1176,6,15000,0,64,1
Real-Time_Visual_Understanding__sample_179,Real-Time Visual Understanding_sample_179_4,Spatial Understanding,What is the position of the tall building with many windows right now?,"['On the left side of the road.', 'Directly in front of the cyclists.', 'Behind the cyclists.', 'On the right side of the road.']",On the right side of the road.,D,D) On the right side of the road.,D,100.0,369.0,370,498,1.0,False,926,72520,0.0128,1568,8,15000,0,64,1
Real-Time_Visual_Understanding__sample_179,Real-Time Visual Understanding_sample_179_5,Spatial Understanding,What is the current positioning of the National Championships banner right now?,"['Behind the cyclists.', 'On the left side of the road.', 'On the right side of the road.', 'Directly above the cyclists.']",Directly above the cyclists.,D,C) On the right side of the road.,C,0.0,497.0,498,498,1.0,False,1260,97608,0.0129,1960,10,15000,0,64,1
Real-Time_Visual_Understanding__sample_180,Real-Time Visual Understanding_sample_180_1,Counting,How many trees are on the left side of the road right now?,"['Four.', 'Six.', 'Seven.', 'Three.']",Three.,D,D) Three.,D,100.0,3.0,4,564,1.0,False,198,784,0.2526,392,2,15000,0,64,1
Real-Time_Visual_Understanding__sample_180,Real-Time Visual Understanding_sample_180_2,Spatial Understanding,Where are the hay bales located right now?,"['On the left side of the road.', 'On the both sides of the road.', 'In the middle of the road.', 'Directly ahead of the cyclist.']",On the both sides of the road.,B,A) On the left side of the road.,A,0.0,141.0,142,564,1.0,False,365,27832,0.0131,588,3,15000,0,64,1
Real-Time_Visual_Understanding__sample_180,Real-Time Visual Understanding_sample_180_3,Spatial Understanding,What is the object located near the lamp post right now?,"['A car.', 'A bicycle.', 'A mailbox.', 'A tree with white flowers.']",A tree with white flowers.,D,A) A car.,A,0.0,276.0,277,564,1.0,False,541,54292,0.01,784,4,15000,0,64,1
Real-Time_Visual_Understanding__sample_180,Real-Time Visual Understanding_sample_180_4,Spatial Understanding,Where is the tree shadow located right now?,"['On the left side of the road.', 'Across the entire road.', 'On the right side of the road.', 'In the middle of the road.']",Across the entire road.,B,A) On the left side of the road.,A,0.0,423.0,424,564,1.0,False,796,83104,0.0096,1176,6,15000,0,64,1
Real-Time_Visual_Understanding__sample_180,Real-Time Visual Understanding_sample_180_5,Spatial Understanding,Where is the cyclist heading right now?,"['Towards a commercial area.', 'Towards a residential area.', 'Towards an industrial area.', 'Towards a forest.']",Towards a residential area.,B,B) Towards a residential area.,B,100.0,563.0,564,564,1.0,False,1066,110544,0.0096,1568,8,15000,0,64,1
Real-Time_Visual_Understanding__sample_181,Real-Time Visual Understanding_sample_181_1,Attribute Perception,What color is the traffic light now?,"['Yellow.', 'Red.', 'Green.', 'Black.']",Red.,B,A) Yellow.,A,0.0,18.0,19,500,1.0,False,251,3724,0.0674,392,2,15000,0,64,1
Real-Time_Visual_Understanding__sample_181,Real-Time Visual Understanding_sample_181_2,Spatial Understanding,What is the position of the National Championships banner right now?,"['On the front of the truck.', 'On the building to the left.', 'Hanging above the road.', 'On the ground below the cyclists.']",Hanging above the road.,C,B) On the building to the left.,B,0.0,136.0,137,500,1.0,False,573,26852,0.0213,784,4,15000,0,64,1
Real-Time_Visual_Understanding__sample_181,Real-Time Visual Understanding_sample_181_3,Spatial Understanding,Where is the cyclist with the number 845 positioned right now?,"['Directly ahead of the cyclist with the number 88.', 'On the left side of the cyclist with the number 851.', 'Behind the cyclist with the number 88.', 'On the right side of the cyclist with the number 88.']",On the left side of the cyclist with the number 851.,B,D) On the right side of the cyclist with the number 88.,D,0.0,240.0,241,500,1.0,False,922,47236,0.0195,1176,6,15000,0,64,1
Real-Time_Visual_Understanding__sample_181,Real-Time Visual Understanding_sample_181_4,Spatial Understanding,"What is the position of the cyclist with race number ""#865"" right now?","['At the front of the group.', 'On the left side of the cyclist with the number 806.', 'On the right side of the cyclist with the number 806.', 'Leading a solo breakaway.']",On the left side of the cyclist with the number 806.,B,A) At the front of the group.,A,0.0,372.0,373,500,1.0,False,1259,73108,0.0172,1568,8,15000,0,64,1
Real-Time_Visual_Understanding__sample_181,Real-Time Visual Understanding_sample_181_5,Attribute Perception,What color is the traffic light now?,"['Yellow.', 'Red.', 'Green.', 'Black.']",Red.,B,A) Yellow.,A,0.0,499.0,500,500,1.0,False,1617,98000,0.0165,1960,10,15000,0,64,1
Real-Time_Visual_Understanding__sample_182,Real-Time Visual Understanding_sample_182_1,Spatial Understanding,Where are the trees located right now?,"['Directly beside the cyclist.', 'Behind the cyclist.', 'On the right side of the road.', 'On both sides of the road.']",On both sides of the road.,D,B) Behind the cyclist.,B,0.0,20.0,21,466,1.0,False,211,4116,0.0513,392,2,15000,0,64,1
Real-Time_Visual_Understanding__sample_182,Real-Time Visual Understanding_sample_182_2,Spatial Understanding,Which direction is the road curving right now?,"['To the left.', 'It is straight.', 'It is a U-turn.', 'To the right.']",To the right.,D,D) To the right.,D,100.0,131.0,132,466,1.0,False,376,25872,0.0145,588,3,15000,0,64,1
Real-Time_Visual_Understanding__sample_182,Real-Time Visual Understanding_sample_182_3,Spatial Understanding,Where is the white post with a reflector located right now?,"['In the middle of the road.', 'On the left side of the road.', 'At the end of the road.', 'Along the both sides of the road.']",Along the both sides of the road.,D,B) On the left side of the road.,B,0.0,236.0,237,466,1.0,False,608,46452,0.0131,980,5,15000,0,64,1
Real-Time_Visual_Understanding__sample_182,Real-Time Visual Understanding_sample_182_4,Spatial Understanding,Where is the white road marker located right now?,"['On the left side of the road.', 'In the middle of the road.', 'Directly ahead on the road.', 'On the both sides of the road.']",On the both sides of the road.,D,A) On the left side of the road.,A,0.0,334.0,335,466,1.0,False,777,65660,0.0118,1176,6,15000,0,64,1
Real-Time_Visual_Understanding__sample_182,Real-Time Visual Understanding_sample_182_5,Spatial Understanding,What is on the right side of the cyclist right now?,"['A pedestrian path.', 'A signpost.', 'A ditch.', 'A metal guardrail.']",A metal guardrail.,D,B) A signpost.,B,0.0,465.0,466,466,1.0,False,979,91336,0.0107,1568,8,15000,0,64,1
Real-Time_Visual_Understanding__sample_183,Real-Time Visual Understanding_sample_183_1,Spatial Understanding,Where is the white sign with the number 50 right now?,"['At the front of the road.', 'At the back of the road.', 'On the left side of the road.', 'On the right side of the road.']",On the right side of the road.,D,B) At the back of the road.,B,0.0,10.0,11,501,1.0,False,285,2156,0.1322,392,2,15000,0,64,1
Real-Time_Visual_Understanding__sample_183,Real-Time Visual Understanding_sample_183_2,Spatial Understanding,What is located on the left side of the road while the cyclists are passing right now?,"['A coffee shop.', 'A National Championships banner.', 'A grocery store.', 'A bank.']",A bank.,D,B) A National Championships banner.,B,0.0,128.0,129,501,1.0,False,552,25284,0.0218,784,4,15000,0,64,1
Real-Time_Visual_Understanding__sample_183,Real-Time Visual Understanding_sample_183_3,Spatial Understanding,What is located on the right side of the road right now,"['A coffee shop.', 'A bank.', 'A cafe.', 'A brown building.']",A brown building.,D,D) A brown building.,D,100.0,265.0,266,501,1.0,False,804,52136,0.0154,1176,6,15000,0,64,1
Real-Time_Visual_Understanding__sample_183,Real-Time Visual Understanding_sample_183_4,Spatial Understanding,Where is the boxley building located right now?,"['On the left side.', 'Directly ahead.', 'Behind the cyclist.', 'On the right side.']",On the right side.,D,A) On the left side.,A,0.0,370.0,371,501,1.0,False,999,72716,0.0137,1372,7,15000,0,64,1
Real-Time_Visual_Understanding__sample_183,Real-Time Visual Understanding_sample_183_5,Spatial Understanding,What is the positioning of the cyclist with number '901' right now?,"['At the front of the group.', 'In the middle of the group.', 'On the left side of the group.', 'At the back of the group.']",At the back of the group.,D,D) At the back of the group.,D,100.0,500.0,501,501,1.0,False,1234,98196,0.0126,1764,9,15000,0,64,1
Real-Time_Visual_Understanding__sample_184,Real-Time Visual Understanding_sample_184_1,Attribute Perception,What color is the traffic light now?,"['Yellow.', 'Red.', 'Green.', 'Black.']",Green.,C,C) Green.,C,100.0,2.0,3,488,1.0,False,200,588,0.3401,392,2,15000,0,64,1
Real-Time_Visual_Understanding__sample_184,Real-Time Visual Understanding_sample_184_2,Spatial Understanding,Where is the fenced area located right now?,"['Only on the left side of the road.', 'Directly behind the cyclist.', 'Directly ahead of the cyclist.', 'On both sides of the road.']",On both sides of the road.,D,A) Only on the left side of the road.,A,0.0,123.0,124,488,1.0,False,501,24304,0.0206,784,4,15000,0,64,1
Real-Time_Visual_Understanding__sample_184,Real-Time Visual Understanding_sample_184_3,Spatial Understanding,Where is the stop sign located right now?,"['On the left side of the road.', 'In the middle of the crossroad.', 'Above the traffic lights.', 'On the right side of the road.']",On the right side of the road.,D,D) On the right side of the road.,D,100.0,234.0,235,488,1.0,False,807,46060,0.0175,1176,6,15000,0,64,1
Real-Time_Visual_Understanding__sample_184,Real-Time Visual Understanding_sample_184_4,Spatial Understanding,What is placed along the side of the road right now?,"['Tree barriers.', 'Cones.', 'Metal fences.', 'Hay bales.']",Hay bales.,D,A) Tree barriers.,A,0.0,355.0,356,488,1.0,False,1113,69776,0.016,1568,8,15000,0,64,1
Real-Time_Visual_Understanding__sample_184,Real-Time Visual Understanding_sample_184_5,Spatial Understanding,What is located in front of the cyclists right now?,"['A finishing line.', 'A straight road.', 'A roundabout.', 'A sharp left turn.']",A sharp left turn.,D,A) A finishing line.,A,0.0,487.0,488,488,1.0,False,1475,95648,0.0154,1960,10,15000,0,64,1
Real-Time_Visual_Understanding__sample_185,Real-Time Visual Understanding_sample_185_1,Spatial Understanding,What is located on the right side of the road right now?,"['A river.', 'A forest.', 'A field.', 'A building.']",A river.,A,A) A river.,A,100.0,15.0,16,499,1.0,False,200,3136,0.0638,392,2,15000,0,64,1
Real-Time_Visual_Understanding__sample_185,Real-Time Visual Understanding_sample_185_2,Spatial Understanding,What is located on the left side of the path right now?,"['A line of trees.', 'A lake.', 'A canal.', 'A field.']",A line of trees.,A,A) A line of trees.,A,100.0,142.0,143,499,1.0,False,370,28028,0.0132,588,3,15000,0,64,1
Real-Time_Visual_Understanding__sample_185,Real-Time Visual Understanding_sample_185_3,Spatial Understanding,What is on the right side of the path right now?,"['A river.', 'A grassy field.', 'A dense forest.', 'A parking lot.']",A river.,A,A) A river.,A,100.0,250.0,251,499,1.0,False,501,49196,0.0102,784,4,15000,0,64,1
Real-Time_Visual_Understanding__sample_185,Real-Time Visual Understanding_sample_185_4,Spatial Understanding,Where is the canal located right now?,"['On the right side of the path.', 'On the left side of the path.', 'Directly behind the cyclist.', 'Directly ahead of the cyclist.']",On the right side of the path.,A,B) On the left side of the path.,B,0.0,386.0,387,499,1.0,False,700,75852,0.0092,1176,6,15000,0,64,1
Real-Time_Visual_Understanding__sample_185,Real-Time Visual Understanding_sample_185_5,Spatial Understanding,What is on the right side of the path right now?,"['A river.', 'A forest.', 'A mountain.', 'A road.']",A river.,A,A) A river.,A,100.0,498.0,499,499,1.0,False,833,97804,0.0085,1372,7,15000,0,64,1
Real-Time_Visual_Understanding__sample_186,Real-Time Visual Understanding_sample_186_1,Text-Rich Understanding,What is the focus of today's video as mentioned at the beginning?,"['Cooking recipes.', 'Building something.', 'Making a tutorial.', 'Crafting objects.']",Building something.,B,B) Building something.,B,100.0,20.0,21,545,1.0,False,436,4116,0.1059,588,3,15000,0,64,1
Real-Time_Visual_Understanding__sample_186,Real-Time Visual Understanding_sample_186_2,Object Perception,What material are the walls of the structure made from?,"['Wood blocks.', 'Metal blocks.', 'Brown soil blocks.', 'Glass blocks.']",Brown soil blocks.,C,A) Wood blocks.,A,0.0,190.0,191,545,1.0,False,1554,37436,0.0415,1764,9,15000,0,64,1
Real-Time_Visual_Understanding__sample_186,Real-Time Visual Understanding_sample_186_3,Object Perception,What tool is the character holding in the first-person perspective right now?,"['A sword.', 'A pickaxe.', 'A shovel.', 'An axe.']",A pickaxe.,B,B) A pickaxe.,B,100.0,361.0,362,545,1.0,False,2702,70952,0.0381,2940,15,15000,0,64,1
Real-Time_Visual_Understanding__sample_186,Real-Time Visual Understanding_sample_186_4,Text-Rich Understanding,Which enchantment is NOT on the diamond shovel?,"['Efficiency IV.', 'Unbreaking III.', 'Silk Touch.', 'Fortune III.']",Fortune III.,D,D) Fortune III.,D,100.0,366.0,367,545,1.0,False,2769,71932,0.0385,3136,16,15000,0,64,1
Real-Time_Visual_Understanding__sample_186,Real-Time Visual Understanding_sample_186_5,Attribute Perception,What colors are the blocks used in the structure shown right now?,"['Red, green and brown.', 'Orange, yellow, blue and green.', 'Blue and white.', 'Purple and pink.']","Orange, yellow, blue and green.",B,"B) Orange, yellow, blue and green.",B,100.0,544.0,545,545,1.0,False,3735,106820,0.035,4116,21,15000,0,64,1
Real-Time_Visual_Understanding__sample_187,Real-Time Visual Understanding_sample_187_1,Text-Rich Understanding,What is the theme of the video as revealed in the text at the beginning?,"['Building a treehouse.', 'Exploring a natural park.', 'Constructing a haunted mansion.', 'Farming in a game environment.']",Constructing a haunted mansion.,C,C) Constructing a haunted mansion.,C,100.0,20.0,21,506,1.0,False,398,4116,0.0967,588,3,15000,0,64,1
Real-Time_Visual_Understanding__sample_187,Real-Time Visual Understanding_sample_187_3,Action Perception,What did this person do in the video just now?,"['He start flying.', 'He catch on fire.', 'He climb a tree.', 'He swim in a river.']",He catch on fire.,B,B) He catch on fire.,B,100.0,179.0,180,506,1.0,False,1559,35280,0.0442,1764,9,15000,0,64,1
Real-Time_Visual_Understanding__sample_187,Real-Time Visual Understanding_sample_187_2,Event Understanding,What is the video primarily depicting right now?,"['A peaceful forest.', 'A construction site.', 'A desert landscape.', 'A forest fire.']",A forest fire.,D,D) A forest fire.,D,100.0,195.0,196,506,1.0,False,1607,38416,0.0418,1960,10,15000,0,64,1
Real-Time_Visual_Understanding__sample_187,Real-Time Visual Understanding_sample_187_4,Attribute Perception,What type of armor is the character wearing?,"['Golden armor.', 'Iron armor.', 'Purple armor.', 'Leather armor.']",Purple armor.,C,C) Purple armor.,C,100.0,497.0,498,506,1.0,False,3125,97608,0.032,3528,18,15000,0,64,1
Real-Time_Visual_Understanding__sample_187,Real-Time Visual Understanding_sample_187_5,Event Understanding,What happens as a result of the TNT explosion?,"['The roof collapses.', 'The pine trees catch fire.', 'The character is thrown off the roof.', 'The dark block wall is blown apart.']",The dark block wall is blown apart.,D,C) The character is thrown off the roof.,C,0.0,505.0,506,506,1.0,False,3160,99176,0.0319,3724,19,15000,0,64,1
Real-Time_Visual_Understanding__sample_188,Real-Time Visual Understanding_sample_188_1,Object Perception,What is the figure in the video wearing?,"['A red cloak.', 'Blue jeans.', 'Purple pixelated armor.', 'A green suit.']",Purple pixelated armor.,C,C) Purple pixelated armor.,C,100.0,4.0,5,1007,1.0,False,320,980,0.3265,392,2,15000,0,64,1
Real-Time_Visual_Understanding__sample_188,Real-Time Visual Understanding_sample_188_3,Causal Reasoning,Why does the player character's health start depleting?,"['Lack of food.', 'Attack by Endermen.', 'Fall from a height.', 'Poison effect.']",Attack by Endermen.,B,D) Poison effect.,D,0.0,522.0,523,1007,1.0,False,4324,102508,0.0422,4508,23,15000,0,64,1
Real-Time_Visual_Understanding__sample_188,Real-Time Visual Understanding_sample_188_2,Object Perception,What is the item being held by the player character right now?,"['Ender Pearl', 'Baked Potato', 'Golden Apple', 'Diamond Sword']",Baked Potato,B,A) Ender Pearl,A,0.0,527.0,528,1007,1.0,False,4351,103488,0.042,4704,24,15000,0,64,1
Real-Time_Visual_Understanding__sample_188,Real-Time Visual Understanding_sample_188_4,Spatial Understanding,What can be seen to the left-hand side of the stairway?,"['A potted plant.', 'A blue-roofed tower.', 'A hay bale.', 'A red flower.']",A red flower.,D,A) A potted plant.,A,0.0,791.0,792,1007,1.0,False,6040,155232,0.0389,6468,33,15000,0,64,1
Real-Time_Visual_Understanding__sample_188,Real-Time Visual Understanding_sample_188_5,Action Perception,What action is being performed by the character in purple and black armor right now?,"['Running.', 'Attacking an enemy.', 'Holding an item and prompting a ""Subscribe"" button.', 'Building a structure.']","Holding an item and prompting a ""Subscribe"" button.",C,"C) Holding an item and prompting a ""Subscribe"" button.",C,100.0,1006.0,1007,1007,1.0,False,7219,197372,0.0366,7840,40,15000,0,64,1
Real-Time_Visual_Understanding__sample_189,Real-Time Visual Understanding_sample_189_1,Attribute Perception,What color is the character's outfit standing on the path?,"['Blue and white.', 'Yellow and pink.', 'Red and green.', 'Black and yellow.']",Yellow and pink.,B,D) Black and yellow.,D,0.0,17.0,18,844,1.0,False,321,3528,0.091,392,2,15000,0,64,1
Real-Time_Visual_Understanding__sample_189,Real-Time Visual Understanding_sample_189_2,Object Perception,What objects are seen on the grassy area below the stone structure?,"['A white and red bed and a crafting table.', 'A brown chair and a red table.', 'A yellow bed and a crafting table.', 'A green chair and a red table.']",A white and red bed and a crafting table.,A,C) A yellow bed and a crafting table.,C,0.0,300.0,301,844,1.0,False,1743,58996,0.0295,1960,10,15000,0,64,1
Real-Time_Visual_Understanding__sample_189,Real-Time Visual Understanding_sample_189_4,Action Perception,What action is the player performing in the video right now?,"['Planting seeds.', 'Pruning the vines on the tree.', 'Climbing the tree.', 'Collecting bamboo stalks.']",Pruning the vines on the tree.,B,D) Collecting bamboo stalks.,D,0.0,577.0,578,844,1.0,False,3395,113288,0.03,3724,19,15000,0,64,1
Real-Time_Visual_Understanding__sample_189,Real-Time Visual Understanding_sample_189_3,Object Perception,What tool is the player holding in his hand right now?,"['A shovel.', 'A pixel-style scissors.', 'A saw.', 'A pickaxe.']",A pixel-style scissors.,B,D) A pickaxe.,D,0.0,581.0,582,844,1.0,False,3410,114072,0.0299,3920,20,15000,0,64,1
Real-Time_Visual_Understanding__sample_189,Real-Time Visual Understanding_sample_189_5,Attribute Perception,What can be seen flying away when the user removes a block of dirt?,"['Bits of stone.', 'Bits of dirt.', 'Grass particles.', 'Wood fragments.']",Bits of dirt.,B,A) Bits of stone.,A,0.0,843.0,844,844,1.0,False,4630,165424,0.028,5292,27,15000,0,64,1
Real-Time_Visual_Understanding__sample_190,Real-Time Visual Understanding_sample_190_1,Text-Rich Understanding,Why does the speaker want to build the coolest villager breeder?,"['He is tired of their items breaking.', 'He wants to impress their friends.', 'He need more resources.', 'He enjoys building new things.']",He is tired of their items breaking.,A,D) He enjoys building new things.,D,0.0,20.0,21,952,1.0,False,438,4116,0.1064,588,3,15000,0,64,1
Real-Time_Visual_Understanding__sample_190,Real-Time Visual Understanding_sample_190_2,Action Perception,What does the player do immediately after the spider lands on the ground?,"['Runs away.', 'Places a torch.', 'Strikes the spider with an axe.', 'Switches to a sword.']",Strikes the spider with an axe.,C,C) Strikes the spider with an axe.,C,100.0,250.0,251,952,1.0,False,2871,49196,0.0584,3136,16,15000,0,64,1
Real-Time_Visual_Understanding__sample_190,Real-Time Visual Understanding_sample_190_3,Attribute Perception,What color are the rooftops of the village buildings?,"['Red.', 'Green.', 'Gray.', 'Brown.']",Brown.,D,D) Brown.,D,100.0,482.0,483,952,1.0,False,4428,94668,0.0468,4704,24,15000,0,64,1
Real-Time_Visual_Understanding__sample_190,Real-Time Visual Understanding_sample_190_4,Object Perception,What is floating in the sky to the left of the pyramid right now?,"['A red hot air balloon.', 'A blue kite.', 'A white bird.', 'A black drone.']",A red hot air balloon.,A,A) A red hot air balloon.,A,100.0,721.0,722,952,1.0,False,5414,141512,0.0383,5880,30,15000,0,64,1
Real-Time_Visual_Understanding__sample_190,Real-Time Visual Understanding_sample_190_5,Text-Rich Understanding,What does the red button at the bottom of the frame display initially?,"['A ""Subscribe"" button with a white YouTube logo.', 'A ""Like"" button with a white thumbs-up icon.', 'A ""Share"" button with a white arrow icon.', 'A ""Follow"" button with a white star icon.']","A ""Subscribe"" button with a white YouTube logo.",A,"A) A ""Subscribe"" button with a white YouTube logo.",A,100.0,951.0,952,952,1.0,False,6790,186592,0.0364,7448,38,15000,0,64,1
Real-Time_Visual_Understanding__sample_191,Real-Time Visual Understanding_sample_191_1,Attribute Perception,What is the character wearing at the beginning of the video?,"['A red jacket and black pants.', 'A white sweater and black pants.', 'A blue shirt and white pants.', 'A green hoodie and blue jeans.']",A white sweater and black pants.,B,B) A white sweater and black pants.,B,100.0,25.0,26,609,1.0,False,290,5096,0.0569,392,2,15000,0,64,1
Real-Time_Visual_Understanding__sample_191,Real-Time Visual Understanding_sample_191_2,Object Perception,What is the player holding right now?,"['Planks', 'Sticks', 'Crafting Table', 'Red Flower']",Crafting Table,C,A) Planks,A,0.0,205.0,206,609,1.0,False,1138,40376,0.0282,1372,7,15000,0,64,1
Real-Time_Visual_Understanding__sample_191,Real-Time Visual Understanding_sample_191_3,Event Understanding,What happens after the player places the crafting table on the ground?,"['The player throws it into the river.', 'The player crafted 4 sticks from wood at the crafting table.', 'The player holds another item.', 'The player exchanges it for planks.']",The player crafted 4 sticks from wood at the crafting table.,B,B) The player crafted 4 sticks from wood at the crafting table.,B,100.0,228.0,229,609,1.0,False,1223,44884,0.0272,1568,8,15000,0,64,1
Real-Time_Visual_Understanding__sample_191,Real-Time Visual Understanding_sample_191_4,Action Perception,What does the player do after switching to a wooden sword?,"['Attacks a white sheep.', 'Chops down a tree.', 'Digs into the dirt.', 'Places a block of wool.']",Attacks a white sheep.,A,A) Attacks a white sheep.,A,100.0,428.0,429,609,1.0,False,2230,84084,0.0265,2744,14,15000,0,64,1
Real-Time_Visual_Understanding__sample_191,Real-Time Visual Understanding_sample_191_5,Object Perception,What type of pickaxe was used to break the stone block just now?,"['Wooden.', 'Stone.', 'Iron.', 'Diamond.']",Wooden.,A,A) Wooden.,A,100.0,608.0,609,609,1.0,False,3181,119364,0.0266,3724,19,15000,0,64,1
Real-Time_Visual_Understanding__sample_192,Real-Time Visual Understanding_sample_192_1,Text-Rich Understanding,What is the speaker planning to build?,"['A boring setup.', 'A new house.', 'An enchanting setup.', 'A dangerous place.']",An enchanting setup.,C,C) An enchanting setup.,C,100.0,14.0,15,800,1.0,False,460,2940,0.1565,588,3,15000,0,64,1
Real-Time_Visual_Understanding__sample_192,Real-Time Visual Understanding_sample_192_2,Object Perception,What is the character holding in their right hand right now?,"['A bow.', 'A purple-hued sword.', 'A water bucket.', 'A diamond pickaxe.']",A purple-hued sword.,B,B) A purple-hued sword.,B,100.0,264.0,265,800,1.0,False,2197,51940,0.0423,2352,12,15000,0,64,1
Real-Time_Visual_Understanding__sample_192,Real-Time Visual Understanding_sample_192_3,Text-Rich Understanding,What is the notable feature of the player's experience level when shown outdoors?,"['Low-level (5)', 'Mid-level (20)', 'High-level (35)', 'Maximum level (50)']",High-level (35),C,C) High-level,C,100.0,278.0,279,800,1.0,False,2302,54684,0.0421,2548,13,15000,0,64,1
Real-Time_Visual_Understanding__sample_192,Real-Time Visual Understanding_sample_192_4,Action Perception,What does the player character do after standing on the central pole?,"['Jumps off the pole.', 'Dismantles the structure.', 'Continue to construct this red building.', 'Walks around the structure.']",Continue to construct this red building.,C,A) Jumps off the pole.,A,0.0,785.0,786,800,1.0,False,5238,154056,0.034,5488,28,15000,0,64,1
Real-Time_Visual_Understanding__sample_192,Real-Time Visual Understanding_sample_192_5,Spatial Understanding,Where is the player character located right now?,"['At the center of the circle.', 'Near the edge of the circular formation.', 'Outside the structure.', 'On the terrain below.']",Near the edge of the circular formation.,B,D) On the terrain below.,D,0.0,799.0,800,800,1.0,False,5258,156800,0.0335,5684,29,15000,0,64,1
Real-Time_Visual_Understanding__sample_193,Real-Time Visual Understanding_sample_193_2,Text-Rich Understanding,What does the character mention he needs?,"['Health potions.', 'Tools.', 'Enderpearls.', 'Weapons.']",Enderpearls.,C,C) Enderpearls.,C,100.0,19.0,20,1088,1.0,False,420,3920,0.1071,588,3,15000,0,64,1
Real-Time_Visual_Understanding__sample_193,Real-Time Visual Understanding_sample_193_1,Attribute Perception,What color armor is the character wearing on the wooden platform?,"['Red.', 'Green.', 'Blue.', 'Yellow.']",Blue.,C,C) Blue.,C,100.0,29.0,30,1088,1.0,False,604,5880,0.1027,784,4,15000,0,64,1
Real-Time_Visual_Understanding__sample_193,Real-Time Visual Understanding_sample_193_3,Object Perception,What is the player holding in the right hand right now?,"['A purple sword.', 'A diamond pickaxe.', 'A golden apple.', 'A shield.']",A purple sword.,A,A) A purple sword.,A,100.0,721.0,722,1088,1.0,False,6958,141512,0.0492,7252,37,15000,0,64,1
Real-Time_Visual_Understanding__sample_193,Real-Time Visual Understanding_sample_193_4,Event Understanding,What happens when the player shoots the arrow at the pillar?,"['It causes an explosion.', 'It regenerates the Ender Dragon.', 'It spawns more Endermen.', 'It creates a new portal.']",It causes an explosion.,A,A) It causes an explosion.,A,100.0,740.0,741,1088,1.0,False,7081,145236,0.0488,7448,38,15000,0,64,1
Real-Time_Visual_Understanding__sample_193,Real-Time Visual Understanding_sample_193_5,Object Perception,What is the player holding in the right hand right now?,"['A firework rocket.', 'A stone block.', 'A wooden plank.', 'A shovel.']",A stone block.,B,A) A firework rocket.,A,0.0,1087.0,1088,1088,1.0,False,8857,213248,0.0415,9408,48,15000,0,64,1
Real-Time_Visual_Understanding__sample_194,Real-Time Visual Understanding_sample_194_1,Attribute Perception,What type of landscape is shown in the video?,"['Realistic forest and mountains.', 'Cartoon-style desert.', 'Blocky, pixelated landscape.', 'Detailed urban cityscape.']","Blocky, pixelated landscape.",C,"C) Blocky, pixelated landscape.",C,100.0,15.0,16,789,1.0,False,490,3136,0.1562,588,3,15000,0,64,1
Real-Time_Visual_Understanding__sample_194,Real-Time Visual Understanding_sample_194_2,Spatial Understanding,Where is the player standing as the scene shows dense tree cover ahead?,"['In a valley.', 'On a cliff or ledge.', 'Next to a river.', 'Inside a cave.']",On a cliff or ledge.,B,B) On a cliff or ledge.,B,100.0,18.0,19,789,1.0,False,514,3724,0.138,784,4,15000,0,64,1
Real-Time_Visual_Understanding__sample_194,Real-Time Visual Understanding_sample_194_3,Event Understanding,What does the inventory bar change after the player chops the tree trunk?,"['No change has occurred.', 'Losing items.', 'Damaging tools.', 'Gaining health.']",No change has occurred.,A,D) Gaining health.,D,0.0,269.0,270,789,1.0,False,2920,52920,0.0552,3332,17,15000,0,64,1
Real-Time_Visual_Understanding__sample_194,Real-Time Visual Understanding_sample_194_4,Object Perception,What item is the player holding in his hand right now,"['A Pickaxe.', 'A bed of white and yellow.', 'A Shield.', 'A red Bed.']",A bed of white and yellow.,B,A) A Pickaxe.,A,0.0,551.0,552,789,1.0,False,4672,108192,0.0432,5096,26,15000,0,64,1
Real-Time_Visual_Understanding__sample_194,Real-Time Visual Understanding_sample_194_5,Action Perception,What did the player do after placing the oak plank block into the gap in the wall?,"['Turned towards a furnace.', 'Opened the oak plank.', 'Opened a chest.', 'Placed a yellow bed.']",Opened a chest.,C,D) Placed a yellow bed.,D,0.0,788.0,789,789,1.0,False,6231,154644,0.0403,6664,34,15000,0,64,1
Real-Time_Visual_Understanding__sample_195,Real-Time Visual Understanding_sample_195_1,Text-Rich Understanding,What is the first word displayed at the start of the video?,"['Earth.', 'Farm.', 'In.', 'Video.']",Video.,D,C).,C,0.0,20.0,21,615,1.0,False,461,4116,0.112,588,3,15000,0,64,1
Real-Time_Visual_Understanding__sample_195,Real-Time Visual Understanding_sample_195_2,Object Perception,What does the player open to display various items such as an enchanted pickaxe and armor?,"['A crafting table.', 'An inventory.', 'A chest.', 'A furnace.']",An inventory.,B,A) A crafting table.,A,0.0,189.0,190,615,1.0,False,1880,37240,0.0505,2156,11,15000,0,64,1
Real-Time_Visual_Understanding__sample_195,Real-Time Visual Understanding_sample_195_3,Attribute Perception,What is visible in the player's hand right now?,"['A sword.', 'Nothing.', 'A pickaxe.', 'A torch.']",Nothing.,B,C) A pickaxe.,C,0.0,202.0,203,615,1.0,False,2019,39788,0.0507,2352,12,15000,0,64,1
Real-Time_Visual_Understanding__sample_195,Real-Time Visual Understanding_sample_195_4,Attribute Perception,What was notable about the gray sheep observed just now?,"['It has a unique color pattern.', 'It is labeled with the numbers ""1"".', 'It is larger than the other sheep.', 'It is standing alone in the field.']","It is labeled with the numbers ""1"".",B,A) It has a unique color pattern.,A,0.0,402.0,403,615,1.0,False,3484,78988,0.0441,3920,20,15000,0,64,1
Real-Time_Visual_Understanding__sample_195,Real-Time Visual Understanding_sample_195_5,Object Perception,What is visible in the background while the person builds upward?,"['The river and treeline.', 'The grassy terrain and distant hills.', 'The sky and a distant mountain.', 'The forest and a lake.']",The river and treeline.,A,B) The grassy terrain and distant hills.,B,0.0,614.0,615,615,1.0,False,4584,120540,0.038,5096,26,15000,0,64,1
Real-Time_Visual_Understanding__sample_196,Real-Time Visual Understanding_sample_196_1,Prospective Reasoning,What does the player prepare to do?,"['Dig for resources.', 'Fight a monster.', 'Use a firework rocket.', 'Build a house.']",Use a firework rocket.,C,C) Use a firework rocket.,C,100.0,19.0,20,581,1.0,False,411,3920,0.1048,588,3,15000,0,64,1
Real-Time_Visual_Understanding__sample_196,Real-Time Visual Understanding_sample_196_2,Object Perception,What object is held in the hand while standing on the wooden dock?,"['An enchanted tool.', 'A wooden crate.', 'A torch.', 'A golden apple.']",A golden apple.,D,B) A wooden crate.,B,0.0,200.0,201,581,1.0,False,1973,39396,0.0501,2156,11,15000,0,64,1
Real-Time_Visual_Understanding__sample_196,Real-Time Visual Understanding_sample_196_3,Counting,How many egg clusters are visible in the pond?,"['Four.', 'Five.', 'Nine.', 'Seven.']",Nine.,C,D) Seven.,D,0.0,374.0,375,581,1.0,False,3586,73500,0.0488,3920,20,15000,0,64,1
Real-Time_Visual_Understanding__sample_196,Real-Time Visual Understanding_sample_196_4,Object Perception,What object is floating in the sky outside the mesh enclosure?,"['A drone.', 'A kite.', 'A glider.', 'A hot air balloon.']",A hot air balloon.,D,D) A hot air balloon.,D,100.0,560.0,561,581,1.0,False,4330,109956,0.0394,4704,24,15000,0,64,1
Real-Time_Visual_Understanding__sample_196,Real-Time Visual Understanding_sample_196_5,Attribute Perception,What is the color of the gear worn by the player character?,"['Red.', 'Blue.', 'Green.', 'Purple.']",Purple.,D,D) Purple.,D,100.0,580.0,581,581,1.0,False,4386,113876,0.0385,4900,25,15000,0,64,1
Real-Time_Visual_Understanding__sample_197,Real-Time Visual Understanding_sample_197_1,Text-Rich Understanding,What is one of the objectives mentioned in the video?,"['Build a house.', 'Get a bunch of TNT.', 'Collect water.', 'Find a treasure.']",Get a bunch of TNT.,B,B) Get a bunch of TNT.,B,100.0,20.0,21,709,1.0,False,478,4116,0.1161,588,3,15000,0,64,1
Real-Time_Visual_Understanding__sample_197,Real-Time Visual Understanding_sample_197_2,Object Perception,What object is positioned to the left of the large tree?,"['A wooden crafting table.', 'A stone statue.', 'A blue tent.', 'A metal bench.']",A wooden crafting table.,A,A) A wooden crafting table.,A,100.0,180.0,181,709,1.0,False,1422,35476,0.0401,1568,8,15000,0,64,1
Real-Time_Visual_Understanding__sample_197,Real-Time Visual Understanding_sample_197_3,Attribute Perception,What color is the bed seen in the video?,"['Yellow.', 'Red.', 'Blue.', 'Green.']",Yellow.,A,D) Green.,D,0.0,212.0,213,709,1.0,False,1679,41748,0.0402,1960,10,15000,0,64,1
Real-Time_Visual_Understanding__sample_197,Real-Time Visual Understanding_sample_197_4,Object Perception,What inventory items are visible in the player's HUD?,"['Sword and pickaxe.', 'Sword and shield.', 'Axe and bow.', 'Pickaxe and bow.']",Sword and pickaxe.,A,A) Sword and pickaxe.,A,100.0,559.0,560,709,1.0,False,3839,109760,0.035,4312,22,15000,0,64,1
Real-Time_Visual_Understanding__sample_197,Real-Time Visual Understanding_sample_197_5,Action Perception,"What action is depicted with the ""Subscribe"" button?","['It remains static.', 'It disappears.', 'It changes to ""Subscribed"".', 'It moves to the top of the screen.']","It changes to ""Subscribed"".",C,"C) It changes to ""Subscribed"".",C,100.0,709.0,709,709,1.0,True,4460,138964,0.0321,5096,26,15000,0,64,1
Real-Time_Visual_Understanding__sample_198,Real-Time Visual Understanding_sample_198_1,Action Perception,What action is the character in purple armor performing when the camera follows its movements from a first-person perspective?,"['Mining blocks.', 'Building a structure.', 'Walking through a portal.', 'Flying with wings.']",Flying with wings.,D,C) Walking through a portal.,C,0.0,10.0,11,848,1.0,False,304,2156,0.141,392,2,15000,0,64,1
Real-Time_Visual_Understanding__sample_198,Real-Time Visual Understanding_sample_198_2,Object Perception,What item is the character holding in their hand right now?,"['A sword.', 'A shield.', 'A torch.', 'A white block.']",A white block.,D,D) A white block.,D,100.0,281.0,282,848,1.0,False,2188,55272,0.0396,2352,12,15000,0,64,1
Real-Time_Visual_Understanding__sample_198,Real-Time Visual Understanding_sample_198_3,Action Perception,What action does the character perform after turning away from the lava room?,"['Fights a creature.', 'Collects a resource.', 'Lights a torch.', 'Places a white block in the wall.']",Places a white block in the wall.,D,D) Places a white block in the wall.,D,100.0,284.0,285,848,1.0,False,2201,55860,0.0394,2548,13,15000,0,64,1
Real-Time_Visual_Understanding__sample_198,Real-Time Visual Understanding_sample_198_4,Text-Rich Understanding,What is prominently displayed on the screen as the player continues flying deeper into the cave?,"['Usefulness.', 'Danger.', 'Exploration.', 'Achievement.']",Usefulness.,A,D) Achievement.,D,0.0,573.0,574,848,1.0,False,3767,112504,0.0335,4116,21,15000,0,64,1
Real-Time_Visual_Understanding__sample_198,Real-Time Visual Understanding_sample_198_5,Action Perception,"What happens as the player approaches the tall, snowy mountain?","['The player increases altitude significantly.', 'The player changes to a third-person perspective.', 'The player starts building a structure.', 'The player starts to fly upwards.']",The player starts to fly upwards.,D,A) The player increases altitude significantly.,A,0.0,847.0,848,848,1.0,False,4956,166208,0.0298,5488,28,15000,0,64,1
Real-Time_Visual_Understanding__sample_199,Real-Time Visual Understanding_sample_199_1,Object Perception,What tool is the player using to cut down the trees?,"['Stone axe.', 'Diamond Axe.', 'Golden axe.', 'Wooden axe.']",Stone axe.,A,A) Stone axe.,A,100.0,323.0,324,973,1.0,False,2461,63504,0.0388,2548,13,15000,0,64,1
Real-Time_Visual_Understanding__sample_199,Real-Time Visual Understanding_sample_199_2,Event Understanding,What did the player just take out of the furnace?,"['Iron pickaxe.', 'Stonecutter.', 'Food.', 'Stone block.']",Stonecutter.,B,D) Stone block.,D,0.0,651.0,652,973,1.0,False,3896,127792,0.0305,4116,21,15000,0,64,1
Real-Time_Visual_Understanding__sample_199,Real-Time Visual Understanding_sample_199_3,Object Perception,What food did the player just eat?,"['Fishes', 'pork', 'Orange', 'beef']",Fishes,A,C) Orange,C,0.0,665.0,666,973,1.0,False,3967,130536,0.0304,4312,22,15000,0,64,1
Real-Time_Visual_Understanding__sample_199,Real-Time Visual Understanding_sample_199_4,Object Perception,What object is the player holding right now?,"['A map.', 'A sword.', 'A pickaxe.', 'A bow.']",A map.,A,C) A pickaxe.,C,0.0,965.0,966,973,1.0,False,5661,189336,0.0299,6076,31,15000,0,64,1
Real-Time_Visual_Understanding__sample_199,Real-Time Visual Understanding_sample_199_5,Event Understanding,"What did the player do after the coordinates '1320, 1450' appeared on the screen?","['Fight an enemy.', 'Open a chest.', 'Craft an item.', 'Explore the terrain.']",Craft an item.,C,C) Craft an item.,C,100.0,972.0,973,973,1.0,False,5710,190708,0.0299,6272,32,15000,0,64,1
Real-Time_Visual_Understanding__sample_200,Real-Time Visual Understanding_sample_200_1,Object Perception,What can be seen on the left side of the wooden house at the beginning of the video?,"['A waterfall.', 'A village.', 'A tower.', 'A cave opening.']",A cave opening.,D,D) A cave opening.,D,100.0,20.0,21,756,1.0,False,502,4116,0.122,588,3,15000,0,64,1
Real-Time_Visual_Understanding__sample_200,Real-Time Visual Understanding_sample_200_2,Action Perception,What action does the player take towards the cow standing in the grassy area?,"['Feeds the cow.', 'Leads the cow to water.', 'Ties the cow to a tree.', 'Hits the cow with a sword.']",Hits the cow with a sword.,D,A) Feeds the cow.,A,0.0,207.0,208,756,1.0,False,1590,40768,0.039,1764,9,15000,0,64,1
Real-Time_Visual_Understanding__sample_200,Real-Time Visual Understanding_sample_200_3,Spatial Understanding,What is the box supported by right now?,"['Wood floor.', 'soil block.', 'stone.', 'Nothing.']",Nothing.,D,B) soil block.,B,0.0,416.0,417,756,1.0,False,2796,81732,0.0342,3136,16,15000,0,64,1
Real-Time_Visual_Understanding__sample_200,Real-Time Visual Understanding_sample_200_4,Event Understanding,What happens when the player encounters the small creature wearing purple armor?,"['The creature attacks the player.', 'The player hit the creature.', 'The player kill the creature.', 'The player left without doing anything.']",The player left without doing anything.,D,A) The creature attacks the player.,A,0.0,625.0,626,756,1.0,False,3758,122696,0.0306,4116,21,15000,0,64,1
Real-Time_Visual_Understanding__sample_200,Real-Time Visual Understanding_sample_200_5,Object Perception,What is the player character holding in his left hand right now?,"['A beef steak.', 'A sword.', 'A red item.', 'A shield.']",A shield.,D,C) A red item.,C,0.0,755.0,756,756,1.0,False,4608,148176,0.0311,5096,26,15000,0,64,1
Real-Time_Visual_Understanding__sample_201,Real-Time Visual Understanding_sample_201_1,Action Perception,What action is the hand performing on the train?,"['Lifting the train.', 'Assembling the train.', 'Painting the train.', 'Push the train to the right.']",Push the train to the right.,D,B) Assembling the train.,B,0.0,12.0,13,206,1.0,False,364,2548,0.1429,392,2,15000,0,64,1
Real-Time_Visual_Understanding__sample_201,Real-Time Visual Understanding_sample_201_2,Event Understanding,What color Lego brick is placed first on the surface?,"['Blue.', 'Green.', 'Red.', 'Yellow.']",Yellow.,D,D) Yellow.,D,100.0,63.0,64,206,1.0,False,636,12544,0.0507,784,4,15000,0,64,1
Real-Time_Visual_Understanding__sample_201,Real-Time Visual Understanding_sample_201_4,Counting,How many colors of bricks have been used so far?,"['Two.', 'Three.', 'Four.', 'Five.']",Four.,C,A) Two.,A,0.0,139.0,140,206,1.0,False,856,27440,0.0312,1176,6,15000,0,64,1
Real-Time_Visual_Understanding__sample_201,Real-Time Visual Understanding_sample_201_3,Event Understanding,What was the sequence of actions performed by the hand just now?,"['Placing orange and green bricks, adding blue bricks, extending the yellow base.', 'Adding green bricks for the roof, extending the yellow base, expanding the structure to the right.', 'Starting with blue bricks, adding a rooftop, then dismantling it.', 'Completing the structure and then painting it.']","Adding green bricks for the roof, extending the yellow base, expanding the structure to the right.",B,"B) Adding green bricks for the roof, extending the yellow base, expanding the",B,100.0,149.0,150,206,1.0,False,877,29400,0.0298,1372,7,15000,0,64,1
Real-Time_Visual_Understanding__sample_201,Real-Time Visual Understanding_sample_201_5,Object Perception,What type of pieces did the hand attach to the top surface of the structure just now?,"['Square pieces.', 'Triangular pieces.', 'Rectangular pieces.', 'Circular pieces resembling wheels.']",Circular pieces resembling wheels.,D,D) Circular pieces resembling wheels.,D,100.0,205.0,206,206,1.0,False,1039,40376,0.0257,1568,8,15000,0,64,1
Real-Time_Visual_Understanding__sample_202,Real-Time Visual Understanding_sample_202_1,Attribute Perception,What colors are the wheels of the race car?,"['Green and blue.', 'Red and blue.', 'Yellow and Red.', 'Brown.']",Yellow and Red.,C,C) Yellow and Red.,C,100.0,12.0,13,228,1.0,False,236,2548,0.0926,392,2,15000,0,64,1
Real-Time_Visual_Understanding__sample_202,Real-Time Visual Understanding_sample_202_2,Attribute Perception,What feature is present on the front of the toy?,"['A sad face.', 'A happy face.', 'A star.', 'A heart.']",A happy face.,B,A) A sad face.,A,0.0,72.0,73,228,1.0,False,499,14308,0.0349,784,4,15000,0,64,1
Real-Time_Visual_Understanding__sample_202,Real-Time Visual Understanding_sample_202_3,Spatial Understanding,How are the yellow building blocks arranged before the blue block is placed on top?,"['In a circle.', 'In a straight line.', 'In a random pattern.', 'In a triangular shape.']",In a straight line.,B,B) In a straight line.,B,100.0,128.0,129,228,1.0,False,704,25284,0.0278,1176,6,15000,0,64,1
Real-Time_Visual_Understanding__sample_202,Real-Time Visual Understanding_sample_202_4,Object Perception,What is the new item introduced in the video?,"['A small structure made of blue and green blocks.', 'A small structure made of yellow and red blocks with wheels.', 'A toy vehicle with blue and yellow wheels.', 'An orange and green interlocking block structure.']",A small structure made of yellow and red blocks with wheels.,B,C) A toy vehicle with blue and yellow wheels.,C,0.0,202.0,203,228,1.0,False,945,39788,0.0238,1568,8,15000,0,64,1
Real-Time_Visual_Understanding__sample_202,Real-Time Visual Understanding_sample_202_5,Event Understanding,What happened to the toy vehicle just now?,"['The toy vehicle is disassembled.', 'The toy vehicle moves to the right.', 'The toy vehicle start circling around the table.', 'The toy vehicle is lifted off the surface.']",The toy vehicle start circling around the table.,C,D) The toy vehicle is lifted off the surface.,D,0.0,227.0,228,228,1.0,False,1055,44688,0.0236,1764,9,15000,0,64,1
Real-Time_Visual_Understanding__sample_203,Real-Time Visual Understanding_sample_203_1,Counting,How many studs does each yellow interlocking block placed by the hand have?,"['Eight.', 'Sixteen.', 'Four.', 'Twelve.']",Eight.,A,C) Four.,C,0.0,15.0,16,142,1.0,False,256,3136,0.0816,392,2,15000,0,64,1
Real-Time_Visual_Understanding__sample_203,Real-Time Visual Understanding_sample_203_2,Counting,How many interlocking blocks are positioned in a straight line by the hand?,"['Three.', 'Five.', 'Seven.', 'Four.']",Four.,D,D) Four.,D,100.0,19.0,20,142,1.0,False,271,3920,0.0691,588,3,15000,0,64,1
Real-Time_Visual_Understanding__sample_203,Real-Time Visual Understanding_sample_203_3,Attribute Perception,What is the color of the block that the hand is reaching for right now?,"['Yellow.', 'Orange.', 'Green.', 'Blue.']",Green.,C,A) Yellow.,A,0.0,76.0,77,142,1.0,False,465,15092,0.0308,784,4,15000,0,64,1
Real-Time_Visual_Understanding__sample_203,Real-Time Visual Understanding_sample_203_4,Event Understanding,What color is the brick first added after the initial blue bricks form a two-layered structure?,"['Green.', 'Yellow.', 'Orange.', 'Red.']",Green.,A,B) Yellow.,B,0.0,134.0,135,142,1.0,False,648,26460,0.0245,980,5,15000,0,64,1
Real-Time_Visual_Understanding__sample_203,Real-Time Visual Understanding_sample_203_5,Event Understanding,What is the sequence of bricks added to the structure after the blue bricks?,"['Green, yellow, orange.', 'Yellow, green, orange.', 'Orange, yellow, green.', 'Green, orange, yellow.']","Green, yellow, orange.",A,"B) Yellow, green, orange.",B,0.0,141.0,142,142,1.0,False,666,27832,0.0239,1176,6,15000,0,64,1
Real-Time_Visual_Understanding__sample_204,Real-Time Visual Understanding_sample_204_1,Attribute Perception,What color is the plastic block added on top of the green blocks?,"['Red.', 'Blue.', 'Yellow.', 'Purple.']",Yellow.,C,D) Purple.,D,0.0,16.0,17,199,1.0,False,356,3332,0.1068,392,2,15000,0,64,1
Real-Time_Visual_Understanding__sample_204,Real-Time Visual Understanding_sample_204_2,Attribute Perception,What are the primary colors of the plastic building blocks shown right now?,"['Blue, green, and yellow.', 'Red, green, and yellow.', 'Red, blue, and yellow.', 'Green, blue, and orange.']","Red, green, and yellow.",B,"B) Red, green, and yellow.",B,100.0,62.0,63,199,1.0,False,515,12348,0.0417,588,3,15000,0,64,1
Real-Time_Visual_Understanding__sample_204,Real-Time Visual Understanding_sample_204_3,Event Understanding,Which block was picked up and attached to the top of red block first just now?,"['A white block.', 'A green block.', 'An yellow block.', 'A blue block.']",An yellow block.,C,B) A green block.,B,0.0,85.0,86,199,1.0,False,624,16856,0.037,784,4,15000,0,64,1
Real-Time_Visual_Understanding__sample_204,Real-Time Visual Understanding_sample_204_4,Text-Rich Understanding,What was the white text on the purple animated overlay read just now?,"['""Alphabet A transform to Box"".', '""Alphabet B transform to Box"".', '""Alphabet C transform to Box"".', '""Alphabet D transform to Box"".']","""Alphabet B transform to Box"".",B,B) Alphabet B transform to Box.,B,100.0,141.0,142,199,1.0,False,880,27832,0.0316,1176,6,15000,0,64,1
Real-Time_Visual_Understanding__sample_204,Real-Time Visual Understanding_sample_204_5,Event Understanding,What happens to the blocks after they are disassembled and mixed?,"['The blocks are arranged in a new pattern.', 'The blocks are scattered and then gathered into a pile.', 'The blocks are thrown away.', 'The blocks are sorted by color.']",The blocks are scattered and then gathered into a pile.,B,B) The blocks are scattered and then gathered into a pile.,B,100.0,198.0,199,199,1.0,False,1076,39004,0.0276,1372,7,15000,0,64,1
Real-Time_Visual_Understanding__sample_205,Real-Time Visual Understanding_sample_205_1,Attribute Perception,What colors are the wheels of the toy car?,"['Blue and Yellow.', 'Green and Red.', 'Red and Yellow.', 'Yellow and Green.']",Red and Yellow.,C,B) Green and Red.,B,0.0,4.0,5,192,1.0,False,201,980,0.2051,392,2,15000,0,64,1
Real-Time_Visual_Understanding__sample_205,Real-Time Visual Understanding_sample_205_2,Action Perception,What action did the hand perform after placing the green block next to the blue block?,"['Placed a yellow block over the blue block.', 'Adjusted the green block.', 'Picked up an orange block.', 'Removed the blue block.']",Picked up an orange block.,C,A) Placed a yellow block over the blue block.,A,0.0,70.0,71,192,1.0,False,450,13916,0.0323,784,4,15000,0,64,1
Real-Time_Visual_Understanding__sample_205,Real-Time Visual Understanding_sample_205_3,Counting,How many hands are involved in arranging the blocks right now?,"['One hand.', 'Two hands.', 'Three hands.', 'Four hands.']",Two hands.,B,B) Two hands.,B,100.0,79.0,80,192,1.0,False,491,15680,0.0313,980,5,15000,0,64,1
Real-Time_Visual_Understanding__sample_205,Real-Time Visual Understanding_sample_205_4,Action Perception,What does the hand do after picking up the yellow building block?,"['Places it on the right side.', 'Places it on the left side.', 'Discards it.', 'Hands it to someone else.']",Places it on the left side.,B,B) Places it on the left side.,B,100.0,126.0,127,192,1.0,False,658,24892,0.0264,1176,6,15000,0,64,1
Real-Time_Visual_Understanding__sample_205,Real-Time Visual Understanding_sample_205_5,Action Perception,What does the hand do after positioning the three green blocks securely?,"['Picks up a red block.', 'Picks up an orange block.', 'Picks up another green block.', 'Adjusts the yellow block.']",Picks up an orange block.,B,B) Picks up an orange block.,B,100.0,191.0,192,192,1.0,False,850,37632,0.0226,1372,7,15000,0,64,1
Real-Time_Visual_Understanding__sample_206,Real-Time Visual Understanding_sample_206_1,Attribute Perception,What colors are the blocks used to form the helicopter rotor blades?,"['Blue and Green.', 'Yellow and Blue.', 'Green and Red.', 'Red and Orange.']",Blue and Green.,A,A) Blue and Green.,A,100.0,2.0,3,196,1.0,False,229,588,0.3895,392,2,15000,0,64,1
Real-Time_Visual_Understanding__sample_206,Real-Time Visual Understanding_sample_206_2,Event Understanding,What is the sequence of actions performed with the blocks just now?,"['Placing a yellow block, then two green blocks, and finally a blue block.', 'Placing a blue block, then two green blocks, and finally a yellow block.', 'Placing a yellow block, then a blue block, and finally two green blocks.', 'Placing a yellow block, then one green block, and finally two blue blocks.']","Placing a yellow block, then two green blocks, and finally a blue block.",A,"C) Placing a yellow block, then a blue block, and finally two",C,0.0,23.0,24,196,1.0,False,362,4704,0.077,588,3,15000,0,64,1
Real-Time_Visual_Understanding__sample_206,Real-Time Visual Understanding_sample_206_3,Action Perception,What is the hand doing after placing three yellow blocks onto the top of the structure?,"['Adds another block on top.', 'Removes the yellow block.', 'Leaves the block structure.', 'Adjusts the yellow block.']",Adjusts the yellow block.,D,A) Adds another block on top.,A,0.0,71.0,72,196,1.0,False,550,14112,0.039,784,4,15000,0,64,1
Real-Time_Visual_Understanding__sample_206,Real-Time Visual Understanding_sample_206_4,Event Understanding,What was the sequence of events the hand followed when building the structure just now?,"['Picks up a yellow block, adjusts it, then picks up a red block.', 'Picks up a green block, adjusts it, then picks up a yellow block.', 'Picks up a red block, adjusts it, then picks up a yellow block.', 'Picks up a blue block, adjusts it, then picks up a green block.']","Picks up a green block, adjusts it, then picks up a yellow block.",B,"C) Picks up a red block, adjusts it, then picks up a yellow",C,0.0,135.0,136,196,1.0,False,778,26656,0.0292,1176,6,15000,0,64,1
Real-Time_Visual_Understanding__sample_206,Real-Time Visual Understanding_sample_206_5,Action Perception,What action is the person performing with the blue blocks?,"['Adds blue blocks to the bottom of the structure.', 'Adds blue blocks to the side of the structure.', 'Removes blue blocks from the structure.', 'Adds blue blocks to the top of the structure.']",Adds blue blocks to the top of the structure.,D,B) Adds blue blocks to the side of the structure.,B,0.0,195.0,196,196,1.0,False,1025,38416,0.0267,1568,8,15000,0,64,1
Real-Time_Visual_Understanding__sample_207,Real-Time Visual Understanding_sample_207_1,Object Perception,What is positioned underneath the archway made of colorful interlocking blocks?,"['A small tree.', 'A toy truck.', 'A small building.', 'A toy car.']",A toy car.,D,D) A toy car.,D,100.0,3.0,4,200,1.0,False,196,784,0.25,196,1,15000,0,64,1
Real-Time_Visual_Understanding__sample_207,Real-Time Visual Understanding_sample_207_2,Event Understanding,How many yellow blocks are connected in a line?,"['Two.', 'Three.', 'Four.', 'Five.']",Four.,C,A) Two.,A,0.0,19.0,20,200,1.0,False,288,3920,0.0735,392,2,15000,0,64,1
Real-Time_Visual_Understanding__sample_207,Real-Time Visual Understanding_sample_207_3,Spatial Understanding,Where is the green brick placed relative to the yellow bricks in the structure?,"['In the middle.', 'On the right side.', 'On top of the blue bricks.', 'On top of the yellow bricks.']",On top of the yellow bricks.,D,D) On top of the yellow bricks.,D,100.0,69.0,70,200,1.0,False,495,13720,0.0361,784,4,15000,0,64,1
Real-Time_Visual_Understanding__sample_207,Real-Time Visual Understanding_sample_207_4,Action Perception,What does the person do after adding more yellow bricks?,"['Removes the yellow bricks.', 'Adds green bricks.', 'Adjusts the yellow bricks.', 'Adds blue bricks.']",Adjusts the yellow bricks.,C,C) Adjusts the yellow bricks.,C,100.0,196.0,197,200,1.0,False,898,38612,0.0233,1372,7,15000,0,64,1
Real-Time_Visual_Understanding__sample_207,Real-Time Visual Understanding_sample_207_5,Causal Reasoning,What is the person likely to do next after moving their hand towards the new set of connected bricks?,"['Remove the connected bricks.', 'Add more bricks to the arrangement.', 'Paint the bricks.', 'Disassemble the structure.']",Add more bricks to the arrangement.,B,B) Add more bricks to the arrangement.,B,100.0,199.0,200,200,1.0,False,919,39200,0.0234,1568,8,15000,0,64,1
Real-Time_Visual_Understanding__sample_208,Real-Time Visual Understanding_sample_208_2,Attribute Perception,What are the colors of the crane arm?,"['Yellow, green.', 'Yellow, blue.', 'Red, green, blue.', 'Yellow, blue, green.']","Yellow, green.",A,"D) Yellow, blue, green.",D,0.0,7.0,8,266,1.0,False,244,1568,0.1556,392,2,15000,0,64,1
Real-Time_Visual_Understanding__sample_208,Real-Time Visual Understanding_sample_208_1,Event Understanding,What happens to the orange block as the video progresses?,"['It falls to the ground.', 'It remains stationary.', 'It lifts and swings gently.', 'It changes color.']",It lifts and swings gently.,C,C) It lifts and swings gently.,C,100.0,19.0,20,266,1.0,False,289,3920,0.0737,588,3,15000,0,64,1
Real-Time_Visual_Understanding__sample_208,Real-Time Visual Understanding_sample_208_3,Event Understanding,What was the sequence of actions performed with the blocks just now?,"['The hand first places a green block, then a yellow block, followed by a blue block.', 'The hand builds a structure with red, green, and blue blocks.', 'The hand stacks blocks randomly.', 'The hand places a yellow block, moves it, then places a green block next to it.']","The hand places a yellow block, moves it, then places a green block next to it.",D,"D) The hand places a yellow block, moves it, then places a green",D,100.0,96.0,97,266,1.0,False,541,19012,0.0285,980,5,15000,0,64,1
Real-Time_Visual_Understanding__sample_208,Real-Time Visual Understanding_sample_208_4,Event Understanding,What happens to the smaller structure after it is first moved out of view?,"['It is disassembled.', 'It is placed on top of the larger structure.', 'It is left in the foreground.', 'It is placed back beside the larger structure.']",It is placed back beside the larger structure.,D,D) It is placed back beside the larger structure.,D,100.0,171.0,172,266,1.0,False,829,33712,0.0246,1372,7,15000,0,64,1
Real-Time_Visual_Understanding__sample_208,Real-Time Visual Understanding_sample_208_5,Counting,How many green blocks are stacked now?,"['Ten.', 'Three.', 'Nine.', 'Eight.']",Nine.,C,D) Eight.,D,0.0,265.0,266,266,1.0,False,1147,52136,0.022,1764,9,15000,0,64,1
Real-Time_Visual_Understanding__sample_209,Real-Time Visual Understanding_sample_209_1,Event Understanding,What happens after the first green block is placed on the yellow block?,"['The hand removes the green block.', 'The hand moves away and does nothing.', 'The hand removes the yellow block.', 'The hand adds another green block.']",The hand adds another green block.,D,A) The hand removes the green block.,A,0.0,25.0,26,316,1.0,False,303,5096,0.0595,392,2,15000,0,64,1
Real-Time_Visual_Understanding__sample_209,Real-Time Visual Understanding_sample_209_2,Action Perception,What action do the hands perform just before moving away from the structure?,"['Adding a yellow block.', 'Adding a blue block.', 'Adjusting the blue block.', 'Pressing down the green blocks.']",Pressing down the green blocks.,D,D) Pressing down the green blocks.,D,100.0,118.0,119,316,1.0,False,540,23324,0.0232,784,4,15000,0,64,1
Real-Time_Visual_Understanding__sample_209,Real-Time Visual Understanding_sample_209_3,Event Understanding,What sequence of actions occurred with the green and yellow blocks just now?,"['The green block is placed first, followed by the yellow block.', 'The yellow block is placed first, followed by the green block.', 'The green block is removed, then the yellow block is placed.', 'The yellow block is adjusted, then the green block is placed.']","The green block is placed first, followed by the yellow block.",A,"B) The yellow block is placed first, followed by the green block.",B,0.0,210.0,211,316,1.0,False,848,41356,0.0205,1176,6,15000,0,64,1
Real-Time_Visual_Understanding__sample_209,Real-Time Visual Understanding_sample_209_4,Spatial Understanding,Where is the new yellow and green block placed relative to the original structure?,"['Behind the original structure.', 'Next to the original structure.', 'On top of the original structure.', 'In front of the original structure.']",In front of the original structure.,D,B) Next to the original structure.,B,0.0,212.0,213,316,1.0,False,850,41748,0.0204,1372,7,15000,0,64,1
Real-Time_Visual_Understanding__sample_209,Real-Time Visual Understanding_sample_209_5,Action Perception,What did the person do with the yellow block just now?,"['Removed them from the structure.', 'Arranged them on the blue block and adjusted for alignment.', 'Stacked them on top of the blue blocks.', 'Placed them above the green block and another yellow block.']",Placed them above the green block and another yellow block.,D,B) Arranged them on the blue block and adjusted for alignment.,B,0.0,315.0,316,316,1.0,False,1194,61936,0.0193,1764,9,15000,0,64,1
Real-Time_Visual_Understanding__sample_210,Real-Time Visual Understanding_sample_210_1,Text-Rich Understanding,What was written in the top right corner at the start of the video?,"['Toy Car.', 'Auto Rickshaw.', 'Building Blocks.', 'Colorful Toy.']",Auto Rickshaw.,B,B) Auto Rickshaw.,B,100.0,8.0,9,198,1.0,False,252,1764,0.1429,392,2,15000,0,64,1
Real-Time_Visual_Understanding__sample_210,Real-Time Visual Understanding_sample_210_2,Event Understanding,What sequence of actions happened after the blue rectangular block is placed on the surface?,"['The hand adds a yellow block, then an orange block, and adjusts the orange block.', 'The hand adjusts the blue block, then adds a red block, and adjusts it again.', 'The hand places a green block, then a yellow block, and adjusts the yellow block.', 'The hand removes the blue block, places it again, and then adds a yellow block.']","The hand adds a yellow block, then an orange block, and adjusts the orange block.",A,"D) The hand removes the blue block, places it again, and then adds",D,0.0,19.0,20,198,1.0,False,275,3920,0.0702,588,3,15000,0,64,1
Real-Time_Visual_Understanding__sample_210,Real-Time Visual Understanding_sample_210_3,Attribute Perception,What is the predominant color of the blocks being placed by the hand right now?,"['Blue.', 'Orange.', 'Green.', 'Yellow.']",Yellow.,D,D) Yellow.,D,100.0,66.0,67,198,1.0,False,421,13132,0.0321,784,4,15000,0,64,1
Real-Time_Visual_Understanding__sample_210,Real-Time Visual Understanding_sample_210_4,Object Perception,What color is the block being placed on the left side of the structure right now?,"['Red.', 'Blue.', 'Green.', 'Yellow.']",Blue.,B,D) Yellow.,D,0.0,122.0,123,198,1.0,False,621,24108,0.0258,1176,6,15000,0,64,1
Real-Time_Visual_Understanding__sample_210,Real-Time Visual Understanding_sample_210_5,Object Perception,What is the block structure identified as?,"['A house.', 'A vehicle.', 'A spaceship.', 'A robot.']",A vehicle.,B,B) A vehicle.,B,100.0,197.0,198,198,1.0,False,837,38808,0.0216,1568,8,15000,0,64,1
Real-Time_Visual_Understanding__sample_211,Real-Time Visual Understanding_sample_211_1,Prospective Reasoning,What might the speaker discuss next?,"['Graphing on the Coordinate Plane.', 'Calculus functions.', 'Trigonometric ratios.', 'Differential equations.']",Graphing on the Coordinate Plane.,A,A) Graphing on the Coordinate Plane.,A,100.0,16.0,17,512,1.0,False,333,3332,0.0999,392,2,15000,0,64,1
Real-Time_Visual_Understanding__sample_211,Real-Time Visual Understanding_sample_211_2,Prospective Reasoning,What might the speaker explain next?,"['How to label the axes.', 'How to connect the plotted points.', 'How to identify coordinates.', 'How to scale the graph.']",How to connect the plotted points.,B,C) How to identify coordinates.,C,0.0,142.0,143,512,1.0,False,1029,28028,0.0367,1176,6,15000,0,64,1
Real-Time_Visual_Understanding__sample_211,Real-Time Visual Understanding_sample_211_3,Prospective Reasoning,What might the speaker discuss next?,"['How to plot points on the axes.', 'The importance of the x-axis.', 'The significance of the y-axis.', 'What ordered pairs represent.']",What ordered pairs represent.,D,D) What ordered pairs represent.,D,100.0,260.0,261,512,1.0,False,1494,51156,0.0292,1764,9,15000,0,64,1
Real-Time_Visual_Understanding__sample_211,Real-Time Visual Understanding_sample_211_4,Prospective Reasoning,What might the speaker discuss next?,"['How to plot another point.', 'How to label the y-axis.', 'The importance of the y-intercept.', 'How to draw a quadratic curve.']",How to plot another point.,A,C) The importance of the y-intercept.,C,0.0,397.0,398,512,1.0,False,1875,78008,0.024,2156,11,15000,0,64,1
Real-Time_Visual_Understanding__sample_211,Real-Time Visual Understanding_sample_211_5,Prospective Reasoning,What might the speaker discuss next?,"['How to plot a line graph.', 'The significance of the axes intersections.', 'How to differentiate the quadrants.', 'The concept of linear equations.']",How to differentiate the quadrants.,C,D) The concept of linear equations.,D,0.0,511.0,512,512,1.0,False,2129,100352,0.0212,2548,13,15000,0,64,1
Real-Time_Visual_Understanding__sample_212,Real-Time Visual Understanding_sample_212_1,Prospective Reasoning,What might the speaker explain next?,"['How to add mixed numbers.', 'The subtraction of mixed numbers.', 'The multiplication of fractions.', 'The properties of whole numbers.']",How to add mixed numbers.,A,B) The subtraction of mixed numbers.,B,0.0,20.0,21,479,1.0,False,371,4116,0.0901,392,2,15000,0,64,1
Real-Time_Visual_Understanding__sample_212,Real-Time Visual Understanding_sample_212_2,Prospective Reasoning,What might the speaker explain next?,"['How to add those two mixed numbers.', 'The process of converting mixed numbers to improper fractions.', 'Subtracting mixed numbers.', 'The definition of mixed numbers.']",How to add those two mixed numbers.,A,B) The process of converting mixed numbers to improper fractions.,B,0.0,130.0,131,479,1.0,False,865,25676,0.0337,980,5,15000,0,64,1
Real-Time_Visual_Understanding__sample_212,Real-Time Visual Understanding_sample_212_3,Prospective Reasoning,What might the speaker do next?,"['How to add those two mixed numbers.', 'Subtract the fractions.', 'Multiply the fractions.', 'Divide the fractions.']",How to add those two mixed numbers.,A,A) How to add those two mixed numbers.,A,100.0,248.0,249,479,1.0,False,1430,48804,0.0293,1568,8,15000,0,64,1
Real-Time_Visual_Understanding__sample_212,Real-Time Visual Understanding_sample_212_4,Prospective Reasoning,What might the speaker explain next?,"['How to add mixed numbers.', 'How to convert fractions to decimals.', 'The process of subtracting fractions.', 'How to add those two fractions numbers.']",How to add those two fractions numbers.,D,D) How to add those two fractions numbers.,D,100.0,396.0,397,479,1.0,False,2192,77812,0.0282,2352,12,15000,0,64,1
Real-Time_Visual_Understanding__sample_212,Real-Time Visual Understanding_sample_212_5,Prospective Reasoning,What might the speaker explain next?,"['Adding the fractions together.', 'Converting the results back to whole numbers.', 'Finding a different common denominator.', 'Subtracting the fractions.']",Adding the fractions together.,A,A) Adding the fractions together.,A,100.0,478.0,479,479,1.0,False,2481,93884,0.0264,2744,14,15000,0,64,1
Real-Time_Visual_Understanding__sample_213,Real-Time Visual Understanding_sample_213_1,Prospective Reasoning,What topics might the speaker explain next?,"['Simplifying fractions.', 'Adding fractions.', 'Dividing fractions.', 'Subtracting fractions.']",Adding fractions.,B,B) Adding fractions.,B,100.0,16.0,17,242,1.0,False,321,3332,0.0963,392,2,15000,0,64,1
Real-Time_Visual_Understanding__sample_213,Real-Time Visual Understanding_sample_213_2,Prospective Reasoning,What might the speaker explain next?,"['How to multiply fractions.', 'How to add 1/2 + 1/2.', 'How to divide fractions.', 'How to subtract fractions.']",How to add 1/2 + 1/2.,B,B) How to add 1/2 + 1/2.,B,100.0,120.0,121,242,1.0,False,886,23716,0.0374,980,5,15000,0,64,1
Real-Time_Visual_Understanding__sample_213,Real-Time Visual Understanding_sample_213_3,Prospective Reasoning,What might the speaker suggest next?,"['How to multiply fractions.', 'How to find a common denominator for addition.', 'How to simplify fractions.', 'How to subtract fractions.']",How to subtract fractions.,D,C) How to simplify fractions.,C,0.0,159.0,160,242,1.0,False,975,31360,0.0311,1176,6,15000,0,64,1
Real-Time_Visual_Understanding__sample_213,Real-Time Visual Understanding_sample_213_4,Prospective Reasoning,What might the speaker explain next?,"['How to add two fractions with different denominators.', 'How to convert fractions to decimals.', 'Why the denominators stay the same.', 'How to simplify the resulting fraction.']",Why the denominators stay the same.,C,A) How to add two fractions with different denominators.,A,0.0,184.0,185,242,1.0,False,1157,36260,0.0319,1372,7,15000,0,64,1
Real-Time_Visual_Understanding__sample_213,Real-Time Visual Understanding_sample_213_5,Prospective Reasoning,What might the speaker discuss next?,"['How to convert fractions to decimals.', 'Steps to compare fractions.', 'Methods to simplify fractions.', 'How to find a common denominator.']",How to find a common denominator.,D,D) How to find a common denominator.,D,100.0,241.0,242,242,1.0,False,1438,47432,0.0303,1764,9,15000,0,64,1
Real-Time_Visual_Understanding__sample_214,Real-Time Visual Understanding_sample_214_1,Prospective Reasoning,What might the speaker discuss next?,"['Calculating the perimeter of shapes.', 'Understanding different geometric figures.', 'The concept of Area.', 'The concept of volume.']",The concept of Area.,C,C) The concept of Area.,C,100.0,24.0,25,526,1.0,False,313,4900,0.0639,392,2,15000,0,64,1
Real-Time_Visual_Understanding__sample_214,Real-Time Visual Understanding_sample_214_2,Prospective Reasoning,What formula might the speaker likely introduce next?,"['Perimeter of a rectangle.', 'Volume of a cube.', 'Circumference of a circle.', 'Area of a triangle.']",Area of a triangle.,D,A) Perimeter of a rectangle.,A,0.0,123.0,124,526,1.0,False,748,24304,0.0308,980,5,15000,0,64,1
Real-Time_Visual_Understanding__sample_214,Real-Time Visual Understanding_sample_214_3,Prospective Reasoning,What might the speaker explain next?,"['How to convert between different units of length.', 'The concept of volume measurement.', 'The perimeter of different shapes.', 'How to calculate the area of another shapes.']",How to calculate the area of another shapes.,D,D) How to calculate the area of another shapes.,D,100.0,285.0,286,526,1.0,False,1458,56056,0.026,1764,9,15000,0,64,1
Real-Time_Visual_Understanding__sample_214,Real-Time Visual Understanding_sample_214_4,Prospective Reasoning,What might the speaker explain next?,"['The angle of the base.', 'The formula for area.', 'The hypotenuse of the triangle.', 'The height of the triangle.']",The height of the triangle.,D,B) The formula for area.,B,0.0,415.0,416,526,1.0,False,1950,81536,0.0239,2352,12,15000,0,64,1
Real-Time_Visual_Understanding__sample_214,Real-Time Visual Understanding_sample_214_5,Prospective Reasoning,What might the speaker discuss next?,"['Discussing the properties of different quadrilaterals.', 'Solving for the perimeter of the triangle.', 'Simplifying algebraic expressions.', 'Calculating the area of a different triangle.']",Calculating the area of a different triangle.,D,D) Calculating the area of a different triangle.,D,100.0,525.0,526,526,1.0,False,2425,103096,0.0235,2940,15,15000,0,64,1
Real-Time_Visual_Understanding__sample_215,Real-Time Visual Understanding_sample_215_1,Prospective Reasoning,What might the speaker discuss next?,"['How to calculate the probability of an event.', 'The definition of basic probability.', 'An example involving multiple dice rolls.', 'The combination formula in probability.']",The definition of basic probability.,B,B) The definition of basic probability.,B,100.0,13.0,14,601,1.0,False,273,2744,0.0995,392,2,15000,0,64,1
Real-Time_Visual_Understanding__sample_215,Real-Time Visual Understanding_sample_215_2,Prospective Reasoning,What might the speaker discuss next?,"['The concept of mutually exclusive events.', 'Introduction to experimental probability.', 'Explanation of rolling a six-sided die.', 'Definition of independent events.']",Explanation of rolling a six-sided die.,C,C) Explanation of rolling a six-sided die.,C,100.0,173.0,174,601,1.0,False,1088,34104,0.0319,1372,7,15000,0,64,1
Real-Time_Visual_Understanding__sample_215,Real-Time Visual Understanding_sample_215_3,Prospective Reasoning,What concept might the speaker explain next?,"['How to find the sum of rolled dice values.', 'How to design an experiment with coins.', 'The process of drawing bar graphs for data.', 'The probability of rolling a specific number with a die.']",The probability of rolling a specific number with a die.,D,D) The probability of rolling a specific number with a die.,D,100.0,305.0,306,601,1.0,False,1712,59976,0.0285,2156,11,15000,0,64,1
Real-Time_Visual_Understanding__sample_215,Real-Time Visual Understanding_sample_215_4,Prospective Reasoning,What might the speaker discuss next?,"['Addition of probabilities.', 'The probability of this disc rotating to the blue area.', 'Expected value calculation.', 'Subtraction of probabilities.']",The probability of this disc rotating to the blue area.,B,A) Addition of probabilities.,A,0.0,481.0,482,601,1.0,False,2478,94472,0.0262,2940,15,15000,0,64,1
Real-Time_Visual_Understanding__sample_215,Real-Time Visual Understanding_sample_215_5,Prospective Reasoning,What might the speaker explain next?,"['The concept of probability distributions.', 'Calculating the probability for yellow colors.', 'How to convert decimals to fractions.', 'Applying the formula to find expected value.']",Calculating the probability for yellow colors.,B,D) Applying the formula to find expected value.,D,0.0,600.0,601,601,1.0,False,2910,117796,0.0247,3528,18,15000,0,64,1
Real-Time_Visual_Understanding__sample_216,Real-Time Visual Understanding_sample_216_1,Prospective Reasoning,What concept might the speaker explain next?,"['How to visualize data on a graph.', 'The types of charts used in data representation.', 'Differences between continuous and discrete data.', 'Examples of data collection methods.']",Differences between continuous and discrete data.,C,C) Differences between continuous and discrete data.,C,100.0,40.0,41,610,1.0,False,470,8036,0.0585,588,3,15000,0,64,1
Real-Time_Visual_Understanding__sample_216,Real-Time Visual Understanding_sample_216_2,Prospective Reasoning,What might the speaker explain next?,"['How to create a bar graph.', 'How to fill in the data in the data table.', 'How to interpret the data in the data table.', 'How to convert the data table into a pie chart.']",How to fill in the data in the data table.,B,C) How to interpret the data in the data table.,C,0.0,179.0,180,610,1.0,False,1288,35280,0.0365,1568,8,15000,0,64,1
Real-Time_Visual_Understanding__sample_216,Real-Time Visual Understanding_sample_216_3,Prospective Reasoning,What might the speaker explain next?,"['The average precipitation in May.', 'The meaning of the scale on the graph.', 'The total annual precipitation.', 'The method used to calculate the average precipitation.']",The meaning of the scale on the graph.,B,D) The method used to calculate the average precipitation.,D,0.0,338.0,339,610,1.0,False,2132,66444,0.0321,2548,13,15000,0,64,1
Real-Time_Visual_Understanding__sample_216,Real-Time Visual Understanding_sample_216_4,Prospective Reasoning,What might the speaker explain next?,"['The use of the negative coordinate axis.', 'How the fluctuation in investment income impacts yearly analysis.', 'Strategies to improve investment returns.', 'The overall trend of investment income throughout the year.']",The overall trend of investment income throughout the year.,D,D) The overall trend of investment income throughout the year.,D,100.0,481.0,482,610,1.0,False,2653,94472,0.0281,3136,16,15000,0,64,1
Real-Time_Visual_Understanding__sample_216,Real-Time Visual Understanding_sample_216_5,Prospective Reasoning,What might the speaker explain next?,"['Interpret the trends shown in the graphs.', 'Introduce new data sets for comparison.', 'Calculate the mean of the data sets.', 'Convert the temperatures to Celsius.']",Interpret the trends shown in the graphs.,A,A) Interpret the trends shown in the graphs.,A,100.0,609.0,610,610,1.0,False,3296,119560,0.0276,3920,20,15000,0,64,1
Real-Time_Visual_Understanding__sample_217,Real-Time Visual Understanding_sample_217_1,Prospective Reasoning,What might the speaker explain next?,"['How to find the Mean of a data set.', 'An overview of different types of graphs.', 'The definition of a median.', 'Steps to calculate the mode.']",How to find the Mean of a data set.,A,C) The definition of a median.,C,0.0,88.0,89,555,1.0,False,932,17444,0.0534,980,5,15000,0,64,1
Real-Time_Visual_Understanding__sample_217,Real-Time Visual Understanding_sample_217_2,Prospective Reasoning,What concept is likely to be explained next?,"['Median.', 'Variance.', 'Mode.', 'Range.']",Median.,A,A) Median.,A,100.0,258.0,259,555,1.0,False,1942,50764,0.0383,2156,11,15000,0,64,1
Real-Time_Visual_Understanding__sample_217,Real-Time Visual Understanding_sample_217_3,Prospective Reasoning,What is the next logical step after the operation to the numbers?,"['Find the mean of the numbers.', 'Find the median of the numbers.', 'Find the mode of the numbers.', 'Find the range of the numbers.']",Find the median of the numbers.,B,B) Find the median of the numbers.,B,100.0,307.0,308,555,1.0,False,2214,60368,0.0367,2548,13,15000,0,64,1
Real-Time_Visual_Understanding__sample_217,Real-Time Visual Understanding_sample_217_4,Prospective Reasoning,What might the instructor explain next?,"['How to calculate the mean of a set of numbers.', 'How to interpret the result of the median calculation.', 'The difference between mean and median.', 'How to find the mode of a data set.']",How to interpret the result of the median calculation.,B,B) How to interpret the result of the median calculation.,B,100.0,440.0,441,555,1.0,False,2685,86436,0.0311,3136,16,15000,0,64,1
Real-Time_Visual_Understanding__sample_217,Real-Time Visual Understanding_sample_217_5,Prospective Reasoning,What might the speaker explain next?,"['Divide the sum by the first number in the list.', 'Subtract the smallest number from the sum.', 'Divide the sum by the count of numbers.', 'Add all the numbers again.']",Divide the sum by the count of numbers.,C,C) Divide the sum by the count of numbers.,C,100.0,554.0,555,555,1.0,False,3381,108780,0.0311,3920,20,15000,0,64,1
Real-Time_Visual_Understanding__sample_218,Real-Time Visual Understanding_sample_218_1,Prospective Reasoning,What topic might the teacher explain next?,"['mixed numbers and improper fractions.', 'Add mixed numbers.', 'Subtract improper fractions.', 'Multiply fractions.']",mixed numbers and improper fractions.,A,A) mixed numbers and improper fractions.,A,100.0,11.0,12,647,1.0,False,285,2352,0.1212,392,2,15000,0,64,1
Real-Time_Visual_Understanding__sample_218,Real-Time Visual Understanding_sample_218_2,Prospective Reasoning,What might the teacher explain next?,"['Compare the fractions using decimal values.', 'Explain how improper fractions is connected to proper fractions and whole fractions.', 'Demonstrate how to multiply two fractions.', 'Discuss the concept of mixed numbers.']",Explain how improper fractions is connected to proper fractions and whole fractions.,B,B) Explain how improper fractions is connected to proper fractions and whole fractions.,B,100.0,190.0,191,647,1.0,False,1075,37436,0.0287,1372,7,15000,0,64,1
Real-Time_Visual_Understanding__sample_218,Real-Time Visual Understanding_sample_218_3,Prospective Reasoning,What might the speaker explain next?,"['How to convert mixed numbers to improper fractions.', 'The method for adding mixed numbers and improper fractions.', 'Simplifying improper fractions.', 'Dividing fractions by whole numbers.']",How to convert mixed numbers to improper fractions.,A,B) The method for adding mixed numbers and improper fractions.,B,0.0,331.0,332,647,1.0,False,1491,65072,0.0229,1960,10,15000,0,64,1
Real-Time_Visual_Understanding__sample_218,Real-Time Visual Understanding_sample_218_4,Prospective Reasoning,What concept will the speaker likely explain next?,"['Multiplying mixed fractions by a whole number.', 'Converting improper fractions to mixed numbers.', 'Adding improper fractions together.', 'Simplifying mixed fractions.']",Converting improper fractions to mixed numbers.,B,B) Converting improper fractions to mixed numbers.,B,100.0,500.0,501,647,1.0,False,1971,98196,0.0201,2548,13,15000,0,64,1
Real-Time_Visual_Understanding__sample_218,Real-Time Visual Understanding_sample_218_5,Prospective Reasoning,What might the speaker explain next?,"['Add the remainder to the quotient.', 'Subtract 6 from 1.', 'Divide 7 by 3.', 'How to use dividing to convert improper fractions to a mixed number form.']",How to use dividing to convert improper fractions to a mixed number form.,D,D) How to use dividing to convert improper fractions to a mixed number form.,D,100.0,646.0,647,647,1.0,False,2586,126812,0.0204,3332,17,15000,0,64,1
Real-Time_Visual_Understanding__sample_219,Real-Time Visual Understanding_sample_219_1,Prospective Reasoning,What mathematical topic might the speaker focus on next?,"['Adding Fractions.', 'Dividing Fractions.', 'Simplifying Fractions.', 'Multiplying Fractions.']",Multiplying Fractions.,D,D) Multiplying Fractions.,D,100.0,10.0,11,311,1.0,False,300,2156,0.1391,392,2,15000,0,64,1
Real-Time_Visual_Understanding__sample_219,Real-Time Visual Understanding_sample_219_2,Prospective Reasoning,What might the speaker do next?,"['Explain how to convert the fractions.', 'Show the steps to add the fractions.', 'Show the steps to multiply the fractions.', 'Discuss the importance of common denominators.']",Show the steps to multiply the fractions.,C,C) Show the steps to multiply the fractions.,C,100.0,55.0,56,311,1.0,False,538,10976,0.049,784,4,15000,0,64,1
Real-Time_Visual_Understanding__sample_219,Real-Time Visual Understanding_sample_219_3,Prospective Reasoning,What might the speaker do next?,"['Add the fractions together.', 'Subtract the fractions.', 'Show the steps to multiply the fractions.', 'Divide the fractions.']",Show the steps to multiply the fractions.,C,C) Show the steps to multiply the fractions.,C,100.0,149.0,150,311,1.0,False,990,29400,0.0337,1372,7,15000,0,64,1
Real-Time_Visual_Understanding__sample_219,Real-Time Visual Understanding_sample_219_4,Prospective Reasoning,What mathematical concept might the speaker move on to explain next?,"['Addition of fractions.', 'Subtraction of fractions.', 'Simplifying fractions.', 'Another explanation to fractions.']",Another explanation to fractions.,D,D) Another explanation to fractions.,D,100.0,231.0,232,311,1.0,False,1295,45472,0.0285,1764,9,15000,0,64,1
Real-Time_Visual_Understanding__sample_219,Real-Time Visual Understanding_sample_219_5,Prospective Reasoning,What might the speaker discuss next?,"['How to add fractions.', 'How to divide fractions.', 'How to multiply the denominators.', 'How to subtract fractions.']",How to multiply the denominators.,C,B) How to divide fractions.,B,0.0,310.0,311,311,1.0,False,1891,60956,0.031,2548,13,15000,0,64,1
Real-Time_Visual_Understanding__sample_220,Real-Time Visual Understanding_sample_220_1,Prospective Reasoning,What might the speaker discuss next?,"['Basic addition and subtraction.', 'Algebraic expressions.', 'Properties of equality.', 'The order of operations rules.']",The order of operations rules.,D,D) The order of operations rules.,D,100.0,23.0,24,488,1.0,False,352,4704,0.0748,392,2,15000,0,64,1
Real-Time_Visual_Understanding__sample_220,Real-Time Visual Understanding_sample_220_2,Prospective Reasoning,What might be the next topic the speaker will address?,"['The order of operations for addition and subtraction.', 'The highest priority operator symbols.', 'The importance of following the PEMDAS rule.', 'Practice problems involving exponents.']",The highest priority operator symbols.,B,D) Practice problems involving exponents.,D,0.0,148.0,149,488,1.0,False,1015,29204,0.0348,1176,6,15000,0,64,1
Real-Time_Visual_Understanding__sample_220,Real-Time Visual Understanding_sample_220_3,Prospective Reasoning,What might the speaker discuss next?,"['Simplify the expression.', 'Subtract the results.', 'Add the simplified terms.', 'Multiply the results.']",Add the simplified terms.,C,D) Multiply the results.,D,0.0,268.0,269,488,1.0,False,1474,52724,0.028,1764,9,15000,0,64,1
Real-Time_Visual_Understanding__sample_220,Real-Time Visual Understanding_sample_220_4,Prospective Reasoning,What might the speaker discuss next?,"['How to integrate functions.', ""The operator symbols for 'Then' and 'last' precedence."", 'Application of quadratic equations.', 'Solving basic arithmetic.']",The operator symbols for 'Then' and 'last' precedence.,B,B) The operator symbols for 'Then' and 'last' precedence.,B,100.0,386.0,387,488,1.0,False,2187,75852,0.0288,2548,13,15000,0,64,1
Real-Time_Visual_Understanding__sample_220,Real-Time Visual Understanding_sample_220_5,Prospective Reasoning,What might the speaker explain next?,"['The importance of parentheses in operations.', 'The commutative property of multiplication.', 'How to handle exponents in an equation.', 'The order of operations between the multiplication sign and the division sign.']",The order of operations between the multiplication sign and the division sign.,D,D) The order of operations between the multiplication sign and the division sign.,D,100.0,487.0,488,488,1.0,False,2640,95648,0.0276,3136,16,15000,0,64,1
Real-Time_Visual_Understanding__sample_221,Real-Time Visual Understanding_sample_221_1,Prospective Reasoning,What might the speaker explain next?,"['The area of different shapes.', 'How to measure the diameter.', 'The concept of length in 2-dimensional shapes.', 'How to calculate perimeter.']",How to calculate perimeter.,D,D) How to calculate perimeter.,D,100.0,11.0,12,393,1.0,False,288,2352,0.1224,392,2,15000,0,64,1
Real-Time_Visual_Understanding__sample_221,Real-Time Visual Understanding_sample_221_2,Prospective Reasoning,What will the speaker most likely explain next?,"['How to calculate the perimeter of the shape.', 'How to convert meters into centimeters.', 'The differences between perimeter and area.', 'How to measure the perimeter accurately.']",How to calculate the perimeter of the shape.,A,D) How to measure the perimeter accurately.,D,0.0,133.0,134,393,1.0,False,732,26264,0.0279,980,5,15000,0,64,1
Real-Time_Visual_Understanding__sample_221,Real-Time Visual Understanding_sample_221_3,Prospective Reasoning,What might the speaker explain next?,"['How to calculate the area of the rectangle.', 'How to find the perimeter of a rectangle.', 'How to label the units.', 'How to measure with a ruler.']",How to find the perimeter of a rectangle.,B,B) How to find the perimeter of a rectangle.,B,100.0,213.0,214,393,1.0,False,1069,41944,0.0255,1372,7,15000,0,64,1
Real-Time_Visual_Understanding__sample_221,Real-Time Visual Understanding_sample_221_4,Prospective Reasoning,What might the speaker discuss next?,"['How to calculate the perimeter of any regular polygon.', 'The significance of repeated addition.', 'The properties of regular polygons.', 'The importance of perimeter in geometry.']",How to calculate the perimeter of any regular polygon.,A,C) The properties of regular polygons.,C,0.0,306.0,307,393,1.0,False,1521,60172,0.0253,1960,10,15000,0,64,1
Real-Time_Visual_Understanding__sample_221,Real-Time Visual Understanding_sample_221_5,Prospective Reasoning,What might the speaker ask the students to do next?,"['Calculate the area of the shape.', 'Determine the perimeter of the shape.', 'Measure each side length.', 'Convert the measurements to centimeters.']",Determine the perimeter of the shape.,B,B) Determine the perimeter of the shape.,B,100.0,392.0,393,393,1.0,False,1771,77028,0.023,2352,12,15000,0,64,1
Real-Time_Visual_Understanding__sample_222,Real-Time Visual Understanding_sample_222_1,Prospective Reasoning,What might the speaker explain next?,"['How to plot 25/50 on a graph.', 'How to further simplify 1/2.', 'How to simplify fractions.', 'How to multiply fractions.']",How to simplify fractions.,C,C) How to simplify fractions.,C,100.0,13.0,14,438,1.0,False,296,2744,0.1079,392,2,15000,0,64,1
Real-Time_Visual_Understanding__sample_222,Real-Time Visual Understanding_sample_222_2,Prospective Reasoning,What might the speaker explain next?,"['Converting 1/2 to a decimal.', 'Adding fractions with different denominators.', 'Equivalent fractions of 3/6.', 'Subtracting fractions with common denominators.']",Equivalent fractions of 3/6.,C,C) Equivalent fractions of 3/6.,C,100.0,84.0,85,438,1.0,False,548,16660,0.0329,784,4,15000,0,64,1
Real-Time_Visual_Understanding__sample_222,Real-Time Visual Understanding_sample_222_3,Prospective Reasoning,What might the speaker discuss next?,"['Converting improper fractions to mixed numbers.', 'Adding fractions with different denominators.', 'Simplifying fractions by finding common factors.', 'Multiplying fractions by whole numbers.']",Simplifying fractions by finding common factors.,C,C) Simplifying fractions by finding common factors.,C,100.0,153.0,154,438,1.0,False,724,30184,0.024,980,5,15000,0,64,1
Real-Time_Visual_Understanding__sample_222,Real-Time Visual Understanding_sample_222_4,Prospective Reasoning,What might the speaker explain next?,"['How to find the greatest common divisor.', 'How to convert the fraction to a decimal.', 'How to factorize each number to prime factors.', 'How to add fractions with different denominators.']",How to factorize each number to prime factors.,C,C) How to factorize each number to prime factors.,C,100.0,345.0,346,438,1.0,False,1648,67816,0.0243,1960,10,15000,0,64,1
Real-Time_Visual_Understanding__sample_222,Real-Time Visual Understanding_sample_222_5,Prospective Reasoning,What might the speaker discuss next?,"['How to find common denominators.', 'The process of cross-multiplication.', 'Simplifying fractions using greatest common factor.', 'The difference between factors and multiples.']",Simplifying fractions using greatest common factor.,C,C) Simplifying fractions using greatest common factor.,C,100.0,437.0,438,438,1.0,False,2037,85848,0.0237,2352,12,15000,0,64,1
Real-Time_Visual_Understanding__sample_223,Real-Time Visual Understanding_sample_223_1,Prospective Reasoning,What concept might the speaker explain next?,"['Definition of a right triangle.', 'What is Pythagorean Theorem.', 'The history of Pythagoras.', 'The formula a² + b² = c².']",The formula a² + b² = c².,D,B) What is Pythagorean Theorem.,B,0.0,20.0,21,670,1.0,False,356,4116,0.0865,392,2,15000,0,64,1
Real-Time_Visual_Understanding__sample_223,Real-Time Visual Understanding_sample_223_2,Prospective Reasoning,What might the speaker discuss next?,"['Applications of the Pythagorean Theorem.', 'How to solve for the hypotenuse.', 'Examples of different right triangles.', 'The history of the Pythagorean Theorem.']",How to solve for the hypotenuse.,B,A) Applications of the Pythagorean Theorem.,A,0.0,154.0,155,670,1.0,False,1050,30380,0.0346,1176,6,15000,0,64,1
Real-Time_Visual_Understanding__sample_223,Real-Time Visual Understanding_sample_223_3,Prospective Reasoning,What might the speaker discuss next?,"['How to apply the Pythagorean theorem to other shapes.', 'The derivation of the Pythagorean theorem using trigonometry.', 'The concept of area and its proof in the Pythagorean theorem.', 'The historical background of the Pythagorean theorem.']",The concept of area and its proof in the Pythagorean theorem.,C,C) The concept of area and its proof in the Pythagorean theorem.,C,100.0,333.0,334,670,1.0,False,1562,65464,0.0239,1764,9,15000,0,64,1
Real-Time_Visual_Understanding__sample_223,Real-Time Visual Understanding_sample_223_4,Prospective Reasoning,What might the speaker discuss next?,"['Explain how to use the Pythagorean theorem to find the right-angle side length.', 'Discuss the properties of right-angle triangles in detail.', 'Convert all given measurements from meters to centimeters.', 'Illustrate how to plot these points on a Cartesian plane.']",Explain how to use the Pythagorean theorem to find the right-angle side length.,A,A) Explain how to use the Pythagorean theorem to find the right-angle,A,100.0,509.0,510,670,1.0,False,2270,99960,0.0227,2548,13,15000,0,64,1
Real-Time_Visual_Understanding__sample_223,Real-Time Visual Understanding_sample_223_5,Prospective Reasoning,What might the speaker discuss next?,"['How to calculate the hypotenuse.', 'Why the triangle is right-angled.', 'The properties of equilateral triangles.', 'The method to verify if it is a right triangle.']",The method to verify if it is a right triangle.,D,D) The method to verify if it is a right triangle.,D,100.0,669.0,670,670,1.0,False,2813,131320,0.0214,3136,16,15000,0,64,1
Real-Time_Visual_Understanding__sample_224,Real-Time Visual Understanding_sample_224_1,Prospective Reasoning,What might the speaker explain next?,"['The properties of polygon.', 'The concept of triangle.', 'How to measure the sides of a rectangle.', 'The definition of a polygon.']",The concept of triangle.,B,D) The definition of a polygon.,D,0.0,11.0,12,396,1.0,False,279,2352,0.1186,392,2,15000,0,64,1
Real-Time_Visual_Understanding__sample_224,Real-Time Visual Understanding_sample_224_2,Prospective Reasoning,What might the speaker explain next?,"['The properties of acute angles.', 'The difference between acute angle and obtuse angle.', 'How to identify right triangles from angles.', 'The relationship between different types of triangles.']",The difference between acute angle and obtuse angle.,B,C) How to identify right triangles from angles.,C,0.0,114.0,115,396,1.0,False,628,22540,0.0279,784,4,15000,0,64,1
Real-Time_Visual_Understanding__sample_224,Real-Time Visual Understanding_sample_224_3,Prospective Reasoning,What might the speaker explain next?,"['The angle sum of triangles.', 'The concept of right triangles.', 'Important theorems about scalene triangles.', ""The equal sides' number of Isosceles triangles.""]",The equal sides' number of Isosceles triangles.,D,D) The equal sides' number of Isosceles triangles.,D,100.0,219.0,220,396,1.0,False,1071,43120,0.0248,1372,7,15000,0,64,1
Real-Time_Visual_Understanding__sample_224,Real-Time Visual Understanding_sample_224_4,Prospective Reasoning,What might the speaker discuss next?,"['Examples of right triangles.', 'Types of angles of equilateral triangles.', 'The concept of similar triangles.', 'Differences between quadrilaterals and triangles.']",Types of angles of equilateral triangles.,B,B) Types of angles of equilateral triangles.,B,100.0,293.0,294,396,1.0,False,1344,57624,0.0233,1764,9,15000,0,64,1
Real-Time_Visual_Understanding__sample_224,Real-Time Visual Understanding_sample_224_5,Prospective Reasoning,What might the speaker do next?,"['Discuss the properties of isosceles triangles.', 'Introduce the concept of congruent triangles.', 'Explain the Pythagorean theorem.', 'Solve for the unknown angle.']",Solve for the unknown angle.,D,A) Discuss the properties of isosceles triangles.,A,0.0,395.0,396,396,1.0,False,1765,77616,0.0227,2352,12,15000,0,64,1
Real-Time_Visual_Understanding__sample_225,Real-Time Visual Understanding_sample_225_1,Prospective Reasoning,What might the speaker explain next?,"['How the distributive property helps in simplifying equations.', 'The practical applications of the probability theory.', 'The definition of the distributive property.', 'The definition of stochastic process.']",The definition of the distributive property.,C,C) The definition of the distributive property.,C,100.0,11.0,12,528,1.0,False,306,2352,0.1301,392,2,15000,0,64,1
Real-Time_Visual_Understanding__sample_225,Real-Time Visual Understanding_sample_225_2,Prospective Reasoning,What might the speaker discuss next?,"['Combining like terms.', 'Factoring out a common factor.', 'Simplifying the expression further.', 'How to use distributive property to the example.']",How to use distributive property to the example.,D,D) How to use distributive property to the example.,D,100.0,120.0,121,528,1.0,False,1015,23716,0.0428,1176,6,15000,0,64,1
Real-Time_Visual_Understanding__sample_225,Real-Time Visual Understanding_sample_225_3,Prospective Reasoning,What might the speaker discuss next?,"['The formula for compound interest.', 'Why the two way get the same answer.', 'Solving quadratic equations.', 'Graphing linear equations.']",Why the two way get the same answer.,B,B) Why the two way get the same answer.,B,100.0,270.0,271,528,1.0,False,1581,53116,0.0298,1764,9,15000,0,64,1
Real-Time_Visual_Understanding__sample_225,Real-Time Visual Understanding_sample_225_4,Prospective Reasoning,What might the speaker calculate next?,"['5 times 7.', '47 times 47.', '5 times 5.', '5 plus 40.']",5 times 7.,A,D) 5 plus 40.,D,0.0,403.0,404,528,1.0,False,2360,79184,0.0298,2548,13,15000,0,64,1
Real-Time_Visual_Understanding__sample_225,Real-Time Visual Understanding_sample_225_5,Prospective Reasoning,What might the speaker discuss next?,"['The example can not use distributive property.', 'The commutative property of addition.', 'The identity property of multiplication.', 'The distributive property of subtraction.']",The example can not use distributive property.,A,D) The distributive property of subtraction.,D,0.0,527.0,528,528,1.0,False,2928,103488,0.0283,3136,16,15000,0,64,1
Real-Time_Visual_Understanding__sample_226,Real-Time Visual Understanding_sample_226_1,Prospective Reasoning,What might the speaker explain next?,"['The concept of the division.', 'The process of multiplying numbers.', 'The concept of subtraction.', 'How to solve an equation.']",The concept of subtraction.,C,A) The concept of the division.,A,0.0,13.0,14,522,1.0,False,283,2744,0.1031,392,2,15000,0,64,1
Real-Time_Visual_Understanding__sample_226,Real-Time Visual Understanding_sample_226_2,Prospective Reasoning,What might the speaker explain next?,"['The meaning of the dividend.', 'The process of multiplying numbers.', 'The concept of subtraction.', 'How to solve an equation.']",The meaning of the dividend.,A,D) How to solve an equation.,D,0.0,136.0,137,522,1.0,False,888,26852,0.0331,1176,6,15000,0,64,1
Real-Time_Visual_Understanding__sample_226,Real-Time Visual Understanding_sample_226_3,Prospective Reasoning,What might the speaker explain next?,"['How to determine the remainder.', 'How to find the remainder.', 'The concept of partial quotients.', 'The relationship between divisor and dividend.']",How to determine the remainder.,A,C) The concept of partial quotients.,C,0.0,256.0,257,522,1.0,False,1339,50372,0.0266,1764,9,15000,0,64,1
Real-Time_Visual_Understanding__sample_226,Real-Time Visual Understanding_sample_226_4,Prospective Reasoning,What might the speaker explain next?,"['Why dividing cookies by people is useful.', 'The importance of remainders in division.', 'Use real-life example to explain the concept of remainders.', 'How to distribute the cookie to people.']",How to distribute the cookie to people.,D,C) Use real-life example to explain the concept of remainders.,C,0.0,394.0,395,522,1.0,False,1907,77420,0.0246,2352,12,15000,0,64,1
Real-Time_Visual_Understanding__sample_226,Real-Time Visual Understanding_sample_226_5,Prospective Reasoning,"Based on the current explanation, what might the speaker do next?","['Explain the next division step using the tabular.', 'Talk about prime numbers.', 'Introduce a new mathematical operation.', 'Discuss the properties of multiplication.']",Explain the next division step using the tabular.,A,A) Explain the next division step using the tabular.,A,100.0,521.0,522,522,1.0,False,2464,102312,0.0241,2940,15,15000,0,64,1
Real-Time_Visual_Understanding__sample_227,Real-Time Visual Understanding_sample_227_1,Prospective Reasoning,What might the speaker discuss next?,"['The addition of decimals.', 'Converting fractions to decimals.', 'The subtraction of decimals.', 'The rules for multiplying decimals.']",The addition of decimals.,A,D) The rules for multiplying decimals.,D,0.0,66.0,67,634,1.0,False,606,13132,0.0461,784,4,15000,0,64,1
Real-Time_Visual_Understanding__sample_227,Real-Time Visual Understanding_sample_227_2,Prospective Reasoning,What is the teacher likely to explain next?,"['How to correctly align the decimal points when adding.', 'How to subtract decimal numbers.', 'How to multiply decimal numbers.', 'How to divide decimal numbers.']",How to correctly align the decimal points when adding.,A,A) How to correctly align the decimal points when adding.,A,100.0,180.0,181,634,1.0,False,1218,35476,0.0343,1568,8,15000,0,64,1
Real-Time_Visual_Understanding__sample_227,Real-Time Visual Understanding_sample_227_3,Prospective Reasoning,What might the speaker explain next?,"['How to multiply whole numbers.', 'The importance of carrying over digits.', 'The process of correctly placing the decimal in the product.', 'How to add the products from multiplication.']",The process of correctly placing the decimal in the product.,C,C) The process of correctly placing the decimal in the product.,C,100.0,328.0,329,634,1.0,False,2153,64484,0.0334,2548,13,15000,0,64,1
Real-Time_Visual_Understanding__sample_227,Real-Time Visual Understanding_sample_227_4,Prospective Reasoning,What topic might the speaker explain next?,"['The steps for decimal addition.', 'The steps for decimal subtraction.', 'The principles of decimal division.', 'The basics of whole number multiplication.']",The principles of decimal division.,C,C) The principles of decimal division.,C,100.0,482.0,483,634,1.0,False,2798,94668,0.0296,3332,17,15000,0,64,1
Real-Time_Visual_Understanding__sample_227,Real-Time Visual Understanding_sample_227_5,Prospective Reasoning,What might the speaker discuss next?,"['Simplifying square roots.', 'Finding least common multiples.', 'Shifting the decimal point in both numbers.', 'Converting decimals to fractions.']",Shifting the decimal point in both numbers.,C,A) Simplifying square roots.,A,0.0,633.0,634,634,1.0,False,3588,124264,0.0289,4312,22,15000,0,64,1
Real-Time_Visual_Understanding__sample_228,Real-Time Visual Understanding_sample_228_1,Prospective Reasoning,What is the speaker likely to explain next?,"['How to solve the division problem using a different method.', 'How to add partial quotients.', 'The concept of division with partial quotients.', 'The importance of understanding division.']",The concept of division with partial quotients.,C,C) The concept of division with partial quotients.,C,100.0,11.0,12,643,1.0,False,295,2352,0.1254,392,2,15000,0,64,1
Real-Time_Visual_Understanding__sample_228,Real-Time Visual Understanding_sample_228_2,Prospective Reasoning,What might the speaker discuss next?,"['Multiplying 6 by the divisor.', 'Subtracting 6 from the dividend.', '2 is too small.', 'Adding 6 to the quotient.']",2 is too small.,C,B) Subtracting 6 from the dividend.,B,0.0,204.0,205,643,1.0,False,1181,40180,0.0294,1372,7,15000,0,64,1
Real-Time_Visual_Understanding__sample_228,Real-Time Visual Understanding_sample_228_3,Prospective Reasoning,What might the speaker explain next?,"['How to subtract the next two numbers.', 'How to add the remainder to the divisor.', 'How to multiply 100 by 35 again.', 'How to choose a number to subtract from 2928.']",How to choose a number to subtract from 2928.,D,A) How to subtract the next two numbers.,A,0.0,380.0,381,643,1.0,False,1962,74676,0.0263,2156,11,15000,0,64,1
Real-Time_Visual_Understanding__sample_228,Real-Time Visual Understanding_sample_228_4,Prospective Reasoning,What might the speaker explain next?,"['How to simplify the calculation further.', 'The application of division in real-life problems.', 'Another example using a more complex number.', 'The advantage of using small steps in division.']",The advantage of using small steps in division.,D,D) The advantage of using small steps in division.,D,100.0,544.0,545,643,1.0,False,2507,106820,0.0235,2744,14,15000,0,64,1
Real-Time_Visual_Understanding__sample_228,Real-Time Visual Understanding_sample_228_5,Prospective Reasoning,What might the teacher explain next?,"['How to perform long division.', 'A different multiplication method for large numbers.', 'Why use small steps in division is easier.', 'Explaining the significance of the answer 49r2.']",Why use small steps in division is easier.,C,D) Explaining the significance of the answer 49r2.,D,0.0,642.0,643,643,1.0,False,2968,126028,0.0236,3332,17,15000,0,64,1
Real-Time_Visual_Understanding__sample_229,Real-Time Visual Understanding_sample_229_1,Prospective Reasoning,What mathematical concept will likely be demonstrated next?,"['Subtraction.', 'Addition.', 'Multiplication.', 'Division.']",Division.,D,D) Division.,D,100.0,9.0,10,691,1.0,False,292,1960,0.149,392,2,15000,0,64,1
Real-Time_Visual_Understanding__sample_229,Real-Time Visual Understanding_sample_229_2,Prospective Reasoning,What is the presenter likely to do next?,"['Add 48 to 52.', 'Multiply 48 by 52.', 'Divide 48 by 52.', 'Subtract 48 from 52.']",Subtract 48 from 52.,D,C) Divide 48 by 52.,C,0.0,192.0,193,691,1.0,False,974,37828,0.0257,1176,6,15000,0,64,1
Real-Time_Visual_Understanding__sample_229,Real-Time Visual Understanding_sample_229_3,Prospective Reasoning,What might the speaker discuss next?,"['The steps to perform the division.', 'The final quotient of the division.', 'The relevance of the remainder.', 'How to multiply the dividend.']",The steps to perform the division.,A,A) The steps to perform the division.,A,100.0,338.0,339,691,1.0,False,1707,66444,0.0257,1960,10,15000,0,64,1
Real-Time_Visual_Understanding__sample_229,Real-Time Visual Understanding_sample_229_4,Prospective Reasoning,What might the speaker do next?,"['Subtract 440 from 528.', 'Divide 528 by 55.', 'Subtract 88 from 528.', 'Add 5 to 88.']",Subtract 440 from 528.,A,C) Subtract 88 from 528.,C,0.0,524.0,525,691,1.0,False,2402,102900,0.0233,2744,14,15000,0,64,1
Real-Time_Visual_Understanding__sample_229,Real-Time Visual Understanding_sample_229_5,Prospective Reasoning,What might the speaker explain next?,"['How to address the situation where the remainder is less than the divisor.', 'How to check the division result.', 'How to proceed with the next division step.', 'How to interpret the decimal expansion.']",How to address the situation where the remainder is less than the divisor.,A,C) How to proceed with the next division step.,C,0.0,690.0,691,691,1.0,False,3025,135436,0.0223,3528,18,15000,0,64,1
Real-Time_Visual_Understanding__sample_230,Real-Time Visual Understanding_sample_230_1,Prospective Reasoning,What might the speaker describe next?,"['Step-by-step process of long division.', 'History of long division.', 'Applications of long division in real life.', 'Comparison between long division and short division.']",Step-by-step process of long division.,A,C) Applications of long division in real life.,C,0.0,30.0,31,596,1.0,False,343,6076,0.0565,392,2,15000,0,64,1
Real-Time_Visual_Understanding__sample_230,Real-Time Visual Understanding_sample_230_2,Prospective Reasoning,What might the speaker discuss next?,"['How to find the remainder in a division problem.', 'How to multiply the divisor by the quotient.', 'How to perform subtraction in long division.', 'How to bring down the next digit in a long division.']",How to bring down the next digit in a long division.,D,A) How to find the remainder in a division problem.,A,0.0,233.0,234,596,1.0,False,964,45864,0.021,1176,6,15000,0,64,1
Real-Time_Visual_Understanding__sample_230,Real-Time Visual Understanding_sample_230_3,Prospective Reasoning,What might the speaker explain next?,"['How to verify the result using multiplication.', 'How to interpret the quotient and remainder.', 'How to solve a similar problem with different numbers.', 'How to check the division result by subtracting.']",How to solve a similar problem with different numbers.,C,B) How to interpret the quotient and remainder.,B,0.0,314.0,315,596,1.0,False,1180,61740,0.0191,1568,8,15000,0,64,1
Real-Time_Visual_Understanding__sample_230,Real-Time Visual Understanding_sample_230_4,Prospective Reasoning,What is the next step after dividing 24 by 3?,"['Write down 8 on the left side.', 'Write down 3 on the right side.', 'Subtract 12 from 24.', 'Add the digits.']",Subtract 12 from 24.,C,B) Write down 3 on the right side.,B,0.0,438.0,439,596,1.0,False,1642,86044,0.0191,2156,11,15000,0,64,1
Real-Time_Visual_Understanding__sample_230,Real-Time Visual Understanding_sample_230_5,Prospective Reasoning,What might the speaker explain next?,"['How to bring down the next digit.', 'How to check the remainder.', 'Subtract 20 from 20.', 'How to estimate the quotient.']",Subtract 20 from 20.,C,C) Subtract 20 from 20.,C,100.0,595.0,596,596,1.0,False,2123,116816,0.0182,2744,14,15000,0,64,1
Real-Time_Visual_Understanding__sample_231,Real-Time Visual Understanding_sample_231_1,Causal Reasoning,Why is this rabbit dressed in red and white knocking on the door now?,"[""Because it smells the fish and feels it doesn't taste good."", 'Because it wants to join the party inside the house.', 'Because it saw something interesting through the window.', 'Because it is lost and looking for its way back home.']",Because it smells the fish and feels it doesn't taste good.,A,D) Because it is lost and looking for its way back home.,D,0.0,36.0,37,403,1.0,False,407,7252,0.0561,588,3,15000,0,64,1
Real-Time_Visual_Understanding__sample_231,Real-Time Visual Understanding_sample_231_2,Causal Reasoning,Why is this iron gate cartoon character angry now?,"['Because someone tried to paint him a different color.', 'Because he was just splashed with water by a mischievous cat.', 'Because the wind blew his hinges, making him squeak loudly.', 'Because he was just forcibly stuffed a fish by the red rabbit in red and white clothes.']",Because he was just forcibly stuffed a fish by the red rabbit in red and white clothes.,D,"C) Because the wind blew his hinges, making him squeak loudly.",C,0.0,58.0,59,403,1.0,False,508,11564,0.0439,784,4,15000,0,64,1
Real-Time_Visual_Understanding__sample_231,Real-Time Visual Understanding_sample_231_3,Causal Reasoning,"Why is this rabbit, dressed in green and white, surprised now?","[""Because he found an unexpected egg in the chicken's nest."", 'Because the chicken suddenly started talking.', ""Because he can't distinguish the gender of the chicken he is holding now."", 'Because the chicken he is holding suddenly grew larger.']",Because he can't distinguish the gender of the chicken he is holding now.,C,C) Because he can't distinguish the gender of the chicken he is holding now,C,100.0,144.0,145,403,1.0,False,1014,28420,0.0357,1372,7,15000,0,64,1
Real-Time_Visual_Understanding__sample_231,Real-Time Visual Understanding_sample_231_4,Causal Reasoning,Why does this rabbit dressed in green and white want to hide in the toilet?,"['Because he accidentally broke a valuable vase and wants to avoid getting caught.', 'Because he saw a scary shadow moving in the hallway.', 'Because he is trying to escape from a loud and annoying party.', 'Because after he opened the door, he found a noose and a skull.']","Because after he opened the door, he found a noose and a skull.",D,"D) Because after he opened the door, he found a noose and a",D,100.0,199.0,200,403,1.0,False,1415,39200,0.0361,1960,10,15000,0,64,1
Real-Time_Visual_Understanding__sample_231,Real-Time Visual Understanding_sample_231_5,Causal Reasoning,Why did the rabbit dressed in red and white just have to use a pool cue to strike the iron gate lying on the ground?,"['Because the iron gate blocked his path, and he needed to move it out of the way.', 'Because he wants to get all the balls into the mouth of the iron gate at once.', 'Because he thought the flattened gate would make a perfect ramp for his skateboard.', 'Because he was trying to impress his friends with a strong trick shot.']",Because he wants to get all the balls into the mouth of the iron gate at once.,B,"A) Because the iron gate blocked his path, and he needed to move it",A,0.0,402.0,403,403,1.0,False,2541,78988,0.0322,3136,16,15000,0,64,1
Real-Time_Visual_Understanding__sample_232,Real-Time Visual Understanding_sample_232_1,Causal Reasoning,Why does the frog appear from the toilet?,"['Because the frog was hiding there to avoid being caught by the rabbit.', 'Because the frog was attracted by the water and jumped in.', 'Because the toilet leads to a secret underground pond where the frog lives.', ""Because the chicken that was just thrown into the toilet is wearing a frog's disguise.""]",Because the chicken that was just thrown into the toilet is wearing a frog's disguise.,D,D) Because the chicken that was just thrown into the toilet is wearing a frog,D,100.0,17.0,18,254,1.0,False,238,3528,0.0675,392,2,15000,0,64,1
Real-Time_Visual_Understanding__sample_232,Real-Time Visual Understanding_sample_232_2,Causal Reasoning,Why does the rabbit dressed in red and white start to become restless?,"['Because the fly just disturbed him, he is swatting the fly.', 'Because he suddenly remembered he left something important outside.', 'Because he heard a strange noise coming from the next room.', ""Because he can't find the key to the door and is getting frustrated.""]","Because the fly just disturbed him, he is swatting the fly.",A,D) Because he can't find the key to the door and is getting frustrated,D,0.0,86.0,87,254,1.0,False,538,17052,0.0316,784,4,15000,0,64,1
Real-Time_Visual_Understanding__sample_232,Real-Time Visual Understanding_sample_232_3,Causal Reasoning,Why is this cartoon chicken very shocked now?,"['Because just now another small cartoon chicken was eaten by a frog.', ""Because it just saw a mirror and didn't recognize its own reflection."", 'Because a loud noise suddenly scared it from behind.', 'Because it saw a large shadow pass overhead, thinking it was a predator.']",Because just now another small cartoon chicken was eaten by a frog.,A,A) Because just now another small cartoon chicken was eaten by a frog.,A,100.0,174.0,175,254,1.0,False,1070,34300,0.0312,1372,7,15000,0,64,1
Real-Time_Visual_Understanding__sample_232,Real-Time Visual Understanding_sample_232_4,Causal Reasoning,Why does the character encounter a heavy legacy robot in the room?,"['Because the character turns on a machine.', 'Because the character follows someone into the room.', 'Because the character activates a hidden switch.', 'Because the character reads a comic book.']",Because the character reads a comic book.,D,C) Because the character activates a hidden switch.,C,0.0,251.0,252,254,1.0,False,1455,49392,0.0295,1764,9,15000,0,64,1
Real-Time_Visual_Understanding__sample_232,Real-Time Visual Understanding_sample_232_5,Causal Reasoning,Why is this red rabbit standing in front of the iron gate now?,"['Because the red rabbit is trying to figure out how to open the gate.', 'Because the iron gate suddenly started glowing, and the rabbit is curious.', 'Because the cartoon character is seeking amusement.', 'Because the cartoon character on the iron gate has been whistling just now.']",Because the cartoon character on the iron gate has been whistling just now.,D,"B) Because the iron gate suddenly started glowing, and the rabbit is curious.",B,0.0,253.0,254,254,1.0,False,1465,49784,0.0294,1960,10,15000,0,64,1
Real-Time_Visual_Understanding__sample_233,Real-Time Visual Understanding_sample_233_1,Causal Reasoning,Why does the rabbit strike the door with its fist several times?,"['Because the rabbit is practicing its strength.', 'Because the rabbit is knocking to check if someone is inside.', 'Because the rabbit wants to open the door.', 'Because the rabbit wants to get food.']",Because the rabbit wants to get food.,D,B) Because the rabbit is knocking to check if someone is inside.,B,0.0,25.0,26,377,1.0,False,305,5096,0.0599,392,2,15000,0,64,1
Real-Time_Visual_Understanding__sample_233,Real-Time Visual Understanding_sample_233_2,Causal Reasoning,Why would the rabbit inside the iron gate be very panicked now?,"[""Because he just realized the gate is locked, and he can't get out."", 'Because he heard loud footsteps approaching from outside.', 'Because the lights suddenly went out, and he is afraid of the dark.', 'Because the toilet paper he was holding in his hand fell.']",Because the toilet paper he was holding in his hand fell.,D,"A) Because he just realized the gate is locked, and he can't get",A,0.0,134.0,135,377,1.0,False,801,26460,0.0303,980,5,15000,0,64,1
Real-Time_Visual_Understanding__sample_233,Real-Time Visual Understanding_sample_233_3,Causal Reasoning,What causes the bunny character to react with shock and sweat?,"['Because the bunny just realized it forgot something important.', 'Because a loud noise startled the bunny from behind.', 'Because the rabbit wearing red and white clothes is perfectly fine.', 'Because the bunny suddenly noticed a large shadow looming over it.']",Because the rabbit wearing red and white clothes is perfectly fine.,C,D) Because the bunny suddenly noticed a large shadow looming over it.,D,0.0,208.0,209,377,1.0,False,1211,40964,0.0296,1568,8,15000,0,64,1
Real-Time_Visual_Understanding__sample_233,Real-Time Visual Understanding_sample_233_4,Causal Reasoning,Why do the rectangular characters arm themselves?,"['Because they are excited to see the rabbit-like figure.', 'Because the rabbit-like figure has glowing eyes and a menacing demeanor.', 'Because they want to celebrate with the rabbit-like figure.', 'Because they see another group approaching.']",Because the rabbit-like figure has glowing eyes and a menacing demeanor.,B,B) Because the rabbit-like figure has glowing eyes and a menacing demeanor.,B,100.0,281.0,282,377,1.0,False,1591,55272,0.0288,1960,10,15000,0,64,1
Real-Time_Visual_Understanding__sample_233,Real-Time Visual Understanding_sample_233_5,Causal Reasoning,Why does the rabbit break through the wall to escape?,"['Because the rabbit wants to catch a thief.', 'Because the rabbit is afraid of a predator.', 'Because the rabbit wants to retrieve the advertisement.', 'Because the rabbit is inspired by the advertisement for new shoes.']",Because the rabbit is inspired by the advertisement for new shoes.,D,D) Because the rabbit is inspired by the advertisement for new shoes.,D,100.0,376.0,377,377,1.0,False,2204,73892,0.0298,2744,14,15000,0,64,1
Real-Time_Visual_Understanding__sample_234,Real-Time Visual Understanding_sample_234_1,Causal Reasoning,Why is Mr. Bean scolded by the older woman?,"['Because he was making too much noise.', 'Because he was late.', 'Because he was shining a flashlight at the teddy bear.', 'Because he was not paying attention.']",Because he was making too much noise.,A,C) Because he was shining a flashlight at the teddy bear.,C,0.0,27.0,28,517,1.0,False,381,5488,0.0694,392,2,15000,0,64,1
Real-Time_Visual_Understanding__sample_234,Real-Time Visual Understanding_sample_234_2,Causal Reasoning,Why does the character place the cheese on a plate?,"['Because he plans to make a sandwich with the cheese.', 'Because his refrigerator is empty except for a piece of vegetable.', 'Because he thinks the cheese will taste better at room temperature.', 'Because the character organizes the fridge.']",Because his refrigerator is empty except for a piece of vegetable.,B,B) Because his refrigerator is empty except for a piece of vegetable.,B,100.0,155.0,156,517,1.0,False,1191,30576,0.039,1372,7,15000,0,64,1
Real-Time_Visual_Understanding__sample_234,Real-Time Visual Understanding_sample_234_3,Causal Reasoning,Why does the man successfully retrieve the bottle from the top shelf?,"['Because he uses his shopping cart for support.', 'Because he asks for assistance from a store employee.', 'Because he finds a step stool to reach the bottle.', 'Because he uses a long tool to knock the bottle down.']",Because he uses his shopping cart for support.,A,A) Because he uses his shopping cart for support.,A,100.0,264.0,265,517,1.0,False,1705,51940,0.0328,1960,10,15000,0,64,1
Real-Time_Visual_Understanding__sample_234,Real-Time Visual Understanding_sample_234_4,Causal Reasoning,Why Mr. Bean is very shocked.,"['Because his own pie just fell to the floor.', 'Because the opponent did a magic trick with the pie.', 'Because the pie suddenly exploded when the opponent touched it.', 'Because the opponent finished the pie in one go.']",Because the opponent finished the pie in one go.,D,C) Because the pie suddenly exploded when the opponent touched it.,C,0.0,400.0,401,517,1.0,False,2644,78596,0.0336,2940,15,15000,0,64,1
Real-Time_Visual_Understanding__sample_234,Real-Time Visual Understanding_sample_234_5,Causal Reasoning,Why does Mr. Bean look tired or exhausted?,"['Because he had to run around the supermarket to find items.', 'Because he lost the competition in the supermarket.', 'Because he stayed up all night preparing for the competition.', 'Because he had to carry heavy bags out of the supermarket.']",Because he lost the competition in the supermarket.,B,B) Because he lost the competition in the supermarket.,B,100.0,516.0,517,517,1.0,False,3312,101332,0.0327,3724,19,15000,0,64,1
Real-Time_Visual_Understanding__sample_235,Real-Time Visual Understanding_sample_235_1,Causal Reasoning,Why can thieves enter the room without being detected?,"['Because the security system is broken.', 'Because the masters have all fallen asleep.', 'Because the door was accidentally left unlocked.', 'Because the thieves are using a special device to stay silent.']",Because the masters have all fallen asleep.,B,D) Because the thieves are using a special device to stay silent.,D,0.0,124.0,125,499,1.0,False,853,24500,0.0348,980,5,15000,0,64,1
Real-Time_Visual_Understanding__sample_235,Real-Time Visual Understanding_sample_235_2,Causal Reasoning,Why does this cat glare viciously at the person in black?,"[""Because the person in black took away the cat's favorite toy."", ""Because the person in black is blocking the cat's path."", 'Because the man in black just stepped on this cat.', 'Because the person in black made a loud noise that startled the cat.']",Because the man in black just stepped on this cat.,C,D) Because the person in black made a loud noise that startled the cat.,D,0.0,143.0,144,499,1.0,False,935,28224,0.0331,1176,6,15000,0,64,1
Real-Time_Visual_Understanding__sample_235,Real-Time Visual Understanding_sample_235_3,Causal Reasoning,Why does the person start searching through his wardrobe?,"['Because he wants to clean his room.', 'Because he is checking if he has lost anything.', 'Because he is preparing to leave the house.', 'Because he cannot find his wallet.']",Because he is checking if he has lost anything.,B,B) Because he is checking if he has lost anything.,B,100.0,247.0,248,499,1.0,False,1421,48608,0.0292,1764,9,15000,0,64,1
Real-Time_Visual_Understanding__sample_235,Real-Time Visual Understanding_sample_235_4,Causal Reasoning,Why does the man offer his underwear to the woman as a replacement bag?,"['Because the woman forgot to bring her shopping bag.', 'Because the man is trying to make the woman laugh with a joke.', ""Because the lady's shopping bag is torn."", 'Because the woman mentioned she needed something to carry her things in.']",Because the lady's shopping bag is torn.,C,B) Because the man is trying to make the woman laugh with a joke.,B,0.0,360.0,361,499,1.0,False,2095,70756,0.0296,2548,13,15000,0,64,1
Real-Time_Visual_Understanding__sample_235,Real-Time Visual Understanding_sample_235_5,Causal Reasoning,Why does the character hide behind structures on the roof?,"['Because he heard a loud noise and got scared.', 'Because he noticed a helicopter approaching and wanted to stay hidden.', 'Because the thief in black clothes spotted him and chased after him.', 'Because he saw the roof starting to collapse and needed to find safety.']",Because the thief in black clothes spotted him and chased after him.,C,D) Because he saw the roof starting to collapse and needed to find safety.,D,0.0,498.0,499,499,1.0,False,2816,97804,0.0288,3332,17,15000,0,64,1
Real-Time_Visual_Understanding__sample_236,Real-Time Visual Understanding_sample_236_1,Causal Reasoning,Why did the old lady fall?,"['Because she stepped on a toy racing car on the ground.', 'Because she tripped over a loose rug in the hallway.', 'Because she missed a step while walking down the stairs.', 'Because she lost her balance while reaching for something on a high shelf.']",Because she stepped on a toy racing car on the ground.,A,A) Because she stepped on a toy racing car on the ground.,A,100.0,66.0,67,504,1.0,False,504,13132,0.0384,588,3,15000,0,64,1
Real-Time_Visual_Understanding__sample_236,Real-Time Visual Understanding_sample_236_2,Causal Reasoning,Why is the old lady lying in the hospital bed now?,"['Because she stepped on a toy car and fell down before.', 'Because she had a sudden illness and needed immediate medical attention.', 'Because she was involved in a minor car accident.', 'Because she fainted from low blood pressure while shopping.']",Because she stepped on a toy car and fell down before.,A,B) Because she had a sudden illness and needed immediate medical attention.,B,0.0,129.0,130,504,1.0,False,646,25480,0.0254,784,4,15000,0,64,1
Real-Time_Visual_Understanding__sample_236,Real-Time Visual Understanding_sample_236_3,Causal Reasoning,Why is the floor of this room completely covered with water now?,"['Because a pipe burst under the sink.', 'Because the faucet was left on, the water overflowed.', 'Because someone accidentally spilled a large container of water.', 'Because the washing machine malfunctioned and leaked.']","Because the faucet was left on, the water overflowed.",B,"B) Because the faucet was left on, the water overflowed.",B,100.0,275.0,276,504,1.0,False,1326,54096,0.0245,1568,8,15000,0,64,1
Real-Time_Visual_Understanding__sample_236,Real-Time Visual Understanding_sample_236_4,Causal Reasoning,Why does Mr. Bean hit the table with a mop?,"['Because he wants to catch that cat.', 'Because he is trying to kill a bug crawling on the table.', 'Because he accidentally spilled something and is trying to clean it up.', 'Because he is frustrated and taking out his anger on the table.']",Because he wants to catch that cat.,A,D) Because he is frustrated and taking out his anger on the table.,D,0.0,390.0,391,504,1.0,False,1852,76636,0.0242,2156,11,15000,0,64,1
Real-Time_Visual_Understanding__sample_236,Real-Time Visual Understanding_sample_236_5,Causal Reasoning,Why did the character saw a piece of wood?,"['Because the character needed firewood for the fireplace.', 'As materials for a convertible sofa.', 'Because the character was building a new shelf for the kitchen.', 'Because the character wanted to repair a broken chair.']",As materials for a convertible sofa.,B,C) Because the character was building a new shelf for the kitchen.,C,0.0,503.0,504,504,1.0,False,2266,98784,0.0229,2744,14,15000,0,64,1
Real-Time_Visual_Understanding__sample_237,Real-Time Visual Understanding_sample_237_1,Causal Reasoning,Why is Mr. Bean constantly posing right now?,"['Because he is trying to practice his modeling skills.', 'Because he is preparing for a photo shoot.', 'Because he is showing off his new outfit in front of a mirror.', 'Because he is imitating the characters on the television.']",Because he is imitating the characters on the television.,D,A) Because he is trying to practice his modeling skills.,A,0.0,64.0,65,526,1.0,False,552,12740,0.0433,588,3,15000,0,64,1
Real-Time_Visual_Understanding__sample_237,Real-Time Visual Understanding_sample_237_2,Causal Reasoning,Why does the bed get pulled out through the window?,"['Because the man ties the rope to the bed.', 'Because the bed is on wheels.', 'Because the window is too large.', 'Because the bed is not secured properly to the floor.']",Because the man ties the rope to the bed.,A,A) Because the man ties the rope to the bed.,A,100.0,154.0,155,526,1.0,False,1079,30380,0.0355,1176,6,15000,0,64,1
Real-Time_Visual_Understanding__sample_237,Real-Time Visual Understanding_sample_237_3,Causal Reasoning,Why does the Mr. Bean peer through the door's mail slot or window?,"['Because he lost his keys and is trying to see if anyone is home.', 'Because he heard a strange noise and wants to check what it is.', 'Because he wanted to observe the activities of the four people outside.', 'Because he is waiting for an important package to be delivered.']",Because he wanted to observe the activities of the four people outside.,C,D) Because he is waiting for an important package to be delivered.,D,0.0,268.0,269,526,1.0,False,1712,52724,0.0325,1960,10,15000,0,64,1
Real-Time_Visual_Understanding__sample_237,Real-Time Visual Understanding_sample_237_4,Causal Reasoning,Why does Mr.Bean drop their coat and bag?,"['Because he realized he grabbed the wrong coat and bag.', 'Because he was startled by a sudden loud noise.', 'Because his disguise mission has ended.', 'Because he spotted someone he knows and wanted to quickly greet them.']",Because his disguise mission has ended.,C,A) Because he realized he grabbed the wrong coat and bag.,A,0.0,387.0,388,526,1.0,False,2264,76048,0.0298,2548,13,15000,0,64,1
Real-Time_Visual_Understanding__sample_237,Real-Time Visual Understanding_sample_237_5,Causal Reasoning,Why does the police officer react and possibly make a call for backup or additional assistance?,"['Because the police officer needs to record the event.', 'Because the police officer needs to clock off for the day.', 'Because the police officer believes the photographs show a potential crime.', 'Because the police officer wants to review the photos later.']",Because the police officer believes the photographs show a potential crime.,C,C) Because the police officer believes the photographs show a potential crime.,C,100.0,525.0,526,526,1.0,False,3053,103096,0.0296,3528,18,15000,0,64,1
Real-Time_Visual_Understanding__sample_238,Real-Time Visual Understanding_sample_238_1,Causal Reasoning,Why are they two people shaking hands now?,"['Because they just reached an important business agreement.', 'Because they appeared together in a photo when they were young.', 'Because they are meeting for the first time after many years.', 'Because they are congratulating each other on a job well done.']",Because they appeared together in a photo when they were young.,B,C) Because they are meeting for the first time after many years.,C,0.0,117.0,118,618,1.0,False,1317,23128,0.0569,1372,7,15000,0,64,1
Real-Time_Visual_Understanding__sample_238,Real-Time Visual Understanding_sample_238_2,Causal Reasoning,Why is Mr. Bean very angry now?,"['Because another person ate all the food in the refrigerator.', 'Because someone spilled a drink on his favorite chair.', 'Because his television stopped working during his favorite show.', 'Because he just realized he lost his wallet.']",Because another person ate all the food in the refrigerator.,A,A) Because another person ate all the food in the refrigerator.,A,100.0,180.0,181,618,1.0,False,1736,35476,0.0489,1960,10,15000,0,64,1
Real-Time_Visual_Understanding__sample_238,Real-Time Visual Understanding_sample_238_3,Causal Reasoning,Why does the person in the smaller bed become annoyed and awake?,"['Because the person with a larger build speaks loudly.', 'Because the snoring sound from sleeping on the ground is too loud.', 'Because the person in the smaller bed has a nightmare.', 'Because a noise from outside wakes them up.']",Because the snoring sound from sleeping on the ground is too loud.,B,D) Because a noise from outside wakes them up.,D,0.0,268.0,269,618,1.0,False,2366,52724,0.0449,2744,14,15000,0,64,1
Real-Time_Visual_Understanding__sample_238,Real-Time Visual Understanding_sample_238_4,Causal Reasoning,Why is Mr. Bean very angry now?,"['Because someone borrowed his car without asking.', 'Because another person also ate the ice cream that belonged to Mr. Bean.', 'Because his favorite TV show was canceled.', 'Because his favorite shirt got ruined in the wash.']",Because another person also ate the ice cream that belonged to Mr. Bean.,B,B) Because another person also ate the ice cream that belonged to Mr. Bean,B,100.0,402.0,403,618,1.0,False,3262,78988,0.0413,3724,19,15000,0,64,1
Real-Time_Visual_Understanding__sample_238,Real-Time Visual Understanding_sample_238_5,Causal Reasoning,Why does Mr. Bean want to escape?,"['Because he accidentally broke something in the store.', ""Because he doesn't want to pay the bill."", 'Because he saw someone he is trying to avoid.', 'Because he is late for an important appointment.']",Because he doesn't want to pay the bill.,B,C) Because he saw someone he is trying to avoid.,C,0.0,617.0,618,618,1.0,False,4813,121128,0.0397,5292,27,15000,0,64,1
Real-Time_Visual_Understanding__sample_239,Real-Time Visual Understanding_sample_239_1,Causal Reasoning,Why did Mr. Bean turn off the TV?,"['Because he thought the show was too boring.', 'Because he wanted to save electricity.', 'Because he was afraid that the news about the theft of teddy bears on TV would scare his own teddy bear.', 'Because he heard a noise outside and wanted to investigate.']",Because he was afraid that the news about the theft of teddy bears on TV would scare his own teddy bear.,C,C) Because he was afraid that the news about the theft of teddy bears,C,100.0,51.0,52,549,1.0,False,784,10192,0.0769,784,4,15000,0,64,1
Real-Time_Visual_Understanding__sample_239,Real-Time Visual Understanding_sample_239_2,Causal Reasoning,Why Mr. Bean is shocked now.,"['Because he found that his little bear doll was missing.', 'Because he just realized his wallet is missing.', 'Because he saw something unexpected on TV.', 'Because someone knocked on his door unexpectedly.']",Because he found that his little bear doll was missing.,A,A) Because he found that his little bear doll was missing.,A,100.0,165.0,166,549,1.0,False,1829,32536,0.0562,1960,10,15000,0,64,1
Real-Time_Visual_Understanding__sample_239,Real-Time Visual Understanding_sample_239_3,Causal Reasoning,Why is Mr. Bean unhappy now?,"['Because his favorite TV show was canceled.', 'Because he found that his teddy bear doll had changed its appearance.', 'Because he lost an important document.', 'Because he was unable to fix a broken appliance.']",Because he found that his teddy bear doll had changed its appearance.,B,B) Because he found that his teddy bear doll had changed its appearance.,B,100.0,291.0,292,549,1.0,False,2808,57232,0.0491,2940,15,15000,0,64,1
Real-Time_Visual_Understanding__sample_239,Real-Time Visual Understanding_sample_239_4,Causal Reasoning,Why does Mr. Bean decide to put up missing posters for his teddy bear?,"['Because he thought someone might have stolen his teddy bear.', 'Because he wanted to warn others about a possible teddy bear thief.', 'Because he realized the teddy bear he found earlier was not his original teddy bear.', 'Because he believed his teddy bear had run away and needed help finding it.']",Because he realized the teddy bear he found earlier was not his original teddy bear.,C,D) Because he believed his teddy bear had run away and needed help finding,D,0.0,407.0,408,549,1.0,False,3684,79968,0.0461,3920,20,15000,0,64,1
Real-Time_Visual_Understanding__sample_239,Real-Time Visual Understanding_sample_239_5,Causal Reasoning,Why does the purple bunny character decide to chase Mr. Bean?,"['Because Mr. Bean took away all of their dolls.', ""Because Mr. Bean made fun of the bunny's appearance."", ""Because Mr. Bean accidentally stepped on the bunny's foot."", ""Because Mr. Bean broke the bunny's favorite toy.""]",Because Mr. Bean took away all of their dolls.,A,D) Because Mr. Bean broke the bunny's favorite toy.,D,0.0,548.0,549,549,1.0,False,5011,107604,0.0466,5292,27,15000,0,64,1
Real-Time_Visual_Understanding__sample_240,Real-Time Visual Understanding_sample_240_1,Causal Reasoning,Where does this letter on the ground come from?,"['It was delivered by the postman earlier.', ""It fell out of someone's pocket as they walked by."", 'It was dropped by a courier who was in a hurry.', 'Mr. Bean just stuffed it in.']",Mr. Bean just stuffed it in.,D,D) Mr. Bean just stuffed it in.,D,100.0,39.0,40,516,1.0,False,766,7840,0.0977,784,4,15000,0,64,1
Real-Time_Visual_Understanding__sample_240,Real-Time Visual Understanding_sample_240_2,Causal Reasoning,Why does Mr. Bean's sitting figure react with confusion or surprise?,"['Because Mr. Bean interacts with the TV remote.', 'Because Mr. Bean gets distracted by a phone call.', 'Because the TV suddenly turns off.', 'Because Mr. Bean falls asleep while watching TV.']",Because Mr. Bean interacts with the TV remote.,A,A) Because Mr. Bean interacts with the TV remote.,A,100.0,149.0,150,516,1.0,False,1789,29400,0.0609,1960,10,15000,0,64,1
Real-Time_Visual_Understanding__sample_240,Real-Time Visual Understanding_sample_240_3,Causal Reasoning,Why does the wall have green patterns painted on it?,"['Because the wall was decorated with a stencil and green spray paint.', 'Because the man accidentally spilled green paint while working on a project.', 'Because the man applied green paint using a teddy bear attached to a stick.', 'Because the wall was originally green, and someone tried to cover it up but failed.']",Because the man applied green paint using a teddy bear attached to a stick.,C,C) Because the man applied green paint using a teddy bear attached to a,C,100.0,277.0,278,516,1.0,False,2569,54488,0.0471,2744,14,15000,0,64,1
Real-Time_Visual_Understanding__sample_240,Real-Time Visual Understanding_sample_240_4,Causal Reasoning,Why does the person with multiple cameras leave the room?,"['Because the person with cameras needed to recharge their equipment.', 'Because the person with cameras had an urgent phone call.', 'Because he has finished taking the photos.', 'Because the person with cameras spotted something interesting in the other room.']",Because he has finished taking the photos.,C,A) Because the person with cameras needed to recharge their equipment.,A,0.0,394.0,395,516,1.0,False,3275,77420,0.0423,3528,18,15000,0,64,1
Real-Time_Visual_Understanding__sample_240,Real-Time Visual Understanding_sample_240_5,Causal Reasoning,Why is the queenly figure angry right now?,"['Because someone accidentally spilled tea on her dress.', 'Because her crown was knocked off by a gust of wind.', 'Because the Mr.bean pushing the broom past her face.', 'Because Mr. Bean interrupted her speech with loud noises.']",Because the Mr.bean pushing the broom past her face.,C,C) Because the Mr.Bean pushing the broom past her face.,C,100.0,515.0,516,516,1.0,False,4001,101136,0.0396,4312,22,15000,0,64,1
Real-Time_Visual_Understanding__sample_241,Real-Time Visual Understanding_sample_241_1,Causal Reasoning,Why Mr. Bean was previously flipping through boxes?,"['Because he was looking for his lost keys.', 'Because he is looking for his green little hat.', 'Because he was organizing old photographs.', 'Because he wanted to find his shopping list.']",Because he is looking for his green little hat.,B,B) Because he is looking for his green little hat.,B,100.0,126.0,127,594,1.0,False,1205,24892,0.0484,1372,7,15000,0,64,1
Real-Time_Visual_Understanding__sample_241,Real-Time Visual Understanding_sample_241_2,Causal Reasoning,Why did the character create a large number of sandwiches?,"['Because the character is preparing for a big party.', 'Because the character plans to donate them to a local shelter.', 'Because the character intends to go camping.', 'Because the character wants to start a small sandwich business.']",Because the character intends to go camping.,C,C) Because the character intends to go camping.,C,100.0,222.0,223,594,1.0,False,1914,43708,0.0438,2156,11,15000,0,64,1
Real-Time_Visual_Understanding__sample_241,Real-Time Visual Understanding_sample_241_3,Causal Reasoning,Why does the other character pick up the green cap left on the chair?,"['Because the green cap looked like it was expensive.', 'Because Mr. Bean accidentally left this green hat on the chair just now.', 'Because the other character needed a cap to shield from the sun.', ""Because the green cap matches the other character's outfit.""]",Because Mr. Bean accidentally left this green hat on the chair just now.,B,B) Because Mr. Bean accidentally left this green hat on the chair just now,B,100.0,290.0,291,594,1.0,False,2311,57036,0.0405,2744,14,15000,0,64,1
Real-Time_Visual_Understanding__sample_241,Real-Time Visual Understanding_sample_241_4,Causal Reasoning,Why would Mr. Bean buy the things being towed behind his car?,"['Because the items were on sale at a huge discount.', 'Because he only had five yuan on him at that time.', 'Because he thought they would be fun to use later.', 'Because he needed them for a project he was working on.']",Because he only had five yuan on him at that time.,B,D) Because he needed them for a project he was working on.,D,0.0,409.0,410,594,1.0,False,3102,80360,0.0386,3724,19,15000,0,64,1
Real-Time_Visual_Understanding__sample_241,Real-Time Visual Understanding_sample_241_5,Causal Reasoning,Why did Mr. Bean just feed this dog with a sandwich?,"['Because Mr. Bean felt sorry for the hungry dog.', 'Because Mr. Bean had extra sandwiches to spare.', 'Because Mr. Bean wanted to make friends with the dog.', 'Because Mr. Bean wants to trick this dog into the house.']",Because Mr. Bean wants to trick this dog into the house.,D,D) Because Mr. Bean wants to trick this dog into the house.,D,100.0,593.0,594,594,1.0,False,4262,116424,0.0366,4900,25,15000,0,64,1
Real-Time_Visual_Understanding__sample_242,Real-Time Visual Understanding_sample_242_2,Causal Reasoning,Why does Mr.Bean climb the tree?,"['Because Mr.Bean wants to retrieve the toy stuck in the tree.', 'Because Mr.Bean wants to collect leaves from the tree.', 'Because Mr.Bean wants a better view from the top of the tree.', 'Because Mr.Bean is practicing climbing skills.']",Because Mr.Bean wants to retrieve the toy stuck in the tree.,A,A) Because Mr Bean wants to retrieve the toy stuck in the tree.,A,100.0,144.0,145,646,1.0,False,1512,28420,0.0532,1568,8,15000,0,64,1
Real-Time_Visual_Understanding__sample_242,Real-Time Visual Understanding_sample_242_3,Causal Reasoning,Why are the books stacked on the floor?,"['Because there was no more space on the shelves.', 'As a step for the bird to walk down from the table.', 'Because the books were being sorted for donation.', 'Because they were recently used and not yet put away.']",As a step for the bird to walk down from the table.,B,D) Because they were recently used and not yet put away.,D,0.0,253.0,254,646,1.0,False,2223,49784,0.0447,2352,12,15000,0,64,1
Real-Time_Visual_Understanding__sample_242,Real-Time Visual Understanding_sample_242_4,Causal Reasoning,Why does the bird fly out of the window with an item?,"['Because the bird is building a nest and needs materials.', 'Because the bird is curious and wants to explore outside.', 'Because the bird is attracted to shiny objects.', 'Because this item is very precious, the bird wants to steal it away.']","Because this item is very precious, the bird wants to steal it away.",D,"D) Because this item is very precious, the bird wants to steal it away",D,100.0,413.0,414,646,1.0,False,3282,81144,0.0404,3528,18,15000,0,64,1
Real-Time_Visual_Understanding__sample_242,Real-Time Visual Understanding_sample_242_5,Causal Reasoning,Where did Mr. Bean get all this gold from?,"['Mr. Bean won it in a lottery.', 'Mr. Bean found it buried in his backyard.', ""The bird kept by Mr. Bean stole from the old lady's house."", 'Mr. Bean inherited it from a distant relative.']",The bird kept by Mr. Bean stole from the old lady's house.,C,C) The bird kept by Mr. Bean stole from the old lady's house,C,100.0,487.0,488,646,1.0,False,3729,95648,0.039,4116,21,15000,0,64,1
Real-Time_Visual_Understanding__sample_242,Real-Time Visual Understanding_sample_242_1,Causal Reasoning,Why is the teddy bear seen flying in the toy plane in the sky?,"['Because someone threw the teddy bear.', 'Because the wind carried the teddy bear.', 'Because Mr. Bean uses a remote control to operate the toy plane.', 'Because the teddy bear has wings.']",Because Mr. Bean uses a remote control to operate the toy plane.,C,C) Because Mr. Bean uses a remote control to operate the toy plane.,C,100.0,1440.0,646,646,1.0,True,4678,126616,0.0369,5096,26,15000,0,64,1
Real-Time_Visual_Understanding__sample_243,Real-Time Visual Understanding_sample_243_1,Causal Reasoning,Why are the two fries in the plate in front of the teddy bear gone?,"['Because Mr. Bean ate it.', 'Because the teddy bear knocked them off the plate.', 'Because the fries were moved to another plate.', 'Because the fries were given to a passing bird.']",Because Mr. Bean ate it.,A,A) Because Mr. Bean ate it.,A,100.0,106.0,107,544,1.0,False,1293,20972,0.0617,1372,7,15000,0,64,1
Real-Time_Visual_Understanding__sample_243,Real-Time Visual Understanding_sample_243_2,Causal Reasoning,Why Mr. Bean was just flipping the sofa.,"['Because Mr. Bean was looking for loose change.', 'Because Mr. Bean wanted to clean underneath the sofa.', 'Because the remote control fell into the gap of the sofa.', 'Because Mr. Bean thought something valuable was hidden inside.']",Because the remote control fell into the gap of the sofa.,C,C) Because the remote control fell into the gap of the sofa.,C,100.0,132.0,133,544,1.0,False,1507,26068,0.0578,1764,9,15000,0,64,1
Real-Time_Visual_Understanding__sample_243,Real-Time Visual Understanding_sample_243_3,Causal Reasoning,Why Mr. Bean is watching a sofa advertisement.,"['Because Mr. Bean is curious about the latest furniture trends.', 'Because Mr. Bean is helping a friend choose a new sofa.', ""Because Mr. Bean's sofa is broken, he wants to buy a new one."", 'Because Mr. Bean enjoys watching TV commercials.']","Because Mr. Bean's sofa is broken, he wants to buy a new one.",C,A) Because Mr. Bean is curious about the latest furniture trends.,A,0.0,203.0,204,544,1.0,False,1987,39984,0.0497,2352,12,15000,0,64,1
Real-Time_Visual_Understanding__sample_243,Real-Time Visual Understanding_sample_243_4,Causal Reasoning,Why does the character take the teddy bear from the girl and give her money in exchange?,"['Because the teddy bear is a rare collectible that Mr. Bean wants to keep.', 'Because Mr. Bean needs the teddy bear for a special project.', 'Because Mr. Bean is selling things to pay off the money to buy a sofa.', 'Because the girl insisted on having the money instead of the teddy bear.']",Because Mr. Bean is selling things to pay off the money to buy a sofa.,C,D) Because the girl insisted on having the money instead of the teddy bear,D,0.0,394.0,395,544,1.0,False,3474,77420,0.0449,3920,20,15000,0,64,1
Real-Time_Visual_Understanding__sample_243,Real-Time Visual Understanding_sample_243_5,Causal Reasoning,Why did Mr. Bean drive back to the sofa shop again?,"['Because his TV remote control fell into the old sofa.', 'Because he realized he forgot to measure the space for the new sofa.', 'Because he wanted to exchange the sofa for a different color.', 'Because he left his wallet at the shop earlier.']",Because his TV remote control fell into the old sofa.,A,B) Because he realized he forgot to measure the space for the new sofa.,B,0.0,543.0,544,544,1.0,False,4389,106624,0.0412,4900,25,15000,0,64,1
Real-Time_Visual_Understanding__sample_244,Real-Time Visual Understanding_sample_244_1,Causal Reasoning,Why is the character startled?,"['Because the character is afraid of the dark.', 'Because the character finds the teddy bear.', 'Because a person enters the scene unexpectedly.', 'Because the flashlight stops working.']",Because a person enters the scene unexpectedly.,C,C) Because a person enters the scene unexpectedly.,C,100.0,11.0,12,530,1.0,False,331,2352,0.1407,392,2,15000,0,64,1
Real-Time_Visual_Understanding__sample_244,Real-Time Visual Understanding_sample_244_2,Causal Reasoning,Why is Mr. Bean holding two iron pots in his hands?,"['Because Mr. Bean is preparing to cook a meal.', 'Because Mr. Bean was trying to catch a mouse.', 'Because Mr. Bean wanted to wake up the old lady who was sleepwalking onto his bed.', 'Because Mr. Bean thought they would make a funny noise.']",Because Mr. Bean wanted to wake up the old lady who was sleepwalking onto his bed.,C,C) Because Mr. Bean wanted to wake up the old lady who was sleep,C,100.0,151.0,152,530,1.0,False,1293,29792,0.0434,1372,7,15000,0,64,1
Real-Time_Visual_Understanding__sample_244,Real-Time Visual Understanding_sample_244_3,Causal Reasoning,Why does the person enter the building to inquire about rooms for rent?,"['Because he is looking for a place closer to his workplace.', 'Because he needs a temporary place to stay while his house is being renovated.', 'Because the person have no money.', 'Because he was evicted by his previous landlord.']",Because he was evicted by his previous landlord.,D,B) Because he needs a temporary place to stay while his house is being renovated,B,0.0,273.0,274,530,1.0,False,2007,53704,0.0374,2156,11,15000,0,64,1
Real-Time_Visual_Understanding__sample_244,Real-Time Visual Understanding_sample_244_4,Causal Reasoning,Why do landlords now take the money and run away?,"['Because they are in a hurry and promise to return later.', 'Because she is a fraud, the house is fake.', ""Because they misunderstood and thought the tenant didn't need a receipt."", 'Because they were threatened by someone and had to leave quickly.']","Because she is a fraud, the house is fake.",B,D) Because they were threatened by someone and had to leave quickly.,D,0.0,406.0,407,530,1.0,False,2946,79772,0.0369,3136,16,15000,0,64,1
Real-Time_Visual_Understanding__sample_244,Real-Time Visual Understanding_sample_244_5,Causal Reasoning,Who is the person in the video now?,"[""It's Mr. Bean's twin brother."", ""It's a character from a different show."", ""It's a lookalike impersonating Mr. Bean."", ""It's Mr. Bean in disguise.""]",It's Mr. Bean in disguise.,D,D) It's Mr. Bean in disguise.,D,100.0,529.0,530,530,1.0,False,3704,103880,0.0357,3920,20,15000,0,64,1
Real-Time_Visual_Understanding__sample_245,Real-Time Visual Understanding_sample_245_1,Causal Reasoning,Why did the elderly woman step off the bus with a tray of tea?,"['To serve tea to the bus driver during his break.', 'To offer refreshments to passengers waiting at the bus stop.', 'To deliver food to the elderly lady in a pink dress who has a foot injury.', 'To serve tea to passengers waiting at the bus stop.']",To deliver food to the elderly lady in a pink dress who has a foot injury.,C,D) To serve tea to passengers waiting at the bus stop.,D,0.0,21.0,22,557,1.0,False,529,4312,0.1227,588,3,15000,0,64,1
Real-Time_Visual_Understanding__sample_245,Real-Time Visual Understanding_sample_245_2,Causal Reasoning,Why is Mr. Bean in the hospital ward?,"['Because he is visiting a friend who is a patient.', 'Because this is his fantasy.', 'Because he mistakenly walked into the wrong building.', 'Because he is participating in a medical study.']",Because this is his fantasy.,B,C) Because he mistakenly walked into the wrong building.,C,0.0,149.0,150,557,1.0,False,1445,29400,0.0491,1568,8,15000,0,64,1
Real-Time_Visual_Understanding__sample_245,Real-Time Visual Understanding_sample_245_3,Causal Reasoning,Why does the character try to manipulate the thermometer reading?,"['To pretend to be sick.', 'To make the nurse angry.', 'To make the nurse laugh.', 'To test the accuracy of the thermometer.']",To pretend to be sick.,A,D) To test the accuracy of the thermometer.,D,0.0,287.0,288,557,1.0,False,2183,56448,0.0387,2352,12,15000,0,64,1
Real-Time_Visual_Understanding__sample_245,Real-Time Visual Understanding_sample_245_4,Causal Reasoning,Why is the patient prepped for surgery?,"['Because Mr. Bean tampered with the check, making himself appear very unhealthy.', 'Because the patient requested the surgery as a precaution.', ""Because the doctor misread the patient's medical chart."", 'Because the patient was mistakenly identified as someone else.']","Because Mr. Bean tampered with the check, making himself appear very unhealthy.",A,"A) Because Mr. Bean tampered with the check, making himself appear very",A,100.0,423.0,424,557,1.0,False,3134,83104,0.0377,3332,17,15000,0,64,1
Real-Time_Visual_Understanding__sample_245,Real-Time Visual Understanding_sample_245_5,Causal Reasoning,Why do the babies start crying?,"['Because they are hungry.', 'Because they need a diaper change.', 'Because the person in the wheelchair enters the room.', 'Because they are tired.']",Because the person in the wheelchair enters the room.,C,C) Because the person in the wheelchair enters the room.,C,100.0,556.0,557,557,1.0,False,4192,109172,0.0384,4508,23,15000,0,64,1
Real-Time_Visual_Understanding__sample_246,Real-Time Visual Understanding_sample_246_1,Causal Reasoning,Why does the character cuddle the teddy bear and smile in bed?,"['Because the character is preparing for bedtime.', 'Because the character is trying to send a message.', 'Because the character feels comforted by the teddy bear.', 'Because the character is participating in a game.']",Because the character feels comforted by the teddy bear.,C,C) Because the character feels comforted by the teddy bear.,C,100.0,30.0,31,551,1.0,False,627,6076,0.1032,784,4,15000,0,64,1
Real-Time_Visual_Understanding__sample_246,Real-Time Visual Understanding_sample_246_2,Causal Reasoning,Why does Mr. Bean become disturbed?,"['Because the worker is whistling loudly.', 'Because the worker is using a jackhammer.', 'Because the worker is throwing tools around.', 'Because the worker is shouting instructions.']",Because the worker is using a jackhammer.,B,B) Because the worker is using a jackhammer.,B,100.0,145.0,146,551,1.0,False,1414,28616,0.0494,1764,9,15000,0,64,1
Real-Time_Visual_Understanding__sample_246,Real-Time Visual Understanding_sample_246_3,Causal Reasoning,Why does the person adjust a lever and press a red button on the machine?,"['Because the person wants to power up the machine.', 'Because the person needs to deflate the tent.', 'Because the person wants to shut down the machine.', ""Because the person is testing the lever's mechanism.""]",Because the person wants to power up the machine.,A,D) Because the person is testing the lever's mechanism.,D,0.0,275.0,276,551,1.0,False,2288,54096,0.0423,2744,14,15000,0,64,1
Real-Time_Visual_Understanding__sample_246,Real-Time Visual Understanding_sample_246_4,Causal Reasoning,Why is there an abundance of egg cartons and eggs causing clutter in the house?,"['Because the man in the red hat operates heavy machinery.', 'Because someone is baking a large number of cakes.', 'Because a delivery of eggs made a mistake.', 'Because the family is preparing for a party.']",Because the man in the red hat operates heavy machinery.,A,C) Because a delivery of eggs made a mistake.,C,0.0,423.0,424,551,1.0,False,3242,83104,0.039,3724,19,15000,0,64,1
Real-Time_Visual_Understanding__sample_246,Real-Time Visual Understanding_sample_246_5,Causal Reasoning,Why do the workers outside notice an issue with the pipeline?,"['Because there was a scheduled maintenance check.', 'Because the pipeline was leaking due to wear and tear.', 'Because overheating cooking supplies produced smoke.', 'Because the workers were alerted by a loud noise.']",Because overheating cooking supplies produced smoke.,C,C) Because overheating cooking supplies produced smoke.,C,100.0,550.0,551,551,1.0,False,4096,107996,0.0379,4704,24,15000,0,64,1
Real-Time_Visual_Understanding__sample_247,Real-Time Visual Understanding_sample_247_1,Causal Reasoning,Why does the older woman appear annoyed or angry?,"['Because the character shouted loudly.', 'Because the character knocked on the door.', 'Because the character broke something.', 'Because the character disturbed her.']",Because the character disturbed her.,D,D) Because the character disturbed her.,D,100.0,26.0,27,516,1.0,False,360,5292,0.068,392,2,15000,0,64,1
Real-Time_Visual_Understanding__sample_247,Real-Time Visual Understanding_sample_247_2,Causal Reasoning,Why does the man in the dirty car wave a money?,"['Because he wanted Mr. Bean to help him wash his car.', 'Because he was offering to buy something from Mr. Bean.', 'Because he wanted to pay Mr. Bean for directions.', 'Because he was asking Mr. Bean for change.']",Because he wanted Mr. Bean to help him wash his car.,A,D) Because he was asking Mr. Bean for change.,D,0.0,152.0,153,516,1.0,False,873,29988,0.0291,980,5,15000,0,64,1
Real-Time_Visual_Understanding__sample_247,Real-Time Visual Understanding_sample_247_3,Causal Reasoning,Why does the person start pedaling the bicycle?,"['Because the person wants to generate electricity for a nearby device.', 'Because the person is testing the bicycle for a friend.', 'Because riding a bicycle can start the car wash machine.', 'Because the person needs to warm up before a race.']",Because riding a bicycle can start the car wash machine.,C,C) Because riding a bicycle can start the car wash machine.,C,100.0,295.0,296,516,1.0,False,1621,58016,0.0279,1764,9,15000,0,64,1
Real-Time_Visual_Understanding__sample_247,Real-Time Visual Understanding_sample_247_4,Causal Reasoning,Why do the woman and the driver sit down to have tea together?,"['Because the woman and the driver know each other.', 'Because the man on the bicycle invited them to tea.', 'Because the car broke down and they had nothing else to do.', ""Because the driver's car is being cleaned.""]",Because the driver's car is being cleaned.,D,C) Because the car broke down and they had nothing else to do.,C,0.0,418.0,419,516,1.0,False,2120,82124,0.0258,2352,12,15000,0,64,1
Real-Time_Visual_Understanding__sample_247,Real-Time Visual Understanding_sample_247_5,Causal Reasoning,Why is Mr. Bean looking for something now?,"['Because he wanted to find something to clean the bird droppings that had fallen on the car.', 'Because he lost his keys and needs to find them.', 'Because he wants to find a tool to fix a flat tire.', 'Because he is searching for his misplaced wallet.']",Because he wanted to find something to clean the bird droppings that had fallen on the car.,A,A) Because he wanted to find something to clean the bird droppings that,A,100.0,515.0,516,516,1.0,False,2613,101136,0.0258,2940,15,15000,0,64,1
Real-Time_Visual_Understanding__sample_248,Real-Time Visual Understanding_sample_248_1,Causal Reasoning,Why does the older woman appear annoyed or angry?,"['Because the character shouted loudly.', 'Because the character disturbed her.', 'Because the character knocked on the door.', 'Because the character broke something.']",Because the character disturbed her.,B,B) Because the character disturbed her.,B,100.0,26.0,27,560,1.0,False,364,5292,0.0688,392,2,15000,0,64,1
Real-Time_Visual_Understanding__sample_248,Real-Time Visual Understanding_sample_248_2,Causal Reasoning,Why does the taxi drive off?,"['Because the passenger instructs the driver to leave.', 'Because the person just got out of another vehicle.', 'Because the person gets inside the taxi.', 'Because the taxi has completed its repairs.']",Because the person gets inside the taxi.,C,C) Because the person gets inside the taxi.,C,100.0,151.0,152,560,1.0,False,1109,29792,0.0372,1176,6,15000,0,64,1
Real-Time_Visual_Understanding__sample_248,Real-Time Visual Understanding_sample_248_3,Causal Reasoning,Why can Mr. Bean receive money now?,"['Because he impersonated a taxi driver and took the lady to her destination.', 'Because he found a wallet on the street and returned it for a reward.', 'Because he won a small lottery prize earlier in the day.', 'Because he sold some of his belongings at a yard sale.']",Because he impersonated a taxi driver and took the lady to her destination.,A,A) Because he impersonated a taxi driver and took the lady to her destination,A,100.0,377.0,378,560,1.0,False,2726,74088,0.0368,2940,15,15000,0,64,1
Real-Time_Visual_Understanding__sample_248,Real-Time Visual Understanding_sample_248_4,Causal Reasoning,Why Mr. Bean can receive money now?,"['Because he impersonated a taxi driver and took the man to his destination.', 'Because he found a wallet on the street and returned it for a reward.', 'Because he won a small lottery prize earlier in the day.', 'Because he sold some of his belongings at a yard sale.']",Because he impersonated a taxi driver and took the man to his destination.,A,A) Because he impersonated a taxi driver and took the man to his destination,A,100.0,541.0,542,560,1.0,False,3556,106232,0.0335,3920,20,15000,0,64,1
Real-Time_Visual_Understanding__sample_248,Real-Time Visual Understanding_sample_248_5,Causal Reasoning,Why Mr. Bean now only pays 0.85 pounds?,"['Because Mr. Bean cleared his mileage before.', 'Because he used a discount coupon for the purchase.', 'Because he convinced the cashier to give him a special deal.', 'Because he found some extra change in his pocket to cover the cost.']",Because Mr. Bean cleared his mileage before.,A,A) Because Mr. Bean cleared his mileage before.,A,100.0,559.0,560,560,1.0,False,3662,109760,0.0334,4116,21,15000,0,64,1
Real-Time_Visual_Understanding__sample_249,Real-Time Visual Understanding_sample_249_1,Causal Reasoning,Why does the older woman appear annoyed or angry?,"['Because the character shouted loudly.', 'Because the character disturbed her.', 'Because the character knocked on the door.', 'Because the character broke something.']",Because the character disturbed her.,B,B) Because the character disturbed her.,B,100.0,26.0,27,618,1.0,False,367,5292,0.0693,392,2,15000,0,64,1
Real-Time_Visual_Understanding__sample_249,Real-Time Visual Understanding_sample_249_2,Causal Reasoning,Why is Mr. Bean under the bed now?,"['Because he wanted to snatch back the teddy bear doll that was taken by the cat.', 'Because he dropped something valuable and is trying to retrieve it.', 'Because he is hiding from someone who just entered the room.', 'Because he thought he saw something strange under the bed.']",Because he wanted to snatch back the teddy bear doll that was taken by the cat.,A,A) Because he wanted to snatch back the teddy bear doll that was taken,A,100.0,145.0,146,618,1.0,False,1036,28616,0.0362,1176,6,15000,0,64,1
Real-Time_Visual_Understanding__sample_249,Real-Time Visual Understanding_sample_249_3,Causal Reasoning,Why did the character exit the building and approach a green car?,"['Because he forgot something important in the car.', 'Because he needs to pick up a friend from the nearby station.', 'Because he wants to drive to the pet hospital to treat his teddy bear doll.', 'Because he plans to run an errand across town.']",Because he wants to drive to the pet hospital to treat his teddy bear doll.,C,C) Because he wants to drive to the pet hospital to treat his teddy,C,100.0,362.0,363,618,1.0,False,1990,71148,0.028,2156,11,15000,0,64,1
Real-Time_Visual_Understanding__sample_249,Real-Time Visual Understanding_sample_249_4,Causal Reasoning,Why Mr. Bean would be very panicked now.,"['Because he realized he lost his wallet.', 'Because he accidentally locked himself out of his house.', 'Because he found that his teddy bear doll was not in the box.', 'Because he noticed that his car keys were missing.']",Because he found that his teddy bear doll was not in the box.,C,C) Because he found that his teddy bear doll was not in the box,C,100.0,518.0,519,618,1.0,False,2495,101724,0.0245,2744,14,15000,0,64,1
Real-Time_Visual_Understanding__sample_249,Real-Time Visual Understanding_sample_249_5,Causal Reasoning,Why did the character react with noticeable concern after stopping the car?,"['Because they remember they left something important behind.', 'Because they have car trouble and need to check the engine.', ""Because he thought the one that was flattened was the old lady's cat."", 'Because they see a strange figure in the distance.']",Because he thought the one that was flattened was the old lady's cat.,C,C) Because he thought the one that was flattened was the old lady's cat,C,100.0,617.0,618,618,1.0,False,2954,121128,0.0244,3332,17,15000,0,64,1
Real-Time_Visual_Understanding__sample_250,Real-Time Visual Understanding_sample_250_1,Causal Reasoning,Why does the older woman appear annoyed or angry?,"['Because the character shouted loudly.', 'Because the character disturbed her.', 'Because the character knocked on the door.', 'Because the character broke something.']",Because the character disturbed her.,B,B) Because the character disturbed her.,B,100.0,26.0,27,546,1.0,False,375,5292,0.0709,392,2,15000,0,64,1
Real-Time_Visual_Understanding__sample_250,Real-Time Visual Understanding_sample_250_2,Causal Reasoning,Why is the teddy bear covered in flour?,"['Because the teddy bear fell into a bag of flour.', 'Because Mr. Bean just blew on the flour.', 'Because Mr. Bean was baking and accidentally spilled flour on it.', 'Because the teddy bear was used to dust off a surface covered in flour.']",Because Mr. Bean just blew on the flour.,B,C) Because Mr. Bean was baking and accidentally spilled flour on it.,C,0.0,142.0,143,546,1.0,False,1002,28028,0.0357,1176,6,15000,0,64,1
Real-Time_Visual_Understanding__sample_250,Real-Time Visual Understanding_sample_250_3,Causal Reasoning,Why does the character have a complete list of ingredients for the grocery list?,"['Because the character finds a recipe book.', 'Because the character asks someone else for the list.', 'Because the character is talking on the phone and writing down ingredients for a grocery list.', 'Because the character visits each grocery store to check items.']",Because the character is talking on the phone and writing down ingredients for a grocery list.,C,C) Because the character is talking on the phone and writing down ingredients for a,C,100.0,282.0,283,546,1.0,False,1747,55468,0.0315,1960,10,15000,0,64,1
Real-Time_Visual_Understanding__sample_250,Real-Time Visual Understanding_sample_250_4,Causal Reasoning,How did Mr. Bean earn all the money on his desk?,"['Earnings from selling pizza', 'Earnings from doing odd jobs around the neighborhood', 'Earnings from a garage sale he held over the weekend', 'Earnings from winning a small bet with a friend']",Earnings from selling pizza,A,A) Earnings from selling pizza,A,100.0,443.0,444,546,1.0,False,2987,87024,0.0343,3332,17,15000,0,64,1
Real-Time_Visual_Understanding__sample_250,Real-Time Visual Understanding_sample_250_5,Causal Reasoning,Why do the two guards fight each other?,"['Because Mr. Bean dodged their attack downward, it caused them to attack each other.', ""Because they misunderstood each other's orders."", 'Because they were competing to capture Mr. Bean first.', 'Because they were tricked by Mr. Bean into thinking the other was an enemy.']","Because Mr. Bean dodged their attack downward, it caused them to attack each other.",A,"A) Because Mr. Bean dodged their attack downward, it caused them to",A,100.0,545.0,546,546,1.0,False,3338,107016,0.0312,3724,19,15000,0,64,1
