frame_idx,num_frames,seconds,fps,local_window_full,model,n_local,sample_fps,n_frame_tokens,prune_method,prune_threshold,tokens_kept,tokens_seen,keep_rate,vision_method,vision_threshold,vision_patches_kept,vision_patches_seen,vision_keep_rate,video_hours,kv_cache_bytes,gpu_weights_bytes,gpu_peak_bytes
0,1,0.04793911601882428,20.859792233284598,False,llava_ov_7b,15000,0.5,196,none,,,,,none,,,,,0.4444444444444444,8991539200,16588876288,21459045376
1,1,0.04553435102570802,21.96144180105729,False,llava_ov_7b,15000,0.5,196,none,,,,,none,,,,,0.4444444444444444,8991539200,16588876288,21459045376
2,1,0.0458088000304997,21.829866735958934,False,llava_ov_7b,15000,0.5,196,none,,,,,none,,,,,0.4444444444444444,8991539200,16588876288,21459045376
3,1,0.046123972977511585,21.680699546146307,False,llava_ov_7b,15000,0.5,196,none,,,,,none,,,,,0.4444444444444444,8991539200,16588876288,21459045376
4,1,0.04366810095962137,22.900011175770413,False,llava_ov_7b,15000,0.5,196,none,,,,,none,,,,,0.4444444444444444,8991539200,16588876288,21459045376
5,1,0.043857236043550074,22.801254484140397,False,llava_ov_7b,15000,0.5,196,none,,,,,none,,,,,0.4444444444444444,8991539200,16588876288,21459045376
6,1,0.04346370999701321,23.007699988535702,False,llava_ov_7b,15000,0.5,196,none,,,,,none,,,,,0.4444444444444444,8991539200,16588876288,21459045376
7,1,0.04321405990049243,23.140616787746083,False,llava_ov_7b,15000,0.5,196,none,,,,,none,,,,,0.4444444444444444,8991539200,16588876288,21459045376
8,1,0.04268139193300158,23.429413960297587,False,llava_ov_7b,15000,0.5,196,none,,,,,none,,,,,0.4444444444444444,8991539200,16588876288,21459045376
9,1,0.04287051095161587,23.326057418084215,False,llava_ov_7b,15000,0.5,196,none,,,,,none,,,,,0.4444444444444444,8991539200,16588876288,21459045376
10,1,0.04285934008657932,23.332137125301493,False,llava_ov_7b,15000,0.5,196,none,,,,,none,,,,,0.4444444444444444,8991539200,16588876288,21459045376
11,1,0.043003238970413804,23.25406234372251,False,llava_ov_7b,15000,0.5,196,none,,,,,none,,,,,0.4444444444444444,8991539200,16588876288,21459045376
12,1,0.043563714949414134,22.954883465774042,False,llava_ov_7b,15000,0.5,196,none,,,,,none,,,,,0.4444444444444444,8991539200,16588876288,21459045376
13,1,0.04425126197747886,22.59822557171223,False,llava_ov_7b,15000,0.5,196,none,,,,,none,,,,,0.4444444444444444,8991539200,16588876288,21459045376
14,1,0.044730884954333305,22.355918087042564,False,llava_ov_7b,15000,0.5,196,none,,,,,none,,,,,0.4444444444444444,8991539200,16588876288,21459045376
15,1,0.04594187205657363,21.766635864741914,False,llava_ov_7b,15000,0.5,196,none,,,,,none,,,,,0.4444444444444444,8991539200,16588876288,21459045376
16,1,0.046059436979703605,21.71107737249712,False,llava_ov_7b,15000,0.5,196,none,,,,,none,,,,,0.4444444444444444,8991539200,16588876288,21459045376
17,1,0.046571637969464064,21.47229609264928,False,llava_ov_7b,15000,0.5,196,none,,,,,none,,,,,0.4444444444444444,8991539200,16588876288,21459045376
18,1,0.047116657020524144,21.22391661964467,False,llava_ov_7b,15000,0.5,196,none,,,,,none,,,,,0.4444444444444444,8991539200,16588876288,21459045376
19,1,0.047490854980424047,21.056685553717756,False,llava_ov_7b,15000,0.5,196,none,,,,,none,,,,,0.4444444444444444,8991539200,16588876288,21459045376
20,1,0.04824402101803571,20.72795714159391,False,llava_ov_7b,15000,0.5,196,none,,,,,none,,,,,0.4444444444444444,8991539200,16588876288,21459045376
21,1,0.04897254309616983,20.419605288544034,False,llava_ov_7b,15000,0.5,196,none,,,,,none,,,,,0.4444444444444444,8991539200,16588876288,21459045376
22,1,0.04931665293406695,20.277126295187404,False,llava_ov_7b,15000,0.5,196,none,,,,,none,,,,,0.4444444444444444,8991539200,16588876288,21459045376
23,1,0.04984328697901219,20.06288229789251,False,llava_ov_7b,15000,0.5,196,none,,,,,none,,,,,0.4444444444444444,8991539200,16588876288,21459045376
24,1,0.05013212701305747,19.94728848707215,False,llava_ov_7b,15000,0.5,196,none,,,,,none,,,,,0.4444444444444444,8991539200,16588876288,21459045376
25,1,0.05059885897208005,19.763291511213524,False,llava_ov_7b,15000,0.5,196,none,,,,,none,,,,,0.4444444444444444,8991539200,16588876288,21459045376
26,1,0.05124413897283375,19.51442682118503,False,llava_ov_7b,15000,0.5,196,none,,,,,none,,,,,0.4444444444444444,8991539200,16588876288,21459045376
27,1,0.05219650093931705,19.158372343053927,False,llava_ov_7b,15000,0.5,196,none,,,,,none,,,,,0.4444444444444444,8991539200,16588876288,21459045376
28,1,0.05251102696638554,19.043619174314394,False,llava_ov_7b,15000,0.5,196,none,,,,,none,,,,,0.4444444444444444,8991539200,16588876288,21459045376
29,1,0.05293471994809806,18.891192793321462,False,llava_ov_7b,15000,0.5,196,none,,,,,none,,,,,0.4444444444444444,8991539200,16588876288,21459045376
30,1,0.05366872006561607,18.632827441708823,False,llava_ov_7b,15000,0.5,196,none,,,,,none,,,,,0.4444444444444444,8991539200,16588876288,21459045376
31,1,0.05426394194364548,18.42844371753394,False,llava_ov_7b,15000,0.5,196,none,,,,,none,,,,,0.4444444444444444,8991539200,16588876288,21459045376
32,1,0.054688851931132376,18.285262255262968,False,llava_ov_7b,15000,0.5,196,none,,,,,none,,,,,0.4444444444444444,8991539200,16588876288,21459045376
33,1,0.05569136003032327,17.95610664662368,False,llava_ov_7b,15000,0.5,196,none,,,,,none,,,,,0.4444444444444444,8991539200,16588876288,21459045376
34,1,0.056052742060273886,17.840340423037528,False,llava_ov_7b,15000,0.5,196,none,,,,,none,,,,,0.4444444444444444,8991539200,16588876288,21459045376
35,1,0.05645272391848266,17.713937089094106,False,llava_ov_7b,15000,0.5,196,none,,,,,none,,,,,0.4444444444444444,8991539200,16588876288,21459045376
36,1,0.057042888016439974,17.53066919949418,False,llava_ov_7b,15000,0.5,196,none,,,,,none,,,,,0.4444444444444444,8991539200,16588876288,21459045376
37,1,0.05780671501997858,17.299028316249935,False,llava_ov_7b,15000,0.5,196,none,,,,,none,,,,,0.4444444444444444,8991539200,16588876288,21459045376
38,1,0.06149693694896996,16.26097249087053,False,llava_ov_7b,15000,0.5,196,none,,,,,none,,,,,0.4444444444444444,8991539200,16588876288,21459045376
39,1,0.058808297966606915,17.004403027746687,False,llava_ov_7b,15000,0.5,196,none,,,,,none,,,,,0.4444444444444444,8991539200,16588876288,21459045376
40,1,0.059273101040162146,16.871059257089012,False,llava_ov_7b,15000,0.5,196,none,,,,,none,,,,,0.4444444444444444,8991539200,16588876288,21459045376
41,1,0.060498435981571674,16.52935292913371,False,llava_ov_7b,15000,0.5,196,none,,,,,none,,,,,0.4444444444444444,8991539200,16588876288,21459045376
42,1,0.06123276299331337,16.33112652632056,False,llava_ov_7b,15000,0.5,196,none,,,,,none,,,,,0.4444444444444444,8991539200,16588876288,21459045376
43,1,0.062026803963817656,16.12206233587876,False,llava_ov_7b,15000,0.5,196,none,,,,,none,,,,,0.4444444444444444,8991539200,16588876288,21459045376
44,1,0.06275616807397455,15.934688663929235,False,llava_ov_7b,15000,0.5,196,none,,,,,none,,,,,0.4444444444444444,8991539200,16588876288,21459045376
45,1,0.06294864905066788,15.885964434202421,False,llava_ov_7b,15000,0.5,196,none,,,,,none,,,,,0.4444444444444444,8991539200,16588876288,21459045376
46,1,0.06444319698493928,15.517541754387285,False,llava_ov_7b,15000,0.5,196,none,,,,,none,,,,,0.4444444444444444,8991539200,16588876288,21459045376
47,1,0.06384566507767886,15.662770507337246,False,llava_ov_7b,15000,0.5,196,none,,,,,none,,,,,0.4444444444444444,8991539200,16588876288,21459045376
48,1,0.06440164800733328,15.527552957746238,False,llava_ov_7b,15000,0.5,196,none,,,,,none,,,,,0.4444444444444444,8991539200,16588876288,21459045376
49,1,0.06499134900514036,15.386663229915522,False,llava_ov_7b,15000,0.5,196,none,,,,,none,,,,,0.4444444444444444,8991539200,16588876288,21459045376
50,1,0.06564757192973047,15.23285584835347,False,llava_ov_7b,15000,0.5,196,none,,,,,none,,,,,0.4444444444444444,8991539200,16588876288,21459045376
51,1,0.06623210199177265,15.09841859049287,False,llava_ov_7b,15000,0.5,196,none,,,,,none,,,,,0.4444444444444444,8991539200,16588876288,21459045376
52,1,0.06708344304934144,14.906807917781988,False,llava_ov_7b,15000,0.5,196,none,,,,,none,,,,,0.4444444444444444,8991539200,16588876288,21459045376
53,1,0.06739672902040184,14.837515329524189,False,llava_ov_7b,15000,0.5,196,none,,,,,none,,,,,0.4444444444444444,8991539200,16588876288,21459045376
54,1,0.06798897893168032,14.708266188331258,False,llava_ov_7b,15000,0.5,196,none,,,,,none,,,,,0.4444444444444444,8991539200,16588876288,21459045376
55,1,0.06851580797228962,14.595171969721758,False,llava_ov_7b,15000,0.5,196,none,,,,,none,,,,,0.4444444444444444,8991539200,16588876288,21459045376
56,1,0.06909464602358639,14.47290141205205,False,llava_ov_7b,15000,0.5,196,none,,,,,none,,,,,0.4444444444444444,8991539200,16588876288,21459045376
57,1,0.0696471749106422,14.358084176178096,False,llava_ov_7b,15000,0.5,196,none,,,,,none,,,,,0.4444444444444444,8991539200,16588876288,21459045376
58,1,0.07064921909477562,14.154438121368395,False,llava_ov_7b,15000,0.5,196,none,,,,,none,,,,,0.4444444444444444,8991539200,16588876288,21459045376
59,1,0.07085714593995363,14.112902611790611,False,llava_ov_7b,15000,0.5,196,none,,,,,none,,,,,0.4444444444444444,8991539200,16588876288,21459045376
60,1,0.07150812190957367,13.984425451203434,False,llava_ov_7b,15000,0.5,196,none,,,,,none,,,,,0.4444444444444444,8991539200,16588876288,21459045376
61,1,0.0721325830090791,13.863360471565716,False,llava_ov_7b,15000,0.5,196,none,,,,,none,,,,,0.4444444444444444,8991539200,16588876288,21459045376
62,1,0.07272125605959445,13.751137620347324,False,llava_ov_7b,15000,0.5,196,none,,,,,none,,,,,0.4444444444444444,8991539200,16588876288,21459045376
63,1,0.07339049107395113,13.625743408534506,False,llava_ov_7b,15000,0.5,196,none,,,,,none,,,,,0.4444444444444444,8991539200,16588876288,21459045376
64,1,0.07386249804403633,13.538670184209133,False,llava_ov_7b,15000,0.5,196,none,,,,,none,,,,,0.4444444444444444,8991539200,16588876288,21459045376
65,1,0.07439544692169875,13.441682809601247,False,llava_ov_7b,15000,0.5,196,none,,,,,none,,,,,0.4444444444444444,8991539200,16588876288,21459045376
66,1,0.0751388460630551,13.308695200892744,False,llava_ov_7b,15000,0.5,196,none,,,,,none,,,,,0.4444444444444444,8991539200,16588876288,21459045376
67,1,0.0756035519298166,13.226891785829165,False,llava_ov_7b,15000,0.5,196,none,,,,,none,,,,,0.4444444444444444,8991539200,16588876288,21459045376
68,1,0.07639807008672506,13.089335880668537,False,llava_ov_7b,15000,0.5,196,none,,,,,none,,,,,0.4444444444444444,8991539200,16588876288,21459045376
69,1,0.07694055908359587,12.997046186179913,False,llava_ov_7b,15000,0.5,196,none,,,,,none,,,,,0.4444444444444444,8991539200,16588876288,21459045376
70,1,0.07750681904144585,12.902090582059133,False,llava_ov_7b,15000,0.5,196,none,,,,,none,,,,,0.4444444444444444,8991539200,16588876288,21459045376
71,1,0.07788479002192616,12.839477383433653,False,llava_ov_7b,15000,0.5,196,none,,,,,none,,,,,0.4444444444444444,8991539200,16588876288,21459045376
72,1,0.07846339198295027,12.744796964899189,False,llava_ov_7b,15000,0.5,196,none,,,,,none,,,,,0.4444444444444444,8991539200,16588876288,21459045376
73,1,0.08028412400744855,12.455762734699858,False,llava_ov_7b,15000,0.5,196,none,,,,,none,,,,,0.4444444444444444,8991539200,16588876288,21459045376
74,1,0.07964310701936483,12.556014417630076,False,llava_ov_7b,15000,0.5,196,none,,,,,none,,,,,0.4444444444444444,8991539200,16588876288,21459045376
75,1,0.08022392797283828,12.46510891786019,False,llava_ov_7b,15000,0.5,196,none,,,,,none,,,,,0.4444444444444444,8991539200,16588876288,21459045376
76,1,0.7640399599913508,1.308832066861163,True,llava_ov_7b,15000,0.5,196,none,,,,,none,,,,,0.4444444444444444,8991539200,16588876288,21459045376
77,1,0.0855357589898631,11.691016854348726,True,llava_ov_7b,15000,0.5,196,none,,,,,none,,,,,0.4444444444444444,8991539200,16588876288,21459045376
78,1,0.08516277594026178,11.74221940230623,True,llava_ov_7b,15000,0.5,196,none,,,,,none,,,,,0.4444444444444444,8991539200,16588876288,21459045376
79,1,0.08506383502390236,11.75587721525848,True,llava_ov_7b,15000,0.5,196,none,,,,,none,,,,,0.4444444444444444,8991539200,16588876288,21459045376
80,1,0.08554267801810056,11.690071238924777,True,llava_ov_7b,15000,0.5,196,none,,,,,none,,,,,0.4444444444444444,8991539200,16588876288,21459045376
81,1,0.08508531108964235,11.752909958176465,True,llava_ov_7b,15000,0.5,196,none,,,,,none,,,,,0.4444444444444444,8991539200,16588876288,21459045376
82,1,0.08489487203769386,11.779274483810916,True,llava_ov_7b,15000,0.5,196,none,,,,,none,,,,,0.4444444444444444,8991539200,16588876288,21459045376
83,1,0.08515085594262928,11.743863158272347,True,llava_ov_7b,15000,0.5,196,none,,,,,none,,,,,0.4444444444444444,8991539200,16588876288,21459045376
84,1,0.08494418603368104,11.772436074712543,True,llava_ov_7b,15000,0.5,196,none,,,,,none,,,,,0.4444444444444444,8991539200,16588876288,21459045376
85,1,0.08489953994285315,11.77862684147772,True,llava_ov_7b,15000,0.5,196,none,,,,,none,,,,,0.4444444444444444,8991539200,16588876288,21459045376
86,1,0.08505939901806414,11.756490306116895,True,llava_ov_7b,15000,0.5,196,none,,,,,none,,,,,0.4444444444444444,8991539200,16588876288,21459045376
87,1,0.08516119595151395,11.742437254748564,True,llava_ov_7b,15000,0.5,196,none,,,,,none,,,,,0.4444444444444444,8991539200,16588876288,21459045376
88,1,0.08488620701245964,11.780476890117372,True,llava_ov_7b,15000,0.5,196,none,,,,,none,,,,,0.4444444444444444,8991539200,16588876288,21459045376
89,1,0.08509951003361493,11.75094897262032,True,llava_ov_7b,15000,0.5,196,none,,,,,none,,,,,0.4444444444444444,8991539200,16588876288,21459045376
90,1,0.0848849699832499,11.780648567082336,True,llava_ov_7b,15000,0.5,196,none,,,,,none,,,,,0.4444444444444444,8991539200,16588876288,21459045376
91,1,0.08492089598439634,11.775664733727533,True,llava_ov_7b,15000,0.5,196,none,,,,,none,,,,,0.4444444444444444,8991539200,16588876288,21459045376
92,1,0.08506220392882824,11.756102637978938,True,llava_ov_7b,15000,0.5,196,none,,,,,none,,,,,0.4444444444444444,8991539200,16588876288,21459045376
93,1,0.08482849097345024,11.788492150744277,True,llava_ov_7b,15000,0.5,196,none,,,,,none,,,,,0.4444444444444444,8991539200,16588876288,21459045376
94,1,0.0849834099644795,11.767002529293302,True,llava_ov_7b,15000,0.5,196,none,,,,,none,,,,,0.4444444444444444,8991539200,16588876288,21459045376
95,1,0.08503513399045914,11.759845055482584,True,llava_ov_7b,15000,0.5,196,none,,,,,none,,,,,0.4444444444444444,8991539200,16588876288,21459045376
96,1,0.08541077910922468,11.7081240849142,True,llava_ov_7b,15000,0.5,196,none,,,,,none,,,,,0.4444444444444444,8991539200,16588876288,21459045376
97,1,0.085108787054196,11.749668096705632,True,llava_ov_7b,15000,0.5,196,none,,,,,none,,,,,0.4444444444444444,8991539200,16588876288,21459045376
98,1,0.08504505909513682,11.75847263368159,True,llava_ov_7b,15000,0.5,196,none,,,,,none,,,,,0.4444444444444444,8991539200,16588876288,21459045376
99,1,0.08486727997660637,11.783104163060836,True,llava_ov_7b,15000,0.5,196,none,,,,,none,,,,,0.4444444444444444,8991539200,16588876288,21459045376
100,1,0.08480394689831883,11.791903992381565,True,llava_ov_7b,15000,0.5,196,none,,,,,none,,,,,0.4444444444444444,8991539200,16588876288,21459045376
101,1,0.08514685102272779,11.74441553608454,True,llava_ov_7b,15000,0.5,196,none,,,,,none,,,,,0.4444444444444444,8991539200,16588876288,21459045376
102,1,0.0849292459897697,11.774506983383048,True,llava_ov_7b,15000,0.5,196,none,,,,,none,,,,,0.4444444444444444,8991539200,16588876288,21459045376
103,1,0.08491174690425396,11.776933539332251,True,llava_ov_7b,15000,0.5,196,none,,,,,none,,,,,0.4444444444444444,8991539200,16588876288,21459045376
104,1,0.08515622699633241,11.743122438281219,True,llava_ov_7b,15000,0.5,196,none,,,,,none,,,,,0.4444444444444444,8991539200,16588876288,21459045376
105,1,0.08493133797310293,11.774216960018833,True,llava_ov_7b,15000,0.5,196,none,,,,,none,,,,,0.4444444444444444,8991539200,16588876288,21459045376
106,1,0.08489801199175417,11.778838827193342,True,llava_ov_7b,15000,0.5,196,none,,,,,none,,,,,0.4444444444444444,8991539200,16588876288,21459045376
107,1,0.08505224797409028,11.757478771221109,True,llava_ov_7b,15000,0.5,196,none,,,,,none,,,,,0.4444444444444444,8991539200,16588876288,21459045376
108,1,0.08491175097879022,11.776932974209732,True,llava_ov_7b,15000,0.5,196,none,,,,,none,,,,,0.4444444444444444,8991539200,16588876288,21459045376
109,1,0.08491757803130895,11.77612483991597,True,llava_ov_7b,15000,0.5,196,none,,,,,none,,,,,0.4444444444444444,8991539200,16588876288,21459045376
110,1,0.0849259999813512,11.77495702399252,True,llava_ov_7b,15000,0.5,196,none,,,,,none,,,,,0.4444444444444444,8991539200,16588876288,21459045376
111,1,0.08496835804544389,11.769087022549817,True,llava_ov_7b,15000,0.5,196,none,,,,,none,,,,,0.4444444444444444,8991539200,16588876288,21459045376
112,1,0.0848629439715296,11.783706211458876,True,llava_ov_7b,15000,0.5,196,none,,,,,none,,,,,0.4444444444444444,8991539200,16588876288,21459045376
113,1,0.08506107807625085,11.75625823956258,True,llava_ov_7b,15000,0.5,196,none,,,,,none,,,,,0.4444444444444444,8991539200,16588876288,21459045376
114,1,0.0847561169648543,11.79855844994254,True,llava_ov_7b,15000,0.5,196,none,,,,,none,,,,,0.4444444444444444,8991539200,16588876288,21459045376
115,1,0.08484070096164942,11.786795590621422,True,llava_ov_7b,15000,0.5,196,none,,,,,none,,,,,0.4444444444444444,8991539200,16588876288,21459045376
116,1,0.08521932701114565,11.734427330894224,True,llava_ov_7b,15000,0.5,196,none,,,,,none,,,,,0.4444444444444444,8991539200,16588876288,21459045376
117,1,0.08497724204789847,11.76785661549639,True,llava_ov_7b,15000,0.5,196,none,,,,,none,,,,,0.4444444444444444,8991539200,16588876288,21459045376
118,1,0.08481902605853975,11.789807622995195,True,llava_ov_7b,15000,0.5,196,none,,,,,none,,,,,0.4444444444444444,8991539200,16588876288,21459045376
119,1,0.08513356000185013,11.746249070029116,True,llava_ov_7b,15000,0.5,196,none,,,,,none,,,,,0.4444444444444444,8991539200,16588876288,21459045376
120,1,0.08488287101499736,11.78093987682529,True,llava_ov_7b,15000,0.5,196,none,,,,,none,,,,,0.4444444444444444,8991539200,16588876288,21459045376
121,1,0.08485405205283314,11.784941034723534,True,llava_ov_7b,15000,0.5,196,none,,,,,none,,,,,0.4444444444444444,8991539200,16588876288,21459045376
122,1,0.08504462894052267,11.758532107881452,True,llava_ov_7b,15000,0.5,196,none,,,,,none,,,,,0.4444444444444444,8991539200,16588876288,21459045376
123,1,0.08515375899150968,11.743462788292245,True,llava_ov_7b,15000,0.5,196,none,,,,,none,,,,,0.4444444444444444,8991539200,16588876288,21459045376
124,1,0.08502684906125069,11.760990922757014,True,llava_ov_7b,15000,0.5,196,none,,,,,none,,,,,0.4444444444444444,8991539200,16588876288,21459045376
125,1,0.08510413998737931,11.750309681154137,True,llava_ov_7b,15000,0.5,196,none,,,,,none,,,,,0.4444444444444444,8991539200,16588876288,21459045376
126,1,0.0848879050463438,11.780241242307238,True,llava_ov_7b,15000,0.5,196,none,,,,,none,,,,,0.4444444444444444,8991539200,16588876288,21459045376
127,1,0.084858613088727,11.784307610052663,True,llava_ov_7b,15000,0.5,196,none,,,,,none,,,,,0.4444444444444444,8991539200,16588876288,21459045376
128,1,0.08519579796120524,11.737668100196208,True,llava_ov_7b,15000,0.5,196,none,,,,,none,,,,,0.4444444444444444,8991539200,16588876288,21459045376
129,1,0.08491213200613856,11.776880127420506,True,llava_ov_7b,15000,0.5,196,none,,,,,none,,,,,0.4444444444444444,8991539200,16588876288,21459045376
130,1,0.08487515896558762,11.78201033361772,True,llava_ov_7b,15000,0.5,196,none,,,,,none,,,,,0.4444444444444444,8991539200,16588876288,21459045376
131,1,0.08503718802239746,11.759561002141977,True,llava_ov_7b,15000,0.5,196,none,,,,,none,,,,,0.4444444444444444,8991539200,16588876288,21459045376
132,1,0.08483510394580662,11.787573227219813,True,llava_ov_7b,15000,0.5,196,none,,,,,none,,,,,0.4444444444444444,8991539200,16588876288,21459045376
133,1,0.08481848204974085,11.78988324046593,True,llava_ov_7b,15000,0.5,196,none,,,,,none,,,,,0.4444444444444444,8991539200,16588876288,21459045376
134,1,0.08476280502509326,11.797627505413006,True,llava_ov_7b,15000,0.5,196,none,,,,,none,,,,,0.4444444444444444,8991539200,16588876288,21459045376
135,1,0.08490875491406769,11.777348531515447,True,llava_ov_7b,15000,0.5,196,none,,,,,none,,,,,0.4444444444444444,8991539200,16588876288,21459045376
136,1,0.0848782790126279,11.78157723781397,True,llava_ov_7b,15000,0.5,196,none,,,,,none,,,,,0.4444444444444444,8991539200,16588876288,21459045376
137,1,0.08491241000592709,11.776841570392333,True,llava_ov_7b,15000,0.5,196,none,,,,,none,,,,,0.4444444444444444,8991539200,16588876288,21459045376
138,1,0.08480667800176889,11.79152424740823,True,llava_ov_7b,15000,0.5,196,none,,,,,none,,,,,0.4444444444444444,8991539200,16588876288,21459045376
139,1,0.08485033398028463,11.785457441244187,True,llava_ov_7b,15000,0.5,196,none,,,,,none,,,,,0.4444444444444444,8991539200,16588876288,21459045376
140,1,0.08480834402143955,11.791292608510313,True,llava_ov_7b,15000,0.5,196,none,,,,,none,,,,,0.4444444444444444,8991539200,16588876288,21459045376
141,1,0.08483827498275787,11.787132637989579,True,llava_ov_7b,15000,0.5,196,none,,,,,none,,,,,0.4444444444444444,8991539200,16588876288,21459045376
142,1,0.08482007903512567,11.789661261526062,True,llava_ov_7b,15000,0.5,196,none,,,,,none,,,,,0.4444444444444444,8991539200,16588876288,21459045376
143,1,0.08528500597458333,11.725390513521456,True,llava_ov_7b,15000,0.5,196,none,,,,,none,,,,,0.4444444444444444,8991539200,16588876288,21459045376
144,1,0.08478463999927044,11.794589208712862,True,llava_ov_7b,15000,0.5,196,none,,,,,none,,,,,0.4444444444444444,8991539200,16588876288,21459045376
145,1,0.08486326795537025,11.78366122461725,True,llava_ov_7b,15000,0.5,196,none,,,,,none,,,,,0.4444444444444444,8991539200,16588876288,21459045376
146,1,0.08486871607601643,11.782904776175778,True,llava_ov_7b,15000,0.5,196,none,,,,,none,,,,,0.4444444444444444,8991539200,16588876288,21459045376
147,1,0.08483048295602202,11.788215334320586,True,llava_ov_7b,15000,0.5,196,none,,,,,none,,,,,0.4444444444444444,8991539200,16588876288,21459045376
148,1,0.08484727994073182,11.785881653466413,True,llava_ov_7b,15000,0.5,196,none,,,,,none,,,,,0.4444444444444444,8991539200,16588876288,21459045376
149,1,0.08485621307045221,11.784640909791083,True,llava_ov_7b,15000,0.5,196,none,,,,,none,,,,,0.4444444444444444,8991539200,16588876288,21459045376
150,1,0.08677957800682634,11.52344852289253,True,llava_ov_7b,15000,0.5,196,none,,,,,none,,,,,0.4444444444444444,8991539200,16588876288,21459045376
151,1,0.08553584106266499,11.69100563665918,True,llava_ov_7b,15000,0.5,196,none,,,,,none,,,,,0.4444444444444444,8991539200,16588876288,21459045376
152,1,0.08545720099937171,11.701764021119205,True,llava_ov_7b,15000,0.5,196,none,,,,,none,,,,,0.4444444444444444,8991539200,16588876288,21459045376
153,1,0.08558484294917434,11.684311912494397,True,llava_ov_7b,15000,0.5,196,none,,,,,none,,,,,0.4444444444444444,8991539200,16588876288,21459045376
154,1,0.08540283201728016,11.709213574997875,True,llava_ov_7b,15000,0.5,196,none,,,,,none,,,,,0.4444444444444444,8991539200,16588876288,21459045376
155,1,0.08534859493374825,11.716654512897945,True,llava_ov_7b,15000,0.5,196,none,,,,,none,,,,,0.4444444444444444,8991539200,16588876288,21459045376
156,1,0.0851762950187549,11.740355691449256,True,llava_ov_7b,15000,0.5,196,none,,,,,none,,,,,0.4444444444444444,8991539200,16588876288,21459045376
157,1,0.08513799600768834,11.745637046820969,True,llava_ov_7b,15000,0.5,196,none,,,,,none,,,,,0.4444444444444444,8991539200,16588876288,21459045376
158,1,0.08519843395333737,11.737304943277403,True,llava_ov_7b,15000,0.5,196,none,,,,,none,,,,,0.4444444444444444,8991539200,16588876288,21459045376
159,1,0.08584357798099518,11.649095057773442,True,llava_ov_7b,15000,0.5,196,none,,,,,none,,,,,0.4444444444444444,8991539200,16588876288,21459045376
160,1,0.08515275199897587,11.743601663185553,True,llava_ov_7b,15000,0.5,196,none,,,,,none,,,,,0.4444444444444444,8991539200,16588876288,21459045376
161,1,0.08513148897327483,11.746534825837808,True,llava_ov_7b,15000,0.5,196,none,,,,,none,,,,,0.4444444444444444,8991539200,16588876288,21459045376
162,1,0.08507658494636416,11.754115431765882,True,llava_ov_7b,15000,0.5,196,none,,,,,none,,,,,0.4444444444444444,8991539200,16588876288,21459045376
163,1,0.08511487802024931,11.748827270387375,True,llava_ov_7b,15000,0.5,196,none,,,,,none,,,,,0.4444444444444444,8991539200,16588876288,21459045376
164,1,0.0850761029869318,11.754182019286967,True,llava_ov_7b,15000,0.5,196,none,,,,,none,,,,,0.4444444444444444,8991539200,16588876288,21459045376
165,1,0.08511482994072139,11.74883390704598,True,llava_ov_7b,15000,0.5,196,none,,,,,none,,,,,0.4444444444444444,8991539200,16588876288,21459045376
166,1,0.08509758906438947,11.751214235262829,True,llava_ov_7b,15000,0.5,196,none,,,,,none,,,,,0.4444444444444444,8991539200,16588876288,21459045376
167,1,0.08488943707197905,11.780028640690416,True,llava_ov_7b,15000,0.5,196,none,,,,,none,,,,,0.4444444444444444,8991539200,16588876288,21459045376
168,1,0.08518676098901778,11.738913281711923,True,llava_ov_7b,15000,0.5,196,none,,,,,none,,,,,0.4444444444444444,8991539200,16588876288,21459045376
169,1,0.08493893290869892,11.77316415164884,True,llava_ov_7b,15000,0.5,196,none,,,,,none,,,,,0.4444444444444444,8991539200,16588876288,21459045376
170,1,0.08490515104494989,11.777848430781155,True,llava_ov_7b,15000,0.5,196,none,,,,,none,,,,,0.4444444444444444,8991539200,16588876288,21459045376
171,1,0.08492903900332749,11.77453567984939,True,llava_ov_7b,15000,0.5,196,none,,,,,none,,,,,0.4444444444444444,8991539200,16588876288,21459045376
172,1,0.08480840304400772,11.791284402337967,True,llava_ov_7b,15000,0.5,196,none,,,,,none,,,,,0.4444444444444444,8991539200,16588876288,21459045376
173,1,0.08489292103331536,11.77954519444042,True,llava_ov_7b,15000,0.5,196,none,,,,,none,,,,,0.4444444444444444,8991539200,16588876288,21459045376
174,1,0.08480773097835481,11.791377843315093,True,llava_ov_7b,15000,0.5,196,none,,,,,none,,,,,0.4444444444444444,8991539200,16588876288,21459045376
175,1,0.08479875605553389,11.792625818061643,True,llava_ov_7b,15000,0.5,196,none,,,,,none,,,,,0.4444444444444444,8991539200,16588876288,21459045376
176,1,0.08499060303438455,11.76600664423373,True,llava_ov_7b,15000,0.5,196,none,,,,,none,,,,,0.4444444444444444,8991539200,16588876288,21459045376
177,1,0.08491692692041397,11.776215134789583,True,llava_ov_7b,15000,0.5,196,none,,,,,none,,,,,0.4444444444444444,8991539200,16588876288,21459045376
178,1,0.08478587097488344,11.794417967307728,True,llava_ov_7b,15000,0.5,196,none,,,,,none,,,,,0.4444444444444444,8991539200,16588876288,21459045376
179,1,0.08486013894435018,11.784095718435987,True,llava_ov_7b,15000,0.5,196,none,,,,,none,,,,,0.4444444444444444,8991539200,16588876288,21459045376
180,1,0.08516926795709878,11.741324353095498,True,llava_ov_7b,15000,0.5,196,none,,,,,none,,,,,0.4444444444444444,8991539200,16588876288,21459045376
181,1,0.08505967503879219,11.756452156018012,True,llava_ov_7b,15000,0.5,196,none,,,,,none,,,,,0.4444444444444444,8991539200,16588876288,21459045376
182,1,0.08495296200271696,11.771219936604659,True,llava_ov_7b,15000,0.5,196,none,,,,,none,,,,,0.4444444444444444,8991539200,16588876288,21459045376
183,1,0.0850568920141086,11.756836822042915,True,llava_ov_7b,15000,0.5,196,none,,,,,none,,,,,0.4444444444444444,8991539200,16588876288,21459045376
184,1,0.08486872003413737,11.78290422664278,True,llava_ov_7b,15000,0.5,196,none,,,,,none,,,,,0.4444444444444444,8991539200,16588876288,21459045376
185,1,0.08494659001007676,11.77210291644874,True,llava_ov_7b,15000,0.5,196,none,,,,,none,,,,,0.4444444444444444,8991539200,16588876288,21459045376
186,1,0.08490859402809292,11.777370847397842,True,llava_ov_7b,15000,0.5,196,none,,,,,none,,,,,0.4444444444444444,8991539200,16588876288,21459045376
187,1,0.08489346189890057,11.779470145662074,True,llava_ov_7b,15000,0.5,196,none,,,,,none,,,,,0.4444444444444444,8991539200,16588876288,21459045376
188,1,0.08472752699162811,11.80253968817961,True,llava_ov_7b,15000,0.5,196,none,,,,,none,,,,,0.4444444444444444,8991539200,16588876288,21459045376
189,1,0.08511648199055344,11.748605870611334,True,llava_ov_7b,15000,0.5,196,none,,,,,none,,,,,0.4444444444444444,8991539200,16588876288,21459045376
190,1,0.08491372899152339,11.776658637849083,True,llava_ov_7b,15000,0.5,196,none,,,,,none,,,,,0.4444444444444444,8991539200,16588876288,21459045376
191,1,0.084917499916628,11.776135672644624,True,llava_ov_7b,15000,0.5,196,none,,,,,none,,,,,0.4444444444444444,8991539200,16588876288,21459045376
192,1,0.08491495402995497,11.776488740101486,True,llava_ov_7b,15000,0.5,196,none,,,,,none,,,,,0.4444444444444444,8991539200,16588876288,21459045376
193,1,0.0849428289802745,11.772624152089648,True,llava_ov_7b,15000,0.5,196,none,,,,,none,,,,,0.4444444444444444,8991539200,16588876288,21459045376
194,1,0.08486898895353079,11.782866890844435,True,llava_ov_7b,15000,0.5,196,none,,,,,none,,,,,0.4444444444444444,8991539200,16588876288,21459045376
195,1,0.08490089001134038,11.778439541286646,True,llava_ov_7b,15000,0.5,196,none,,,,,none,,,,,0.4444444444444444,8991539200,16588876288,21459045376
196,1,0.08486278902273625,11.783727727026296,True,llava_ov_7b,15000,0.5,196,none,,,,,none,,,,,0.4444444444444444,8991539200,16588876288,21459045376
197,1,0.08487950696144253,11.781406794154227,True,llava_ov_7b,15000,0.5,196,none,,,,,none,,,,,0.4444444444444444,8991539200,16588876288,21459045376
198,1,0.08477326901629567,11.796171264880366,True,llava_ov_7b,15000,0.5,196,none,,,,,none,,,,,0.4444444444444444,8991539200,16588876288,21459045376
199,1,0.08483343804255128,11.78780470382933,True,llava_ov_7b,15000,0.5,196,none,,,,,none,,,,,0.4444444444444444,8991539200,16588876288,21459045376
200,1,0.08484098396729678,11.786756273188262,True,llava_ov_7b,15000,0.5,196,none,,,,,none,,,,,0.4444444444444444,8991539200,16588876288,21459045376
201,1,0.08484057697933167,11.78681281533026,True,llava_ov_7b,15000,0.5,196,none,,,,,none,,,,,0.4444444444444444,8991539200,16588876288,21459045376
202,1,0.08485616801772267,11.78464716661663,True,llava_ov_7b,15000,0.5,196,none,,,,,none,,,,,0.4444444444444444,8991539200,16588876288,21459045376
203,1,0.08486165502108634,11.78388519233476,True,llava_ov_7b,15000,0.5,196,none,,,,,none,,,,,0.4444444444444444,8991539200,16588876288,21459045376
204,1,0.08481731405481696,11.790045595569149,True,llava_ov_7b,15000,0.5,196,none,,,,,none,,,,,0.4444444444444444,8991539200,16588876288,21459045376
205,1,0.08492088899947703,11.775665702300389,True,llava_ov_7b,15000,0.5,196,none,,,,,none,,,,,0.4444444444444444,8991539200,16588876288,21459045376
206,1,0.08483698207419366,11.787312272912493,True,llava_ov_7b,15000,0.5,196,none,,,,,none,,,,,0.4444444444444444,8991539200,16588876288,21459045376
207,1,0.08512316504493356,11.74768348277622,True,llava_ov_7b,15000,0.5,196,none,,,,,none,,,,,0.4444444444444444,8991539200,16588876288,21459045376
208,1,0.08506727602798492,11.755401685496853,True,llava_ov_7b,15000,0.5,196,none,,,,,none,,,,,0.4444444444444444,8991539200,16588876288,21459045376
209,1,0.0849903030321002,11.76604817637028,True,llava_ov_7b,15000,0.5,196,none,,,,,none,,,,,0.4444444444444444,8991539200,16588876288,21459045376
210,1,0.08506315993145108,11.755970514213898,True,llava_ov_7b,15000,0.5,196,none,,,,,none,,,,,0.4444444444444444,8991539200,16588876288,21459045376
211,1,0.0850473849568516,11.758151064930983,True,llava_ov_7b,15000,0.5,196,none,,,,,none,,,,,0.4444444444444444,8991539200,16588876288,21459045376
212,1,0.08496461308095604,11.769605765722481,True,llava_ov_7b,15000,0.5,196,none,,,,,none,,,,,0.4444444444444444,8991539200,16588876288,21459045376
213,1,0.08500540896784514,11.763957283921407,True,llava_ov_7b,15000,0.5,196,none,,,,,none,,,,,0.4444444444444444,8991539200,16588876288,21459045376
214,1,0.0849141440121457,11.776601079049504,True,llava_ov_7b,15000,0.5,196,none,,,,,none,,,,,0.4444444444444444,8991539200,16588876288,21459045376
215,1,0.08496691810432822,11.769286474203188,True,llava_ov_7b,15000,0.5,196,none,,,,,none,,,,,0.4444444444444444,8991539200,16588876288,21459045376
216,1,0.08490100409835577,11.778423713829392,True,llava_ov_7b,15000,0.5,196,none,,,,,none,,,,,0.4444444444444444,8991539200,16588876288,21459045376
217,1,0.08493721799459308,11.773401856223472,True,llava_ov_7b,15000,0.5,196,none,,,,,none,,,,,0.4444444444444444,8991539200,16588876288,21459045376
218,1,0.0849255999783054,11.775012484521207,True,llava_ov_7b,15000,0.5,196,none,,,,,none,,,,,0.4444444444444444,8991539200,16588876288,21459045376
219,1,0.08496980590280145,11.768886481203907,True,llava_ov_7b,15000,0.5,196,none,,,,,none,,,,,0.4444444444444444,8991539200,16588876288,21459045376
220,1,0.08490866597276181,11.777360868215666,True,llava_ov_7b,15000,0.5,196,none,,,,,none,,,,,0.4444444444444444,8991539200,16588876288,21459045376
221,1,0.08496212097816169,11.769950990948493,True,llava_ov_7b,15000,0.5,196,none,,,,,none,,,,,0.4444444444444444,8991539200,16588876288,21459045376
222,1,0.08490729006007314,11.777551718968837,True,llava_ov_7b,15000,0.5,196,none,,,,,none,,,,,0.4444444444444444,8991539200,16588876288,21459045376
223,1,0.08487380994483829,11.78219760194489,True,llava_ov_7b,15000,0.5,196,none,,,,,none,,,,,0.4444444444444444,8991539200,16588876288,21459045376
224,1,0.08505307591985911,11.757364318513838,True,llava_ov_7b,15000,0.5,196,none,,,,,none,,,,,0.4444444444444444,8991539200,16588876288,21459045376
225,1,0.08490000595338643,11.778562189371822,True,llava_ov_7b,15000,0.5,196,none,,,,,none,,,,,0.4444444444444444,8991539200,16588876288,21459045376
226,1,0.08486527006607503,11.78338322875085,True,llava_ov_7b,15000,0.5,196,none,,,,,none,,,,,0.4444444444444444,8991539200,16588876288,21459045376
227,1,0.08487001701723784,11.782724160369748,True,llava_ov_7b,15000,0.5,196,none,,,,,none,,,,,0.4444444444444444,8991539200,16588876288,21459045376
228,1,0.0848426049342379,11.786531080405972,True,llava_ov_7b,15000,0.5,196,none,,,,,none,,,,,0.4444444444444444,8991539200,16588876288,21459045376
229,1,0.08487612300086766,11.781876511840407,True,llava_ov_7b,15000,0.5,196,none,,,,,none,,,,,0.4444444444444444,8991539200,16588876288,21459045376
230,1,0.08487829205114394,11.781575427995698,True,llava_ov_7b,15000,0.5,196,none,,,,,none,,,,,0.4444444444444444,8991539200,16588876288,21459045376
231,1,0.08486449206247926,11.783491254078045,True,llava_ov_7b,15000,0.5,196,none,,,,,none,,,,,0.4444444444444444,8991539200,16588876288,21459045376
232,1,0.0848189239623025,11.789821814344718,True,llava_ov_7b,15000,0.5,196,none,,,,,none,,,,,0.4444444444444444,8991539200,16588876288,21459045376
233,1,0.08503446995746344,11.759936887949408,True,llava_ov_7b,15000,0.5,196,none,,,,,none,,,,,0.4444444444444444,8991539200,16588876288,21459045376
234,1,0.08508605498354882,11.752807204345618,True,llava_ov_7b,15000,0.5,196,none,,,,,none,,,,,0.4444444444444444,8991539200,16588876288,21459045376
235,1,0.08504194894339889,11.758902664208307,True,llava_ov_7b,15000,0.5,196,none,,,,,none,,,,,0.4444444444444444,8991539200,16588876288,21459045376
236,1,0.08504866098519415,11.757974651406762,True,llava_ov_7b,15000,0.5,196,none,,,,,none,,,,,0.4444444444444444,8991539200,16588876288,21459045376
237,1,0.08501947997137904,11.762010310303474,True,llava_ov_7b,15000,0.5,196,none,,,,,none,,,,,0.4444444444444444,8991539200,16588876288,21459045376
238,1,0.088112712954171,11.349100106815664,True,llava_ov_7b,15000,0.5,196,none,,,,,none,,,,,0.4444444444444444,8991539200,16588876288,21459045376
239,1,0.08506983402185142,11.755048208312425,True,llava_ov_7b,15000,0.5,196,none,,,,,none,,,,,0.4444444444444444,8991539200,16588876288,21459045376
240,1,0.08507694106083363,11.75406623147108,True,llava_ov_7b,15000,0.5,196,none,,,,,none,,,,,0.4444444444444444,8991539200,16588876288,21459045376
241,1,0.08510532102081925,11.750146618392648,True,llava_ov_7b,15000,0.5,196,none,,,,,none,,,,,0.4444444444444444,8991539200,16588876288,21459045376
242,1,0.08489874307997525,11.778737396123669,True,llava_ov_7b,15000,0.5,196,none,,,,,none,,,,,0.4444444444444444,8991539200,16588876288,21459045376
243,1,0.08497715799603611,11.767868255215673,True,llava_ov_7b,15000,0.5,196,none,,,,,none,,,,,0.4444444444444444,8991539200,16588876288,21459045376
244,1,0.0849074509460479,11.777529402401003,True,llava_ov_7b,15000,0.5,196,none,,,,,none,,,,,0.4444444444444444,8991539200,16588876288,21459045376
245,1,0.0849456520518288,11.77223290239575,True,llava_ov_7b,15000,0.5,196,none,,,,,none,,,,,0.4444444444444444,8991539200,16588876288,21459045376
246,1,0.0849745279410854,11.768232483660524,True,llava_ov_7b,15000,0.5,196,none,,,,,none,,,,,0.4444444444444444,8991539200,16588876288,21459045376
247,1,0.08500354900024831,11.764214691754562,True,llava_ov_7b,15000,0.5,196,none,,,,,none,,,,,0.4444444444444444,8991539200,16588876288,21459045376
248,1,0.08488531201146543,11.780601099338957,True,llava_ov_7b,15000,0.5,196,none,,,,,none,,,,,0.4444444444444444,8991539200,16588876288,21459045376
249,1,0.08494587801396847,11.772201587410285,True,llava_ov_7b,15000,0.5,196,none,,,,,none,,,,,0.4444444444444444,8991539200,16588876288,21459045376
250,1,0.08795981400180608,11.368828042081432,True,llava_ov_7b,15000,0.5,196,none,,,,,none,,,,,0.4444444444444444,8991539200,16588876288,21459045376
251,1,0.08488044003024697,11.781277284185284,True,llava_ov_7b,15000,0.5,196,none,,,,,none,,,,,0.4444444444444444,8991539200,16588876288,21459045376
252,1,0.08497134002391249,11.768673999004626,True,llava_ov_7b,15000,0.5,196,none,,,,,none,,,,,0.4444444444444444,8991539200,16588876288,21459045376
253,1,0.08493134495802224,11.774215991684287,True,llava_ov_7b,15000,0.5,196,none,,,,,none,,,,,0.4444444444444444,8991539200,16588876288,21459045376
254,1,0.08495349495206028,11.771146090744182,True,llava_ov_7b,15000,0.5,196,none,,,,,none,,,,,0.4444444444444444,8991539200,16588876288,21459045376
255,1,0.08500009099952877,11.76469328727594,True,llava_ov_7b,15000,0.5,196,none,,,,,none,,,,,0.4444444444444444,8991539200,16588876288,21459045376
256,1,0.08504006895236671,11.759162619683758,True,llava_ov_7b,15000,0.5,196,none,,,,,none,,,,,0.4444444444444444,8991539200,16588876288,21459045376
257,1,0.08492782700341195,11.774703713540502,True,llava_ov_7b,15000,0.5,196,none,,,,,none,,,,,0.4444444444444444,8991539200,16588876288,21459045376
258,1,0.0849280379479751,11.77467446748948,True,llava_ov_7b,15000,0.5,196,none,,,,,none,,,,,0.4444444444444444,8991539200,16588876288,21459045376
259,1,0.08490346604958177,11.778082174124927,True,llava_ov_7b,15000,0.5,196,none,,,,,none,,,,,0.4444444444444444,8991539200,16588876288,21459045376
260,1,0.08481431496329606,11.790462499552776,True,llava_ov_7b,15000,0.5,196,none,,,,,none,,,,,0.4444444444444444,8991539200,16588876288,21459045376
261,1,0.08496359700802714,11.769746517505876,True,llava_ov_7b,15000,0.5,196,none,,,,,none,,,,,0.4444444444444444,8991539200,16588876288,21459045376
262,1,0.08516824792604893,11.741464974931665,True,llava_ov_7b,15000,0.5,196,none,,,,,none,,,,,0.4444444444444444,8991539200,16588876288,21459045376
263,1,0.08535024197772145,11.716428411076151,True,llava_ov_7b,15000,0.5,196,none,,,,,none,,,,,0.4444444444444444,8991539200,16588876288,21459045376
264,1,0.0850136571098119,11.762815928601952,True,llava_ov_7b,15000,0.5,196,none,,,,,none,,,,,0.4444444444444444,8991539200,16588876288,21459045376
265,1,0.08500201196875423,11.76442741576033,True,llava_ov_7b,15000,0.5,196,none,,,,,none,,,,,0.4444444444444444,8991539200,16588876288,21459045376
266,1,0.08486507402267307,11.783410449071592,True,llava_ov_7b,15000,0.5,196,none,,,,,none,,,,,0.4444444444444444,8991539200,16588876288,21459045376
267,1,0.0849316919920966,11.774167881796773,True,llava_ov_7b,15000,0.5,196,none,,,,,none,,,,,0.4444444444444444,8991539200,16588876288,21459045376
268,1,0.08485813392326236,11.784374152091361,True,llava_ov_7b,15000,0.5,196,none,,,,,none,,,,,0.4444444444444444,8991539200,16588876288,21459045376
269,1,0.08498919697012752,11.766201301460532,True,llava_ov_7b,15000,0.5,196,none,,,,,none,,,,,0.4444444444444444,8991539200,16588876288,21459045376
270,1,0.0850008639972657,11.764586299171828,True,llava_ov_7b,15000,0.5,196,none,,,,,none,,,,,0.4444444444444444,8991539200,16588876288,21459045376
271,1,0.0850196210667491,11.761990790512908,True,llava_ov_7b,15000,0.5,196,none,,,,,none,,,,,0.4444444444444444,8991539200,16588876288,21459045376
272,1,0.08486047899350524,11.78404849772925,True,llava_ov_7b,15000,0.5,196,none,,,,,none,,,,,0.4444444444444444,8991539200,16588876288,21459045376
273,1,0.08496504498180002,11.769545937558268,True,llava_ov_7b,15000,0.5,196,none,,,,,none,,,,,0.4444444444444444,8991539200,16588876288,21459045376
274,1,0.0850067320279777,11.763774187565247,True,llava_ov_7b,15000,0.5,196,none,,,,,none,,,,,0.4444444444444444,8991539200,16588876288,21459045376
275,1,0.08492430800106376,11.775191621078314,True,llava_ov_7b,15000,0.5,196,none,,,,,none,,,,,0.4444444444444444,8991539200,16588876288,21459045376
276,1,0.08517793193459511,11.740130069932455,True,llava_ov_7b,15000,0.5,196,none,,,,,none,,,,,0.4444444444444444,8991539200,16588876288,21459045376
277,1,0.08504753699526191,11.758130045032475,True,llava_ov_7b,15000,0.5,196,none,,,,,none,,,,,0.4444444444444444,8991539200,16588876288,21459045376
278,1,0.08502331702038646,11.761479498150196,True,llava_ov_7b,15000,0.5,196,none,,,,,none,,,,,0.4444444444444444,8991539200,16588876288,21459045376
279,1,0.08500233292579651,11.764382994910955,True,llava_ov_7b,15000,0.5,196,none,,,,,none,,,,,0.4444444444444444,8991539200,16588876288,21459045376
280,1,0.08498376805800945,11.76695294703108,True,llava_ov_7b,15000,0.5,196,none,,,,,none,,,,,0.4444444444444444,8991539200,16588876288,21459045376
281,1,0.08499446092173457,11.765472586746915,True,llava_ov_7b,15000,0.5,196,none,,,,,none,,,,,0.4444444444444444,8991539200,16588876288,21459045376
282,1,0.0849128159461543,11.776785269188686,True,llava_ov_7b,15000,0.5,196,none,,,,,none,,,,,0.4444444444444444,8991539200,16588876288,21459045376
283,1,0.0849244820419699,11.77516748946196,True,llava_ov_7b,15000,0.5,196,none,,,,,none,,,,,0.4444444444444444,8991539200,16588876288,21459045376
284,1,0.08489473606459796,11.779293350285954,True,llava_ov_7b,15000,0.5,196,none,,,,,none,,,,,0.4444444444444444,8991539200,16588876288,21459045376
285,1,0.08678834303282201,11.522284733812874,True,llava_ov_7b,15000,0.5,196,none,,,,,none,,,,,0.4444444444444444,8991539200,16588876288,21459045376
286,1,0.08562924095895141,11.67825369933357,True,llava_ov_7b,15000,0.5,196,none,,,,,none,,,,,0.4444444444444444,8991539200,16588876288,21459045376
287,1,0.08552635496016592,11.692302337282491,True,llava_ov_7b,15000,0.5,196,none,,,,,none,,,,,0.4444444444444444,8991539200,16588876288,21459045376
288,1,0.08535012602806091,11.716444328052027,True,llava_ov_7b,15000,0.5,196,none,,,,,none,,,,,0.4444444444444444,8991539200,16588876288,21459045376
289,1,0.08530393405817449,11.722788767491458,True,llava_ov_7b,15000,0.5,196,none,,,,,none,,,,,0.4444444444444444,8991539200,16588876288,21459045376
290,1,0.08527231006883085,11.72713626724562,True,llava_ov_7b,15000,0.5,196,none,,,,,none,,,,,0.4444444444444444,8991539200,16588876288,21459045376
291,1,0.0852944019716233,11.724098849215112,True,llava_ov_7b,15000,0.5,196,none,,,,,none,,,,,0.4444444444444444,8991539200,16588876288,21459045376
292,1,0.0852610629517585,11.728683239215645,True,llava_ov_7b,15000,0.5,196,none,,,,,none,,,,,0.4444444444444444,8991539200,16588876288,21459045376
293,1,0.08583887096028775,11.64973384217317,True,llava_ov_7b,15000,0.5,196,none,,,,,none,,,,,0.4444444444444444,8991539200,16588876288,21459045376
294,1,0.08530587505083531,11.722522035019065,True,llava_ov_7b,15000,0.5,196,none,,,,,none,,,,,0.4444444444444444,8991539200,16588876288,21459045376
295,1,0.08528985106386244,11.724724425315626,True,llava_ov_7b,15000,0.5,196,none,,,,,none,,,,,0.4444444444444444,8991539200,16588876288,21459045376
296,1,0.08523640898056328,11.73207567001131,True,llava_ov_7b,15000,0.5,196,none,,,,,none,,,,,0.4444444444444444,8991539200,16588876288,21459045376
297,1,0.08524376293644309,11.731063547084261,True,llava_ov_7b,15000,0.5,196,none,,,,,none,,,,,0.4444444444444444,8991539200,16588876288,21459045376
298,1,0.08519318199250847,11.738028520732279,True,llava_ov_7b,15000,0.5,196,none,,,,,none,,,,,0.4444444444444444,8991539200,16588876288,21459045376
299,1,0.08523908909410238,11.731706786495788,True,llava_ov_7b,15000,0.5,196,none,,,,,none,,,,,0.4444444444444444,8991539200,16588876288,21459045376
300,1,0.08573246700689197,11.66419251553336,True,llava_ov_7b,15000,0.5,196,none,,,,,none,,,,,0.4444444444444444,8991539200,16588876288,21459045376
301,1,0.08545190305449069,11.702489520477073,True,llava_ov_7b,15000,0.5,196,none,,,,,none,,,,,0.4444444444444444,8991539200,16588876288,21459045376
302,1,0.08540466404519975,11.708962398947648,True,llava_ov_7b,15000,0.5,196,none,,,,,none,,,,,0.4444444444444444,8991539200,16588876288,21459045376
303,1,0.08536096604075283,11.714956453545552,True,llava_ov_7b,15000,0.5,196,none,,,,,none,,,,,0.4444444444444444,8991539200,16588876288,21459045376
304,1,0.08525755500886589,11.729165818747799,True,llava_ov_7b,15000,0.5,196,none,,,,,none,,,,,0.4444444444444444,8991539200,16588876288,21459045376
305,1,0.08517592400312424,11.740406830964583,True,llava_ov_7b,15000,0.5,196,none,,,,,none,,,,,0.4444444444444444,8991539200,16588876288,21459045376
306,1,0.08524319902062416,11.731141152481326,True,llava_ov_7b,15000,0.5,196,none,,,,,none,,,,,0.4444444444444444,8991539200,16588876288,21459045376
307,1,0.0852078590542078,11.736006644220657,True,llava_ov_7b,15000,0.5,196,none,,,,,none,,,,,0.4444444444444444,8991539200,16588876288,21459045376
308,1,0.0852446099743247,11.730946980708758,True,llava_ov_7b,15000,0.5,196,none,,,,,none,,,,,0.4444444444444444,8991539200,16588876288,21459045376
309,1,0.08528577396646142,11.725284927275789,True,llava_ov_7b,15000,0.5,196,none,,,,,none,,,,,0.4444444444444444,8991539200,16588876288,21459045376
310,1,0.08529187203384936,11.724446610846282,True,llava_ov_7b,15000,0.5,196,none,,,,,none,,,,,0.4444444444444444,8991539200,16588876288,21459045376
311,1,0.08521636598743498,11.73483506850607,True,llava_ov_7b,15000,0.5,196,none,,,,,none,,,,,0.4444444444444444,8991539200,16588876288,21459045376
312,1,0.08526093699038029,11.728700566741681,True,llava_ov_7b,15000,0.5,196,none,,,,,none,,,,,0.4444444444444444,8991539200,16588876288,21459045376
313,1,0.08530761697329581,11.722282669237309,True,llava_ov_7b,15000,0.5,196,none,,,,,none,,,,,0.4444444444444444,8991539200,16588876288,21459045376
314,1,0.08524157700594515,11.731364377858181,True,llava_ov_7b,15000,0.5,196,none,,,,,none,,,,,0.4444444444444444,8991539200,16588876288,21459045376
315,1,0.08530346595216542,11.722853096740028,True,llava_ov_7b,15000,0.5,196,none,,,,,none,,,,,0.4444444444444444,8991539200,16588876288,21459045376
316,1,0.08546791994012892,11.700296446906739,True,llava_ov_7b,15000,0.5,196,none,,,,,none,,,,,0.4444444444444444,8991539200,16588876288,21459045376
317,1,0.08520916802808642,11.735826356975844,True,llava_ov_7b,15000,0.5,196,none,,,,,none,,,,,0.4444444444444444,8991539200,16588876288,21459045376
318,1,0.0852493530837819,11.730294293461837,True,llava_ov_7b,15000,0.5,196,none,,,,,none,,,,,0.4444444444444444,8991539200,16588876288,21459045376
319,1,0.08530458295717835,11.722699594018124,True,llava_ov_7b,15000,0.5,196,none,,,,,none,,,,,0.4444444444444444,8991539200,16588876288,21459045376
320,1,0.08543491794262081,11.70481606445286,True,llava_ov_7b,15000,0.5,196,none,,,,,none,,,,,0.4444444444444444,8991539200,16588876288,21459045376
321,1,0.08527906599920243,11.726207226628777,True,llava_ov_7b,15000,0.5,196,none,,,,,none,,,,,0.4444444444444444,8991539200,16588876288,21459045376
322,1,0.08514521701727062,11.744640920900615,True,llava_ov_7b,15000,0.5,196,none,,,,,none,,,,,0.4444444444444444,8991539200,16588876288,21459045376
323,1,0.08520398405380547,11.736540387225437,True,llava_ov_7b,15000,0.5,196,none,,,,,none,,,,,0.4444444444444444,8991539200,16588876288,21459045376
324,1,0.08532175305299461,11.720340525339243,True,llava_ov_7b,15000,0.5,196,none,,,,,none,,,,,0.4444444444444444,8991539200,16588876288,21459045376
325,1,0.08519280201289803,11.73808087505564,True,llava_ov_7b,15000,0.5,196,none,,,,,none,,,,,0.4444444444444444,8991539200,16588876288,21459045376
326,1,0.08509011403657496,11.75224656027799,True,llava_ov_7b,15000,0.5,196,none,,,,,none,,,,,0.4444444444444444,8991539200,16588876288,21459045376
327,1,0.08518762898165733,11.73879367173514,True,llava_ov_7b,15000,0.5,196,none,,,,,none,,,,,0.4444444444444444,8991539200,16588876288,21459045376
328,1,0.08545745897572488,11.701728696193284,True,llava_ov_7b,15000,0.5,196,none,,,,,none,,,,,0.4444444444444444,8991539200,16588876288,21459045376
329,1,0.08517374098300934,11.740707739953354,True,llava_ov_7b,15000,0.5,196,none,,,,,none,,,,,0.4444444444444444,8991539200,16588876288,21459045376
330,1,0.08578795602079481,11.656647930364517,True,llava_ov_7b,15000,0.5,196,none,,,,,none,,,,,0.4444444444444444,8991539200,16588876288,21459045376
331,1,0.08552414493169636,11.692604477935998,True,llava_ov_7b,15000,0.5,196,none,,,,,none,,,,,0.4444444444444444,8991539200,16588876288,21459045376
332,1,0.0854418040253222,11.703872728432,True,llava_ov_7b,15000,0.5,196,none,,,,,none,,,,,0.4444444444444444,8991539200,16588876288,21459045376
333,1,0.08541753597091883,11.707197926435843,True,llava_ov_7b,15000,0.5,196,none,,,,,none,,,,,0.4444444444444444,8991539200,16588876288,21459045376
334,1,0.08524967601988465,11.730249857685655,True,llava_ov_7b,15000,0.5,196,none,,,,,none,,,,,0.4444444444444444,8991539200,16588876288,21459045376
335,1,0.08557557302992791,11.685577608113416,True,llava_ov_7b,15000,0.5,196,none,,,,,none,,,,,0.4444444444444444,8991539200,16588876288,21459045376
336,1,0.08555325295310467,11.688626270565562,True,llava_ov_7b,15000,0.5,196,none,,,,,none,,,,,0.4444444444444444,8991539200,16588876288,21459045376
337,1,0.0854812900070101,11.698466411983167,True,llava_ov_7b,15000,0.5,196,none,,,,,none,,,,,0.4444444444444444,8991539200,16588876288,21459045376
338,1,0.08546459907665849,11.700751080608686,True,llava_ov_7b,15000,0.5,196,none,,,,,none,,,,,0.4444444444444444,8991539200,16588876288,21459045376
339,1,0.08522865001577884,11.733143723558506,True,llava_ov_7b,15000,0.5,196,none,,,,,none,,,,,0.4444444444444444,8991539200,16588876288,21459045376
340,1,0.08522177103441209,11.734090806399758,True,llava_ov_7b,15000,0.5,196,none,,,,,none,,,,,0.4444444444444444,8991539200,16588876288,21459045376
341,1,0.08543672098312527,11.704569048214191,True,llava_ov_7b,15000,0.5,196,none,,,,,none,,,,,0.4444444444444444,8991539200,16588876288,21459045376
342,1,0.0852778849657625,11.726369625624294,True,llava_ov_7b,15000,0.5,196,none,,,,,none,,,,,0.4444444444444444,8991539200,16588876288,21459045376
343,1,0.08575376309454441,11.661295830219014,True,llava_ov_7b,15000,0.5,196,none,,,,,none,,,,,0.4444444444444444,8991539200,16588876288,21459045376
344,1,0.08530290005728602,11.722930865520865,True,llava_ov_7b,15000,0.5,196,none,,,,,none,,,,,0.4444444444444444,8991539200,16588876288,21459045376
345,1,0.08516072097700089,11.742502746895099,True,llava_ov_7b,15000,0.5,196,none,,,,,none,,,,,0.4444444444444444,8991539200,16588876288,21459045376
346,1,0.08503476495388895,11.75989609123117,True,llava_ov_7b,15000,0.5,196,none,,,,,none,,,,,0.4444444444444444,8991539200,16588876288,21459045376
347,1,0.08525563904549927,11.729429410133442,True,llava_ov_7b,15000,0.5,196,none,,,,,none,,,,,0.4444444444444444,8991539200,16588876288,21459045376
348,1,0.08520539698656648,11.736345764079479,True,llava_ov_7b,15000,0.5,196,none,,,,,none,,,,,0.4444444444444444,8991539200,16588876288,21459045376
349,1,0.0850184130249545,11.762157918737923,True,llava_ov_7b,15000,0.5,196,none,,,,,none,,,,,0.4444444444444444,8991539200,16588876288,21459045376
350,1,0.08524762699380517,11.730531807913769,True,llava_ov_7b,15000,0.5,196,none,,,,,none,,,,,0.4444444444444444,8991539200,16588876288,21459045376
351,1,0.08524646598380059,11.730691571308425,True,llava_ov_7b,15000,0.5,196,none,,,,,none,,,,,0.4444444444444444,8991539200,16588876288,21459045376
352,1,0.08503115898929536,11.760394799815568,True,llava_ov_7b,15000,0.5,196,none,,,,,none,,,,,0.4444444444444444,8991539200,16588876288,21459045376
353,1,0.0851608490338549,11.742485089626799,True,llava_ov_7b,15000,0.5,196,none,,,,,none,,,,,0.4444444444444444,8991539200,16588876288,21459045376
354,1,0.08507050399202853,11.754955631786363,True,llava_ov_7b,15000,0.5,196,none,,,,,none,,,,,0.4444444444444444,8991539200,16588876288,21459045376
355,1,0.08513314998708665,11.746305641829112,True,llava_ov_7b,15000,0.5,196,none,,,,,none,,,,,0.4444444444444444,8991539200,16588876288,21459045376
356,1,0.08519255090504885,11.738115473435554,True,llava_ov_7b,15000,0.5,196,none,,,,,none,,,,,0.4444444444444444,8991539200,16588876288,21459045376
357,1,0.08521581196691841,11.734911361147502,True,llava_ov_7b,15000,0.5,196,none,,,,,none,,,,,0.4444444444444444,8991539200,16588876288,21459045376
358,1,0.08524906495586038,11.730333939941424,True,llava_ov_7b,15000,0.5,196,none,,,,,none,,,,,0.4444444444444444,8991539200,16588876288,21459045376
359,1,0.08543614007066935,11.704648631982204,True,llava_ov_7b,15000,0.5,196,none,,,,,none,,,,,0.4444444444444444,8991539200,16588876288,21459045376
360,1,0.08511897001881152,11.748262458756225,True,llava_ov_7b,15000,0.5,196,none,,,,,none,,,,,0.4444444444444444,8991539200,16588876288,21459045376
361,1,0.08519328304100782,11.73801459815382,True,llava_ov_7b,15000,0.5,196,none,,,,,none,,,,,0.4444444444444444,8991539200,16588876288,21459045376
362,1,0.0853178019169718,11.720883303734944,True,llava_ov_7b,15000,0.5,196,none,,,,,none,,,,,0.4444444444444444,8991539200,16588876288,21459045376
363,1,0.0852147979894653,11.735050995762792,True,llava_ov_7b,15000,0.5,196,none,,,,,none,,,,,0.4444444444444444,8991539200,16588876288,21459045376
364,1,0.08512616402003914,11.747269614599276,True,llava_ov_7b,15000,0.5,196,none,,,,,none,,,,,0.4444444444444444,8991539200,16588876288,21459045376
365,1,0.08529254596214741,11.72435397160963,True,llava_ov_7b,15000,0.5,196,none,,,,,none,,,,,0.4444444444444444,8991539200,16588876288,21459045376
366,1,0.08509162801783532,11.752037460023667,True,llava_ov_7b,15000,0.5,196,none,,,,,none,,,,,0.4444444444444444,8991539200,16588876288,21459045376
367,1,0.08512003801297396,11.748115054267014,True,llava_ov_7b,15000,0.5,196,none,,,,,none,,,,,0.4444444444444444,8991539200,16588876288,21459045376
368,1,0.08514475903939456,11.74470409314709,True,llava_ov_7b,15000,0.5,196,none,,,,,none,,,,,0.4444444444444444,8991539200,16588876288,21459045376
369,1,0.08507323800586164,11.754577860679277,True,llava_ov_7b,15000,0.5,196,none,,,,,none,,,,,0.4444444444444444,8991539200,16588876288,21459045376
370,1,0.08514219801872969,11.745057366031574,True,llava_ov_7b,15000,0.5,196,none,,,,,none,,,,,0.4444444444444444,8991539200,16588876288,21459045376
371,1,0.08533543499652296,11.718461387590578,True,llava_ov_7b,15000,0.5,196,none,,,,,none,,,,,0.4444444444444444,8991539200,16588876288,21459045376
372,1,0.08551537105813622,11.693804138675448,True,llava_ov_7b,15000,0.5,196,none,,,,,none,,,,,0.4444444444444444,8991539200,16588876288,21459045376
373,1,0.08597203902900219,11.63168875944254,True,llava_ov_7b,15000,0.5,196,none,,,,,none,,,,,0.4444444444444444,8991539200,16588876288,21459045376
374,1,0.08527821500319988,11.726324243096284,True,llava_ov_7b,15000,0.5,196,none,,,,,none,,,,,0.4444444444444444,8991539200,16588876288,21459045376
375,1,0.08503945893608034,11.759246972063252,True,llava_ov_7b,15000,0.5,196,none,,,,,none,,,,,0.4444444444444444,8991539200,16588876288,21459045376
376,1,0.08507387805730104,11.754489425372798,True,llava_ov_7b,15000,0.5,196,none,,,,,none,,,,,0.4444444444444444,8991539200,16588876288,21459045376
377,1,0.08526485902257264,11.728161067330968,True,llava_ov_7b,15000,0.5,196,none,,,,,none,,,,,0.4444444444444444,8991539200,16588876288,21459045376
378,1,0.08504711801651865,11.758187970646702,True,llava_ov_7b,15000,0.5,196,none,,,,,none,,,,,0.4444444444444444,8991539200,16588876288,21459045376
379,1,0.0852518540341407,11.729950173277537,True,llava_ov_7b,15000,0.5,196,none,,,,,none,,,,,0.4444444444444444,8991539200,16588876288,21459045376
380,1,0.08545847400091588,11.701589709983386,True,llava_ov_7b,15000,0.5,196,none,,,,,none,,,,,0.4444444444444444,8991539200,16588876288,21459045376
381,1,0.08500185795128345,11.764448732086812,True,llava_ov_7b,15000,0.5,196,none,,,,,none,,,,,0.4444444444444444,8991539200,16588876288,21459045376
382,1,0.08519901207182556,11.737225299713185,True,llava_ov_7b,15000,0.5,196,none,,,,,none,,,,,0.4444444444444444,8991539200,16588876288,21459045376
383,1,0.08520206599496305,11.736804598835874,True,llava_ov_7b,15000,0.5,196,none,,,,,none,,,,,0.4444444444444444,8991539200,16588876288,21459045376
384,1,0.08553571999073029,11.691022184747757,True,llava_ov_7b,15000,0.5,196,none,,,,,none,,,,,0.4444444444444444,8991539200,16588876288,21459045376
385,1,0.08554947504308075,11.68914244647817,True,llava_ov_7b,15000,0.5,196,none,,,,,none,,,,,0.4444444444444444,8991539200,16588876288,21459045376
386,1,0.08577891404274851,11.657876660709917,True,llava_ov_7b,15000,0.5,196,none,,,,,none,,,,,0.4444444444444444,8991539200,16588876288,21459045376
387,1,0.08518416702281684,11.739270746547852,True,llava_ov_7b,15000,0.5,196,none,,,,,none,,,,,0.4444444444444444,8991539200,16588876288,21459045376
388,1,0.08541199297178537,11.707957690793327,True,llava_ov_7b,15000,0.5,196,none,,,,,none,,,,,0.4444444444444444,8991539200,16588876288,21459045376
389,1,0.08545123692601919,11.702580746323969,True,llava_ov_7b,15000,0.5,196,none,,,,,none,,,,,0.4444444444444444,8991539200,16588876288,21459045376
390,1,0.08534636406693608,11.716960774283397,True,llava_ov_7b,15000,0.5,196,none,,,,,none,,,,,0.4444444444444444,8991539200,16588876288,21459045376
391,1,0.08507612405810505,11.754179108077642,True,llava_ov_7b,15000,0.5,196,none,,,,,none,,,,,0.4444444444444444,8991539200,16588876288,21459045376
392,1,0.08541878592222929,11.707026612511957,True,llava_ov_7b,15000,0.5,196,none,,,,,none,,,,,0.4444444444444444,8991539200,16588876288,21459045376
393,1,0.08525941800326109,11.72890952600393,True,llava_ov_7b,15000,0.5,196,none,,,,,none,,,,,0.4444444444444444,8991539200,16588876288,21459045376
394,1,0.08516108093317598,11.74245311405427,True,llava_ov_7b,15000,0.5,196,none,,,,,none,,,,,0.4444444444444444,8991539200,16588876288,21459045376
395,1,0.08528477989602834,11.725421595964855,True,llava_ov_7b,15000,0.5,196,none,,,,,none,,,,,0.4444444444444444,8991539200,16588876288,21459045376
396,1,0.0856307209469378,11.678051859678527,True,llava_ov_7b,15000,0.5,196,none,,,,,none,,,,,0.4444444444444444,8991539200,16588876288,21459045376
397,1,0.08507950196508318,11.753712432524608,True,llava_ov_7b,15000,0.5,196,none,,,,,none,,,,,0.4444444444444444,8991539200,16588876288,21459045376
398,1,0.08550862909760326,11.694726141130817,True,llava_ov_7b,15000,0.5,196,none,,,,,none,,,,,0.4444444444444444,8991539200,16588876288,21459045376
399,1,0.08519220701418817,11.738162856063314,True,llava_ov_7b,15000,0.5,196,none,,,,,none,,,,,0.4444444444444444,8991539200,16588876288,21459045376
400,1,0.08494534599594772,11.772275317445933,True,llava_ov_7b,15000,0.5,196,none,,,,,none,,,,,0.4444444444444444,8991539200,16588876288,21459045376
401,1,0.0852256070356816,11.733562655427349,True,llava_ov_7b,15000,0.5,196,none,,,,,none,,,,,0.4444444444444444,8991539200,16588876288,21459045376
402,1,0.0852060210891068,11.73625979969443,True,llava_ov_7b,15000,0.5,196,none,,,,,none,,,,,0.4444444444444444,8991539200,16588876288,21459045376
403,1,0.08521647495217621,11.73482006338802,True,llava_ov_7b,15000,0.5,196,none,,,,,none,,,,,0.4444444444444444,8991539200,16588876288,21459045376
404,1,0.08522415102925152,11.73376311671054,True,llava_ov_7b,15000,0.5,196,none,,,,,none,,,,,0.4444444444444444,8991539200,16588876288,21459045376
405,1,0.08496345696039498,11.769765917906822,True,llava_ov_7b,15000,0.5,196,none,,,,,none,,,,,0.4444444444444444,8991539200,16588876288,21459045376
406,1,0.08503721200395375,11.759557685798843,True,llava_ov_7b,15000,0.5,196,none,,,,,none,,,,,0.4444444444444444,8991539200,16588876288,21459045376
407,1,0.0852324259467423,11.73262392677703,True,llava_ov_7b,15000,0.5,196,none,,,,,none,,,,,0.4444444444444444,8991539200,16588876288,21459045376
408,1,0.08508036099374294,11.75359375912313,True,llava_ov_7b,15000,0.5,196,none,,,,,none,,,,,0.4444444444444444,8991539200,16588876288,21459045376
409,1,0.08502934605348855,11.760645546667384,True,llava_ov_7b,15000,0.5,196,none,,,,,none,,,,,0.4444444444444444,8991539200,16588876288,21459045376
410,1,0.08522909902967513,11.733081909640031,True,llava_ov_7b,15000,0.5,196,none,,,,,none,,,,,0.4444444444444444,8991539200,16588876288,21459045376
411,1,0.08503283199388534,11.760163416313235,True,llava_ov_7b,15000,0.5,196,none,,,,,none,,,,,0.4444444444444444,8991539200,16588876288,21459045376
412,1,0.08512891491409391,11.746890008044028,True,llava_ov_7b,15000,0.5,196,none,,,,,none,,,,,0.4444444444444444,8991539200,16588876288,21459045376
413,1,0.08550004789140075,11.695899881485047,True,llava_ov_7b,15000,0.5,196,none,,,,,none,,,,,0.4444444444444444,8991539200,16588876288,21459045376
414,1,0.08520478196442127,11.736430478955597,True,llava_ov_7b,15000,0.5,196,none,,,,,none,,,,,0.4444444444444444,8991539200,16588876288,21459045376
415,1,0.08525240095332265,11.7298749222033,True,llava_ov_7b,15000,0.5,196,none,,,,,none,,,,,0.4444444444444444,8991539200,16588876288,21459045376
416,1,0.0851968569913879,11.737522196400798,True,llava_ov_7b,15000,0.5,196,none,,,,,none,,,,,0.4444444444444444,8991539200,16588876288,21459045376
417,1,0.08503262093290687,11.760192606423695,True,llava_ov_7b,15000,0.5,196,none,,,,,none,,,,,0.4444444444444444,8991539200,16588876288,21459045376
418,1,0.08514647802803665,11.744466983951167,True,llava_ov_7b,15000,0.5,196,none,,,,,none,,,,,0.4444444444444444,8991539200,16588876288,21459045376
419,1,0.08533444500062615,11.718597337718228,True,llava_ov_7b,15000,0.5,196,none,,,,,none,,,,,0.4444444444444444,8991539200,16588876288,21459045376
420,1,0.08640990895219147,11.572746831075543,True,llava_ov_7b,15000,0.5,196,none,,,,,none,,,,,0.4444444444444444,8991539200,16588876288,21459045376
421,1,0.08529669092968106,11.723784230087004,True,llava_ov_7b,15000,0.5,196,none,,,,,none,,,,,0.4444444444444444,8991539200,16588876288,21459045376
422,1,0.08526622992940247,11.727972502454557,True,llava_ov_7b,15000,0.5,196,none,,,,,none,,,,,0.4444444444444444,8991539200,16588876288,21459045376
423,1,0.0853633499937132,11.71462928849029,True,llava_ov_7b,15000,0.5,196,none,,,,,none,,,,,0.4444444444444444,8991539200,16588876288,21459045376
424,1,0.08520402293652296,11.736535031274292,True,llava_ov_7b,15000,0.5,196,none,,,,,none,,,,,0.4444444444444444,8991539200,16588876288,21459045376
425,1,0.08557335403747857,11.68588062543429,True,llava_ov_7b,15000,0.5,196,none,,,,,none,,,,,0.4444444444444444,8991539200,16588876288,21459045376
426,1,0.0852143979864195,11.735106081009556,True,llava_ov_7b,15000,0.5,196,none,,,,,none,,,,,0.4444444444444444,8991539200,16588876288,21459045376
427,1,0.08522940194234252,11.733040209251937,True,llava_ov_7b,15000,0.5,196,none,,,,,none,,,,,0.4444444444444444,8991539200,16588876288,21459045376
428,1,0.08519374497700483,11.737950952501457,True,llava_ov_7b,15000,0.5,196,none,,,,,none,,,,,0.4444444444444444,8991539200,16588876288,21459045376
429,1,0.08517483994364738,11.74055625653786,True,llava_ov_7b,15000,0.5,196,none,,,,,none,,,,,0.4444444444444444,8991539200,16588876288,21459045376
430,1,0.08516385406255722,11.742070752991623,True,llava_ov_7b,15000,0.5,196,none,,,,,none,,,,,0.4444444444444444,8991539200,16588876288,21459045376
431,1,0.0851412140764296,11.745193098871242,True,llava_ov_7b,15000,0.5,196,none,,,,,none,,,,,0.4444444444444444,8991539200,16588876288,21459045376
432,1,0.0851291170110926,11.746862120861616,True,llava_ov_7b,15000,0.5,196,none,,,,,none,,,,,0.4444444444444444,8991539200,16588876288,21459045376
433,1,0.08516260609030724,11.742242821216514,True,llava_ov_7b,15000,0.5,196,none,,,,,none,,,,,0.4444444444444444,8991539200,16588876288,21459045376
434,1,0.08558527997229248,11.68425224902859,True,llava_ov_7b,15000,0.5,196,none,,,,,none,,,,,0.4444444444444444,8991539200,16588876288,21459045376
435,1,0.08540215506218374,11.709306390124132,True,llava_ov_7b,15000,0.5,196,none,,,,,none,,,,,0.4444444444444444,8991539200,16588876288,21459045376
436,1,0.08529380499385297,11.724180907066684,True,llava_ov_7b,15000,0.5,196,none,,,,,none,,,,,0.4444444444444444,8991539200,16588876288,21459045376
437,1,0.0852140070637688,11.735159916276006,True,llava_ov_7b,15000,0.5,196,none,,,,,none,,,,,0.4444444444444444,8991539200,16588876288,21459045376
438,1,0.085187983000651,11.738744888376546,True,llava_ov_7b,15000,0.5,196,none,,,,,none,,,,,0.4444444444444444,8991539200,16588876288,21459045376
439,1,0.085096952971071,11.751302074704759,True,llava_ov_7b,15000,0.5,196,none,,,,,none,,,,,0.4444444444444444,8991539200,16588876288,21459045376
440,1,0.08519455103669316,11.737839895057391,True,llava_ov_7b,15000,0.5,196,none,,,,,none,,,,,0.4444444444444444,8991539200,16588876288,21459045376
441,1,0.08512860303744674,11.746933043880864,True,llava_ov_7b,15000,0.5,196,none,,,,,none,,,,,0.4444444444444444,8991539200,16588876288,21459045376
442,1,0.08518341893795878,11.739373841384849,True,llava_ov_7b,15000,0.5,196,none,,,,,none,,,,,0.4444444444444444,8991539200,16588876288,21459045376
443,1,0.08514822798315436,11.744225613219326,True,llava_ov_7b,15000,0.5,196,none,,,,,none,,,,,0.4444444444444444,8991539200,16588876288,21459045376
444,1,0.08519119396805763,11.738302439744526,True,llava_ov_7b,15000,0.5,196,none,,,,,none,,,,,0.4444444444444444,8991539200,16588876288,21459045376
445,1,0.08504626399371773,11.758306044741353,True,llava_ov_7b,15000,0.5,196,none,,,,,none,,,,,0.4444444444444444,8991539200,16588876288,21459045376
446,1,0.08519959694240242,11.73714472705817,True,llava_ov_7b,15000,0.5,196,none,,,,,none,,,,,0.4444444444444444,8991539200,16588876288,21459045376
447,1,0.08516611997038126,11.741758346485387,True,llava_ov_7b,15000,0.5,196,none,,,,,none,,,,,0.4444444444444444,8991539200,16588876288,21459045376
448,1,0.08520200208295137,11.73681340288712,True,llava_ov_7b,15000,0.5,196,none,,,,,none,,,,,0.4444444444444444,8991539200,16588876288,21459045376
449,1,0.08501845004502684,11.762152797073899,True,llava_ov_7b,15000,0.5,196,none,,,,,none,,,,,0.4444444444444444,8991539200,16588876288,21459045376
450,1,0.08509876194875687,11.751052272677724,True,llava_ov_7b,15000,0.5,196,none,,,,,none,,,,,0.4444444444444444,8991539200,16588876288,21459045376
451,1,0.08516381296794862,11.742076418963883,True,llava_ov_7b,15000,0.5,196,none,,,,,none,,,,,0.4444444444444444,8991539200,16588876288,21459045376
452,1,0.08513139595743269,11.746547660278225,True,llava_ov_7b,15000,0.5,196,none,,,,,none,,,,,0.4444444444444444,8991539200,16588876288,21459045376
453,1,0.08511783403810114,11.748419250804384,True,llava_ov_7b,15000,0.5,196,none,,,,,none,,,,,0.4444444444444444,8991539200,16588876288,21459045376
454,1,0.0851286289980635,11.746929461565133,True,llava_ov_7b,15000,0.5,196,none,,,,,none,,,,,0.4444444444444444,8991539200,16588876288,21459045376
455,1,0.08530165697447956,11.723101701285577,True,llava_ov_7b,15000,0.5,196,none,,,,,none,,,,,0.4444444444444444,8991539200,16588876288,21459045376
456,1,0.08517544402275234,11.740472990465147,True,llava_ov_7b,15000,0.5,196,none,,,,,none,,,,,0.4444444444444444,8991539200,16588876288,21459045376
457,1,0.08512067701667547,11.748026860783733,True,llava_ov_7b,15000,0.5,196,none,,,,,none,,,,,0.4444444444444444,8991539200,16588876288,21459045376
458,1,0.08513555699028075,11.745973543277131,True,llava_ov_7b,15000,0.5,196,none,,,,,none,,,,,0.4444444444444444,8991539200,16588876288,21459045376
459,1,0.08542141097132117,11.706666848850501,True,llava_ov_7b,15000,0.5,196,none,,,,,none,,,,,0.4444444444444444,8991539200,16588876288,21459045376
460,1,0.08504450495820493,11.75854925008323,True,llava_ov_7b,15000,0.5,196,none,,,,,none,,,,,0.4444444444444444,8991539200,16588876288,21459045376
461,1,0.08506581804249436,11.75560316719053,True,llava_ov_7b,15000,0.5,196,none,,,,,none,,,,,0.4444444444444444,8991539200,16588876288,21459045376
462,1,0.08514819096308202,11.744230719282966,True,llava_ov_7b,15000,0.5,196,none,,,,,none,,,,,0.4444444444444444,8991539200,16588876288,21459045376
463,1,0.08544295898173004,11.703714523906251,True,llava_ov_7b,15000,0.5,196,none,,,,,none,,,,,0.4444444444444444,8991539200,16588876288,21459045376
464,1,0.08520988305099308,11.735727877968792,True,llava_ov_7b,15000,0.5,196,none,,,,,none,,,,,0.4444444444444444,8991539200,16588876288,21459045376
465,1,0.0851538039278239,11.74345659117703,True,llava_ov_7b,15000,0.5,196,none,,,,,none,,,,,0.4444444444444444,8991539200,16588876288,21459045376
466,1,0.08517853892408311,11.740046408770498,True,llava_ov_7b,15000,0.5,196,none,,,,,none,,,,,0.4444444444444444,8991539200,16588876288,21459045376
467,1,0.08514484902843833,11.74469168024481,True,llava_ov_7b,15000,0.5,196,none,,,,,none,,,,,0.4444444444444444,8991539200,16588876288,21459045376
468,1,0.08516407199203968,11.74204070577403,True,llava_ov_7b,15000,0.5,196,none,,,,,none,,,,,0.4444444444444444,8991539200,16588876288,21459045376
469,1,0.08515468297991902,11.743335363432893,True,llava_ov_7b,15000,0.5,196,none,,,,,none,,,,,0.4444444444444444,8991539200,16588876288,21459045376
470,1,0.0851160460151732,11.74866604848791,True,llava_ov_7b,15000,0.5,196,none,,,,,none,,,,,0.4444444444444444,8991539200,16588876288,21459045376
471,1,0.08520435902755708,11.73648873617577,True,llava_ov_7b,15000,0.5,196,none,,,,,none,,,,,0.4444444444444444,8991539200,16588876288,21459045376
472,1,0.08513140003196895,11.746547098068106,True,llava_ov_7b,15000,0.5,196,none,,,,,none,,,,,0.4444444444444444,8991539200,16588876288,21459045376
473,1,0.08513045799918473,11.746677082479419,True,llava_ov_7b,15000,0.5,196,none,,,,,none,,,,,0.4444444444444444,8991539200,16588876288,21459045376
474,1,0.0851143350591883,11.748902218464169,True,llava_ov_7b,15000,0.5,196,none,,,,,none,,,,,0.4444444444444444,8991539200,16588876288,21459045376
475,1,0.08507777296472341,11.753951298356615,True,llava_ov_7b,15000,0.5,196,none,,,,,none,,,,,0.4444444444444444,8991539200,16588876288,21459045376
476,1,0.0851645739749074,11.741971495033095,True,llava_ov_7b,15000,0.5,196,none,,,,,none,,,,,0.4444444444444444,8991539200,16588876288,21459045376
477,1,0.085108776926063,11.749669494942165,True,llava_ov_7b,15000,0.5,196,none,,,,,none,,,,,0.4444444444444444,8991539200,16588876288,21459045376
478,1,0.08509289496578276,11.751862483960808,True,llava_ov_7b,15000,0.5,196,none,,,,,none,,,,,0.4444444444444444,8991539200,16588876288,21459045376
479,1,0.0850294220726937,11.760635032248906,True,llava_ov_7b,15000,0.5,196,none,,,,,none,,,,,0.4444444444444444,8991539200,16588876288,21459045376
480,1,0.08510251203551888,11.750534456405166,True,llava_ov_7b,15000,0.5,196,none,,,,,none,,,,,0.4444444444444444,8991539200,16588876288,21459045376
481,1,0.0851194040151313,11.748202558164463,True,llava_ov_7b,15000,0.5,196,none,,,,,none,,,,,0.4444444444444444,8991539200,16588876288,21459045376
482,1,0.08515335398260504,11.743518642897824,True,llava_ov_7b,15000,0.5,196,none,,,,,none,,,,,0.4444444444444444,8991539200,16588876288,21459045376
483,1,0.08514866605401039,11.744165191803393,True,llava_ov_7b,15000,0.5,196,none,,,,,none,,,,,0.4444444444444444,8991539200,16588876288,21459045376
484,1,0.08517475007101893,11.740568644653461,True,llava_ov_7b,15000,0.5,196,none,,,,,none,,,,,0.4444444444444444,8991539200,16588876288,21459045376
485,1,0.08505404705647379,11.75723007437876,True,llava_ov_7b,15000,0.5,196,none,,,,,none,,,,,0.4444444444444444,8991539200,16588876288,21459045376
486,1,0.08508865197654814,11.752448496605831,True,llava_ov_7b,15000,0.5,196,none,,,,,none,,,,,0.4444444444444444,8991539200,16588876288,21459045376
487,1,0.08504406397696584,11.758610222000323,True,llava_ov_7b,15000,0.5,196,none,,,,,none,,,,,0.4444444444444444,8991539200,16588876288,21459045376
488,1,0.08510515303350985,11.750169811765142,True,llava_ov_7b,15000,0.5,196,none,,,,,none,,,,,0.4444444444444444,8991539200,16588876288,21459045376
489,1,0.08508548501413316,11.752885933880433,True,llava_ov_7b,15000,0.5,196,none,,,,,none,,,,,0.4444444444444444,8991539200,16588876288,21459045376
490,1,0.08520345494616777,11.736613270339895,True,llava_ov_7b,15000,0.5,196,none,,,,,none,,,,,0.4444444444444444,8991539200,16588876288,21459045376
491,1,0.08536416105926037,11.71451798496319,True,llava_ov_7b,15000,0.5,196,none,,,,,none,,,,,0.4444444444444444,8991539200,16588876288,21459045376
492,1,0.08539300598204136,11.710560935286734,True,llava_ov_7b,15000,0.5,196,none,,,,,none,,,,,0.4444444444444444,8991539200,16588876288,21459045376
493,1,0.08517617208417505,11.740372636278531,True,llava_ov_7b,15000,0.5,196,none,,,,,none,,,,,0.4444444444444444,8991539200,16588876288,21459045376
494,1,0.0851406630827114,11.745269108704642,True,llava_ov_7b,15000,0.5,196,none,,,,,none,,,,,0.4444444444444444,8991539200,16588876288,21459045376
495,1,0.08510366803966463,11.750374843231501,True,llava_ov_7b,15000,0.5,196,none,,,,,none,,,,,0.4444444444444444,8991539200,16588876288,21459045376
496,1,0.08529213606379926,11.724410316702484,True,llava_ov_7b,15000,0.5,196,none,,,,,none,,,,,0.4444444444444444,8991539200,16588876288,21459045376
497,1,0.08515708800405264,11.743003705721007,True,llava_ov_7b,15000,0.5,196,none,,,,,none,,,,,0.4444444444444444,8991539200,16588876288,21459045376
498,1,0.0850857209879905,11.75285333882457,True,llava_ov_7b,15000,0.5,196,none,,,,,none,,,,,0.4444444444444444,8991539200,16588876288,21459045376
499,1,0.08513550506904721,11.745980706744769,True,llava_ov_7b,15000,0.5,196,none,,,,,none,,,,,0.4444444444444444,8991539200,16588876288,21459045376
500,1,0.0851587790530175,11.742770517851456,True,llava_ov_7b,15000,0.5,196,none,,,,,none,,,,,0.4444444444444444,8991539200,16588876288,21459045376
501,1,0.0851118320133537,11.749247740820618,True,llava_ov_7b,15000,0.5,196,none,,,,,none,,,,,0.4444444444444444,8991539200,16588876288,21459045376
502,1,0.08517451991792768,11.740600369260411,True,llava_ov_7b,15000,0.5,196,none,,,,,none,,,,,0.4444444444444444,8991539200,16588876288,21459045376
503,1,0.08511694602202624,11.748541820817017,True,llava_ov_7b,15000,0.5,196,none,,,,,none,,,,,0.4444444444444444,8991539200,16588876288,21459045376
504,1,0.08512220403645188,11.747816111196675,True,llava_ov_7b,15000,0.5,196,none,,,,,none,,,,,0.4444444444444444,8991539200,16588876288,21459045376
505,1,0.0851248559774831,11.747450125078817,True,llava_ov_7b,15000,0.5,196,none,,,,,none,,,,,0.4444444444444444,8991539200,16588876288,21459045376
506,1,0.08517550199758261,11.740464999295,True,llava_ov_7b,15000,0.5,196,none,,,,,none,,,,,0.4444444444444444,8991539200,16588876288,21459045376
507,1,0.085213957936503,11.73516668179112,True,llava_ov_7b,15000,0.5,196,none,,,,,none,,,,,0.4444444444444444,8991539200,16588876288,21459045376
508,1,0.08527560404036194,11.726683278920994,True,llava_ov_7b,15000,0.5,196,none,,,,,none,,,,,0.4444444444444444,8991539200,16588876288,21459045376
509,1,0.08513740298803896,11.745718860375517,True,llava_ov_7b,15000,0.5,196,none,,,,,none,,,,,0.4444444444444444,8991539200,16588876288,21459045376
510,1,0.0852736160159111,11.726956668677111,True,llava_ov_7b,15000,0.5,196,none,,,,,none,,,,,0.4444444444444444,8991539200,16588876288,21459045376
511,1,0.08518161904066801,11.739621895688234,True,llava_ov_7b,15000,0.5,196,none,,,,,none,,,,,0.4444444444444444,8991539200,16588876288,21459045376
512,1,0.0854646759107709,11.700740561446072,True,llava_ov_7b,15000,0.5,196,none,,,,,none,,,,,0.4444444444444444,8991539200,16588876288,21459045376
513,1,0.085284817032516,11.725416490238073,True,llava_ov_7b,15000,0.5,196,none,,,,,none,,,,,0.4444444444444444,8991539200,16588876288,21459045376
514,1,0.08522258198354393,11.733979148778843,True,llava_ov_7b,15000,0.5,196,none,,,,,none,,,,,0.4444444444444444,8991539200,16588876288,21459045376
515,1,0.08517252502497286,11.740875355131209,True,llava_ov_7b,15000,0.5,196,none,,,,,none,,,,,0.4444444444444444,8991539200,16588876288,21459045376
516,1,0.08520535996649414,11.736350863293536,True,llava_ov_7b,15000,0.5,196,none,,,,,none,,,,,0.4444444444444444,8991539200,16588876288,21459045376
517,1,0.08518591208849102,11.739030263140238,True,llava_ov_7b,15000,0.5,196,none,,,,,none,,,,,0.4444444444444444,8991539200,16588876288,21459045376
518,1,0.08553753606975079,11.690773968337822,True,llava_ov_7b,15000,0.5,196,none,,,,,none,,,,,0.4444444444444444,8991539200,16588876288,21459045376
519,1,0.08557565801311284,11.685566003439542,True,llava_ov_7b,15000,0.5,196,none,,,,,none,,,,,0.4444444444444444,8991539200,16588876288,21459045376
520,1,0.08551745198201388,11.693519589549055,True,llava_ov_7b,15000,0.5,196,none,,,,,none,,,,,0.4444444444444444,8991539200,16588876288,21459045376
521,1,0.08524471893906593,11.730931985532305,True,llava_ov_7b,15000,0.5,196,none,,,,,none,,,,,0.4444444444444444,8991539200,16588876288,21459045376
522,1,0.0852870000526309,11.72511636454438,True,llava_ov_7b,15000,0.5,196,none,,,,,none,,,,,0.4444444444444444,8991539200,16588876288,21459045376
523,1,0.08526545099448413,11.728079642300733,True,llava_ov_7b,15000,0.5,196,none,,,,,none,,,,,0.4444444444444444,8991539200,16588876288,21459045376
524,1,0.0853319059824571,11.71894602009223,True,llava_ov_7b,15000,0.5,196,none,,,,,none,,,,,0.4444444444444444,8991539200,16588876288,21459045376
525,1,0.08519785501994193,11.737384700189153,True,llava_ov_7b,15000,0.5,196,none,,,,,none,,,,,0.4444444444444444,8991539200,16588876288,21459045376
526,1,0.0852974409935996,11.72368113687064,True,llava_ov_7b,15000,0.5,196,none,,,,,none,,,,,0.4444444444444444,8991539200,16588876288,21459045376
527,1,0.08516458002850413,11.741970660400195,True,llava_ov_7b,15000,0.5,196,none,,,,,none,,,,,0.4444444444444444,8991539200,16588876288,21459045376
528,1,0.08528292400296777,11.725676759924424,True,llava_ov_7b,15000,0.5,196,none,,,,,none,,,,,0.4444444444444444,8991539200,16588876288,21459045376
529,1,0.08520269603468478,11.736717809879098,True,llava_ov_7b,15000,0.5,196,none,,,,,none,,,,,0.4444444444444444,8991539200,16588876288,21459045376
530,1,0.08524356095585972,11.731091343284142,True,llava_ov_7b,15000,0.5,196,none,,,,,none,,,,,0.4444444444444444,8991539200,16588876288,21459045376
531,1,0.08520975103601813,11.735746060064185,True,llava_ov_7b,15000,0.5,196,none,,,,,none,,,,,0.4444444444444444,8991539200,16588876288,21459045376
532,1,0.08612118300516158,11.61154509384835,True,llava_ov_7b,15000,0.5,196,none,,,,,none,,,,,0.4444444444444444,8991539200,16588876288,21459045376
533,1,0.08525358804035932,11.729711593212908,True,llava_ov_7b,15000,0.5,196,none,,,,,none,,,,,0.4444444444444444,8991539200,16588876288,21459045376
534,1,0.08521754597313702,11.73467257922715,True,llava_ov_7b,15000,0.5,196,none,,,,,none,,,,,0.4444444444444444,8991539200,16588876288,21459045376
535,1,0.0851866960292682,11.738922233307685,True,llava_ov_7b,15000,0.5,196,none,,,,,none,,,,,0.4444444444444444,8991539200,16588876288,21459045376
536,1,0.08525788504630327,11.72912041457401,True,llava_ov_7b,15000,0.5,196,none,,,,,none,,,,,0.4444444444444444,8991539200,16588876288,21459045376
537,1,0.08523374400101602,11.73244249352791,True,llava_ov_7b,15000,0.5,196,none,,,,,none,,,,,0.4444444444444444,8991539200,16588876288,21459045376
538,1,0.08523435995448381,11.732357708018366,True,llava_ov_7b,15000,0.5,196,none,,,,,none,,,,,0.4444444444444444,8991539200,16588876288,21459045376
539,1,0.0851141168968752,11.74893233294785,True,llava_ov_7b,15000,0.5,196,none,,,,,none,,,,,0.4444444444444444,8991539200,16588876288,21459045376
540,1,0.08525134494993836,11.730020219472479,True,llava_ov_7b,15000,0.5,196,none,,,,,none,,,,,0.4444444444444444,8991539200,16588876288,21459045376
541,1,0.08518658403772861,11.738937666019172,True,llava_ov_7b,15000,0.5,196,none,,,,,none,,,,,0.4444444444444444,8991539200,16588876288,21459045376
542,1,0.08524723001755774,11.730586434234137,True,llava_ov_7b,15000,0.5,196,none,,,,,none,,,,,0.4444444444444444,8991539200,16588876288,21459045376
543,1,0.08519878494553268,11.73725658927292,True,llava_ov_7b,15000,0.5,196,none,,,,,none,,,,,0.4444444444444444,8991539200,16588876288,21459045376
544,1,0.0852625269908458,11.728481846513473,True,llava_ov_7b,15000,0.5,196,none,,,,,none,,,,,0.4444444444444444,8991539200,16588876288,21459045376
545,1,0.08548614708706737,11.697801738350696,True,llava_ov_7b,15000,0.5,196,none,,,,,none,,,,,0.4444444444444444,8991539200,16588876288,21459045376
546,1,0.0855131020070985,11.694114428418109,True,llava_ov_7b,15000,0.5,196,none,,,,,none,,,,,0.4444444444444444,8991539200,16588876288,21459045376
547,1,0.0853921870002523,11.710673249263955,True,llava_ov_7b,15000,0.5,196,none,,,,,none,,,,,0.4444444444444444,8991539200,16588876288,21459045376
548,1,0.0853979509556666,11.709882834532399,True,llava_ov_7b,15000,0.5,196,none,,,,,none,,,,,0.4444444444444444,8991539200,16588876288,21459045376
549,1,0.08528279000893235,11.725695182993684,True,llava_ov_7b,15000,0.5,196,none,,,,,none,,,,,0.4444444444444444,8991539200,16588876288,21459045376
550,1,0.0852984320372343,11.72354492475878,True,llava_ov_7b,15000,0.5,196,none,,,,,none,,,,,0.4444444444444444,8991539200,16588876288,21459045376
551,1,0.08527919196058065,11.72618990646908,True,llava_ov_7b,15000,0.5,196,none,,,,,none,,,,,0.4444444444444444,8991539200,16588876288,21459045376
552,1,0.08531994302757084,11.720589167257806,True,llava_ov_7b,15000,0.5,196,none,,,,,none,,,,,0.4444444444444444,8991539200,16588876288,21459045376
553,1,0.08523201593197882,11.732680367411124,True,llava_ov_7b,15000,0.5,196,none,,,,,none,,,,,0.4444444444444444,8991539200,16588876288,21459045376
554,1,0.08526015502866358,11.728808136271983,True,llava_ov_7b,15000,0.5,196,none,,,,,none,,,,,0.4444444444444444,8991539200,16588876288,21459045376
555,1,0.08634622988756746,11.581281560319574,True,llava_ov_7b,15000,0.5,196,none,,,,,none,,,,,0.4444444444444444,8991539200,16588876288,21459045376
556,1,0.08532207703683525,11.720296021020209,True,llava_ov_7b,15000,0.5,196,none,,,,,none,,,,,0.4444444444444444,8991539200,16588876288,21459045376
557,1,0.08518960501533002,11.738521382040076,True,llava_ov_7b,15000,0.5,196,none,,,,,none,,,,,0.4444444444444444,8991539200,16588876288,21459045376
558,1,0.08507687505334616,11.754075350945428,True,llava_ov_7b,15000,0.5,196,none,,,,,none,,,,,0.4444444444444444,8991539200,16588876288,21459045376
559,1,0.08507831394672394,11.753876559262801,True,llava_ov_7b,15000,0.5,196,none,,,,,none,,,,,0.4444444444444444,8991539200,16588876288,21459045376
560,1,0.08508650702424347,11.752744764984566,True,llava_ov_7b,15000,0.5,196,none,,,,,none,,,,,0.4444444444444444,8991539200,16588876288,21459045376
561,1,0.08508515590801835,11.75293139359178,True,llava_ov_7b,15000,0.5,196,none,,,,,none,,,,,0.4444444444444444,8991539200,16588876288,21459045376
562,1,0.08615864091552794,11.60649691515474,True,llava_ov_7b,15000,0.5,196,none,,,,,none,,,,,0.4444444444444444,8991539200,16588876288,21459045376
563,1,0.08544453408103436,11.703498775610555,True,llava_ov_7b,15000,0.5,196,none,,,,,none,,,,,0.4444444444444444,8991539200,16588876288,21459045376
564,1,0.08514581096824259,11.744558993900203,True,llava_ov_7b,15000,0.5,196,none,,,,,none,,,,,0.4444444444444444,8991539200,16588876288,21459045376
565,1,0.08499611390288919,11.765243775056968,True,llava_ov_7b,15000,0.5,196,none,,,,,none,,,,,0.4444444444444444,8991539200,16588876288,21459045376
566,1,0.08515336306300014,11.74351739061858,True,llava_ov_7b,15000,0.5,196,none,,,,,none,,,,,0.4444444444444444,8991539200,16588876288,21459045376
567,1,0.0850280859740451,11.760819834345687,True,llava_ov_7b,15000,0.5,196,none,,,,,none,,,,,0.4444444444444444,8991539200,16588876288,21459045376
568,1,0.08509592898190022,11.751443482245767,True,llava_ov_7b,15000,0.5,196,none,,,,,none,,,,,0.4444444444444444,8991539200,16588876288,21459045376
569,1,0.08510190597735345,11.750618138518671,True,llava_ov_7b,15000,0.5,196,none,,,,,none,,,,,0.4444444444444444,8991539200,16588876288,21459045376
570,1,0.08501060400158167,11.763238383547945,True,llava_ov_7b,15000,0.5,196,none,,,,,none,,,,,0.4444444444444444,8991539200,16588876288,21459045376
571,1,0.08501674304716289,11.762388961963078,True,llava_ov_7b,15000,0.5,196,none,,,,,none,,,,,0.4444444444444444,8991539200,16588876288,21459045376
572,1,0.08524599100928754,11.73075693249962,True,llava_ov_7b,15000,0.5,196,none,,,,,none,,,,,0.4444444444444444,8991539200,16588876288,21459045376
573,1,0.08518829999957234,11.738701206680028,True,llava_ov_7b,15000,0.5,196,none,,,,,none,,,,,0.4444444444444444,8991539200,16588876288,21459045376
574,1,0.08506136294454336,11.756218868159452,True,llava_ov_7b,15000,0.5,196,none,,,,,none,,,,,0.4444444444444444,8991539200,16588876288,21459045376
575,1,0.08503608289174736,11.759713829634181,True,llava_ov_7b,15000,0.5,196,none,,,,,none,,,,,0.4444444444444444,8991539200,16588876288,21459045376
576,1,0.08538749197032303,11.711317160451983,True,llava_ov_7b,15000,0.5,196,none,,,,,none,,,,,0.4444444444444444,8991539200,16588876288,21459045376
577,1,0.08500520698726177,11.763985236220321,True,llava_ov_7b,15000,0.5,196,none,,,,,none,,,,,0.4444444444444444,8991539200,16588876288,21459045376
578,1,0.0849782460136339,11.767717585504883,True,llava_ov_7b,15000,0.5,196,none,,,,,none,,,,,0.4444444444444444,8991539200,16588876288,21459045376
579,1,0.08499490702524781,11.765410834592114,True,llava_ov_7b,15000,0.5,196,none,,,,,none,,,,,0.4444444444444444,8991539200,16588876288,21459045376
580,1,0.08506072999443859,11.7563063480102,True,llava_ov_7b,15000,0.5,196,none,,,,,none,,,,,0.4444444444444444,8991539200,16588876288,21459045376
581,1,0.08492786402348429,11.774698580944877,True,llava_ov_7b,15000,0.5,196,none,,,,,none,,,,,0.4444444444444444,8991539200,16588876288,21459045376
582,1,0.08509244304150343,11.75192489786966,True,llava_ov_7b,15000,0.5,196,none,,,,,none,,,,,0.4444444444444444,8991539200,16588876288,21459045376
583,1,0.0849433169933036,11.772556516468903,True,llava_ov_7b,15000,0.5,196,none,,,,,none,,,,,0.4444444444444444,8991539200,16588876288,21459045376
584,1,0.08504025801084936,11.759136477130877,True,llava_ov_7b,15000,0.5,196,none,,,,,none,,,,,0.4444444444444444,8991539200,16588876288,21459045376
585,1,0.08494731003884226,11.772003133975035,True,llava_ov_7b,15000,0.5,196,none,,,,,none,,,,,0.4444444444444444,8991539200,16588876288,21459045376
586,1,0.08533485094085336,11.718541592029174,True,llava_ov_7b,15000,0.5,196,none,,,,,none,,,,,0.4444444444444444,8991539200,16588876288,21459045376
587,1,0.08509736298583448,11.751245454767647,True,llava_ov_7b,15000,0.5,196,none,,,,,none,,,,,0.4444444444444444,8991539200,16588876288,21459045376
588,1,0.08515229902695864,11.743664133876253,True,llava_ov_7b,15000,0.5,196,none,,,,,none,,,,,0.4444444444444444,8991539200,16588876288,21459045376
589,1,0.08519367896951735,11.737960046986633,True,llava_ov_7b,15000,0.5,196,none,,,,,none,,,,,0.4444444444444444,8991539200,16588876288,21459045376
590,1,0.0852385510224849,11.731780843344135,True,llava_ov_7b,15000,0.5,196,none,,,,,none,,,,,0.4444444444444444,8991539200,16588876288,21459045376
591,1,0.08508980798069388,11.752288831429624,True,llava_ov_7b,15000,0.5,196,none,,,,,none,,,,,0.4444444444444444,8991539200,16588876288,21459045376
592,1,0.08510035602375865,11.750832155400339,True,llava_ov_7b,15000,0.5,196,none,,,,,none,,,,,0.4444444444444444,8991539200,16588876288,21459045376
593,1,0.08509576099459082,11.751466680738254,True,llava_ov_7b,15000,0.5,196,none,,,,,none,,,,,0.4444444444444444,8991539200,16588876288,21459045376
594,1,0.08509110496379435,11.752109699662412,True,llava_ov_7b,15000,0.5,196,none,,,,,none,,,,,0.4444444444444444,8991539200,16588876288,21459045376
595,1,0.08507474698126316,11.754369369094212,True,llava_ov_7b,15000,0.5,196,none,,,,,none,,,,,0.4444444444444444,8991539200,16588876288,21459045376
596,1,0.0850392630090937,11.759274064887705,True,llava_ov_7b,15000,0.5,196,none,,,,,none,,,,,0.4444444444444444,8991539200,16588876288,21459045376
597,1,0.08499049092642963,11.766022164357548,True,llava_ov_7b,15000,0.5,196,none,,,,,none,,,,,0.4444444444444444,8991539200,16588876288,21459045376
598,1,0.08505470200907439,11.757139539367396,True,llava_ov_7b,15000,0.5,196,none,,,,,none,,,,,0.4444444444444444,8991539200,16588876288,21459045376
599,1,0.08511329407338053,11.749045914470761,True,llava_ov_7b,15000,0.5,196,none,,,,,none,,,,,0.4444444444444444,8991539200,16588876288,21459045376
600,1,0.08504982304293662,11.757813999156227,True,llava_ov_7b,15000,0.5,196,none,,,,,none,,,,,0.4444444444444444,8991539200,16588876288,21459045376
601,1,0.08504091994836926,11.759044946916474,True,llava_ov_7b,15000,0.5,196,none,,,,,none,,,,,0.4444444444444444,8991539200,16588876288,21459045376
602,1,0.08507741603534669,11.754000610274,True,llava_ov_7b,15000,0.5,196,none,,,,,none,,,,,0.4444444444444444,8991539200,16588876288,21459045376
603,1,0.08497855090536177,11.767675364500766,True,llava_ov_7b,15000,0.5,196,none,,,,,none,,,,,0.4444444444444444,8991539200,16588876288,21459045376
604,1,0.08496362098958343,11.76974319541537,True,llava_ov_7b,15000,0.5,196,none,,,,,none,,,,,0.4444444444444444,8991539200,16588876288,21459045376
605,1,0.08500471606384963,11.764053176165774,True,llava_ov_7b,15000,0.5,196,none,,,,,none,,,,,0.4444444444444444,8991539200,16588876288,21459045376
606,1,0.08494299103040248,11.772601692846955,True,llava_ov_7b,15000,0.5,196,none,,,,,none,,,,,0.4444444444444444,8991539200,16588876288,21459045376
607,1,0.08498387096915394,11.766938697849662,True,llava_ov_7b,15000,0.5,196,none,,,,,none,,,,,0.4444444444444444,8991539200,16588876288,21459045376
608,1,0.08501084905583411,11.763204474563146,True,llava_ov_7b,15000,0.5,196,none,,,,,none,,,,,0.4444444444444444,8991539200,16588876288,21459045376
609,1,0.08501843607518822,11.76215472977678,True,llava_ov_7b,15000,0.5,196,none,,,,,none,,,,,0.4444444444444444,8991539200,16588876288,21459045376
610,1,0.08504657598678023,11.758262909437313,True,llava_ov_7b,15000,0.5,196,none,,,,,none,,,,,0.4444444444444444,8991539200,16588876288,21459045376
611,1,0.0849916449515149,11.765862404127711,True,llava_ov_7b,15000,0.5,196,none,,,,,none,,,,,0.4444444444444444,8991539200,16588876288,21459045376
612,1,0.0849718259414658,11.768606698988275,True,llava_ov_7b,15000,0.5,196,none,,,,,none,,,,,0.4444444444444444,8991539200,16588876288,21459045376
613,1,0.08496929402463138,11.768957380181531,True,llava_ov_7b,15000,0.5,196,none,,,,,none,,,,,0.4444444444444444,8991539200,16588876288,21459045376
614,1,0.08502810599748045,11.760817064767172,True,llava_ov_7b,15000,0.5,196,none,,,,,none,,,,,0.4444444444444444,8991539200,16588876288,21459045376
615,1,0.08507487899623811,11.754351129247196,True,llava_ov_7b,15000,0.5,196,none,,,,,none,,,,,0.4444444444444444,8991539200,16588876288,21459045376
616,1,0.0852619840297848,11.728556535239285,True,llava_ov_7b,15000,0.5,196,none,,,,,none,,,,,0.4444444444444444,8991539200,16588876288,21459045376
617,1,0.08512329705990851,11.747665263672939,True,llava_ov_7b,15000,0.5,196,none,,,,,none,,,,,0.4444444444444444,8991539200,16588876288,21459045376
618,1,0.08517565310467035,11.740444170954857,True,llava_ov_7b,15000,0.5,196,none,,,,,none,,,,,0.4444444444444444,8991539200,16588876288,21459045376
619,1,0.08504034497309476,11.759124452239488,True,llava_ov_7b,15000,0.5,196,none,,,,,none,,,,,0.4444444444444444,8991539200,16588876288,21459045376
620,1,0.08515100204385817,11.743843008270607,True,llava_ov_7b,15000,0.5,196,none,,,,,none,,,,,0.4444444444444444,8991539200,16588876288,21459045376
621,1,0.08506058598868549,11.756326251185444,True,llava_ov_7b,15000,0.5,196,none,,,,,none,,,,,0.4444444444444444,8991539200,16588876288,21459045376
622,1,0.08509961294475943,11.750934762172518,True,llava_ov_7b,15000,0.5,196,none,,,,,none,,,,,0.4444444444444444,8991539200,16588876288,21459045376
623,1,0.08508051792159677,11.75357208005619,True,llava_ov_7b,15000,0.5,196,none,,,,,none,,,,,0.4444444444444444,8991539200,16588876288,21459045376
624,1,0.08494414400774986,11.772441899099782,True,llava_ov_7b,15000,0.5,196,none,,,,,none,,,,,0.4444444444444444,8991539200,16588876288,21459045376
625,1,0.08520394295919687,11.73654604786175,True,llava_ov_7b,15000,0.5,196,none,,,,,none,,,,,0.4444444444444444,8991539200,16588876288,21459045376
626,1,0.0850332360714674,11.760107532065883,True,llava_ov_7b,15000,0.5,196,none,,,,,none,,,,,0.4444444444444444,8991539200,16588876288,21459045376
627,1,0.08498094801325351,11.767343426717732,True,llava_ov_7b,15000,0.5,196,none,,,,,none,,,,,0.4444444444444444,8991539200,16588876288,21459045376
628,1,0.08503594493959099,11.759732907188763,True,llava_ov_7b,15000,0.5,196,none,,,,,none,,,,,0.4444444444444444,8991539200,16588876288,21459045376
629,1,0.08497378998436034,11.768334685131178,True,llava_ov_7b,15000,0.5,196,none,,,,,none,,,,,0.4444444444444444,8991539200,16588876288,21459045376
630,1,0.08504201390314847,11.758893682114193,True,llava_ov_7b,15000,0.5,196,none,,,,,none,,,,,0.4444444444444444,8991539200,16588876288,21459045376
631,1,0.08500055398326367,11.764629206968424,True,llava_ov_7b,15000,0.5,196,none,,,,,none,,,,,0.4444444444444444,8991539200,16588876288,21459045376
632,1,0.08503226900938898,11.760241278397302,True,llava_ov_7b,15000,0.5,196,none,,,,,none,,,,,0.4444444444444444,8991539200,16588876288,21459045376
633,1,0.08492197608575225,11.775514961995505,True,llava_ov_7b,15000,0.5,196,none,,,,,none,,,,,0.4444444444444444,8991539200,16588876288,21459045376
634,1,0.0849853529362008,11.7667335070163,True,llava_ov_7b,15000,0.5,196,none,,,,,none,,,,,0.4444444444444444,8991539200,16588876288,21459045376
635,1,0.08495819696690887,11.770494616187523,True,llava_ov_7b,15000,0.5,196,none,,,,,none,,,,,0.4444444444444444,8991539200,16588876288,21459045376
636,1,0.0849819469731301,11.767205101998705,True,llava_ov_7b,15000,0.5,196,none,,,,,none,,,,,0.4444444444444444,8991539200,16588876288,21459045376
637,1,0.0849982239305973,11.764951710244198,True,llava_ov_7b,15000,0.5,196,none,,,,,none,,,,,0.4444444444444444,8991539200,16588876288,21459045376
638,1,0.08522109792102128,11.734183487365426,True,llava_ov_7b,15000,0.5,196,none,,,,,none,,,,,0.4444444444444444,8991539200,16588876288,21459045376
639,1,0.08488402504008263,11.780779711233007,True,llava_ov_7b,15000,0.5,196,none,,,,,none,,,,,0.4444444444444444,8991539200,16588876288,21459045376
640,1,0.08503728697542101,11.759547318213924,True,llava_ov_7b,15000,0.5,196,none,,,,,none,,,,,0.4444444444444444,8991539200,16588876288,21459045376
641,1,0.08496519294567406,11.769525441310897,True,llava_ov_7b,15000,0.5,196,none,,,,,none,,,,,0.4444444444444444,8991539200,16588876288,21459045376
642,1,0.08507206104695797,11.754740483459326,True,llava_ov_7b,15000,0.5,196,none,,,,,none,,,,,0.4444444444444444,8991539200,16588876288,21459045376
643,1,0.08514843799639493,11.744196646829137,True,llava_ov_7b,15000,0.5,196,none,,,,,none,,,,,0.4444444444444444,8991539200,16588876288,21459045376
644,1,0.08523129392415285,11.732779756809721,True,llava_ov_7b,15000,0.5,196,none,,,,,none,,,,,0.4444444444444444,8991539200,16588876288,21459045376
645,1,0.08505911601241678,11.756529421890791,True,llava_ov_7b,15000,0.5,196,none,,,,,none,,,,,0.4444444444444444,8991539200,16588876288,21459045376
646,1,0.08510251808911562,11.750533620554494,True,llava_ov_7b,15000,0.5,196,none,,,,,none,,,,,0.4444444444444444,8991539200,16588876288,21459045376
647,1,0.08511635998729616,11.748622710713342,True,llava_ov_7b,15000,0.5,196,none,,,,,none,,,,,0.4444444444444444,8991539200,16588876288,21459045376
648,1,0.08507673197891563,11.754095117896956,True,llava_ov_7b,15000,0.5,196,none,,,,,none,,,,,0.4444444444444444,8991539200,16588876288,21459045376
649,1,0.08498978998977691,11.766119202321669,True,llava_ov_7b,15000,0.5,196,none,,,,,none,,,,,0.4444444444444444,8991539200,16588876288,21459045376
650,1,0.08501667599193752,11.762398239315239,True,llava_ov_7b,15000,0.5,196,none,,,,,none,,,,,0.4444444444444444,8991539200,16588876288,21459045376
651,1,0.08522534393705428,11.733598878035387,True,llava_ov_7b,15000,0.5,196,none,,,,,none,,,,,0.4444444444444444,8991539200,16588876288,21459045376
652,1,0.08501540601719171,11.76257394804162,True,llava_ov_7b,15000,0.5,196,none,,,,,none,,,,,0.4444444444444444,8991539200,16588876288,21459045376
653,1,0.08493053703568876,11.774327996769747,True,llava_ov_7b,15000,0.5,196,none,,,,,none,,,,,0.4444444444444444,8991539200,16588876288,21459045376
654,1,0.08502543298527598,11.761186798933114,True,llava_ov_7b,15000,0.5,196,none,,,,,none,,,,,0.4444444444444444,8991539200,16588876288,21459045376
655,1,0.08495064696762711,11.771540720355889,True,llava_ov_7b,15000,0.5,196,none,,,,,none,,,,,0.4444444444444444,8991539200,16588876288,21459045376
656,1,0.08506665099412203,11.755488059228973,True,llava_ov_7b,15000,0.5,196,none,,,,,none,,,,,0.4444444444444444,8991539200,16588876288,21459045376
657,1,0.08505329303443432,11.757334305623466,True,llava_ov_7b,15000,0.5,196,none,,,,,none,,,,,0.4444444444444444,8991539200,16588876288,21459045376
658,1,0.08500360208563507,11.764207344914293,True,llava_ov_7b,15000,0.5,196,none,,,,,none,,,,,0.4444444444444444,8991539200,16588876288,21459045376
659,1,0.08501377305947244,11.76279988538372,True,llava_ov_7b,15000,0.5,196,none,,,,,none,,,,,0.4444444444444444,8991539200,16588876288,21459045376
660,1,0.08497649303171784,11.767960342005944,True,llava_ov_7b,15000,0.5,196,none,,,,,none,,,,,0.4444444444444444,8991539200,16588876288,21459045376
661,1,0.08502756000962108,11.760892584555496,True,llava_ov_7b,15000,0.5,196,none,,,,,none,,,,,0.4444444444444444,8991539200,16588876288,21459045376
662,1,0.08501120994333178,11.763154537696817,True,llava_ov_7b,15000,0.5,196,none,,,,,none,,,,,0.4444444444444444,8991539200,16588876288,21459045376
663,1,0.08504293800797313,11.758765906067895,True,llava_ov_7b,15000,0.5,196,none,,,,,none,,,,,0.4444444444444444,8991539200,16588876288,21459045376
664,1,0.08501176396384835,11.763077877377707,True,llava_ov_7b,15000,0.5,196,none,,,,,none,,,,,0.4444444444444444,8991539200,16588876288,21459045376
665,1,0.08493968693073839,11.7730596395466,True,llava_ov_7b,15000,0.5,196,none,,,,,none,,,,,0.4444444444444444,8991539200,16588876288,21459045376
666,1,0.08496789308264852,11.769151425554321,True,llava_ov_7b,15000,0.5,196,none,,,,,none,,,,,0.4444444444444444,8991539200,16588876288,21459045376
667,1,0.08485893695615232,11.78426263478545,True,llava_ov_7b,15000,0.5,196,none,,,,,none,,,,,0.4444444444444444,8991539200,16588876288,21459045376
668,1,0.08500343700870872,11.76423019103979,True,llava_ov_7b,15000,0.5,196,none,,,,,none,,,,,0.4444444444444444,8991539200,16588876288,21459045376
669,1,0.0850936520146206,11.751757931698386,True,llava_ov_7b,15000,0.5,196,none,,,,,none,,,,,0.4444444444444444,8991539200,16588876288,21459045376
670,1,0.08526940003503114,11.727536485411777,True,llava_ov_7b,15000,0.5,196,none,,,,,none,,,,,0.4444444444444444,8991539200,16588876288,21459045376
671,1,0.08514897094573826,11.744123139635553,True,llava_ov_7b,15000,0.5,196,none,,,,,none,,,,,0.4444444444444444,8991539200,16588876288,21459045376
672,1,0.08516931696794927,11.741317596527372,True,llava_ov_7b,15000,0.5,196,none,,,,,none,,,,,0.4444444444444444,8991539200,16588876288,21459045376
673,1,0.08508355391677469,11.753152683045654,True,llava_ov_7b,15000,0.5,196,none,,,,,none,,,,,0.4444444444444444,8991539200,16588876288,21459045376
674,1,0.08504545490723103,11.758417908291705,True,llava_ov_7b,15000,0.5,196,none,,,,,none,,,,,0.4444444444444444,8991539200,16588876288,21459045376
675,1,0.08513075404334813,11.746636233138558,True,llava_ov_7b,15000,0.5,196,none,,,,,none,,,,,0.4444444444444444,8991539200,16588876288,21459045376
676,1,0.08509999595116824,11.750881875174427,True,llava_ov_7b,15000,0.5,196,none,,,,,none,,,,,0.4444444444444444,8991539200,16588876288,21459045376
677,1,0.08504295104648918,11.75876410325113,True,llava_ov_7b,15000,0.5,196,none,,,,,none,,,,,0.4444444444444444,8991539200,16588876288,21459045376
678,1,0.0849868799559772,11.766522085738353,True,llava_ov_7b,15000,0.5,196,none,,,,,none,,,,,0.4444444444444444,8991539200,16588876288,21459045376
679,1,0.08499844092875719,11.764921674718318,True,llava_ov_7b,15000,0.5,196,none,,,,,none,,,,,0.4444444444444444,8991539200,16588876288,21459045376
680,1,0.08505679597146809,11.756850097380172,True,llava_ov_7b,15000,0.5,196,none,,,,,none,,,,,0.4444444444444444,8991539200,16588876288,21459045376
681,1,0.08496490109246224,11.769565869461315,True,llava_ov_7b,15000,0.5,196,none,,,,,none,,,,,0.4444444444444444,8991539200,16588876288,21459045376
682,1,0.08514755498617887,11.744318438295965,True,llava_ov_7b,15000,0.5,196,none,,,,,none,,,,,0.4444444444444444,8991539200,16588876288,21459045376
683,1,0.0850307650398463,11.760449285989484,True,llava_ov_7b,15000,0.5,196,none,,,,,none,,,,,0.4444444444444444,8991539200,16588876288,21459045376
684,1,0.08508145797532052,11.753442216400064,True,llava_ov_7b,15000,0.5,196,none,,,,,none,,,,,0.4444444444444444,8991539200,16588876288,21459045376
685,1,0.08576684899162501,11.659516605275405,True,llava_ov_7b,15000,0.5,196,none,,,,,none,,,,,0.4444444444444444,8991539200,16588876288,21459045376
686,1,0.08504606992937624,11.758332875703928,True,llava_ov_7b,15000,0.5,196,none,,,,,none,,,,,0.4444444444444444,8991539200,16588876288,21459045376
687,1,0.08493123902007937,11.774230678108685,True,llava_ov_7b,15000,0.5,196,none,,,,,none,,,,,0.4444444444444444,8991539200,16588876288,21459045376
688,1,0.08506355609279126,11.755915763845492,True,llava_ov_7b,15000,0.5,196,none,,,,,none,,,,,0.4444444444444444,8991539200,16588876288,21459045376
689,1,0.08501693198923022,11.762362821169296,True,llava_ov_7b,15000,0.5,196,none,,,,,none,,,,,0.4444444444444444,8991539200,16588876288,21459045376
690,1,0.08700295595917851,11.49386235186304,True,llava_ov_7b,15000,0.5,196,none,,,,,none,,,,,0.4444444444444444,8991539200,16588876288,21459045376
691,1,0.08525269199162722,11.729834878389664,True,llava_ov_7b,15000,0.5,196,none,,,,,none,,,,,0.4444444444444444,8991539200,16588876288,21459045376
692,1,0.08528973301872611,11.724740652904156,True,llava_ov_7b,15000,0.5,196,none,,,,,none,,,,,0.4444444444444444,8991539200,16588876288,21459045376
693,1,0.08539090806152672,11.71084864537885,True,llava_ov_7b,15000,0.5,196,none,,,,,none,,,,,0.4444444444444444,8991539200,16588876288,21459045376
694,1,0.08539008803199977,11.71096110856862,True,llava_ov_7b,15000,0.5,196,none,,,,,none,,,,,0.4444444444444444,8991539200,16588876288,21459045376
695,1,0.0852696259971708,11.727505407765943,True,llava_ov_7b,15000,0.5,196,none,,,,,none,,,,,0.4444444444444444,8991539200,16588876288,21459045376
696,1,0.08522771089337766,11.733273010828944,True,llava_ov_7b,15000,0.5,196,none,,,,,none,,,,,0.4444444444444444,8991539200,16588876288,21459045376
697,1,0.08519645093474537,11.737578138858522,True,llava_ov_7b,15000,0.5,196,none,,,,,none,,,,,0.4444444444444444,8991539200,16588876288,21459045376
698,1,0.08525806595571339,11.729095526509385,True,llava_ov_7b,15000,0.5,196,none,,,,,none,,,,,0.4444444444444444,8991539200,16588876288,21459045376
699,1,0.08505484100896865,11.757120325397523,True,llava_ov_7b,15000,0.5,196,none,,,,,none,,,,,0.4444444444444444,8991539200,16588876288,21459045376
700,1,0.08511904289480299,11.748252400298734,True,llava_ov_7b,15000,0.5,196,none,,,,,none,,,,,0.4444444444444444,8991539200,16588876288,21459045376
701,1,0.08515227097086608,11.743668003195582,True,llava_ov_7b,15000,0.5,196,none,,,,,none,,,,,0.4444444444444444,8991539200,16588876288,21459045376
702,1,0.08514431992080063,11.744764664632685,True,llava_ov_7b,15000,0.5,196,none,,,,,none,,,,,0.4444444444444444,8991539200,16588876288,21459045376
703,1,0.08509031508583575,11.752218792364788,True,llava_ov_7b,15000,0.5,196,none,,,,,none,,,,,0.4444444444444444,8991539200,16588876288,21459045376
704,1,0.08513098605908453,11.746604218891079,True,llava_ov_7b,15000,0.5,196,none,,,,,none,,,,,0.4444444444444444,8991539200,16588876288,21459045376
705,1,0.08513966202735901,11.745407207262078,True,llava_ov_7b,15000,0.5,196,none,,,,,none,,,,,0.4444444444444444,8991539200,16588876288,21459045376
706,1,0.08514687197748572,11.744412645768326,True,llava_ov_7b,15000,0.5,196,none,,,,,none,,,,,0.4444444444444444,8991539200,16588876288,21459045376
707,1,0.08505697397049516,11.75682549377883,True,llava_ov_7b,15000,0.5,196,none,,,,,none,,,,,0.4444444444444444,8991539200,16588876288,21459045376
708,1,0.08508997596800327,11.752265629691022,True,llava_ov_7b,15000,0.5,196,none,,,,,none,,,,,0.4444444444444444,8991539200,16588876288,21459045376
709,1,0.08511541096959263,11.748753705216188,True,llava_ov_7b,15000,0.5,196,none,,,,,none,,,,,0.4444444444444444,8991539200,16588876288,21459045376
710,1,0.08509423094801605,11.751677979332097,True,llava_ov_7b,15000,0.5,196,none,,,,,none,,,,,0.4444444444444444,8991539200,16588876288,21459045376
711,1,0.08510242798365653,11.750546061882568,True,llava_ov_7b,15000,0.5,196,none,,,,,none,,,,,0.4444444444444444,8991539200,16588876288,21459045376
712,1,0.08509087900165468,11.752140907846938,True,llava_ov_7b,15000,0.5,196,none,,,,,none,,,,,0.4444444444444444,8991539200,16588876288,21459045376
713,1,0.0850922929821536,11.7519456222637,True,llava_ov_7b,15000,0.5,196,none,,,,,none,,,,,0.4444444444444444,8991539200,16588876288,21459045376
714,1,0.08516434102784842,11.742003612439198,True,llava_ov_7b,15000,0.5,196,none,,,,,none,,,,,0.4444444444444444,8991539200,16588876288,21459045376
715,1,0.22894194500986487,4.367919561253448,True,llava_ov_7b,15000,0.5,196,none,,,,,none,,,,,0.4444444444444444,8991539200,16588876288,21459045376
716,1,0.08540188800543547,11.709343005816853,True,llava_ov_7b,15000,0.5,196,none,,,,,none,,,,,0.4444444444444444,8991539200,16588876288,21459045376
717,1,0.08529488509520888,11.724032442083343,True,llava_ov_7b,15000,0.5,196,none,,,,,none,,,,,0.4444444444444444,8991539200,16588876288,21459045376
718,1,0.08532055397517979,11.72050524063528,True,llava_ov_7b,15000,0.5,196,none,,,,,none,,,,,0.4444444444444444,8991539200,16588876288,21459045376
719,1,0.08527643291745335,11.726569296912185,True,llava_ov_7b,15000,0.5,196,none,,,,,none,,,,,0.4444444444444444,8991539200,16588876288,21459045376
720,1,0.08525417000055313,11.729631524106233,True,llava_ov_7b,15000,0.5,196,none,,,,,none,,,,,0.4444444444444444,8991539200,16588876288,21459045376
721,1,0.08532788802403957,11.719497847154829,True,llava_ov_7b,15000,0.5,196,none,,,,,none,,,,,0.4444444444444444,8991539200,16588876288,21459045376
722,1,0.08507866004947573,11.753828744111281,True,llava_ov_7b,15000,0.5,196,none,,,,,none,,,,,0.4444444444444444,8991539200,16588876288,21459045376
723,1,0.08514481503516436,11.744696369203519,True,llava_ov_7b,15000,0.5,196,none,,,,,none,,,,,0.4444444444444444,8991539200,16588876288,21459045376
724,1,0.08517080603633076,11.741112319324962,True,llava_ov_7b,15000,0.5,196,none,,,,,none,,,,,0.4444444444444444,8991539200,16588876288,21459045376
725,1,0.08514310896862298,11.744931705142703,True,llava_ov_7b,15000,0.5,196,none,,,,,none,,,,,0.4444444444444444,8991539200,16588876288,21459045376
726,1,0.08516346197575331,11.742124812689129,True,llava_ov_7b,15000,0.5,196,none,,,,,none,,,,,0.4444444444444444,8991539200,16588876288,21459045376
727,1,0.08509516506455839,11.751548977445886,True,llava_ov_7b,15000,0.5,196,none,,,,,none,,,,,0.4444444444444444,8991539200,16588876288,21459045376
728,1,0.08515033207368106,11.74393540984308,True,llava_ov_7b,15000,0.5,196,none,,,,,none,,,,,0.4444444444444444,8991539200,16588876288,21459045376
729,1,0.0851733370218426,11.740763423928678,True,llava_ov_7b,15000,0.5,196,none,,,,,none,,,,,0.4444444444444444,8991539200,16588876288,21459045376
730,1,0.08512292697560042,11.747716338356637,True,llava_ov_7b,15000,0.5,196,none,,,,,none,,,,,0.4444444444444444,8991539200,16588876288,21459045376
731,1,0.08504825597628951,11.75803064414147,True,llava_ov_7b,15000,0.5,196,none,,,,,none,,,,,0.4444444444444444,8991539200,16588876288,21459045376
732,1,0.08511758700478822,11.748453347764027,True,llava_ov_7b,15000,0.5,196,none,,,,,none,,,,,0.4444444444444444,8991539200,16588876288,21459045376
733,1,0.08505057904403657,11.757709485813505,True,llava_ov_7b,15000,0.5,196,none,,,,,none,,,,,0.4444444444444444,8991539200,16588876288,21459045376
734,1,0.08513984794262797,11.745381559453294,True,llava_ov_7b,15000,0.5,196,none,,,,,none,,,,,0.4444444444444444,8991539200,16588876288,21459045376
735,1,0.08503798895981163,11.759450243732752,True,llava_ov_7b,15000,0.5,196,none,,,,,none,,,,,0.4444444444444444,8991539200,16588876288,21459045376
736,1,0.08505853894166648,11.756609182833534,True,llava_ov_7b,15000,0.5,196,none,,,,,none,,,,,0.4444444444444444,8991539200,16588876288,21459045376
737,1,0.08508346800226718,11.753164550995423,True,llava_ov_7b,15000,0.5,196,none,,,,,none,,,,,0.4444444444444444,8991539200,16588876288,21459045376
738,1,0.08509688905905932,11.751310900519236,True,llava_ov_7b,15000,0.5,196,none,,,,,none,,,,,0.4444444444444444,8991539200,16588876288,21459045376
739,1,0.08503513503819704,11.759844910586768,True,llava_ov_7b,15000,0.5,196,none,,,,,none,,,,,0.4444444444444444,8991539200,16588876288,21459045376
740,1,0.08527754701208323,11.726416097056672,True,llava_ov_7b,15000,0.5,196,none,,,,,none,,,,,0.4444444444444444,8991539200,16588876288,21459045376
741,1,0.08505026006605476,11.75775358268563,True,llava_ov_7b,15000,0.5,196,none,,,,,none,,,,,0.4444444444444444,8991539200,16588876288,21459045376
742,1,0.08514315797947347,11.744924944422223,True,llava_ov_7b,15000,0.5,196,none,,,,,none,,,,,0.4444444444444444,8991539200,16588876288,21459045376
743,1,0.08506507298443466,11.7557061307992,True,llava_ov_7b,15000,0.5,196,none,,,,,none,,,,,0.4444444444444444,8991539200,16588876288,21459045376
744,1,0.08510799601208419,11.7497773048024,True,llava_ov_7b,15000,0.5,196,none,,,,,none,,,,,0.4444444444444444,8991539200,16588876288,21459045376
745,1,0.08512993098702282,11.746749802398403,True,llava_ov_7b,15000,0.5,196,none,,,,,none,,,,,0.4444444444444444,8991539200,16588876288,21459045376
746,1,0.08512555400375277,11.74735379643949,True,llava_ov_7b,15000,0.5,196,none,,,,,none,,,,,0.4444444444444444,8991539200,16588876288,21459045376
747,1,0.0852795650716871,11.726138602599429,True,llava_ov_7b,15000,0.5,196,none,,,,,none,,,,,0.4444444444444444,8991539200,16588876288,21459045376
748,1,0.08530212298501283,11.723037657288966,True,llava_ov_7b,15000,0.5,196,none,,,,,none,,,,,0.4444444444444444,8991539200,16588876288,21459045376
749,1,0.08516897703520954,11.741364459345238,True,llava_ov_7b,15000,0.5,196,none,,,,,none,,,,,0.4444444444444444,8991539200,16588876288,21459045376
750,1,0.08513843792025,11.74557608088499,True,llava_ov_7b,15000,0.5,196,none,,,,,none,,,,,0.4444444444444444,8991539200,16588876288,21459045376
751,1,0.08509247296024114,11.751920765861898,True,llava_ov_7b,15000,0.5,196,none,,,,,none,,,,,0.4444444444444444,8991539200,16588876288,21459045376
752,1,0.08524242998100817,11.731246988416425,True,llava_ov_7b,15000,0.5,196,none,,,,,none,,,,,0.4444444444444444,8991539200,16588876288,21459045376
753,1,0.08512401208281517,11.747566585878532,True,llava_ov_7b,15000,0.5,196,none,,,,,none,,,,,0.4444444444444444,8991539200,16588876288,21459045376
754,1,0.0851656791055575,11.741819128343506,True,llava_ov_7b,15000,0.5,196,none,,,,,none,,,,,0.4444444444444444,8991539200,16588876288,21459045376
755,1,0.08509770908858627,11.751197661020525,True,llava_ov_7b,15000,0.5,196,none,,,,,none,,,,,0.4444444444444444,8991539200,16588876288,21459045376
756,1,0.08509216795209795,11.75196288996824,True,llava_ov_7b,15000,0.5,196,none,,,,,none,,,,,0.4444444444444444,8991539200,16588876288,21459045376
757,1,0.08503310999367386,11.760124968666867,True,llava_ov_7b,15000,0.5,196,none,,,,,none,,,,,0.4444444444444444,8991539200,16588876288,21459045376
758,1,0.08516284404322505,11.74221001229647,True,llava_ov_7b,15000,0.5,196,none,,,,,none,,,,,0.4444444444444444,8991539200,16588876288,21459045376
759,1,0.0850674529792741,11.755377232743067,True,llava_ov_7b,15000,0.5,196,none,,,,,none,,,,,0.4444444444444444,8991539200,16588876288,21459045376
760,1,0.08512488100677729,11.747446670972547,True,llava_ov_7b,15000,0.5,196,none,,,,,none,,,,,0.4444444444444444,8991539200,16588876288,21459045376
761,1,0.08513064007274806,11.746651959217665,True,llava_ov_7b,15000,0.5,196,none,,,,,none,,,,,0.4444444444444444,8991539200,16588876288,21459045376
762,1,0.08514527697116137,11.744632651071171,True,llava_ov_7b,15000,0.5,196,none,,,,,none,,,,,0.4444444444444444,8991539200,16588876288,21459045376
763,1,0.08524893003050238,11.73035250579915,True,llava_ov_7b,15000,0.5,196,none,,,,,none,,,,,0.4444444444444444,8991539200,16588876288,21459045376
764,1,0.0851065149763599,11.749981776104576,True,llava_ov_7b,15000,0.5,196,none,,,,,none,,,,,0.4444444444444444,8991539200,16588876288,21459045376
765,1,0.08511800295673311,11.748395935796527,True,llava_ov_7b,15000,0.5,196,none,,,,,none,,,,,0.4444444444444444,8991539200,16588876288,21459045376
766,1,0.08513806201517582,11.745627940435742,True,llava_ov_7b,15000,0.5,196,none,,,,,none,,,,,0.4444444444444444,8991539200,16588876288,21459045376
767,1,0.08503480802755803,11.7598901343544,True,llava_ov_7b,15000,0.5,196,none,,,,,none,,,,,0.4444444444444444,8991539200,16588876288,21459045376
768,1,0.0851504480233416,11.743919418085483,True,llava_ov_7b,15000,0.5,196,none,,,,,none,,,,,0.4444444444444444,8991539200,16588876288,21459045376
769,1,0.0850253039970994,11.761204641316127,True,llava_ov_7b,15000,0.5,196,none,,,,,none,,,,,0.4444444444444444,8991539200,16588876288,21459045376
770,1,0.08513005205895752,11.746733096174331,True,llava_ov_7b,15000,0.5,196,none,,,,,none,,,,,0.4444444444444444,8991539200,16588876288,21459045376
771,1,0.08498455304652452,11.76684425759765,True,llava_ov_7b,15000,0.5,196,none,,,,,none,,,,,0.4444444444444444,8991539200,16588876288,21459045376
772,1,0.08508324495051056,11.753195362749258,True,llava_ov_7b,15000,0.5,196,none,,,,,none,,,,,0.4444444444444444,8991539200,16588876288,21459045376
773,1,0.08508673193864524,11.752713698312974,True,llava_ov_7b,15000,0.5,196,none,,,,,none,,,,,0.4444444444444444,8991539200,16588876288,21459045376
774,1,0.08525399991776794,11.729654924866326,True,llava_ov_7b,15000,0.5,196,none,,,,,none,,,,,0.4444444444444444,8991539200,16588876288,21459045376
775,1,0.08525303599890321,11.729787546954515,True,llava_ov_7b,15000,0.5,196,none,,,,,none,,,,,0.4444444444444444,8991539200,16588876288,21459045376
776,1,0.08523097005672753,11.732824339960297,True,llava_ov_7b,15000,0.5,196,none,,,,,none,,,,,0.4444444444444444,8991539200,16588876288,21459045376
777,1,0.0851185069186613,11.748326376960462,True,llava_ov_7b,15000,0.5,196,none,,,,,none,,,,,0.4444444444444444,8991539200,16588876288,21459045376
778,1,0.0851554760010913,11.74322600213267,True,llava_ov_7b,15000,0.5,196,none,,,,,none,,,,,0.4444444444444444,8991539200,16588876288,21459045376
779,1,0.08516564802266657,11.74182341375308,True,llava_ov_7b,15000,0.5,196,none,,,,,none,,,,,0.4444444444444444,8991539200,16588876288,21459045376
780,1,0.08515991293825209,11.742614165482788,True,llava_ov_7b,15000,0.5,196,none,,,,,none,,,,,0.4444444444444444,8991539200,16588876288,21459045376
781,1,0.0851288508856669,11.74689884329649,True,llava_ov_7b,15000,0.5,196,none,,,,,none,,,,,0.4444444444444444,8991539200,16588876288,21459045376
782,1,0.08515669603366405,11.743057757955771,True,llava_ov_7b,15000,0.5,196,none,,,,,none,,,,,0.4444444444444444,8991539200,16588876288,21459045376
783,1,0.08511346997693181,11.749021632780671,True,llava_ov_7b,15000,0.5,196,none,,,,,none,,,,,0.4444444444444444,8991539200,16588876288,21459045376
784,1,0.0851426679873839,11.744992535918371,True,llava_ov_7b,15000,0.5,196,none,,,,,none,,,,,0.4444444444444444,8991539200,16588876288,21459045376
785,1,0.08513806702103466,11.745627249828619,True,llava_ov_7b,15000,0.5,196,none,,,,,none,,,,,0.4444444444444444,8991539200,16588876288,21459045376
786,1,0.08514527801889926,11.744632506549983,True,llava_ov_7b,15000,0.5,196,none,,,,,none,,,,,0.4444444444444444,8991539200,16588876288,21459045376
787,1,0.08502158802002668,11.761718679783442,True,llava_ov_7b,15000,0.5,196,none,,,,,none,,,,,0.4444444444444444,8991539200,16588876288,21459045376
788,1,0.08514305693097413,11.744938883398381,True,llava_ov_7b,15000,0.5,196,none,,,,,none,,,,,0.4444444444444444,8991539200,16588876288,21459045376
789,1,0.08503571804612875,11.759764284668435,True,llava_ov_7b,15000,0.5,196,none,,,,,none,,,,,0.4444444444444444,8991539200,16588876288,21459045376
790,1,0.08510659297462553,11.7499710075123,True,llava_ov_7b,15000,0.5,196,none,,,,,none,,,,,0.4444444444444444,8991539200,16588876288,21459045376
791,1,0.0850903739919886,11.752210656567941,True,llava_ov_7b,15000,0.5,196,none,,,,,none,,,,,0.4444444444444444,8991539200,16588876288,21459045376
792,1,0.08513420994859189,11.746159394723318,True,llava_ov_7b,15000,0.5,196,none,,,,,none,,,,,0.4444444444444444,8991539200,16588876288,21459045376
793,1,0.08503551699686795,11.75979208824981,True,llava_ov_7b,15000,0.5,196,none,,,,,none,,,,,0.4444444444444444,8991539200,16588876288,21459045376
794,1,0.0851979210274294,11.737375606595505,True,llava_ov_7b,15000,0.5,196,none,,,,,none,,,,,0.4444444444444444,8991539200,16588876288,21459045376
795,1,0.08502630901057273,11.76106562353134,True,llava_ov_7b,15000,0.5,196,none,,,,,none,,,,,0.4444444444444444,8991539200,16588876288,21459045376
796,1,0.08507281704805791,11.754636024749207,True,llava_ov_7b,15000,0.5,196,none,,,,,none,,,,,0.4444444444444444,8991539200,16588876288,21459045376
797,1,0.08505457697901875,11.757156822338672,True,llava_ov_7b,15000,0.5,196,none,,,,,none,,,,,0.4444444444444444,8991539200,16588876288,21459045376
798,1,0.08513047208543867,11.746675138796126,True,llava_ov_7b,15000,0.5,196,none,,,,,none,,,,,0.4444444444444444,8991539200,16588876288,21459045376
799,1,0.08507355593610555,11.75453393238963,True,llava_ov_7b,15000,0.5,196,none,,,,,none,,,,,0.4444444444444444,8991539200,16588876288,21459045376
