frame_idx,num_frames,seconds,fps,local_window_full,model,n_local,sample_fps,n_frame_tokens,prune_method,prune_threshold,tokens_kept,tokens_seen,keep_rate,vision_method,vision_threshold,vision_patches_kept,vision_patches_seen,vision_keep_rate,video_hours,kv_cache_bytes,gpu_weights_bytes,gpu_peak_bytes
0,1,0.06196594005450606,16.137897676052145,False,llava_ov_0.5b,15000,1.0,196,rlt,0.5,23106,117600,0.1964795918367347,none,,,,,0.16666666666666666,281788416,2016203264,3054379008
1,1,0.015604271786287427,64.085015545472,False,llava_ov_0.5b,15000,1.0,196,rlt,0.5,23106,117600,0.1964795918367347,none,,,,,0.16666666666666666,281788416,2016203264,3054379008
2,1,0.015280698891729116,65.442032925684,False,llava_ov_0.5b,15000,1.0,196,rlt,0.5,23106,117600,0.1964795918367347,none,,,,,0.16666666666666666,281788416,2016203264,3054379008
3,1,0.01495868619531393,66.85079070067447,False,llava_ov_0.5b,15000,1.0,196,rlt,0.5,23106,117600,0.1964795918367347,none,,,,,0.16666666666666666,281788416,2016203264,3054379008
4,1,0.014853875152766705,67.32249932865085,False,llava_ov_0.5b,15000,1.0,196,rlt,0.5,23106,117600,0.1964795918367347,none,,,,,0.16666666666666666,281788416,2016203264,3054379008
5,1,0.06168166105635464,16.212274165028777,False,llava_ov_0.5b,15000,1.0,196,rlt,0.5,23106,117600,0.1964795918367347,none,,,,,0.16666666666666666,281788416,2016203264,3054379008
6,1,0.015237785875797272,65.62633233928929,False,llava_ov_0.5b,15000,1.0,196,rlt,0.5,23106,117600,0.1964795918367347,none,,,,,0.16666666666666666,281788416,2016203264,3054379008
7,1,0.015101340133696795,66.21928856291517,False,llava_ov_0.5b,15000,1.0,196,rlt,0.5,23106,117600,0.1964795918367347,none,,,,,0.16666666666666666,281788416,2016203264,3054379008
8,1,0.01505318796262145,66.43111097018775,False,llava_ov_0.5b,15000,1.0,196,rlt,0.5,23106,117600,0.1964795918367347,none,,,,,0.16666666666666666,281788416,2016203264,3054379008
9,1,0.014979368075728416,66.75849040790541,False,llava_ov_0.5b,15000,1.0,196,rlt,0.5,23106,117600,0.1964795918367347,none,,,,,0.16666666666666666,281788416,2016203264,3054379008
10,1,0.014954318990930915,66.8703135600125,False,llava_ov_0.5b,15000,1.0,196,rlt,0.5,23106,117600,0.1964795918367347,none,,,,,0.16666666666666666,281788416,2016203264,3054379008
11,1,0.014911965001374483,67.06024322802708,False,llava_ov_0.5b,15000,1.0,196,rlt,0.5,23106,117600,0.1964795918367347,none,,,,,0.16666666666666666,281788416,2016203264,3054379008
12,1,0.014926417963579297,66.99531008980294,False,llava_ov_0.5b,15000,1.0,196,rlt,0.5,23106,117600,0.1964795918367347,none,,,,,0.16666666666666666,281788416,2016203264,3054379008
13,1,0.06037946906872094,16.561921054023333,False,llava_ov_0.5b,15000,1.0,196,rlt,0.5,23106,117600,0.1964795918367347,none,,,,,0.16666666666666666,281788416,2016203264,3054379008
14,1,0.015085905091837049,66.28704038056675,False,llava_ov_0.5b,15000,1.0,196,rlt,0.5,23106,117600,0.1964795918367347,none,,,,,0.16666666666666666,281788416,2016203264,3054379008
15,1,0.01500414195470512,66.6482630608818,False,llava_ov_0.5b,15000,1.0,196,rlt,0.5,23106,117600,0.1964795918367347,none,,,,,0.16666666666666666,281788416,2016203264,3054379008
16,1,0.015211774036288261,65.73855209881913,False,llava_ov_0.5b,15000,1.0,196,rlt,0.5,23106,117600,0.1964795918367347,none,,,,,0.16666666666666666,281788416,2016203264,3054379008
17,1,0.015062877908349037,66.38837585251362,False,llava_ov_0.5b,15000,1.0,196,rlt,0.5,23106,117600,0.1964795918367347,none,,,,,0.16666666666666666,281788416,2016203264,3054379008
18,1,0.015035662101581693,66.50854436897754,False,llava_ov_0.5b,15000,1.0,196,rlt,0.5,23106,117600,0.1964795918367347,none,,,,,0.16666666666666666,281788416,2016203264,3054379008
19,1,0.015043795108795166,66.47258838398847,False,llava_ov_0.5b,15000,1.0,196,rlt,0.5,23106,117600,0.1964795918367347,none,,,,,0.16666666666666666,281788416,2016203264,3054379008
20,1,0.06346710701473057,15.756193200485761,False,llava_ov_0.5b,15000,1.0,196,rlt,0.5,23106,117600,0.1964795918367347,none,,,,,0.16666666666666666,281788416,2016203264,3054379008
21,1,0.016074172919616103,62.21159900424182,False,llava_ov_0.5b,15000,1.0,196,rlt,0.5,23106,117600,0.1964795918367347,none,,,,,0.16666666666666666,281788416,2016203264,3054379008
22,1,0.015057620825245976,66.4115540964729,False,llava_ov_0.5b,15000,1.0,196,rlt,0.5,23106,117600,0.1964795918367347,none,,,,,0.16666666666666666,281788416,2016203264,3054379008
23,1,0.015338015044108033,65.1974846239404,False,llava_ov_0.5b,15000,1.0,196,rlt,0.5,23106,117600,0.1964795918367347,none,,,,,0.16666666666666666,281788416,2016203264,3054379008
24,1,0.01576428790576756,63.43451768818163,False,llava_ov_0.5b,15000,1.0,196,rlt,0.5,23106,117600,0.1964795918367347,none,,,,,0.16666666666666666,281788416,2016203264,3054379008
25,1,0.06388851208612323,15.652266226704048,False,llava_ov_0.5b,15000,1.0,196,rlt,0.5,23106,117600,0.1964795918367347,none,,,,,0.16666666666666666,281788416,2016203264,3054379008
26,1,0.01640275795944035,60.96535731812501,False,llava_ov_0.5b,15000,1.0,196,rlt,0.5,23106,117600,0.1964795918367347,none,,,,,0.16666666666666666,281788416,2016203264,3054379008
27,1,0.016050467966124415,62.30347938206953,False,llava_ov_0.5b,15000,1.0,196,rlt,0.5,23106,117600,0.1964795918367347,none,,,,,0.16666666666666666,281788416,2016203264,3054379008
28,1,0.015110600972548127,66.17870472635268,False,llava_ov_0.5b,15000,1.0,196,rlt,0.5,23106,117600,0.1964795918367347,none,,,,,0.16666666666666666,281788416,2016203264,3054379008
29,1,0.014850315870717168,67.33863499643573,False,llava_ov_0.5b,15000,1.0,196,rlt,0.5,23106,117600,0.1964795918367347,none,,,,,0.16666666666666666,281788416,2016203264,3054379008
30,1,0.014780065976083279,67.65869662680628,False,llava_ov_0.5b,15000,1.0,196,rlt,0.5,23106,117600,0.1964795918367347,none,,,,,0.16666666666666666,281788416,2016203264,3054379008
31,1,0.014946807874366641,66.90391743878452,False,llava_ov_0.5b,15000,1.0,196,rlt,0.5,23106,117600,0.1964795918367347,none,,,,,0.16666666666666666,281788416,2016203264,3054379008
32,1,0.01579779712483287,63.299964678498135,False,llava_ov_0.5b,15000,1.0,196,rlt,0.5,23106,117600,0.1964795918367347,none,,,,,0.16666666666666666,281788416,2016203264,3054379008
33,1,0.06260866485536098,15.972230078859015,False,llava_ov_0.5b,15000,1.0,196,rlt,0.5,23106,117600,0.1964795918367347,none,,,,,0.16666666666666666,281788416,2016203264,3054379008
34,1,0.016421652864664793,60.89521001578013,False,llava_ov_0.5b,15000,1.0,196,rlt,0.5,23106,117600,0.1964795918367347,none,,,,,0.16666666666666666,281788416,2016203264,3054379008
35,1,0.015763909090310335,63.43604205473844,False,llava_ov_0.5b,15000,1.0,196,rlt,0.5,23106,117600,0.1964795918367347,none,,,,,0.16666666666666666,281788416,2016203264,3054379008
36,1,0.015228176955133677,65.66774230075407,False,llava_ov_0.5b,15000,1.0,196,rlt,0.5,23106,117600,0.1964795918367347,none,,,,,0.16666666666666666,281788416,2016203264,3054379008
37,1,0.015114916954189539,66.15980776016245,False,llava_ov_0.5b,15000,1.0,196,rlt,0.5,23106,117600,0.1964795918367347,none,,,,,0.16666666666666666,281788416,2016203264,3054379008
38,1,0.01496626902371645,66.81691999624888,False,llava_ov_0.5b,15000,1.0,196,rlt,0.5,23106,117600,0.1964795918367347,none,,,,,0.16666666666666666,281788416,2016203264,3054379008
39,1,0.06000969186425209,16.66397491695341,False,llava_ov_0.5b,15000,1.0,196,rlt,0.5,23106,117600,0.1964795918367347,none,,,,,0.16666666666666666,281788416,2016203264,3054379008
40,1,0.015020596096292138,66.57525397722743,False,llava_ov_0.5b,15000,1.0,196,rlt,0.5,23106,117600,0.1964795918367347,none,,,,,0.16666666666666666,281788416,2016203264,3054379008
41,1,0.014912623912096024,67.05728018721598,False,llava_ov_0.5b,15000,1.0,196,rlt,0.5,23106,117600,0.1964795918367347,none,,,,,0.16666666666666666,281788416,2016203264,3054379008
42,1,0.014857899164780974,67.30426616236504,False,llava_ov_0.5b,15000,1.0,196,rlt,0.5,23106,117600,0.1964795918367347,none,,,,,0.16666666666666666,281788416,2016203264,3054379008
43,1,0.014860016060993075,67.29467827595143,False,llava_ov_0.5b,15000,1.0,196,rlt,0.5,23106,117600,0.1964795918367347,none,,,,,0.16666666666666666,281788416,2016203264,3054379008
44,1,0.0587959960103035,17.007960879253726,False,llava_ov_0.5b,15000,1.0,196,rlt,0.5,23106,117600,0.1964795918367347,none,,,,,0.16666666666666666,281788416,2016203264,3054379008
45,1,0.014922042144462466,67.01495615136683,False,llava_ov_0.5b,15000,1.0,196,rlt,0.5,23106,117600,0.1964795918367347,none,,,,,0.16666666666666666,281788416,2016203264,3054379008
46,1,0.014916955027729273,67.03781020597637,False,llava_ov_0.5b,15000,1.0,196,rlt,0.5,23106,117600,0.1964795918367347,none,,,,,0.16666666666666666,281788416,2016203264,3054379008
47,1,0.014925171853974462,67.00090355969385,False,llava_ov_0.5b,15000,1.0,196,rlt,0.5,23106,117600,0.1964795918367347,none,,,,,0.16666666666666666,281788416,2016203264,3054379008
48,1,0.06204132898710668,16.11828786272161,False,llava_ov_0.5b,15000,1.0,196,rlt,0.5,23106,117600,0.1964795918367347,none,,,,,0.16666666666666666,281788416,2016203264,3054379008
49,1,0.01549258385784924,64.54701224633713,False,llava_ov_0.5b,15000,1.0,196,rlt,0.5,23106,117600,0.1964795918367347,none,,,,,0.16666666666666666,281788416,2016203264,3054379008
50,1,0.018673686776310205,53.55128914706972,False,llava_ov_0.5b,15000,1.0,196,rlt,0.5,23106,117600,0.1964795918367347,none,,,,,0.16666666666666666,281788416,2016203264,3054379008
51,1,0.015165997901931405,65.93697338390433,False,llava_ov_0.5b,15000,1.0,196,rlt,0.5,23106,117600,0.1964795918367347,none,,,,,0.16666666666666666,281788416,2016203264,3054379008
52,1,0.015469342935830355,64.64398676454337,False,llava_ov_0.5b,15000,1.0,196,rlt,0.5,23106,117600,0.1964795918367347,none,,,,,0.16666666666666666,281788416,2016203264,3054379008
53,1,0.01575047615915537,63.49014403724705,False,llava_ov_0.5b,15000,1.0,196,rlt,0.5,23106,117600,0.1964795918367347,none,,,,,0.16666666666666666,281788416,2016203264,3054379008
54,1,0.06437042285688221,15.535085146533012,False,llava_ov_0.5b,15000,1.0,196,rlt,0.5,23106,117600,0.1964795918367347,none,,,,,0.16666666666666666,281788416,2016203264,3054379008
55,1,0.017330539179965854,57.7016092584126,False,llava_ov_0.5b,15000,1.0,196,rlt,0.5,23106,117600,0.1964795918367347,none,,,,,0.16666666666666666,281788416,2016203264,3054379008
56,1,0.06690301396884024,14.947009718661482,False,llava_ov_0.5b,15000,1.0,196,rlt,0.5,23106,117600,0.1964795918367347,none,,,,,0.16666666666666666,281788416,2016203264,3054379008
57,1,0.015302535146474838,65.34864912434882,False,llava_ov_0.5b,15000,1.0,196,rlt,0.5,23106,117600,0.1964795918367347,none,,,,,0.16666666666666666,281788416,2016203264,3054379008
58,1,0.015092696063220501,66.25721447057475,False,llava_ov_0.5b,15000,1.0,196,rlt,0.5,23106,117600,0.1964795918367347,none,,,,,0.16666666666666666,281788416,2016203264,3054379008
59,1,0.014930933015421033,66.97505098758232,False,llava_ov_0.5b,15000,1.0,196,rlt,0.5,23106,117600,0.1964795918367347,none,,,,,0.16666666666666666,281788416,2016203264,3054379008
60,1,0.061189051950350404,16.34279283835633,False,llava_ov_0.5b,15000,1.0,196,rlt,0.5,23106,117600,0.1964795918367347,none,,,,,0.16666666666666666,281788416,2016203264,3054379008
61,1,0.015097951982170343,66.23414892171681,False,llava_ov_0.5b,15000,1.0,196,rlt,0.5,23106,117600,0.1964795918367347,none,,,,,0.16666666666666666,281788416,2016203264,3054379008
62,1,0.014999615959823132,66.66837355559812,False,llava_ov_0.5b,15000,1.0,196,rlt,0.5,23106,117600,0.1964795918367347,none,,,,,0.16666666666666666,281788416,2016203264,3054379008
63,1,0.014900377951562405,67.11239159508321,False,llava_ov_0.5b,15000,1.0,196,rlt,0.5,23106,117600,0.1964795918367347,none,,,,,0.16666666666666666,281788416,2016203264,3054379008
64,1,0.060515564866364,16.524674308308803,False,llava_ov_0.5b,15000,1.0,196,rlt,0.5,23106,117600,0.1964795918367347,none,,,,,0.16666666666666666,281788416,2016203264,3054379008
65,1,0.015050436835736036,66.44325416692102,False,llava_ov_0.5b,15000,1.0,196,rlt,0.5,23106,117600,0.1964795918367347,none,,,,,0.16666666666666666,281788416,2016203264,3054379008
66,1,0.014980148058384657,66.75501444328397,False,llava_ov_0.5b,15000,1.0,196,rlt,0.5,23106,117600,0.1964795918367347,none,,,,,0.16666666666666666,281788416,2016203264,3054379008
67,1,0.06336771696805954,15.780906238172497,False,llava_ov_0.5b,15000,1.0,196,rlt,0.5,23106,117600,0.1964795918367347,none,,,,,0.16666666666666666,281788416,2016203264,3054379008
68,1,0.015250566881150007,65.57133303916848,False,llava_ov_0.5b,15000,1.0,196,rlt,0.5,23106,117600,0.1964795918367347,none,,,,,0.16666666666666666,281788416,2016203264,3054379008
69,1,0.01501658302731812,66.59304571358233,False,llava_ov_0.5b,15000,1.0,196,rlt,0.5,23106,117600,0.1964795918367347,none,,,,,0.16666666666666666,281788416,2016203264,3054379008
70,1,0.014987370930612087,66.72284316106933,False,llava_ov_0.5b,15000,1.0,196,rlt,0.5,23106,117600,0.1964795918367347,none,,,,,0.16666666666666666,281788416,2016203264,3054379008
71,1,0.0610608640126884,16.377102030397094,False,llava_ov_0.5b,15000,1.0,196,rlt,0.5,23106,117600,0.1964795918367347,none,,,,,0.16666666666666666,281788416,2016203264,3054379008
72,1,0.015620407881215215,64.0188148481436,False,llava_ov_0.5b,15000,1.0,196,rlt,0.5,23106,117600,0.1964795918367347,none,,,,,0.16666666666666666,281788416,2016203264,3054379008
73,1,0.015427880920469761,64.81771574171258,False,llava_ov_0.5b,15000,1.0,196,rlt,0.5,23106,117600,0.1964795918367347,none,,,,,0.16666666666666666,281788416,2016203264,3054379008
74,1,0.0150037941057235,66.64980823873941,False,llava_ov_0.5b,15000,1.0,196,rlt,0.5,23106,117600,0.1964795918367347,none,,,,,0.16666666666666666,281788416,2016203264,3054379008
75,1,0.015187927056103945,65.84176999968574,False,llava_ov_0.5b,15000,1.0,196,rlt,0.5,23106,117600,0.1964795918367347,none,,,,,0.16666666666666666,281788416,2016203264,3054379008
76,1,0.014891969040036201,67.15028733349885,False,llava_ov_0.5b,15000,1.0,196,rlt,0.5,23106,117600,0.1964795918367347,none,,,,,0.16666666666666666,281788416,2016203264,3054379008
77,1,0.014886086108163,67.1768249044076,False,llava_ov_0.5b,15000,1.0,196,rlt,0.5,23106,117600,0.1964795918367347,none,,,,,0.16666666666666666,281788416,2016203264,3054379008
78,1,0.05827972502447665,17.15862591287132,False,llava_ov_0.5b,15000,1.0,196,rlt,0.5,23106,117600,0.1964795918367347,none,,,,,0.16666666666666666,281788416,2016203264,3054379008
79,1,0.01490565505810082,67.08863153629247,False,llava_ov_0.5b,15000,1.0,196,rlt,0.5,23106,117600,0.1964795918367347,none,,,,,0.16666666666666666,281788416,2016203264,3054379008
80,1,0.014877398032695055,67.21605470273548,False,llava_ov_0.5b,15000,1.0,196,rlt,0.5,23106,117600,0.1964795918367347,none,,,,,0.16666666666666666,281788416,2016203264,3054379008
81,1,0.014932082034647465,66.96989727753055,False,llava_ov_0.5b,15000,1.0,196,rlt,0.5,23106,117600,0.1964795918367347,none,,,,,0.16666666666666666,281788416,2016203264,3054379008
82,1,0.014847805025056005,67.3500223307403,False,llava_ov_0.5b,15000,1.0,196,rlt,0.5,23106,117600,0.1964795918367347,none,,,,,0.16666666666666666,281788416,2016203264,3054379008
83,1,0.0148494360037148,67.34262498251351,False,llava_ov_0.5b,15000,1.0,196,rlt,0.5,23106,117600,0.1964795918367347,none,,,,,0.16666666666666666,281788416,2016203264,3054379008
84,1,0.058846033876761794,16.993498696857774,False,llava_ov_0.5b,15000,1.0,196,rlt,0.5,23106,117600,0.1964795918367347,none,,,,,0.16666666666666666,281788416,2016203264,3054379008
85,1,0.014927037060260773,66.9925314691039,False,llava_ov_0.5b,15000,1.0,196,rlt,0.5,23106,117600,0.1964795918367347,none,,,,,0.16666666666666666,281788416,2016203264,3054379008
86,1,0.014838034054264426,67.39437288948677,False,llava_ov_0.5b,15000,1.0,196,rlt,0.5,23106,117600,0.1964795918367347,none,,,,,0.16666666666666666,281788416,2016203264,3054379008
87,1,0.015039796940982342,66.49025940470469,False,llava_ov_0.5b,15000,1.0,196,rlt,0.5,23106,117600,0.1964795918367347,none,,,,,0.16666666666666666,281788416,2016203264,3054379008
88,1,0.014864369994029403,67.27496694455748,False,llava_ov_0.5b,15000,1.0,196,rlt,0.5,23106,117600,0.1964795918367347,none,,,,,0.16666666666666666,281788416,2016203264,3054379008
89,1,0.06380103388801217,15.673727196259337,False,llava_ov_0.5b,15000,1.0,196,rlt,0.5,23106,117600,0.1964795918367347,none,,,,,0.16666666666666666,281788416,2016203264,3054379008
90,1,0.015456379158422351,64.69820581847522,False,llava_ov_0.5b,15000,1.0,196,rlt,0.5,23106,117600,0.1964795918367347,none,,,,,0.16666666666666666,281788416,2016203264,3054379008
91,1,0.015063829021528363,66.38418416531793,False,llava_ov_0.5b,15000,1.0,196,rlt,0.5,23106,117600,0.1964795918367347,none,,,,,0.16666666666666666,281788416,2016203264,3054379008
92,1,0.015440006973221898,64.76681012737444,False,llava_ov_0.5b,15000,1.0,196,rlt,0.5,23106,117600,0.1964795918367347,none,,,,,0.16666666666666666,281788416,2016203264,3054379008
93,1,0.015169570920988917,65.92144268341698,False,llava_ov_0.5b,15000,1.0,196,rlt,0.5,23106,117600,0.1964795918367347,none,,,,,0.16666666666666666,281788416,2016203264,3054379008
94,1,0.06071169697679579,16.47129053866182,False,llava_ov_0.5b,15000,1.0,196,rlt,0.5,23106,117600,0.1964795918367347,none,,,,,0.16666666666666666,281788416,2016203264,3054379008
95,1,0.015135605121031404,66.06937694287943,False,llava_ov_0.5b,15000,1.0,196,rlt,0.5,23106,117600,0.1964795918367347,none,,,,,0.16666666666666666,281788416,2016203264,3054379008
96,1,0.015006029047071934,66.63988166777047,False,llava_ov_0.5b,15000,1.0,196,rlt,0.5,23106,117600,0.1964795918367347,none,,,,,0.16666666666666666,281788416,2016203264,3054379008
97,1,0.014935694169253111,66.95370089048944,False,llava_ov_0.5b,15000,1.0,196,rlt,0.5,23106,117600,0.1964795918367347,none,,,,,0.16666666666666666,281788416,2016203264,3054379008
98,1,0.015123791992664337,66.12098344681289,False,llava_ov_0.5b,15000,1.0,196,rlt,0.5,23106,117600,0.1964795918367347,none,,,,,0.16666666666666666,281788416,2016203264,3054379008
99,1,0.06066119694150984,16.48500277639115,False,llava_ov_0.5b,15000,1.0,196,rlt,0.5,23106,117600,0.1964795918367347,none,,,,,0.16666666666666666,281788416,2016203264,3054379008
100,1,0.01510079507716,66.22167871892408,False,llava_ov_0.5b,15000,1.0,196,rlt,0.5,23106,117600,0.1964795918367347,none,,,,,0.16666666666666666,281788416,2016203264,3054379008
101,1,0.01581831695511937,63.2178507256655,False,llava_ov_0.5b,15000,1.0,196,rlt,0.5,23106,117600,0.1964795918367347,none,,,,,0.16666666666666666,281788416,2016203264,3054379008
102,1,0.017169010126963258,58.24447609996683,False,llava_ov_0.5b,15000,1.0,196,rlt,0.5,23106,117600,0.1964795918367347,none,,,,,0.16666666666666666,281788416,2016203264,3054379008
103,1,0.06282109185121953,15.918220625141636,False,llava_ov_0.5b,15000,1.0,196,rlt,0.5,23106,117600,0.1964795918367347,none,,,,,0.16666666666666666,281788416,2016203264,3054379008
104,1,0.01554088294506073,64.34640834340911,False,llava_ov_0.5b,15000,1.0,196,rlt,0.5,23106,117600,0.1964795918367347,none,,,,,0.16666666666666666,281788416,2016203264,3054379008
105,1,0.01503363810479641,66.51749849432353,False,llava_ov_0.5b,15000,1.0,196,rlt,0.5,23106,117600,0.1964795918367347,none,,,,,0.16666666666666666,281788416,2016203264,3054379008
106,1,0.014824180863797665,67.45735290117202,False,llava_ov_0.5b,15000,1.0,196,rlt,0.5,23106,117600,0.1964795918367347,none,,,,,0.16666666666666666,281788416,2016203264,3054379008
107,1,0.015174767933785915,65.89886608898621,False,llava_ov_0.5b,15000,1.0,196,rlt,0.5,23106,117600,0.1964795918367347,none,,,,,0.16666666666666666,281788416,2016203264,3054379008
108,1,0.06129212002269924,16.31531099967916,False,llava_ov_0.5b,15000,1.0,196,rlt,0.5,23106,117600,0.1964795918367347,none,,,,,0.16666666666666666,281788416,2016203264,3054379008
109,1,0.01528001087717712,65.44497959053439,False,llava_ov_0.5b,15000,1.0,196,rlt,0.5,23106,117600,0.1964795918367347,none,,,,,0.16666666666666666,281788416,2016203264,3054379008
110,1,0.014902202878147364,67.1041729989063,False,llava_ov_0.5b,15000,1.0,196,rlt,0.5,23106,117600,0.1964795918367347,none,,,,,0.16666666666666666,281788416,2016203264,3054379008
111,1,0.014840708812698722,67.3822263222584,False,llava_ov_0.5b,15000,1.0,196,rlt,0.5,23106,117600,0.1964795918367347,none,,,,,0.16666666666666666,281788416,2016203264,3054379008
112,1,0.05993946408852935,16.68349918049018,False,llava_ov_0.5b,15000,1.0,196,rlt,0.5,23106,117600,0.1964795918367347,none,,,,,0.16666666666666666,281788416,2016203264,3054379008
113,1,0.015596981160342693,64.11497133449305,False,llava_ov_0.5b,15000,1.0,196,rlt,0.5,23106,117600,0.1964795918367347,none,,,,,0.16666666666666666,281788416,2016203264,3054379008
114,1,0.015331080881878734,65.22697308198245,False,llava_ov_0.5b,15000,1.0,196,rlt,0.5,23106,117600,0.1964795918367347,none,,,,,0.16666666666666666,281788416,2016203264,3054379008
115,1,0.015450448030605912,64.72304220687272,False,llava_ov_0.5b,15000,1.0,196,rlt,0.5,23106,117600,0.1964795918367347,none,,,,,0.16666666666666666,281788416,2016203264,3054379008
116,1,0.06211350508965552,16.099558357825497,False,llava_ov_0.5b,15000,1.0,196,rlt,0.5,23106,117600,0.1964795918367347,none,,,,,0.16666666666666666,281788416,2016203264,3054379008
117,1,0.015627526910975575,63.98965144623598,False,llava_ov_0.5b,15000,1.0,196,rlt,0.5,23106,117600,0.1964795918367347,none,,,,,0.16666666666666666,281788416,2016203264,3054379008
118,1,0.01530354400165379,65.34434114685685,False,llava_ov_0.5b,15000,1.0,196,rlt,0.5,23106,117600,0.1964795918367347,none,,,,,0.16666666666666666,281788416,2016203264,3054379008
119,1,0.06278226105496287,15.928066036432611,False,llava_ov_0.5b,15000,1.0,196,rlt,0.5,23106,117600,0.1964795918367347,none,,,,,0.16666666666666666,281788416,2016203264,3054379008
120,1,0.015463119139894843,64.67000551137191,False,llava_ov_0.5b,15000,1.0,196,rlt,0.5,23106,117600,0.1964795918367347,none,,,,,0.16666666666666666,281788416,2016203264,3054379008
121,1,0.015596613986417651,64.11648072272946,False,llava_ov_0.5b,15000,1.0,196,rlt,0.5,23106,117600,0.1964795918367347,none,,,,,0.16666666666666666,281788416,2016203264,3054379008
122,1,0.015458433190360665,64.68960907523052,False,llava_ov_0.5b,15000,1.0,196,rlt,0.5,23106,117600,0.1964795918367347,none,,,,,0.16666666666666666,281788416,2016203264,3054379008
123,1,0.015365954022854567,65.07894000676099,False,llava_ov_0.5b,15000,1.0,196,rlt,0.5,23106,117600,0.1964795918367347,none,,,,,0.16666666666666666,281788416,2016203264,3054379008
124,1,0.015352913876995444,65.13421543374797,False,llava_ov_0.5b,15000,1.0,196,rlt,0.5,23106,117600,0.1964795918367347,none,,,,,0.16666666666666666,281788416,2016203264,3054379008
125,1,0.06329830293543637,15.798211857591031,False,llava_ov_0.5b,15000,1.0,196,rlt,0.5,23106,117600,0.1964795918367347,none,,,,,0.16666666666666666,281788416,2016203264,3054379008
126,1,0.016091305064037442,62.14536335122415,False,llava_ov_0.5b,15000,1.0,196,rlt,0.5,23106,117600,0.1964795918367347,none,,,,,0.16666666666666666,281788416,2016203264,3054379008
127,1,0.015846033114939928,63.107276928329895,False,llava_ov_0.5b,15000,1.0,196,rlt,0.5,23106,117600,0.1964795918367347,none,,,,,0.16666666666666666,281788416,2016203264,3054379008
128,1,0.015200347872450948,65.78796803804708,False,llava_ov_0.5b,15000,1.0,196,rlt,0.5,23106,117600,0.1964795918367347,none,,,,,0.16666666666666666,281788416,2016203264,3054379008
129,1,0.015149452025070786,66.00898820268236,False,llava_ov_0.5b,15000,1.0,196,rlt,0.5,23106,117600,0.1964795918367347,none,,,,,0.16666666666666666,281788416,2016203264,3054379008
130,1,0.01642444310709834,60.88486492231925,False,llava_ov_0.5b,15000,1.0,196,rlt,0.5,23106,117600,0.1964795918367347,none,,,,,0.16666666666666666,281788416,2016203264,3054379008
131,1,0.015048654982820153,66.45112145514798,False,llava_ov_0.5b,15000,1.0,196,rlt,0.5,23106,117600,0.1964795918367347,none,,,,,0.16666666666666666,281788416,2016203264,3054379008
132,1,0.01801428012549877,55.51151603246829,False,llava_ov_0.5b,15000,1.0,196,rlt,0.5,23106,117600,0.1964795918367347,none,,,,,0.16666666666666666,281788416,2016203264,3054379008
133,1,0.015236495062708855,65.63189210407637,False,llava_ov_0.5b,15000,1.0,196,rlt,0.5,23106,117600,0.1964795918367347,none,,,,,0.16666666666666666,281788416,2016203264,3054379008
134,1,0.01507558487355709,66.33241817065566,False,llava_ov_0.5b,15000,1.0,196,rlt,0.5,23106,117600,0.1964795918367347,none,,,,,0.16666666666666666,281788416,2016203264,3054379008
135,1,0.015050621004775167,66.4424411247035,False,llava_ov_0.5b,15000,1.0,196,rlt,0.5,23106,117600,0.1964795918367347,none,,,,,0.16666666666666666,281788416,2016203264,3054379008
136,1,0.06285729096271098,15.909053423782343,False,llava_ov_0.5b,15000,1.0,196,rlt,0.5,23106,117600,0.1964795918367347,none,,,,,0.16666666666666666,281788416,2016203264,3054379008
137,1,0.01530802482739091,65.32521414589576,False,llava_ov_0.5b,15000,1.0,196,rlt,0.5,23106,117600,0.1964795918367347,none,,,,,0.16666666666666666,281788416,2016203264,3054379008
138,1,0.015071464935317636,66.35055081186272,False,llava_ov_0.5b,15000,1.0,196,rlt,0.5,23106,117600,0.1964795918367347,none,,,,,0.16666666666666666,281788416,2016203264,3054379008
139,1,0.015188270946964622,65.84027921886988,False,llava_ov_0.5b,15000,1.0,196,rlt,0.5,23106,117600,0.1964795918367347,none,,,,,0.16666666666666666,281788416,2016203264,3054379008
140,1,0.014933050842955709,66.96555248599618,False,llava_ov_0.5b,15000,1.0,196,rlt,0.5,23106,117600,0.1964795918367347,none,,,,,0.16666666666666666,281788416,2016203264,3054379008
141,1,0.06092698685824871,16.413088051220658,False,llava_ov_0.5b,15000,1.0,196,rlt,0.5,23106,117600,0.1964795918367347,none,,,,,0.16666666666666666,281788416,2016203264,3054379008
142,1,0.015207245014607906,65.75813035427596,False,llava_ov_0.5b,15000,1.0,196,rlt,0.5,23106,117600,0.1964795918367347,none,,,,,0.16666666666666666,281788416,2016203264,3054379008
143,1,0.015025778906419873,66.55229031572817,False,llava_ov_0.5b,15000,1.0,196,rlt,0.5,23106,117600,0.1964795918367347,none,,,,,0.16666666666666666,281788416,2016203264,3054379008
144,1,0.014910832047462463,67.06533859525169,False,llava_ov_0.5b,15000,1.0,196,rlt,0.5,23106,117600,0.1964795918367347,none,,,,,0.16666666666666666,281788416,2016203264,3054379008
145,1,0.014945724979043007,66.9087649747474,False,llava_ov_0.5b,15000,1.0,196,rlt,0.5,23106,117600,0.1964795918367347,none,,,,,0.16666666666666666,281788416,2016203264,3054379008
146,1,0.014856630936264992,67.310011555783,False,llava_ov_0.5b,15000,1.0,196,rlt,0.5,23106,117600,0.1964795918367347,none,,,,,0.16666666666666666,281788416,2016203264,3054379008
147,1,0.0608645468018949,16.429926000350452,False,llava_ov_0.5b,15000,1.0,196,rlt,0.5,23106,117600,0.1964795918367347,none,,,,,0.16666666666666666,281788416,2016203264,3054379008
148,1,0.01536377682350576,65.08816233714442,False,llava_ov_0.5b,15000,1.0,196,rlt,0.5,23106,117600,0.1964795918367347,none,,,,,0.16666666666666666,281788416,2016203264,3054379008
149,1,0.015073233051225543,66.34276777925184,False,llava_ov_0.5b,15000,1.0,196,rlt,0.5,23106,117600,0.1964795918367347,none,,,,,0.16666666666666666,281788416,2016203264,3054379008
150,1,0.0608108788728714,16.444426039139426,False,llava_ov_0.5b,15000,1.0,196,rlt,0.5,23106,117600,0.1964795918367347,none,,,,,0.16666666666666666,281788416,2016203264,3054379008
151,1,0.015070995083078742,66.35261935177523,False,llava_ov_0.5b,15000,1.0,196,rlt,0.5,23106,117600,0.1964795918367347,none,,,,,0.16666666666666666,281788416,2016203264,3054379008
152,1,0.014997428050264716,66.67809951469307,False,llava_ov_0.5b,15000,1.0,196,rlt,0.5,23106,117600,0.1964795918367347,none,,,,,0.16666666666666666,281788416,2016203264,3054379008
153,1,0.05852042697370052,17.088050305056843,False,llava_ov_0.5b,15000,1.0,196,rlt,0.5,23106,117600,0.1964795918367347,none,,,,,0.16666666666666666,281788416,2016203264,3054379008
154,1,0.014947009971365333,66.90301283773447,False,llava_ov_0.5b,15000,1.0,196,rlt,0.5,23106,117600,0.1964795918367347,none,,,,,0.16666666666666666,281788416,2016203264,3054379008
155,1,0.014775613090023398,67.67908674295263,False,llava_ov_0.5b,15000,1.0,196,rlt,0.5,23106,117600,0.1964795918367347,none,,,,,0.16666666666666666,281788416,2016203264,3054379008
156,1,0.05819326709024608,17.184118541569433,False,llava_ov_0.5b,15000,1.0,196,rlt,0.5,23106,117600,0.1964795918367347,none,,,,,0.16666666666666666,281788416,2016203264,3054379008
157,1,0.014980171108618379,66.75491172625398,False,llava_ov_0.5b,15000,1.0,196,rlt,0.5,23106,117600,0.1964795918367347,none,,,,,0.16666666666666666,281788416,2016203264,3054379008
158,1,0.014912874205037951,67.0561547191335,False,llava_ov_0.5b,15000,1.0,196,rlt,0.5,23106,117600,0.1964795918367347,none,,,,,0.16666666666666666,281788416,2016203264,3054379008
159,1,0.014773801900446415,67.68738383921226,False,llava_ov_0.5b,15000,1.0,196,rlt,0.5,23106,117600,0.1964795918367347,none,,,,,0.16666666666666666,281788416,2016203264,3054379008
160,1,0.014742520870640874,67.83100453270913,False,llava_ov_0.5b,15000,1.0,196,rlt,0.5,23106,117600,0.1964795918367347,none,,,,,0.16666666666666666,281788416,2016203264,3054379008
161,1,0.014756259974092245,67.76784915389895,False,llava_ov_0.5b,15000,1.0,196,rlt,0.5,23106,117600,0.1964795918367347,none,,,,,0.16666666666666666,281788416,2016203264,3054379008
162,1,0.05802605813369155,17.233636613674644,False,llava_ov_0.5b,15000,1.0,196,rlt,0.5,23106,117600,0.1964795918367347,none,,,,,0.16666666666666666,281788416,2016203264,3054379008
163,1,0.014851588057354093,67.33286677075775,False,llava_ov_0.5b,15000,1.0,196,rlt,0.5,23106,117600,0.1964795918367347,none,,,,,0.16666666666666666,281788416,2016203264,3054379008
164,1,0.014703213004395366,68.01234530854316,False,llava_ov_0.5b,15000,1.0,196,rlt,0.5,23106,117600,0.1964795918367347,none,,,,,0.16666666666666666,281788416,2016203264,3054379008
165,1,0.014730282127857208,67.8873623274905,False,llava_ov_0.5b,15000,1.0,196,rlt,0.5,23106,117600,0.1964795918367347,none,,,,,0.16666666666666666,281788416,2016203264,3054379008
166,1,0.014777411008253694,67.67085245456498,False,llava_ov_0.5b,15000,1.0,196,rlt,0.5,23106,117600,0.1964795918367347,none,,,,,0.16666666666666666,281788416,2016203264,3054379008
167,1,0.014756913995370269,67.76484570647582,False,llava_ov_0.5b,15000,1.0,196,rlt,0.5,23106,117600,0.1964795918367347,none,,,,,0.16666666666666666,281788416,2016203264,3054379008
168,1,0.06037962017580867,16.561879605871617,False,llava_ov_0.5b,15000,1.0,196,rlt,0.5,23106,117600,0.1964795918367347,none,,,,,0.16666666666666666,281788416,2016203264,3054379008
169,1,0.015410083113238215,64.89257667539367,False,llava_ov_0.5b,15000,1.0,196,rlt,0.5,23106,117600,0.1964795918367347,none,,,,,0.16666666666666666,281788416,2016203264,3054379008
170,1,0.014974174089729786,66.78164645393443,False,llava_ov_0.5b,15000,1.0,196,rlt,0.5,23106,117600,0.1964795918367347,none,,,,,0.16666666666666666,281788416,2016203264,3054379008
171,1,0.015316800912842155,65.28778468104029,False,llava_ov_0.5b,15000,1.0,196,rlt,0.5,23106,117600,0.1964795918367347,none,,,,,0.16666666666666666,281788416,2016203264,3054379008
172,1,0.0628893778193742,15.90093644863397,False,llava_ov_0.5b,15000,1.0,196,rlt,0.5,23106,117600,0.1964795918367347,none,,,,,0.16666666666666666,281788416,2016203264,3054379008
173,1,0.015122757060453296,66.12550846399867,False,llava_ov_0.5b,15000,1.0,196,rlt,0.5,23106,117600,0.1964795918367347,none,,,,,0.16666666666666666,281788416,2016203264,3054379008
174,1,0.015090365894138813,66.26744553545954,False,llava_ov_0.5b,15000,1.0,196,rlt,0.5,23106,117600,0.1964795918367347,none,,,,,0.16666666666666666,281788416,2016203264,3054379008
175,1,0.014899949077516794,67.11432333073843,False,llava_ov_0.5b,15000,1.0,196,rlt,0.5,23106,117600,0.1964795918367347,none,,,,,0.16666666666666666,281788416,2016203264,3054379008
176,1,0.014822494005784392,67.46502981278022,False,llava_ov_0.5b,15000,1.0,196,rlt,0.5,23106,117600,0.1964795918367347,none,,,,,0.16666666666666666,281788416,2016203264,3054379008
177,1,0.06097535113804042,16.40006955820767,False,llava_ov_0.5b,15000,1.0,196,rlt,0.5,23106,117600,0.1964795918367347,none,,,,,0.16666666666666666,281788416,2016203264,3054379008
178,1,0.015086004976183176,66.28660149448024,False,llava_ov_0.5b,15000,1.0,196,rlt,0.5,23106,117600,0.1964795918367347,none,,,,,0.16666666666666666,281788416,2016203264,3054379008
179,1,0.014942390145733953,66.9236976311651,False,llava_ov_0.5b,15000,1.0,196,rlt,0.5,23106,117600,0.1964795918367347,none,,,,,0.16666666666666666,281788416,2016203264,3054379008
180,1,0.015133233973756433,66.07972900796801,False,llava_ov_0.5b,15000,1.0,196,rlt,0.5,23106,117600,0.1964795918367347,none,,,,,0.16666666666666666,281788416,2016203264,3054379008
181,1,0.060590952867642045,16.504114107339603,False,llava_ov_0.5b,15000,1.0,196,rlt,0.5,23106,117600,0.1964795918367347,none,,,,,0.16666666666666666,281788416,2016203264,3054379008
182,1,0.015009630937129259,66.62388996696143,False,llava_ov_0.5b,15000,1.0,196,rlt,0.5,23106,117600,0.1964795918367347,none,,,,,0.16666666666666666,281788416,2016203264,3054379008
183,1,0.014988750917837024,66.71670010941156,False,llava_ov_0.5b,15000,1.0,196,rlt,0.5,23106,117600,0.1964795918367347,none,,,,,0.16666666666666666,281788416,2016203264,3054379008
184,1,0.014907003846019506,67.08256134696187,False,llava_ov_0.5b,15000,1.0,196,rlt,0.5,23106,117600,0.1964795918367347,none,,,,,0.16666666666666666,281788416,2016203264,3054379008
185,1,0.014894662890583277,67.13814252434148,False,llava_ov_0.5b,15000,1.0,196,rlt,0.5,23106,117600,0.1964795918367347,none,,,,,0.16666666666666666,281788416,2016203264,3054379008
186,1,0.06053625699132681,16.519025947429697,False,llava_ov_0.5b,15000,1.0,196,rlt,0.5,23106,117600,0.1964795918367347,none,,,,,0.16666666666666666,281788416,2016203264,3054379008
187,1,0.014980742009356618,66.7523677649227,False,llava_ov_0.5b,15000,1.0,196,rlt,0.5,23106,117600,0.1964795918367347,none,,,,,0.16666666666666666,281788416,2016203264,3054379008
188,1,0.014896380947902799,67.130399222288,False,llava_ov_0.5b,15000,1.0,196,rlt,0.5,23106,117600,0.1964795918367347,none,,,,,0.16666666666666666,281788416,2016203264,3054379008
189,1,0.01483733020722866,67.39756991542897,False,llava_ov_0.5b,15000,1.0,196,rlt,0.5,23106,117600,0.1964795918367347,none,,,,,0.16666666666666666,281788416,2016203264,3054379008
190,1,0.014825406949967146,67.45177406426716,False,llava_ov_0.5b,15000,1.0,196,rlt,0.5,23106,117600,0.1964795918367347,none,,,,,0.16666666666666666,281788416,2016203264,3054379008
191,1,0.014782608952373266,67.64705764874174,False,llava_ov_0.5b,15000,1.0,196,rlt,0.5,23106,117600,0.1964795918367347,none,,,,,0.16666666666666666,281788416,2016203264,3054379008
192,1,0.06042178813368082,16.55032118194747,False,llava_ov_0.5b,15000,1.0,196,rlt,0.5,23106,117600,0.1964795918367347,none,,,,,0.16666666666666666,281788416,2016203264,3054379008
193,1,0.015015424927696586,66.59818185734176,False,llava_ov_0.5b,15000,1.0,196,rlt,0.5,23106,117600,0.1964795918367347,none,,,,,0.16666666666666666,281788416,2016203264,3054379008
194,1,0.014897315064445138,67.12618989892094,False,llava_ov_0.5b,15000,1.0,196,rlt,0.5,23106,117600,0.1964795918367347,none,,,,,0.16666666666666666,281788416,2016203264,3054379008
195,1,0.014838794013485312,67.39092133034615,False,llava_ov_0.5b,15000,1.0,196,rlt,0.5,23106,117600,0.1964795918367347,none,,,,,0.16666666666666666,281788416,2016203264,3054379008
196,1,0.014816997805610299,67.49005521357104,False,llava_ov_0.5b,15000,1.0,196,rlt,0.5,23106,117600,0.1964795918367347,none,,,,,0.16666666666666666,281788416,2016203264,3054379008
197,1,0.014792463975027204,67.6019898840525,False,llava_ov_0.5b,15000,1.0,196,rlt,0.5,23106,117600,0.1964795918367347,none,,,,,0.16666666666666666,281788416,2016203264,3054379008
198,1,0.014768342953175306,67.71240369827628,False,llava_ov_0.5b,15000,1.0,196,rlt,0.5,23106,117600,0.1964795918367347,none,,,,,0.16666666666666666,281788416,2016203264,3054379008
199,1,0.05838616006076336,17.12734659993541,False,llava_ov_0.5b,15000,1.0,196,rlt,0.5,23106,117600,0.1964795918367347,none,,,,,0.16666666666666666,281788416,2016203264,3054379008
200,1,0.014857260975986719,67.30715719514288,False,llava_ov_0.5b,15000,1.0,196,rlt,0.5,23106,117600,0.1964795918367347,none,,,,,0.16666666666666666,281788416,2016203264,3054379008
201,1,0.014993850141763687,66.69401058068549,False,llava_ov_0.5b,15000,1.0,196,rlt,0.5,23106,117600,0.1964795918367347,none,,,,,0.16666666666666666,281788416,2016203264,3054379008
202,1,0.015003273030743003,66.65212303681427,False,llava_ov_0.5b,15000,1.0,196,rlt,0.5,23106,117600,0.1964795918367347,none,,,,,0.16666666666666666,281788416,2016203264,3054379008
203,1,0.014774729032069445,67.68313637627055,False,llava_ov_0.5b,15000,1.0,196,rlt,0.5,23106,117600,0.1964795918367347,none,,,,,0.16666666666666666,281788416,2016203264,3054379008
204,1,0.014765545958653092,67.72523026241149,False,llava_ov_0.5b,15000,1.0,196,rlt,0.5,23106,117600,0.1964795918367347,none,,,,,0.16666666666666666,281788416,2016203264,3054379008
205,1,0.05853828112594783,17.082838456572606,False,llava_ov_0.5b,15000,1.0,196,rlt,0.5,23106,117600,0.1964795918367347,none,,,,,0.16666666666666666,281788416,2016203264,3054379008
206,1,0.014783581020310521,67.64260963741758,False,llava_ov_0.5b,15000,1.0,196,rlt,0.5,23106,117600,0.1964795918367347,none,,,,,0.16666666666666666,281788416,2016203264,3054379008
207,1,0.014761376893147826,67.74435794429151,False,llava_ov_0.5b,15000,1.0,196,rlt,0.5,23106,117600,0.1964795918367347,none,,,,,0.16666666666666666,281788416,2016203264,3054379008
208,1,0.014776854077354074,67.67340292901227,False,llava_ov_0.5b,15000,1.0,196,rlt,0.5,23106,117600,0.1964795918367347,none,,,,,0.16666666666666666,281788416,2016203264,3054379008
209,1,0.05802633403800428,17.23355467097148,False,llava_ov_0.5b,15000,1.0,196,rlt,0.5,23106,117600,0.1964795918367347,none,,,,,0.16666666666666666,281788416,2016203264,3054379008
210,1,0.014916009968146682,67.04205763709679,False,llava_ov_0.5b,15000,1.0,196,rlt,0.5,23106,117600,0.1964795918367347,none,,,,,0.16666666666666666,281788416,2016203264,3054379008
211,1,0.014740625163540244,67.83972788843583,False,llava_ov_0.5b,15000,1.0,196,rlt,0.5,23106,117600,0.1964795918367347,none,,,,,0.16666666666666666,281788416,2016203264,3054379008
212,1,0.061594762140884995,16.235146711220533,False,llava_ov_0.5b,15000,1.0,196,rlt,0.5,23106,117600,0.1964795918367347,none,,,,,0.16666666666666666,281788416,2016203264,3054379008
213,1,0.015348803950473666,65.1516563262338,False,llava_ov_0.5b,15000,1.0,196,rlt,0.5,23106,117600,0.1964795918367347,none,,,,,0.16666666666666666,281788416,2016203264,3054379008
214,1,0.015252222074195743,65.56421714392921,False,llava_ov_0.5b,15000,1.0,196,rlt,0.5,23106,117600,0.1964795918367347,none,,,,,0.16666666666666666,281788416,2016203264,3054379008
215,1,0.014896658947691321,67.12914644226178,False,llava_ov_0.5b,15000,1.0,196,rlt,0.5,23106,117600,0.1964795918367347,none,,,,,0.16666666666666666,281788416,2016203264,3054379008
216,1,0.06080896593630314,16.44494335008905,False,llava_ov_0.5b,15000,1.0,196,rlt,0.5,23106,117600,0.1964795918367347,none,,,,,0.16666666666666666,281788416,2016203264,3054379008
217,1,0.015000465093180537,66.66459964995464,False,llava_ov_0.5b,15000,1.0,196,rlt,0.5,23106,117600,0.1964795918367347,none,,,,,0.16666666666666666,281788416,2016203264,3054379008
218,1,0.014890575082972646,67.15657349886364,False,llava_ov_0.5b,15000,1.0,196,rlt,0.5,23106,117600,0.1964795918367347,none,,,,,0.16666666666666666,281788416,2016203264,3054379008
219,1,0.060642009833827615,16.490218624683102,False,llava_ov_0.5b,15000,1.0,196,rlt,0.5,23106,117600,0.1964795918367347,none,,,,,0.16666666666666666,281788416,2016203264,3054379008
220,1,0.01500283507630229,66.65406870862353,False,llava_ov_0.5b,15000,1.0,196,rlt,0.5,23106,117600,0.1964795918367347,none,,,,,0.16666666666666666,281788416,2016203264,3054379008
221,1,0.014965256908908486,66.82143888921293,False,llava_ov_0.5b,15000,1.0,196,rlt,0.5,23106,117600,0.1964795918367347,none,,,,,0.16666666666666666,281788416,2016203264,3054379008
222,1,0.014869862934574485,67.2501155121519,False,llava_ov_0.5b,15000,1.0,196,rlt,0.5,23106,117600,0.1964795918367347,none,,,,,0.16666666666666666,281788416,2016203264,3054379008
223,1,0.06078587309457362,16.451190862129287,False,llava_ov_0.5b,15000,1.0,196,rlt,0.5,23106,117600,0.1964795918367347,none,,,,,0.16666666666666666,281788416,2016203264,3054379008
224,1,0.015073788817971945,66.34032173833664,False,llava_ov_0.5b,15000,1.0,196,rlt,0.5,23106,117600,0.1964795918367347,none,,,,,0.16666666666666666,281788416,2016203264,3054379008
225,1,0.014893796062096953,67.14205000731064,False,llava_ov_0.5b,15000,1.0,196,rlt,0.5,23106,117600,0.1964795918367347,none,,,,,0.16666666666666666,281788416,2016203264,3054379008
226,1,0.014829399064183235,67.4336158648029,False,llava_ov_0.5b,15000,1.0,196,rlt,0.5,23106,117600,0.1964795918367347,none,,,,,0.16666666666666666,281788416,2016203264,3054379008
227,1,0.06035759416408837,16.56792345436096,False,llava_ov_0.5b,15000,1.0,196,rlt,0.5,23106,117600,0.1964795918367347,none,,,,,0.16666666666666666,281788416,2016203264,3054379008
228,1,0.01500041806139052,66.66480866782598,False,llava_ov_0.5b,15000,1.0,196,rlt,0.5,23106,117600,0.1964795918367347,none,,,,,0.16666666666666666,281788416,2016203264,3054379008
229,1,0.014856653986498713,67.30990712368816,False,llava_ov_0.5b,15000,1.0,196,rlt,0.5,23106,117600,0.1964795918367347,none,,,,,0.16666666666666666,281788416,2016203264,3054379008
230,1,0.014813204063102603,67.50733978551239,False,llava_ov_0.5b,15000,1.0,196,rlt,0.5,23106,117600,0.1964795918367347,none,,,,,0.16666666666666666,281788416,2016203264,3054379008
231,1,0.060449267039075494,16.542797770460673,False,llava_ov_0.5b,15000,1.0,196,rlt,0.5,23106,117600,0.1964795918367347,none,,,,,0.16666666666666666,281788416,2016203264,3054379008
232,1,0.01502129784785211,66.57214377404743,False,llava_ov_0.5b,15000,1.0,196,rlt,0.5,23106,117600,0.1964795918367347,none,,,,,0.16666666666666666,281788416,2016203264,3054379008
233,1,0.014958856161683798,66.85003112480213,False,llava_ov_0.5b,15000,1.0,196,rlt,0.5,23106,117600,0.1964795918367347,none,,,,,0.16666666666666666,281788416,2016203264,3054379008
234,1,0.014960743952542543,66.8415957904321,False,llava_ov_0.5b,15000,1.0,196,rlt,0.5,23106,117600,0.1964795918367347,none,,,,,0.16666666666666666,281788416,2016203264,3054379008
235,1,0.01478936499916017,67.61615526135071,False,llava_ov_0.5b,15000,1.0,196,rlt,0.5,23106,117600,0.1964795918367347,none,,,,,0.16666666666666666,281788416,2016203264,3054379008
236,1,0.06040620990097523,16.55458936489004,False,llava_ov_0.5b,15000,1.0,196,rlt,0.5,23106,117600,0.1964795918367347,none,,,,,0.16666666666666666,281788416,2016203264,3054379008
237,1,0.015033710980787873,66.51717605040675,False,llava_ov_0.5b,15000,1.0,196,rlt,0.5,23106,117600,0.1964795918367347,none,,,,,0.16666666666666666,281788416,2016203264,3054379008
238,1,0.014943121001124382,66.92042444980241,False,llava_ov_0.5b,15000,1.0,196,rlt,0.5,23106,117600,0.1964795918367347,none,,,,,0.16666666666666666,281788416,2016203264,3054379008
239,1,0.014833523193374276,67.41486745688795,False,llava_ov_0.5b,15000,1.0,196,rlt,0.5,23106,117600,0.1964795918367347,none,,,,,0.16666666666666666,281788416,2016203264,3054379008
240,1,0.0605246399063617,16.52219660533479,False,llava_ov_0.5b,15000,1.0,196,rlt,0.5,23106,117600,0.1964795918367347,none,,,,,0.16666666666666666,281788416,2016203264,3054379008
241,1,0.014966509072110057,66.8158483171931,False,llava_ov_0.5b,15000,1.0,196,rlt,0.5,23106,117600,0.1964795918367347,none,,,,,0.16666666666666666,281788416,2016203264,3054379008
242,1,0.014878439949825406,67.21134765286563,False,llava_ov_0.5b,15000,1.0,196,rlt,0.5,23106,117600,0.1964795918367347,none,,,,,0.16666666666666666,281788416,2016203264,3054379008
243,1,0.014840571209788322,67.38285109541033,False,llava_ov_0.5b,15000,1.0,196,rlt,0.5,23106,117600,0.1964795918367347,none,,,,,0.16666666666666666,281788416,2016203264,3054379008
244,1,0.014784371014684439,67.63899519342144,False,llava_ov_0.5b,15000,1.0,196,rlt,0.5,23106,117600,0.1964795918367347,none,,,,,0.16666666666666666,281788416,2016203264,3054379008
245,1,0.01475060498341918,67.79382954964066,False,llava_ov_0.5b,15000,1.0,196,rlt,0.5,23106,117600,0.1964795918367347,none,,,,,0.16666666666666666,281788416,2016203264,3054379008
246,1,0.014762691222131252,67.73832663389085,False,llava_ov_0.5b,15000,1.0,196,rlt,0.5,23106,117600,0.1964795918367347,none,,,,,0.16666666666666666,281788416,2016203264,3054379008
247,1,0.06051113293506205,16.525884601651022,False,llava_ov_0.5b,15000,1.0,196,rlt,0.5,23106,117600,0.1964795918367347,none,,,,,0.16666666666666666,281788416,2016203264,3054379008
248,1,0.01528208190575242,65.43611048332257,False,llava_ov_0.5b,15000,1.0,196,rlt,0.5,23106,117600,0.1964795918367347,none,,,,,0.16666666666666666,281788416,2016203264,3054379008
249,1,0.015584585955366492,64.16596519560751,False,llava_ov_0.5b,15000,1.0,196,rlt,0.5,23106,117600,0.1964795918367347,none,,,,,0.16666666666666666,281788416,2016203264,3054379008
250,1,0.01621257606893778,61.680512445886606,False,llava_ov_0.5b,15000,1.0,196,rlt,0.5,23106,117600,0.1964795918367347,none,,,,,0.16666666666666666,281788416,2016203264,3054379008
251,1,0.016656278865411878,60.03741940683892,False,llava_ov_0.5b,15000,1.0,196,rlt,0.5,23106,117600,0.1964795918367347,none,,,,,0.16666666666666666,281788416,2016203264,3054379008
252,1,0.06376062706112862,15.683660059385545,False,llava_ov_0.5b,15000,1.0,196,rlt,0.5,23106,117600,0.1964795918367347,none,,,,,0.16666666666666666,281788416,2016203264,3054379008
253,1,0.015874834964051843,62.992780855012,False,llava_ov_0.5b,15000,1.0,196,rlt,0.5,23106,117600,0.1964795918367347,none,,,,,0.16666666666666666,281788416,2016203264,3054379008
254,1,0.015357513912022114,65.11470578692972,False,llava_ov_0.5b,15000,1.0,196,rlt,0.5,23106,117600,0.1964795918367347,none,,,,,0.16666666666666666,281788416,2016203264,3054379008
255,1,0.01512626395560801,66.11017782942056,False,llava_ov_0.5b,15000,1.0,196,rlt,0.5,23106,117600,0.1964795918367347,none,,,,,0.16666666666666666,281788416,2016203264,3054379008
256,1,0.014932730002328753,66.96699128987468,False,llava_ov_0.5b,15000,1.0,196,rlt,0.5,23106,117600,0.1964795918367347,none,,,,,0.16666666666666666,281788416,2016203264,3054379008
257,1,0.014972764067351818,66.78793544743716,False,llava_ov_0.5b,15000,1.0,196,rlt,0.5,23106,117600,0.1964795918367347,none,,,,,0.16666666666666666,281788416,2016203264,3054379008
258,1,0.06098935683257878,16.39630341971123,False,llava_ov_0.5b,15000,1.0,196,rlt,0.5,23106,117600,0.1964795918367347,none,,,,,0.16666666666666666,281788416,2016203264,3054379008
259,1,0.015057284850627184,66.41303594375096,False,llava_ov_0.5b,15000,1.0,196,rlt,0.5,23106,117600,0.1964795918367347,none,,,,,0.16666666666666666,281788416,2016203264,3054379008
260,1,0.015009270049631596,66.62549189222864,False,llava_ov_0.5b,15000,1.0,196,rlt,0.5,23106,117600,0.1964795918367347,none,,,,,0.16666666666666666,281788416,2016203264,3054379008
261,1,0.01502315909601748,66.56389602271416,False,llava_ov_0.5b,15000,1.0,196,rlt,0.5,23106,117600,0.1964795918367347,none,,,,,0.16666666666666666,281788416,2016203264,3054379008
262,1,0.014888297067955136,67.16684893078555,False,llava_ov_0.5b,15000,1.0,196,rlt,0.5,23106,117600,0.1964795918367347,none,,,,,0.16666666666666666,281788416,2016203264,3054379008
263,1,0.014858737122267485,67.30047054277499,False,llava_ov_0.5b,15000,1.0,196,rlt,0.5,23106,117600,0.1964795918367347,none,,,,,0.16666666666666666,281788416,2016203264,3054379008
264,1,0.014912734972313046,67.0567807888089,False,llava_ov_0.5b,15000,1.0,196,rlt,0.5,23106,117600,0.1964795918367347,none,,,,,0.16666666666666666,281788416,2016203264,3054379008
265,1,0.06061152392067015,16.498512746665543,False,llava_ov_0.5b,15000,1.0,196,rlt,0.5,23106,117600,0.1964795918367347,none,,,,,0.16666666666666666,281788416,2016203264,3054379008
266,1,0.015017664059996605,66.58825207468558,False,llava_ov_0.5b,15000,1.0,196,rlt,0.5,23106,117600,0.1964795918367347,none,,,,,0.16666666666666666,281788416,2016203264,3054379008
267,1,0.015070303110405803,66.35566601905413,False,llava_ov_0.5b,15000,1.0,196,rlt,0.5,23106,117600,0.1964795918367347,none,,,,,0.16666666666666666,281788416,2016203264,3054379008
268,1,0.014891521073877811,67.15230734583355,False,llava_ov_0.5b,15000,1.0,196,rlt,0.5,23106,117600,0.1964795918367347,none,,,,,0.16666666666666666,281788416,2016203264,3054379008
269,1,0.014996669022366405,66.68147429996456,False,llava_ov_0.5b,15000,1.0,196,rlt,0.5,23106,117600,0.1964795918367347,none,,,,,0.16666666666666666,281788416,2016203264,3054379008
270,1,0.06032955599948764,16.575623397733818,False,llava_ov_0.5b,15000,1.0,196,rlt,0.5,23106,117600,0.1964795918367347,none,,,,,0.16666666666666666,281788416,2016203264,3054379008
271,1,0.015184547984972596,65.85642200147485,False,llava_ov_0.5b,15000,1.0,196,rlt,0.5,23106,117600,0.1964795918367347,none,,,,,0.16666666666666666,281788416,2016203264,3054379008
272,1,0.015256116166710854,65.54748201131424,False,llava_ov_0.5b,15000,1.0,196,rlt,0.5,23106,117600,0.1964795918367347,none,,,,,0.16666666666666666,281788416,2016203264,3054379008
273,1,0.015243927016854286,65.59989423292046,False,llava_ov_0.5b,15000,1.0,196,rlt,0.5,23106,117600,0.1964795918367347,none,,,,,0.16666666666666666,281788416,2016203264,3054379008
274,1,0.061495304107666016,16.261404256968945,False,llava_ov_0.5b,15000,1.0,196,rlt,0.5,23106,117600,0.1964795918367347,none,,,,,0.16666666666666666,281788416,2016203264,3054379008
275,1,0.015469364123418927,64.64389822501555,False,llava_ov_0.5b,15000,1.0,196,rlt,0.5,23106,117600,0.1964795918367347,none,,,,,0.16666666666666666,281788416,2016203264,3054379008
276,1,0.015335162170231342,65.20961362516287,False,llava_ov_0.5b,15000,1.0,196,rlt,0.5,23106,117600,0.1964795918367347,none,,,,,0.16666666666666666,281788416,2016203264,3054379008
277,1,0.015250835102051497,65.57017981693888,False,llava_ov_0.5b,15000,1.0,196,rlt,0.5,23106,117600,0.1964795918367347,none,,,,,0.16666666666666666,281788416,2016203264,3054379008
278,1,0.06171460309997201,16.20362037134212,False,llava_ov_0.5b,15000,1.0,196,rlt,0.5,23106,117600,0.1964795918367347,none,,,,,0.16666666666666666,281788416,2016203264,3054379008
279,1,0.015431985957548022,64.80047368828019,False,llava_ov_0.5b,15000,1.0,196,rlt,0.5,23106,117600,0.1964795918367347,none,,,,,0.16666666666666666,281788416,2016203264,3054379008
280,1,0.01536101009696722,65.09988559915298,False,llava_ov_0.5b,15000,1.0,196,rlt,0.5,23106,117600,0.1964795918367347,none,,,,,0.16666666666666666,281788416,2016203264,3054379008
281,1,0.01524119800888002,65.61164020160143,False,llava_ov_0.5b,15000,1.0,196,rlt,0.5,23106,117600,0.1964795918367347,none,,,,,0.16666666666666666,281788416,2016203264,3054379008
282,1,0.01524920086376369,65.57720689326587,False,llava_ov_0.5b,15000,1.0,196,rlt,0.5,23106,117600,0.1964795918367347,none,,,,,0.16666666666666666,281788416,2016203264,3054379008
283,1,0.01523270015604794,65.64824290872446,False,llava_ov_0.5b,15000,1.0,196,rlt,0.5,23106,117600,0.1964795918367347,none,,,,,0.16666666666666666,281788416,2016203264,3054379008
284,1,0.01527650118805468,65.46001520177545,False,llava_ov_0.5b,15000,1.0,196,rlt,0.5,23106,117600,0.1964795918367347,none,,,,,0.16666666666666666,281788416,2016203264,3054379008
285,1,0.015406900085508823,64.90598332240526,False,llava_ov_0.5b,15000,1.0,196,rlt,0.5,23106,117600,0.1964795918367347,none,,,,,0.16666666666666666,281788416,2016203264,3054379008
286,1,0.061826799996197224,16.174215713274936,False,llava_ov_0.5b,15000,1.0,196,rlt,0.5,23106,117600,0.1964795918367347,none,,,,,0.16666666666666666,281788416,2016203264,3054379008
287,1,0.01557084615342319,64.22258560304084,False,llava_ov_0.5b,15000,1.0,196,rlt,0.5,23106,117600,0.1964795918367347,none,,,,,0.16666666666666666,281788416,2016203264,3054379008
288,1,0.015370060922577977,65.06155083165882,False,llava_ov_0.5b,15000,1.0,196,rlt,0.5,23106,117600,0.1964795918367347,none,,,,,0.16666666666666666,281788416,2016203264,3054379008
289,1,0.015302733983844519,65.34780001114345,False,llava_ov_0.5b,15000,1.0,196,rlt,0.5,23106,117600,0.1964795918367347,none,,,,,0.16666666666666666,281788416,2016203264,3054379008
290,1,0.061852033948525786,16.167617071933567,False,llava_ov_0.5b,15000,1.0,196,rlt,0.5,23106,117600,0.1964795918367347,none,,,,,0.16666666666666666,281788416,2016203264,3054379008
291,1,0.015558529179543257,64.27342767816543,False,llava_ov_0.5b,15000,1.0,196,rlt,0.5,23106,117600,0.1964795918367347,none,,,,,0.16666666666666666,281788416,2016203264,3054379008
292,1,0.017660804092884064,56.62256343146474,False,llava_ov_0.5b,15000,1.0,196,rlt,0.5,23106,117600,0.1964795918367347,none,,,,,0.16666666666666666,281788416,2016203264,3054379008
293,1,0.06337051698938012,15.780208960068668,False,llava_ov_0.5b,15000,1.0,196,rlt,0.5,23106,117600,0.1964795918367347,none,,,,,0.16666666666666666,281788416,2016203264,3054379008
294,1,0.015567403053864837,64.23678994755232,False,llava_ov_0.5b,15000,1.0,196,rlt,0.5,23106,117600,0.1964795918367347,none,,,,,0.16666666666666666,281788416,2016203264,3054379008
295,1,0.015415478963404894,64.86986245279303,False,llava_ov_0.5b,15000,1.0,196,rlt,0.5,23106,117600,0.1964795918367347,none,,,,,0.16666666666666666,281788416,2016203264,3054379008
296,1,0.015291363000869751,65.39639402603427,False,llava_ov_0.5b,15000,1.0,196,rlt,0.5,23106,117600,0.1964795918367347,none,,,,,0.16666666666666666,281788416,2016203264,3054379008
297,1,0.062137336935848,16.093383613018737,False,llava_ov_0.5b,15000,1.0,196,rlt,0.5,23106,117600,0.1964795918367347,none,,,,,0.16666666666666666,281788416,2016203264,3054379008
298,1,0.015415966976433992,64.86780891063631,False,llava_ov_0.5b,15000,1.0,196,rlt,0.5,23106,117600,0.1964795918367347,none,,,,,0.16666666666666666,281788416,2016203264,3054379008
299,1,0.015339041128754616,65.19312332538158,False,llava_ov_0.5b,15000,1.0,196,rlt,0.5,23106,117600,0.1964795918367347,none,,,,,0.16666666666666666,281788416,2016203264,3054379008
300,1,0.015298668993636966,65.365163493368,False,llava_ov_0.5b,15000,1.0,196,rlt,0.5,23106,117600,0.1964795918367347,none,,,,,0.16666666666666666,281788416,2016203264,3054379008
301,1,0.01579360687173903,63.31675899755318,False,llava_ov_0.5b,15000,1.0,196,rlt,0.5,23106,117600,0.1964795918367347,none,,,,,0.16666666666666666,281788416,2016203264,3054379008
302,1,0.01605726103298366,62.27712172990603,False,llava_ov_0.5b,15000,1.0,196,rlt,0.5,23106,117600,0.1964795918367347,none,,,,,0.16666666666666666,281788416,2016203264,3054379008
303,1,0.06259042304009199,15.976885143585863,False,llava_ov_0.5b,15000,1.0,196,rlt,0.5,23106,117600,0.1964795918367347,none,,,,,0.16666666666666666,281788416,2016203264,3054379008
304,1,0.015534206060692668,64.37406560032525,False,llava_ov_0.5b,15000,1.0,196,rlt,0.5,23106,117600,0.1964795918367347,none,,,,,0.16666666666666666,281788416,2016203264,3054379008
305,1,0.015352410962805152,65.13634910000368,False,llava_ov_0.5b,15000,1.0,196,rlt,0.5,23106,117600,0.1964795918367347,none,,,,,0.16666666666666666,281788416,2016203264,3054379008
306,1,0.01530645601451397,65.33190955840952,False,llava_ov_0.5b,15000,1.0,196,rlt,0.5,23106,117600,0.1964795918367347,none,,,,,0.16666666666666666,281788416,2016203264,3054379008
307,1,0.015260184882208705,65.5300055483511,False,llava_ov_0.5b,15000,1.0,196,rlt,0.5,23106,117600,0.1964795918367347,none,,,,,0.16666666666666666,281788416,2016203264,3054379008
308,1,0.015282058855518699,65.4362091819112,False,llava_ov_0.5b,15000,1.0,196,rlt,0.5,23106,117600,0.1964795918367347,none,,,,,0.16666666666666666,281788416,2016203264,3054379008
309,1,0.062333698850125074,16.04268667586046,False,llava_ov_0.5b,15000,1.0,196,rlt,0.5,23106,117600,0.1964795918367347,none,,,,,0.16666666666666666,281788416,2016203264,3054379008
310,1,0.01559811388142407,64.11031536260988,False,llava_ov_0.5b,15000,1.0,196,rlt,0.5,23106,117600,0.1964795918367347,none,,,,,0.16666666666666666,281788416,2016203264,3054379008
311,1,0.015402060002088547,64.9263799689391,False,llava_ov_0.5b,15000,1.0,196,rlt,0.5,23106,117600,0.1964795918367347,none,,,,,0.16666666666666666,281788416,2016203264,3054379008
312,1,0.015300245955586433,65.35842645293421,False,llava_ov_0.5b,15000,1.0,196,rlt,0.5,23106,117600,0.1964795918367347,none,,,,,0.16666666666666666,281788416,2016203264,3054379008
313,1,0.015242826892063022,65.6046287923602,False,llava_ov_0.5b,15000,1.0,196,rlt,0.5,23106,117600,0.1964795918367347,none,,,,,0.16666666666666666,281788416,2016203264,3054379008
314,1,0.06074083689600229,16.463388571878827,False,llava_ov_0.5b,15000,1.0,196,rlt,0.5,23106,117600,0.1964795918367347,none,,,,,0.16666666666666666,281788416,2016203264,3054379008
315,1,0.01589339319616556,62.91922609963868,False,llava_ov_0.5b,15000,1.0,196,rlt,0.5,23106,117600,0.1964795918367347,none,,,,,0.16666666666666666,281788416,2016203264,3054379008
316,1,0.015075998147949576,66.33059981743271,False,llava_ov_0.5b,15000,1.0,196,rlt,0.5,23106,117600,0.1964795918367347,none,,,,,0.16666666666666666,281788416,2016203264,3054379008
317,1,0.01490687788464129,67.08312818677547,False,llava_ov_0.5b,15000,1.0,196,rlt,0.5,23106,117600,0.1964795918367347,none,,,,,0.16666666666666666,281788416,2016203264,3054379008
318,1,0.06069555087015033,16.475672197775427,False,llava_ov_0.5b,15000,1.0,196,rlt,0.5,23106,117600,0.1964795918367347,none,,,,,0.16666666666666666,281788416,2016203264,3054379008
319,1,0.014979918021708727,66.75603955581141,False,llava_ov_0.5b,15000,1.0,196,rlt,0.5,23106,117600,0.1964795918367347,none,,,,,0.16666666666666666,281788416,2016203264,3054379008
320,1,0.01498331781476736,66.74089226182022,False,llava_ov_0.5b,15000,1.0,196,rlt,0.5,23106,117600,0.1964795918367347,none,,,,,0.16666666666666666,281788416,2016203264,3054379008
321,1,0.014999868115410209,66.66725282555277,False,llava_ov_0.5b,15000,1.0,196,rlt,0.5,23106,117600,0.1964795918367347,none,,,,,0.16666666666666666,281788416,2016203264,3054379008
322,1,0.01490909606218338,67.0731475489302,False,llava_ov_0.5b,15000,1.0,196,rlt,0.5,23106,117600,0.1964795918367347,none,,,,,0.16666666666666666,281788416,2016203264,3054379008
323,1,0.06047686515375972,16.535248602214168,False,llava_ov_0.5b,15000,1.0,196,rlt,0.5,23106,117600,0.1964795918367347,none,,,,,0.16666666666666666,281788416,2016203264,3054379008
324,1,0.015168421203270555,65.92643931752,False,llava_ov_0.5b,15000,1.0,196,rlt,0.5,23106,117600,0.1964795918367347,none,,,,,0.16666666666666666,281788416,2016203264,3054379008
325,1,0.015424489043653011,64.83196929051519,False,llava_ov_0.5b,15000,1.0,196,rlt,0.5,23106,117600,0.1964795918367347,none,,,,,0.16666666666666666,281788416,2016203264,3054379008
326,1,0.015240393113344908,65.61510536918975,False,llava_ov_0.5b,15000,1.0,196,rlt,0.5,23106,117600,0.1964795918367347,none,,,,,0.16666666666666666,281788416,2016203264,3054379008
327,1,0.01515092491172254,66.00257118469924,False,llava_ov_0.5b,15000,1.0,196,rlt,0.5,23106,117600,0.1964795918367347,none,,,,,0.16666666666666666,281788416,2016203264,3054379008
328,1,0.05878025689162314,17.012514964739996,False,llava_ov_0.5b,15000,1.0,196,rlt,0.5,23106,117600,0.1964795918367347,none,,,,,0.16666666666666666,281788416,2016203264,3054379008
329,1,0.014867973048239946,67.25866375701958,False,llava_ov_0.5b,15000,1.0,196,rlt,0.5,23106,117600,0.1964795918367347,none,,,,,0.16666666666666666,281788416,2016203264,3054379008
330,1,0.014713553944602609,67.96454505587559,False,llava_ov_0.5b,15000,1.0,196,rlt,0.5,23106,117600,0.1964795918367347,none,,,,,0.16666666666666666,281788416,2016203264,3054379008
331,1,0.01469167205505073,68.06577197291973,False,llava_ov_0.5b,15000,1.0,196,rlt,0.5,23106,117600,0.1964795918367347,none,,,,,0.16666666666666666,281788416,2016203264,3054379008
332,1,0.014772439142689109,67.6936280015004,False,llava_ov_0.5b,15000,1.0,196,rlt,0.5,23106,117600,0.1964795918367347,none,,,,,0.16666666666666666,281788416,2016203264,3054379008
333,1,0.05904951109550893,16.934941228938573,False,llava_ov_0.5b,15000,1.0,196,rlt,0.5,23106,117600,0.1964795918367347,none,,,,,0.16666666666666666,281788416,2016203264,3054379008
334,1,0.014785581035539508,67.63345976031243,False,llava_ov_0.5b,15000,1.0,196,rlt,0.5,23106,117600,0.1964795918367347,none,,,,,0.16666666666666666,281788416,2016203264,3054379008
335,1,0.015066172927618027,66.37385650651102,False,llava_ov_0.5b,15000,1.0,196,rlt,0.5,23106,117600,0.1964795918367347,none,,,,,0.16666666666666666,281788416,2016203264,3054379008
336,1,0.015047230990603566,66.45741004603855,False,llava_ov_0.5b,15000,1.0,196,rlt,0.5,23106,117600,0.1964795918367347,none,,,,,0.16666666666666666,281788416,2016203264,3054379008
337,1,0.014861322939395905,67.28876050119996,False,llava_ov_0.5b,15000,1.0,196,rlt,0.5,23106,117600,0.1964795918367347,none,,,,,0.16666666666666666,281788416,2016203264,3054379008
338,1,0.015024969121441245,66.55587721461332,False,llava_ov_0.5b,15000,1.0,196,rlt,0.5,23106,117600,0.1964795918367347,none,,,,,0.16666666666666666,281788416,2016203264,3054379008
339,1,0.014980342937633395,66.75414602744607,False,llava_ov_0.5b,15000,1.0,196,rlt,0.5,23106,117600,0.1964795918367347,none,,,,,0.16666666666666666,281788416,2016203264,3054379008
340,1,0.06073773303069174,16.464229896342758,False,llava_ov_0.5b,15000,1.0,196,rlt,0.5,23106,117600,0.1964795918367347,none,,,,,0.16666666666666666,281788416,2016203264,3054379008
341,1,0.014971995959058404,66.7913618688213,False,llava_ov_0.5b,15000,1.0,196,rlt,0.5,23106,117600,0.1964795918367347,none,,,,,0.16666666666666666,281788416,2016203264,3054379008
342,1,0.014892976032570004,67.14574694896861,False,llava_ov_0.5b,15000,1.0,196,rlt,0.5,23106,117600,0.1964795918367347,none,,,,,0.16666666666666666,281788416,2016203264,3054379008
343,1,0.01481341803446412,67.50636468055195,False,llava_ov_0.5b,15000,1.0,196,rlt,0.5,23106,117600,0.1964795918367347,none,,,,,0.16666666666666666,281788416,2016203264,3054379008
344,1,0.014796200906857848,67.58491631027482,False,llava_ov_0.5b,15000,1.0,196,rlt,0.5,23106,117600,0.1964795918367347,none,,,,,0.16666666666666666,281788416,2016203264,3054379008
345,1,0.014865689910948277,67.2689936350361,False,llava_ov_0.5b,15000,1.0,196,rlt,0.5,23106,117600,0.1964795918367347,none,,,,,0.16666666666666666,281788416,2016203264,3054379008
346,1,0.060564849991351366,16.511227224087893,False,llava_ov_0.5b,15000,1.0,196,rlt,0.5,23106,117600,0.1964795918367347,none,,,,,0.16666666666666666,281788416,2016203264,3054379008
347,1,0.015065436018630862,66.3771031096171,False,llava_ov_0.5b,15000,1.0,196,rlt,0.5,23106,117600,0.1964795918367347,none,,,,,0.16666666666666666,281788416,2016203264,3054379008
348,1,0.014872685074806213,67.2373545846112,False,llava_ov_0.5b,15000,1.0,196,rlt,0.5,23106,117600,0.1964795918367347,none,,,,,0.16666666666666666,281788416,2016203264,3054379008
349,1,0.014830248896032572,67.4297516522142,False,llava_ov_0.5b,15000,1.0,196,rlt,0.5,23106,117600,0.1964795918367347,none,,,,,0.16666666666666666,281788416,2016203264,3054379008
350,1,0.014768918976187706,67.70976275327428,False,llava_ov_0.5b,15000,1.0,196,rlt,0.5,23106,117600,0.1964795918367347,none,,,,,0.16666666666666666,281788416,2016203264,3054379008
351,1,0.06093962606973946,16.409683887058932,False,llava_ov_0.5b,15000,1.0,196,rlt,0.5,23106,117600,0.1964795918367347,none,,,,,0.16666666666666666,281788416,2016203264,3054379008
352,1,0.015049180947244167,66.44879900810295,False,llava_ov_0.5b,15000,1.0,196,rlt,0.5,23106,117600,0.1964795918367347,none,,,,,0.16666666666666666,281788416,2016203264,3054379008
353,1,0.01490623108111322,67.08603902344163,False,llava_ov_0.5b,15000,1.0,196,rlt,0.5,23106,117600,0.1964795918367347,none,,,,,0.16666666666666666,281788416,2016203264,3054379008
354,1,0.014798118034377694,67.57616054128555,False,llava_ov_0.5b,15000,1.0,196,rlt,0.5,23106,117600,0.1964795918367347,none,,,,,0.16666666666666666,281788416,2016203264,3054379008
355,1,0.014777488075196743,67.67049954034128,False,llava_ov_0.5b,15000,1.0,196,rlt,0.5,23106,117600,0.1964795918367347,none,,,,,0.16666666666666666,281788416,2016203264,3054379008
356,1,0.06044273404404521,16.544585810285984,False,llava_ov_0.5b,15000,1.0,196,rlt,0.5,23106,117600,0.1964795918367347,none,,,,,0.16666666666666666,281788416,2016203264,3054379008
357,1,0.015458260895684361,64.69033009264193,False,llava_ov_0.5b,15000,1.0,196,rlt,0.5,23106,117600,0.1964795918367347,none,,,,,0.16666666666666666,281788416,2016203264,3054379008
358,1,0.01491840509697795,67.03129412959646,False,llava_ov_0.5b,15000,1.0,196,rlt,0.5,23106,117600,0.1964795918367347,none,,,,,0.16666666666666666,281788416,2016203264,3054379008
359,1,0.014824570156633854,67.45558147279633,False,llava_ov_0.5b,15000,1.0,196,rlt,0.5,23106,117600,0.1964795918367347,none,,,,,0.16666666666666666,281788416,2016203264,3054379008
360,1,0.014768599066883326,67.71122944507111,False,llava_ov_0.5b,15000,1.0,196,rlt,0.5,23106,117600,0.1964795918367347,none,,,,,0.16666666666666666,281788416,2016203264,3054379008
361,1,0.06063938117586076,16.490933459559752,False,llava_ov_0.5b,15000,1.0,196,rlt,0.5,23106,117600,0.1964795918367347,none,,,,,0.16666666666666666,281788416,2016203264,3054379008
362,1,0.015009605092927814,66.62400468291983,False,llava_ov_0.5b,15000,1.0,196,rlt,0.5,23106,117600,0.1964795918367347,none,,,,,0.16666666666666666,281788416,2016203264,3054379008
363,1,0.01487624691799283,67.22125583909873,False,llava_ov_0.5b,15000,1.0,196,rlt,0.5,23106,117600,0.1964795918367347,none,,,,,0.16666666666666666,281788416,2016203264,3054379008
364,1,0.060277198906987906,16.590021071534405,False,llava_ov_0.5b,15000,1.0,196,rlt,0.5,23106,117600,0.1964795918367347,none,,,,,0.16666666666666666,281788416,2016203264,3054379008
365,1,0.014991337899118662,66.70518713735282,False,llava_ov_0.5b,15000,1.0,196,rlt,0.5,23106,117600,0.1964795918367347,none,,,,,0.16666666666666666,281788416,2016203264,3054379008
366,1,0.01489210082218051,67.14969311183991,False,llava_ov_0.5b,15000,1.0,196,rlt,0.5,23106,117600,0.1964795918367347,none,,,,,0.16666666666666666,281788416,2016203264,3054379008
367,1,0.014832829823717475,67.41801880589333,False,llava_ov_0.5b,15000,1.0,196,rlt,0.5,23106,117600,0.1964795918367347,none,,,,,0.16666666666666666,281788416,2016203264,3054379008
368,1,0.015021269908174872,66.57226759874544,False,llava_ov_0.5b,15000,1.0,196,rlt,0.5,23106,117600,0.1964795918367347,none,,,,,0.16666666666666666,281788416,2016203264,3054379008
369,1,0.014769015135243535,67.70932190418603,False,llava_ov_0.5b,15000,1.0,196,rlt,0.5,23106,117600,0.1964795918367347,none,,,,,0.16666666666666666,281788416,2016203264,3054379008
370,1,0.060603145975619555,16.50079354630033,False,llava_ov_0.5b,15000,1.0,196,rlt,0.5,23106,117600,0.1964795918367347,none,,,,,0.16666666666666666,281788416,2016203264,3054379008
371,1,0.015081205870956182,66.30769505811392,False,llava_ov_0.5b,15000,1.0,196,rlt,0.5,23106,117600,0.1964795918367347,none,,,,,0.16666666666666666,281788416,2016203264,3054379008
372,1,0.014910684898495674,67.06600044246721,False,llava_ov_0.5b,15000,1.0,196,rlt,0.5,23106,117600,0.1964795918367347,none,,,,,0.16666666666666666,281788416,2016203264,3054379008
373,1,0.014877405017614365,67.21602314489876,False,llava_ov_0.5b,15000,1.0,196,rlt,0.5,23106,117600,0.1964795918367347,none,,,,,0.16666666666666666,281788416,2016203264,3054379008
374,1,0.014792991103604436,67.59958097698996,False,llava_ov_0.5b,15000,1.0,196,rlt,0.5,23106,117600,0.1964795918367347,none,,,,,0.16666666666666666,281788416,2016203264,3054379008
375,1,0.06140080303885043,16.28643194401326,False,llava_ov_0.5b,15000,1.0,196,rlt,0.5,23106,117600,0.1964795918367347,none,,,,,0.16666666666666666,281788416,2016203264,3054379008
376,1,0.015381213976070285,65.01437412910161,False,llava_ov_0.5b,15000,1.0,196,rlt,0.5,23106,117600,0.1964795918367347,none,,,,,0.16666666666666666,281788416,2016203264,3054379008
377,1,0.015039019985124469,66.49369446873061,False,llava_ov_0.5b,15000,1.0,196,rlt,0.5,23106,117600,0.1964795918367347,none,,,,,0.16666666666666666,281788416,2016203264,3054379008
378,1,0.014798131072893739,67.5761010004659,False,llava_ov_0.5b,15000,1.0,196,rlt,0.5,23106,117600,0.1964795918367347,none,,,,,0.16666666666666666,281788416,2016203264,3054379008
379,1,0.01486744498834014,67.26105264114005,False,llava_ov_0.5b,15000,1.0,196,rlt,0.5,23106,117600,0.1964795918367347,none,,,,,0.16666666666666666,281788416,2016203264,3054379008
380,1,0.01484609697945416,67.35777096053744,False,llava_ov_0.5b,15000,1.0,196,rlt,0.5,23106,117600,0.1964795918367347,none,,,,,0.16666666666666666,281788416,2016203264,3054379008
381,1,0.5638484240043908,1.773526283709561,True,llava_ov_0.5b,15000,1.0,196,rlt,0.5,23106,117600,0.1964795918367347,none,,,,,0.16666666666666666,281788416,2016203264,3054379008
382,1,0.01703673484735191,58.69669329011329,True,llava_ov_0.5b,15000,1.0,196,rlt,0.5,23106,117600,0.1964795918367347,none,,,,,0.16666666666666666,281788416,2016203264,3054379008
383,1,0.015321571845561266,65.26745493738,True,llava_ov_0.5b,15000,1.0,196,rlt,0.5,23106,117600,0.1964795918367347,none,,,,,0.16666666666666666,281788416,2016203264,3054379008
384,1,0.015056377975270152,66.41703613196236,True,llava_ov_0.5b,15000,1.0,196,rlt,0.5,23106,117600,0.1964795918367347,none,,,,,0.16666666666666666,281788416,2016203264,3054379008
385,1,0.014916702872142196,67.03894342948654,True,llava_ov_0.5b,15000,1.0,196,rlt,0.5,23106,117600,0.1964795918367347,none,,,,,0.16666666666666666,281788416,2016203264,3054379008
386,1,0.01488444209098816,67.18424472257874,True,llava_ov_0.5b,15000,1.0,196,rlt,0.5,23106,117600,0.1964795918367347,none,,,,,0.16666666666666666,281788416,2016203264,3054379008
387,1,0.07253034599125385,13.787332547959801,True,llava_ov_0.5b,15000,1.0,196,rlt,0.5,23106,117600,0.1964795918367347,none,,,,,0.16666666666666666,281788416,2016203264,3054379008
388,1,0.015983338002115488,62.5651537787441,True,llava_ov_0.5b,15000,1.0,196,rlt,0.5,23106,117600,0.1964795918367347,none,,,,,0.16666666666666666,281788416,2016203264,3054379008
389,1,0.015391469933092594,64.97105243014765,True,llava_ov_0.5b,15000,1.0,196,rlt,0.5,23106,117600,0.1964795918367347,none,,,,,0.16666666666666666,281788416,2016203264,3054379008
390,1,0.014962364919483662,66.8343544206586,True,llava_ov_0.5b,15000,1.0,196,rlt,0.5,23106,117600,0.1964795918367347,none,,,,,0.16666666666666666,281788416,2016203264,3054379008
391,1,0.01492657302878797,66.99461410675853,True,llava_ov_0.5b,15000,1.0,196,rlt,0.5,23106,117600,0.1964795918367347,none,,,,,0.16666666666666666,281788416,2016203264,3054379008
392,1,0.06926477118395269,14.437353692315101,True,llava_ov_0.5b,15000,1.0,196,rlt,0.5,23106,117600,0.1964795918367347,none,,,,,0.16666666666666666,281788416,2016203264,3054379008
393,1,0.015358556993305683,65.110283500974,True,llava_ov_0.5b,15000,1.0,196,rlt,0.5,23106,117600,0.1964795918367347,none,,,,,0.16666666666666666,281788416,2016203264,3054379008
394,1,0.015221123117953539,65.69817432331818,True,llava_ov_0.5b,15000,1.0,196,rlt,0.5,23106,117600,0.1964795918367347,none,,,,,0.16666666666666666,281788416,2016203264,3054379008
395,1,0.07369413087144494,13.569601651784739,True,llava_ov_0.5b,15000,1.0,196,rlt,0.5,23106,117600,0.1964795918367347,none,,,,,0.16666666666666666,281788416,2016203264,3054379008
396,1,0.01579066296108067,63.32856337094302,True,llava_ov_0.5b,15000,1.0,196,rlt,0.5,23106,117600,0.1964795918367347,none,,,,,0.16666666666666666,281788416,2016203264,3054379008
397,1,0.015409324085339904,64.89577313461648,True,llava_ov_0.5b,15000,1.0,196,rlt,0.5,23106,117600,0.1964795918367347,none,,,,,0.16666666666666666,281788416,2016203264,3054379008
398,1,0.015147730940952897,66.01648813925216,True,llava_ov_0.5b,15000,1.0,196,rlt,0.5,23106,117600,0.1964795918367347,none,,,,,0.16666666666666666,281788416,2016203264,3054379008
399,1,0.06914679985493422,14.46198525597626,True,llava_ov_0.5b,15000,1.0,196,rlt,0.5,23106,117600,0.1964795918367347,none,,,,,0.16666666666666666,281788416,2016203264,3054379008
400,1,0.015365242958068848,65.08195169636831,True,llava_ov_0.5b,15000,1.0,196,rlt,0.5,23106,117600,0.1964795918367347,none,,,,,0.16666666666666666,281788416,2016203264,3054379008
401,1,0.015080033103004098,66.31285178019866,True,llava_ov_0.5b,15000,1.0,196,rlt,0.5,23106,117600,0.1964795918367347,none,,,,,0.16666666666666666,281788416,2016203264,3054379008
402,1,0.014960800996050239,66.84134093248132,True,llava_ov_0.5b,15000,1.0,196,rlt,0.5,23106,117600,0.1964795918367347,none,,,,,0.16666666666666666,281788416,2016203264,3054379008
403,1,0.014975599944591522,66.77528804855345,True,llava_ov_0.5b,15000,1.0,196,rlt,0.5,23106,117600,0.1964795918367347,none,,,,,0.16666666666666666,281788416,2016203264,3054379008
404,1,0.07066246913746,14.151783998018749,True,llava_ov_0.5b,15000,1.0,196,rlt,0.5,23106,117600,0.1964795918367347,none,,,,,0.16666666666666666,281788416,2016203264,3054379008
405,1,0.01587454415857792,62.99393481857198,True,llava_ov_0.5b,15000,1.0,196,rlt,0.5,23106,117600,0.1964795918367347,none,,,,,0.16666666666666666,281788416,2016203264,3054379008
406,1,0.015187928918749094,65.8417619248617,True,llava_ov_0.5b,15000,1.0,196,rlt,0.5,23106,117600,0.1964795918367347,none,,,,,0.16666666666666666,281788416,2016203264,3054379008
407,1,0.014927068026736379,66.99239249187222,True,llava_ov_0.5b,15000,1.0,196,rlt,0.5,23106,117600,0.1964795918367347,none,,,,,0.16666666666666666,281788416,2016203264,3054379008
408,1,0.0686041098088026,14.57638620757513,True,llava_ov_0.5b,15000,1.0,196,rlt,0.5,23106,117600,0.1964795918367347,none,,,,,0.16666666666666666,281788416,2016203264,3054379008
409,1,0.015416669892147183,64.86485129381747,True,llava_ov_0.5b,15000,1.0,196,rlt,0.5,23106,117600,0.1964795918367347,none,,,,,0.16666666666666666,281788416,2016203264,3054379008
410,1,0.01498000486753881,66.75565254100604,True,llava_ov_0.5b,15000,1.0,196,rlt,0.5,23106,117600,0.1964795918367347,none,,,,,0.16666666666666666,281788416,2016203264,3054379008
411,1,0.014828572981059551,67.4373725157029,True,llava_ov_0.5b,15000,1.0,196,rlt,0.5,23106,117600,0.1964795918367347,none,,,,,0.16666666666666666,281788416,2016203264,3054379008
412,1,0.01477165287360549,67.69723121417476,True,llava_ov_0.5b,15000,1.0,196,rlt,0.5,23106,117600,0.1964795918367347,none,,,,,0.16666666666666666,281788416,2016203264,3054379008
413,1,0.01474974094890058,67.79780088778699,True,llava_ov_0.5b,15000,1.0,196,rlt,0.5,23106,117600,0.1964795918367347,none,,,,,0.16666666666666666,281788416,2016203264,3054379008
414,1,0.014701842097565532,68.01868727494967,True,llava_ov_0.5b,15000,1.0,196,rlt,0.5,23106,117600,0.1964795918367347,none,,,,,0.16666666666666666,281788416,2016203264,3054379008
415,1,0.014855703106150031,67.31421548038446,True,llava_ov_0.5b,15000,1.0,196,rlt,0.5,23106,117600,0.1964795918367347,none,,,,,0.16666666666666666,281788416,2016203264,3054379008
416,1,0.06873597390949726,14.548422654441065,True,llava_ov_0.5b,15000,1.0,196,rlt,0.5,23106,117600,0.1964795918367347,none,,,,,0.16666666666666666,281788416,2016203264,3054379008
417,1,0.015451534185558558,64.71849254520166,True,llava_ov_0.5b,15000,1.0,196,rlt,0.5,23106,117600,0.1964795918367347,none,,,,,0.16666666666666666,281788416,2016203264,3054379008
418,1,0.014873027103021741,67.23580835785815,True,llava_ov_0.5b,15000,1.0,196,rlt,0.5,23106,117600,0.1964795918367347,none,,,,,0.16666666666666666,281788416,2016203264,3054379008
419,1,0.014975834870710969,66.77424054372774,True,llava_ov_0.5b,15000,1.0,196,rlt,0.5,23106,117600,0.1964795918367347,none,,,,,0.16666666666666666,281788416,2016203264,3054379008
420,1,0.07121102791279554,14.042768786101389,True,llava_ov_0.5b,15000,1.0,196,rlt,0.5,23106,117600,0.1964795918367347,none,,,,,0.16666666666666666,281788416,2016203264,3054379008
421,1,0.016275539994239807,61.44189380837239,True,llava_ov_0.5b,15000,1.0,196,rlt,0.5,23106,117600,0.1964795918367347,none,,,,,0.16666666666666666,281788416,2016203264,3054379008
422,1,0.0157670509070158,63.423401490701984,True,llava_ov_0.5b,15000,1.0,196,rlt,0.5,23106,117600,0.1964795918367347,none,,,,,0.16666666666666666,281788416,2016203264,3054379008
423,1,0.01493570301681757,66.95366122866812,True,llava_ov_0.5b,15000,1.0,196,rlt,0.5,23106,117600,0.1964795918367347,none,,,,,0.16666666666666666,281788416,2016203264,3054379008
424,1,0.014970807125791907,66.79666577743738,True,llava_ov_0.5b,15000,1.0,196,rlt,0.5,23106,117600,0.1964795918367347,none,,,,,0.16666666666666666,281788416,2016203264,3054379008
425,1,0.07122201193124056,14.040603078798505,True,llava_ov_0.5b,15000,1.0,196,rlt,0.5,23106,117600,0.1964795918367347,none,,,,,0.16666666666666666,281788416,2016203264,3054379008
426,1,0.016137012979015708,61.9693372807212,True,llava_ov_0.5b,15000,1.0,196,rlt,0.5,23106,117600,0.1964795918367347,none,,,,,0.16666666666666666,281788416,2016203264,3054379008
427,1,0.016107134986668825,62.08428754261118,True,llava_ov_0.5b,15000,1.0,196,rlt,0.5,23106,117600,0.1964795918367347,none,,,,,0.16666666666666666,281788416,2016203264,3054379008
428,1,0.015862897038459778,63.040187273200374,True,llava_ov_0.5b,15000,1.0,196,rlt,0.5,23106,117600,0.1964795918367347,none,,,,,0.16666666666666666,281788416,2016203264,3054379008
429,1,0.01578276907093823,63.36023770640861,True,llava_ov_0.5b,15000,1.0,196,rlt,0.5,23106,117600,0.1964795918367347,none,,,,,0.16666666666666666,281788416,2016203264,3054379008
430,1,0.015078922035172582,66.31773794356347,True,llava_ov_0.5b,15000,1.0,196,rlt,0.5,23106,117600,0.1964795918367347,none,,,,,0.16666666666666666,281788416,2016203264,3054379008
431,1,0.07129657291807234,14.025919606950964,True,llava_ov_0.5b,15000,1.0,196,rlt,0.5,23106,117600,0.1964795918367347,none,,,,,0.16666666666666666,281788416,2016203264,3054379008
432,1,0.0160110869910568,62.45672143050393,True,llava_ov_0.5b,15000,1.0,196,rlt,0.5,23106,117600,0.1964795918367347,none,,,,,0.16666666666666666,281788416,2016203264,3054379008
433,1,0.01579378405585885,63.31604867226488,True,llava_ov_0.5b,15000,1.0,196,rlt,0.5,23106,117600,0.1964795918367347,none,,,,,0.16666666666666666,281788416,2016203264,3054379008
434,1,0.015675919130444527,63.79211270986205,True,llava_ov_0.5b,15000,1.0,196,rlt,0.5,23106,117600,0.1964795918367347,none,,,,,0.16666666666666666,281788416,2016203264,3054379008
435,1,0.015042003011330962,66.48050789823083,True,llava_ov_0.5b,15000,1.0,196,rlt,0.5,23106,117600,0.1964795918367347,none,,,,,0.16666666666666666,281788416,2016203264,3054379008
436,1,0.07099372707307339,14.085751533663057,True,llava_ov_0.5b,15000,1.0,196,rlt,0.5,23106,117600,0.1964795918367347,none,,,,,0.16666666666666666,281788416,2016203264,3054379008
437,1,0.015765178948640823,63.43093238952507,True,llava_ov_0.5b,15000,1.0,196,rlt,0.5,23106,117600,0.1964795918367347,none,,,,,0.16666666666666666,281788416,2016203264,3054379008
438,1,0.015201263828203082,65.78400396845217,True,llava_ov_0.5b,15000,1.0,196,rlt,0.5,23106,117600,0.1964795918367347,none,,,,,0.16666666666666666,281788416,2016203264,3054379008
439,1,0.014942283974960446,66.9241731502193,True,llava_ov_0.5b,15000,1.0,196,rlt,0.5,23106,117600,0.1964795918367347,none,,,,,0.16666666666666666,281788416,2016203264,3054379008
440,1,0.014864440076053143,67.27464976033752,True,llava_ov_0.5b,15000,1.0,196,rlt,0.5,23106,117600,0.1964795918367347,none,,,,,0.16666666666666666,281788416,2016203264,3054379008
441,1,0.0662130278069526,15.10276803706289,True,llava_ov_0.5b,15000,1.0,196,rlt,0.5,23106,117600,0.1964795918367347,none,,,,,0.16666666666666666,281788416,2016203264,3054379008
442,1,0.015141232870519161,66.04482003226148,True,llava_ov_0.5b,15000,1.0,196,rlt,0.5,23106,117600,0.1964795918367347,none,,,,,0.16666666666666666,281788416,2016203264,3054379008
443,1,0.014872546074911952,67.2379829898036,True,llava_ov_0.5b,15000,1.0,196,rlt,0.5,23106,117600,0.1964795918367347,none,,,,,0.16666666666666666,281788416,2016203264,3054379008
444,1,0.06788735184818506,14.730284401669948,True,llava_ov_0.5b,15000,1.0,196,rlt,0.5,23106,117600,0.1964795918367347,none,,,,,0.16666666666666666,281788416,2016203264,3054379008
445,1,0.01516103115864098,65.95857429064469,True,llava_ov_0.5b,15000,1.0,196,rlt,0.5,23106,117600,0.1964795918367347,none,,,,,0.16666666666666666,281788416,2016203264,3054379008
446,1,0.014867215882986784,67.26208914100349,True,llava_ov_0.5b,15000,1.0,196,rlt,0.5,23106,117600,0.1964795918367347,none,,,,,0.16666666666666666,281788416,2016203264,3054379008
447,1,0.014709726208820939,67.98223065500247,True,llava_ov_0.5b,15000,1.0,196,rlt,0.5,23106,117600,0.1964795918367347,none,,,,,0.16666666666666666,281788416,2016203264,3054379008
448,1,0.014941442990675569,66.92794000044474,True,llava_ov_0.5b,15000,1.0,196,rlt,0.5,23106,117600,0.1964795918367347,none,,,,,0.16666666666666666,281788416,2016203264,3054379008
449,1,0.015105270082131028,66.20206024538169,True,llava_ov_0.5b,15000,1.0,196,rlt,0.5,23106,117600,0.1964795918367347,none,,,,,0.16666666666666666,281788416,2016203264,3054379008
450,1,0.06667245388962328,14.998697987860279,True,llava_ov_0.5b,15000,1.0,196,rlt,0.5,23106,117600,0.1964795918367347,none,,,,,0.16666666666666666,281788416,2016203264,3054379008
451,1,0.015021291794255376,66.5721706026929,True,llava_ov_0.5b,15000,1.0,196,rlt,0.5,23106,117600,0.1964795918367347,none,,,,,0.16666666666666666,281788416,2016203264,3054379008
452,1,0.01482270983979106,67.4640474520748,True,llava_ov_0.5b,15000,1.0,196,rlt,0.5,23106,117600,0.1964795918367347,none,,,,,0.16666666666666666,281788416,2016203264,3054379008
453,1,0.01475368719547987,67.77966665216901,True,llava_ov_0.5b,15000,1.0,196,rlt,0.5,23106,117600,0.1964795918367347,none,,,,,0.16666666666666666,281788416,2016203264,3054379008
454,1,0.07034580712206662,14.215488327040777,True,llava_ov_0.5b,15000,1.0,196,rlt,0.5,23106,117600,0.1964795918367347,none,,,,,0.16666666666666666,281788416,2016203264,3054379008
455,1,0.015750591875985265,63.48967758631901,True,llava_ov_0.5b,15000,1.0,196,rlt,0.5,23106,117600,0.1964795918367347,none,,,,,0.16666666666666666,281788416,2016203264,3054379008
456,1,0.015139032853767276,66.0544177200299,True,llava_ov_0.5b,15000,1.0,196,rlt,0.5,23106,117600,0.1964795918367347,none,,,,,0.16666666666666666,281788416,2016203264,3054379008
457,1,0.01499802595935762,66.67544133540298,True,llava_ov_0.5b,15000,1.0,196,rlt,0.5,23106,117600,0.1964795918367347,none,,,,,0.16666666666666666,281788416,2016203264,3054379008
458,1,0.014853723114356399,67.32318842226711,True,llava_ov_0.5b,15000,1.0,196,rlt,0.5,23106,117600,0.1964795918367347,none,,,,,0.16666666666666666,281788416,2016203264,3054379008
459,1,0.0687296180985868,14.549768028182333,True,llava_ov_0.5b,15000,1.0,196,rlt,0.5,23106,117600,0.1964795918367347,none,,,,,0.16666666666666666,281788416,2016203264,3054379008
460,1,0.015317352954298258,65.2854316919939,True,llava_ov_0.5b,15000,1.0,196,rlt,0.5,23106,117600,0.1964795918367347,none,,,,,0.16666666666666666,281788416,2016203264,3054379008
461,1,0.015109186992049217,66.18489800452015,True,llava_ov_0.5b,15000,1.0,196,rlt,0.5,23106,117600,0.1964795918367347,none,,,,,0.16666666666666666,281788416,2016203264,3054379008
462,1,0.014919416978955269,67.02674785553349,True,llava_ov_0.5b,15000,1.0,196,rlt,0.5,23106,117600,0.1964795918367347,none,,,,,0.16666666666666666,281788416,2016203264,3054379008
463,1,0.014903494855388999,67.09835576843957,True,llava_ov_0.5b,15000,1.0,196,rlt,0.5,23106,117600,0.1964795918367347,none,,,,,0.16666666666666666,281788416,2016203264,3054379008
464,1,0.014877035049721599,67.21769469910024,True,llava_ov_0.5b,15000,1.0,196,rlt,0.5,23106,117600,0.1964795918367347,none,,,,,0.16666666666666666,281788416,2016203264,3054379008
465,1,0.07065047486685216,14.154186534267453,True,llava_ov_0.5b,15000,1.0,196,rlt,0.5,23106,117600,0.1964795918367347,none,,,,,0.16666666666666666,281788416,2016203264,3054379008
466,1,0.015772362938150764,63.40204089402253,True,llava_ov_0.5b,15000,1.0,196,rlt,0.5,23106,117600,0.1964795918367347,none,,,,,0.16666666666666666,281788416,2016203264,3054379008
467,1,0.01510281814262271,66.21280813663715,True,llava_ov_0.5b,15000,1.0,196,rlt,0.5,23106,117600,0.1964795918367347,none,,,,,0.16666666666666666,281788416,2016203264,3054379008
468,1,0.014974492834880948,66.78022494829624,True,llava_ov_0.5b,15000,1.0,196,rlt,0.5,23106,117600,0.1964795918367347,none,,,,,0.16666666666666666,281788416,2016203264,3054379008
469,1,0.07156672817654908,13.972973551803072,True,llava_ov_0.5b,15000,1.0,196,rlt,0.5,23106,117600,0.1964795918367347,none,,,,,0.16666666666666666,281788416,2016203264,3054379008
470,1,0.01558581693097949,64.160897335598,True,llava_ov_0.5b,15000,1.0,196,rlt,0.5,23106,117600,0.1964795918367347,none,,,,,0.16666666666666666,281788416,2016203264,3054379008
471,1,0.015142942080274224,66.03736544054,True,llava_ov_0.5b,15000,1.0,196,rlt,0.5,23106,117600,0.1964795918367347,none,,,,,0.16666666666666666,281788416,2016203264,3054379008
472,1,0.014903682982549071,67.09750879503501,True,llava_ov_0.5b,15000,1.0,196,rlt,0.5,23106,117600,0.1964795918367347,none,,,,,0.16666666666666666,281788416,2016203264,3054379008
473,1,0.014849622966721654,67.34177711050462,True,llava_ov_0.5b,15000,1.0,196,rlt,0.5,23106,117600,0.1964795918367347,none,,,,,0.16666666666666666,281788416,2016203264,3054379008
474,1,0.014980389038100839,66.75394059904711,True,llava_ov_0.5b,15000,1.0,196,rlt,0.5,23106,117600,0.1964795918367347,none,,,,,0.16666666666666666,281788416,2016203264,3054379008
475,1,0.07070384593680501,14.143502192140984,True,llava_ov_0.5b,15000,1.0,196,rlt,0.5,23106,117600,0.1964795918367347,none,,,,,0.16666666666666666,281788416,2016203264,3054379008
476,1,0.015564935049042106,64.24697545149999,True,llava_ov_0.5b,15000,1.0,196,rlt,0.5,23106,117600,0.1964795918367347,none,,,,,0.16666666666666666,281788416,2016203264,3054379008
477,1,0.015067914966493845,66.36618286097816,True,llava_ov_0.5b,15000,1.0,196,rlt,0.5,23106,117600,0.1964795918367347,none,,,,,0.16666666666666666,281788416,2016203264,3054379008
478,1,0.014959821943193674,66.84571539669787,True,llava_ov_0.5b,15000,1.0,196,rlt,0.5,23106,117600,0.1964795918367347,none,,,,,0.16666666666666666,281788416,2016203264,3054379008
479,1,0.01506677083671093,66.37122252921314,True,llava_ov_0.5b,15000,1.0,196,rlt,0.5,23106,117600,0.1964795918367347,none,,,,,0.16666666666666666,281788416,2016203264,3054379008
480,1,0.01487336098216474,67.23429903968183,True,llava_ov_0.5b,15000,1.0,196,rlt,0.5,23106,117600,0.1964795918367347,none,,,,,0.16666666666666666,281788416,2016203264,3054379008
481,1,0.06896669301204383,14.499752798432244,True,llava_ov_0.5b,15000,1.0,196,rlt,0.5,23106,117600,0.1964795918367347,none,,,,,0.16666666666666666,281788416,2016203264,3054379008
482,1,0.01541634718887508,64.86620907977678,True,llava_ov_0.5b,15000,1.0,196,rlt,0.5,23106,117600,0.1964795918367347,none,,,,,0.16666666666666666,281788416,2016203264,3054379008
483,1,0.015123659977689385,66.12156061926892,True,llava_ov_0.5b,15000,1.0,196,rlt,0.5,23106,117600,0.1964795918367347,none,,,,,0.16666666666666666,281788416,2016203264,3054379008
484,1,0.014938873937353492,66.93944966625482,True,llava_ov_0.5b,15000,1.0,196,rlt,0.5,23106,117600,0.1964795918367347,none,,,,,0.16666666666666666,281788416,2016203264,3054379008
485,1,0.014898633118718863,67.12025137014652,True,llava_ov_0.5b,15000,1.0,196,rlt,0.5,23106,117600,0.1964795918367347,none,,,,,0.16666666666666666,281788416,2016203264,3054379008
486,1,0.07045350316911936,14.193758365706254,True,llava_ov_0.5b,15000,1.0,196,rlt,0.5,23106,117600,0.1964795918367347,none,,,,,0.16666666666666666,281788416,2016203264,3054379008
487,1,0.015536353923380375,64.36516604421055,True,llava_ov_0.5b,15000,1.0,196,rlt,0.5,23106,117600,0.1964795918367347,none,,,,,0.16666666666666666,281788416,2016203264,3054379008
488,1,0.015060322126373649,66.39964215963211,True,llava_ov_0.5b,15000,1.0,196,rlt,0.5,23106,117600,0.1964795918367347,none,,,,,0.16666666666666666,281788416,2016203264,3054379008
489,1,0.014854566892609,67.31936428907647,True,llava_ov_0.5b,15000,1.0,196,rlt,0.5,23106,117600,0.1964795918367347,none,,,,,0.16666666666666666,281788416,2016203264,3054379008
490,1,0.014946901937946677,66.90349640022957,True,llava_ov_0.5b,15000,1.0,196,rlt,0.5,23106,117600,0.1964795918367347,none,,,,,0.16666666666666666,281788416,2016203264,3054379008
491,1,0.01480432995595038,67.54780547147053,True,llava_ov_0.5b,15000,1.0,196,rlt,0.5,23106,117600,0.1964795918367347,none,,,,,0.16666666666666666,281788416,2016203264,3054379008
492,1,0.06876635900698602,14.541994289655634,True,llava_ov_0.5b,15000,1.0,196,rlt,0.5,23106,117600,0.1964795918367347,none,,,,,0.16666666666666666,281788416,2016203264,3054379008
493,1,0.01534414105117321,65.17145512837554,True,llava_ov_0.5b,15000,1.0,196,rlt,0.5,23106,117600,0.1964795918367347,none,,,,,0.16666666666666666,281788416,2016203264,3054379008
494,1,0.01495813811197877,66.85324019031356,True,llava_ov_0.5b,15000,1.0,196,rlt,0.5,23106,117600,0.1964795918367347,none,,,,,0.16666666666666666,281788416,2016203264,3054379008
495,1,0.0149010110180825,67.10954033833622,True,llava_ov_0.5b,15000,1.0,196,rlt,0.5,23106,117600,0.1964795918367347,none,,,,,0.16666666666666666,281788416,2016203264,3054379008
496,1,0.014885362004861236,67.18009274301974,True,llava_ov_0.5b,15000,1.0,196,rlt,0.5,23106,117600,0.1964795918367347,none,,,,,0.16666666666666666,281788416,2016203264,3054379008
497,1,0.014838683884590864,67.39142148842753,True,llava_ov_0.5b,15000,1.0,196,rlt,0.5,23106,117600,0.1964795918367347,none,,,,,0.16666666666666666,281788416,2016203264,3054379008
498,1,0.014887894038110971,67.16866720304006,True,llava_ov_0.5b,15000,1.0,196,rlt,0.5,23106,117600,0.1964795918367347,none,,,,,0.16666666666666666,281788416,2016203264,3054379008
499,1,0.07038859790191054,14.206846418414838,True,llava_ov_0.5b,15000,1.0,196,rlt,0.5,23106,117600,0.1964795918367347,none,,,,,0.16666666666666666,281788416,2016203264,3054379008
500,1,0.015665957937017083,63.832674900594526,True,llava_ov_0.5b,15000,1.0,196,rlt,0.5,23106,117600,0.1964795918367347,none,,,,,0.16666666666666666,281788416,2016203264,3054379008
501,1,0.015117456903681159,66.14869196395699,True,llava_ov_0.5b,15000,1.0,196,rlt,0.5,23106,117600,0.1964795918367347,none,,,,,0.16666666666666666,281788416,2016203264,3054379008
502,1,0.015065996907651424,66.37463196956715,True,llava_ov_0.5b,15000,1.0,196,rlt,0.5,23106,117600,0.1964795918367347,none,,,,,0.16666666666666666,281788416,2016203264,3054379008
503,1,0.014810774009674788,67.51841594144733,True,llava_ov_0.5b,15000,1.0,196,rlt,0.5,23106,117600,0.1964795918367347,none,,,,,0.16666666666666666,281788416,2016203264,3054379008
504,1,0.06668374687433243,14.996157937623552,True,llava_ov_0.5b,15000,1.0,196,rlt,0.5,23106,117600,0.1964795918367347,none,,,,,0.16666666666666666,281788416,2016203264,3054379008
505,1,0.015081753954291344,66.30528538197385,True,llava_ov_0.5b,15000,1.0,196,rlt,0.5,23106,117600,0.1964795918367347,none,,,,,0.16666666666666666,281788416,2016203264,3054379008
506,1,0.015018640086054802,66.58392466096355,True,llava_ov_0.5b,15000,1.0,196,rlt,0.5,23106,117600,0.1964795918367347,none,,,,,0.16666666666666666,281788416,2016203264,3054379008
507,1,0.015223818831145763,65.68654101125682,True,llava_ov_0.5b,15000,1.0,196,rlt,0.5,23106,117600,0.1964795918367347,none,,,,,0.16666666666666666,281788416,2016203264,3054379008
508,1,0.014810900902375579,67.51783747601782,True,llava_ov_0.5b,15000,1.0,196,rlt,0.5,23106,117600,0.1964795918367347,none,,,,,0.16666666666666666,281788416,2016203264,3054379008
509,1,0.07218878297135234,13.852567654407522,True,llava_ov_0.5b,15000,1.0,196,rlt,0.5,23106,117600,0.1964795918367347,none,,,,,0.16666666666666666,281788416,2016203264,3054379008
510,1,0.01539555098861456,64.95382989147501,True,llava_ov_0.5b,15000,1.0,196,rlt,0.5,23106,117600,0.1964795918367347,none,,,,,0.16666666666666666,281788416,2016203264,3054379008
511,1,0.014993468998000026,66.6957059859456,True,llava_ov_0.5b,15000,1.0,196,rlt,0.5,23106,117600,0.1964795918367347,none,,,,,0.16666666666666666,281788416,2016203264,3054379008
512,1,0.01494588004425168,66.90807078868595,True,llava_ov_0.5b,15000,1.0,196,rlt,0.5,23106,117600,0.1964795918367347,none,,,,,0.16666666666666666,281788416,2016203264,3054379008
513,1,0.014823327073827386,67.4612382914789,True,llava_ov_0.5b,15000,1.0,196,rlt,0.5,23106,117600,0.1964795918367347,none,,,,,0.16666666666666666,281788416,2016203264,3054379008
514,1,0.06674275593832135,14.982899431424812,True,llava_ov_0.5b,15000,1.0,196,rlt,0.5,23106,117600,0.1964795918367347,none,,,,,0.16666666666666666,281788416,2016203264,3054379008
515,1,0.015015035169199109,66.59991060502719,True,llava_ov_0.5b,15000,1.0,196,rlt,0.5,23106,117600,0.1964795918367347,none,,,,,0.16666666666666666,281788416,2016203264,3054379008
516,1,0.014905220828950405,67.09058600847432,True,llava_ov_0.5b,15000,1.0,196,rlt,0.5,23106,117600,0.1964795918367347,none,,,,,0.16666666666666666,281788416,2016203264,3054379008
517,1,0.014841455034911633,67.3788383718237,True,llava_ov_0.5b,15000,1.0,196,rlt,0.5,23106,117600,0.1964795918367347,none,,,,,0.16666666666666666,281788416,2016203264,3054379008
518,1,0.014794514048844576,67.59262228542735,True,llava_ov_0.5b,15000,1.0,196,rlt,0.5,23106,117600,0.1964795918367347,none,,,,,0.16666666666666666,281788416,2016203264,3054379008
519,1,0.014755378011614084,67.77189979225821,True,llava_ov_0.5b,15000,1.0,196,rlt,0.5,23106,117600,0.1964795918367347,none,,,,,0.16666666666666666,281788416,2016203264,3054379008
520,1,0.06776055786758661,14.757847802170351,True,llava_ov_0.5b,15000,1.0,196,rlt,0.5,23106,117600,0.1964795918367347,none,,,,,0.16666666666666666,281788416,2016203264,3054379008
521,1,0.015133630018681288,66.07799971094694,True,llava_ov_0.5b,15000,1.0,196,rlt,0.5,23106,117600,0.1964795918367347,none,,,,,0.16666666666666666,281788416,2016203264,3054379008
522,1,0.015196229796856642,65.80579613285732,True,llava_ov_0.5b,15000,1.0,196,rlt,0.5,23106,117600,0.1964795918367347,none,,,,,0.16666666666666666,281788416,2016203264,3054379008
523,1,0.014637729851529002,68.31660442862619,True,llava_ov_0.5b,15000,1.0,196,rlt,0.5,23106,117600,0.1964795918367347,none,,,,,0.16666666666666666,281788416,2016203264,3054379008
524,1,0.06663549295626581,15.00701736620032,True,llava_ov_0.5b,15000,1.0,196,rlt,0.5,23106,117600,0.1964795918367347,none,,,,,0.16666666666666666,281788416,2016203264,3054379008
525,1,0.015423648990690708,64.83550038020007,True,llava_ov_0.5b,15000,1.0,196,rlt,0.5,23106,117600,0.1964795918367347,none,,,,,0.16666666666666666,281788416,2016203264,3054379008
526,1,0.015008915914222598,66.62706392087853,True,llava_ov_0.5b,15000,1.0,196,rlt,0.5,23106,117600,0.1964795918367347,none,,,,,0.16666666666666666,281788416,2016203264,3054379008
527,1,0.01498178904876113,66.7477026105031,True,llava_ov_0.5b,15000,1.0,196,rlt,0.5,23106,117600,0.1964795918367347,none,,,,,0.16666666666666666,281788416,2016203264,3054379008
528,1,0.014869759092107415,67.2505851510924,True,llava_ov_0.5b,15000,1.0,196,rlt,0.5,23106,117600,0.1964795918367347,none,,,,,0.16666666666666666,281788416,2016203264,3054379008
529,1,0.014851236948743463,67.33445863474748,True,llava_ov_0.5b,15000,1.0,196,rlt,0.5,23106,117600,0.1964795918367347,none,,,,,0.16666666666666666,281788416,2016203264,3054379008
530,1,0.015135698951780796,66.06896735894345,True,llava_ov_0.5b,15000,1.0,196,rlt,0.5,23106,117600,0.1964795918367347,none,,,,,0.16666666666666666,281788416,2016203264,3054379008
531,1,0.07052123080939054,14.180126871337034,True,llava_ov_0.5b,15000,1.0,196,rlt,0.5,23106,117600,0.1964795918367347,none,,,,,0.16666666666666666,281788416,2016203264,3054379008
532,1,0.01564183714799583,63.93110927690031,True,llava_ov_0.5b,15000,1.0,196,rlt,0.5,23106,117600,0.1964795918367347,none,,,,,0.16666666666666666,281788416,2016203264,3054379008
533,1,0.0150729741435498,66.34390734544792,True,llava_ov_0.5b,15000,1.0,196,rlt,0.5,23106,117600,0.1964795918367347,none,,,,,0.16666666666666666,281788416,2016203264,3054379008
534,1,0.0149340839125216,66.96092012457102,True,llava_ov_0.5b,15000,1.0,196,rlt,0.5,23106,117600,0.1964795918367347,none,,,,,0.16666666666666666,281788416,2016203264,3054379008
535,1,0.014947938965633512,66.89885490562135,True,llava_ov_0.5b,15000,1.0,196,rlt,0.5,23106,117600,0.1964795918367347,none,,,,,0.16666666666666666,281788416,2016203264,3054379008
536,1,0.06885836482979357,14.522563852218008,True,llava_ov_0.5b,15000,1.0,196,rlt,0.5,23106,117600,0.1964795918367347,none,,,,,0.16666666666666666,281788416,2016203264,3054379008
537,1,0.015327878994867206,65.24059854170734,True,llava_ov_0.5b,15000,1.0,196,rlt,0.5,23106,117600,0.1964795918367347,none,,,,,0.16666666666666666,281788416,2016203264,3054379008
538,1,0.015147255035117269,66.01856228614415,True,llava_ov_0.5b,15000,1.0,196,rlt,0.5,23106,117600,0.1964795918367347,none,,,,,0.16666666666666666,281788416,2016203264,3054379008
539,1,0.014928924152627587,66.98406327049318,True,llava_ov_0.5b,15000,1.0,196,rlt,0.5,23106,117600,0.1964795918367347,none,,,,,0.16666666666666666,281788416,2016203264,3054379008
540,1,0.014920493122190237,67.02191353935667,True,llava_ov_0.5b,15000,1.0,196,rlt,0.5,23106,117600,0.1964795918367347,none,,,,,0.16666666666666666,281788416,2016203264,3054379008
541,1,0.014909423189237714,67.07167589969842,True,llava_ov_0.5b,15000,1.0,196,rlt,0.5,23106,117600,0.1964795918367347,none,,,,,0.16666666666666666,281788416,2016203264,3054379008
542,1,0.0707396250218153,14.136348612133741,True,llava_ov_0.5b,15000,1.0,196,rlt,0.5,23106,117600,0.1964795918367347,none,,,,,0.16666666666666666,281788416,2016203264,3054379008
543,1,0.015576589852571487,64.19890421875064,True,llava_ov_0.5b,15000,1.0,196,rlt,0.5,23106,117600,0.1964795918367347,none,,,,,0.16666666666666666,281788416,2016203264,3054379008
544,1,0.015113170025870204,66.16745515919125,True,llava_ov_0.5b,15000,1.0,196,rlt,0.5,23106,117600,0.1964795918367347,none,,,,,0.16666666666666666,281788416,2016203264,3054379008
545,1,0.015058124903589487,66.40933093612635,True,llava_ov_0.5b,15000,1.0,196,rlt,0.5,23106,117600,0.1964795918367347,none,,,,,0.16666666666666666,281788416,2016203264,3054379008
546,1,0.06947900191880763,14.392837726261362,True,llava_ov_0.5b,15000,1.0,196,rlt,0.5,23106,117600,0.1964795918367347,none,,,,,0.16666666666666666,281788416,2016203264,3054379008
547,1,0.015382485929876566,65.00899819175224,True,llava_ov_0.5b,15000,1.0,196,rlt,0.5,23106,117600,0.1964795918367347,none,,,,,0.16666666666666666,281788416,2016203264,3054379008
548,1,0.015060627134516835,66.39829743265743,True,llava_ov_0.5b,15000,1.0,196,rlt,0.5,23106,117600,0.1964795918367347,none,,,,,0.16666666666666666,281788416,2016203264,3054379008
549,1,0.015466619050130248,64.65537146539978,True,llava_ov_0.5b,15000,1.0,196,rlt,0.5,23106,117600,0.1964795918367347,none,,,,,0.16666666666666666,281788416,2016203264,3054379008
550,1,0.016414532903581858,60.921623897186095,True,llava_ov_0.5b,15000,1.0,196,rlt,0.5,23106,117600,0.1964795918367347,none,,,,,0.16666666666666666,281788416,2016203264,3054379008
551,1,0.016866850899532437,59.28788995388113,True,llava_ov_0.5b,15000,1.0,196,rlt,0.5,23106,117600,0.1964795918367347,none,,,,,0.16666666666666666,281788416,2016203264,3054379008
552,1,0.016353396931663156,61.14937490839092,True,llava_ov_0.5b,15000,1.0,196,rlt,0.5,23106,117600,0.1964795918367347,none,,,,,0.16666666666666666,281788416,2016203264,3054379008
553,1,0.07324461010284722,13.65288174236765,True,llava_ov_0.5b,15000,1.0,196,rlt,0.5,23106,117600,0.1964795918367347,none,,,,,0.16666666666666666,281788416,2016203264,3054379008
554,1,0.016582665033638477,60.30393775496685,True,llava_ov_0.5b,15000,1.0,196,rlt,0.5,23106,117600,0.1964795918367347,none,,,,,0.16666666666666666,281788416,2016203264,3054379008
555,1,0.01640011603012681,60.97517835623921,True,llava_ov_0.5b,15000,1.0,196,rlt,0.5,23106,117600,0.1964795918367347,none,,,,,0.16666666666666666,281788416,2016203264,3054379008
556,1,0.016350221820175648,61.16124973705446,True,llava_ov_0.5b,15000,1.0,196,rlt,0.5,23106,117600,0.1964795918367347,none,,,,,0.16666666666666666,281788416,2016203264,3054379008
557,1,0.016358027001842856,61.13206683711565,True,llava_ov_0.5b,15000,1.0,196,rlt,0.5,23106,117600,0.1964795918367347,none,,,,,0.16666666666666666,281788416,2016203264,3054379008
558,1,0.016516756964847445,60.54457313432028,True,llava_ov_0.5b,15000,1.0,196,rlt,0.5,23106,117600,0.1964795918367347,none,,,,,0.16666666666666666,281788416,2016203264,3054379008
559,1,0.01641064416617155,60.936060149385995,True,llava_ov_0.5b,15000,1.0,196,rlt,0.5,23106,117600,0.1964795918367347,none,,,,,0.16666666666666666,281788416,2016203264,3054379008
560,1,0.016427444061264396,60.87374251713212,True,llava_ov_0.5b,15000,1.0,196,rlt,0.5,23106,117600,0.1964795918367347,none,,,,,0.16666666666666666,281788416,2016203264,3054379008
561,1,0.07177971489727497,13.931512564951184,True,llava_ov_0.5b,15000,1.0,196,rlt,0.5,23106,117600,0.1964795918367347,none,,,,,0.16666666666666666,281788416,2016203264,3054379008
562,1,0.01662942604161799,60.13436648368552,True,llava_ov_0.5b,15000,1.0,196,rlt,0.5,23106,117600,0.1964795918367347,none,,,,,0.16666666666666666,281788416,2016203264,3054379008
563,1,0.0164911940228194,60.63842306483494,True,llava_ov_0.5b,15000,1.0,196,rlt,0.5,23106,117600,0.1964795918367347,none,,,,,0.16666666666666666,281788416,2016203264,3054379008
564,1,0.01645862706936896,60.75840930019572,True,llava_ov_0.5b,15000,1.0,196,rlt,0.5,23106,117600,0.1964795918367347,none,,,,,0.16666666666666666,281788416,2016203264,3054379008
565,1,0.016503574093803763,60.592935464533596,True,llava_ov_0.5b,15000,1.0,196,rlt,0.5,23106,117600,0.1964795918367347,none,,,,,0.16666666666666666,281788416,2016203264,3054379008
566,1,0.016852071974426508,59.33988423011295,True,llava_ov_0.5b,15000,1.0,196,rlt,0.5,23106,117600,0.1964795918367347,none,,,,,0.16666666666666666,281788416,2016203264,3054379008
567,1,0.020576811861246824,48.59839350931434,True,llava_ov_0.5b,15000,1.0,196,rlt,0.5,23106,117600,0.1964795918367347,none,,,,,0.16666666666666666,281788416,2016203264,3054379008
568,1,0.09011166007257998,11.097342998614774,True,llava_ov_0.5b,15000,1.0,196,rlt,0.5,23106,117600,0.1964795918367347,none,,,,,0.16666666666666666,281788416,2016203264,3054379008
569,1,0.018170210998505354,55.035134158995625,True,llava_ov_0.5b,15000,1.0,196,rlt,0.5,23106,117600,0.1964795918367347,none,,,,,0.16666666666666666,281788416,2016203264,3054379008
570,1,0.017758555011823773,56.310887869772785,True,llava_ov_0.5b,15000,1.0,196,rlt,0.5,23106,117600,0.1964795918367347,none,,,,,0.16666666666666666,281788416,2016203264,3054379008
571,1,0.01687953807413578,59.24332737116085,True,llava_ov_0.5b,15000,1.0,196,rlt,0.5,23106,117600,0.1964795918367347,none,,,,,0.16666666666666666,281788416,2016203264,3054379008
572,1,0.016913512023165822,59.124326079074315,True,llava_ov_0.5b,15000,1.0,196,rlt,0.5,23106,117600,0.1964795918367347,none,,,,,0.16666666666666666,281788416,2016203264,3054379008
573,1,0.07697312394157052,12.991547553131523,True,llava_ov_0.5b,15000,1.0,196,rlt,0.5,23106,117600,0.1964795918367347,none,,,,,0.16666666666666666,281788416,2016203264,3054379008
574,1,0.01718085608445108,58.20431735674768,True,llava_ov_0.5b,15000,1.0,196,rlt,0.5,23106,117600,0.1964795918367347,none,,,,,0.16666666666666666,281788416,2016203264,3054379008
575,1,0.01696286490187049,58.9523058625392,True,llava_ov_0.5b,15000,1.0,196,rlt,0.5,23106,117600,0.1964795918367347,none,,,,,0.16666666666666666,281788416,2016203264,3054379008
576,1,0.01707849302329123,58.55317554284353,True,llava_ov_0.5b,15000,1.0,196,rlt,0.5,23106,117600,0.1964795918367347,none,,,,,0.16666666666666666,281788416,2016203264,3054379008
577,1,0.016990110045298934,58.85777062854836,True,llava_ov_0.5b,15000,1.0,196,rlt,0.5,23106,117600,0.1964795918367347,none,,,,,0.16666666666666666,281788416,2016203264,3054379008
578,1,0.07887081196531653,12.678961647304332,True,llava_ov_0.5b,15000,1.0,196,rlt,0.5,23106,117600,0.1964795918367347,none,,,,,0.16666666666666666,281788416,2016203264,3054379008
579,1,0.017015727004036307,58.769161009858095,True,llava_ov_0.5b,15000,1.0,196,rlt,0.5,23106,117600,0.1964795918367347,none,,,,,0.16666666666666666,281788416,2016203264,3054379008
580,1,0.01689829700626433,59.17756088849026,True,llava_ov_0.5b,15000,1.0,196,rlt,0.5,23106,117600,0.1964795918367347,none,,,,,0.16666666666666666,281788416,2016203264,3054379008
581,1,0.016982209868729115,58.88515144553659,True,llava_ov_0.5b,15000,1.0,196,rlt,0.5,23106,117600,0.1964795918367347,none,,,,,0.16666666666666666,281788416,2016203264,3054379008
582,1,0.01703225914388895,58.71211749140117,True,llava_ov_0.5b,15000,1.0,196,rlt,0.5,23106,117600,0.1964795918367347,none,,,,,0.16666666666666666,281788416,2016203264,3054379008
583,1,0.07202830398455262,13.883431160817873,True,llava_ov_0.5b,15000,1.0,196,rlt,0.5,23106,117600,0.1964795918367347,none,,,,,0.16666666666666666,281788416,2016203264,3054379008
584,1,0.01692078309133649,59.098919630498905,True,llava_ov_0.5b,15000,1.0,196,rlt,0.5,23106,117600,0.1964795918367347,none,,,,,0.16666666666666666,281788416,2016203264,3054379008
585,1,0.016588845988735557,60.281468685587726,True,llava_ov_0.5b,15000,1.0,196,rlt,0.5,23106,117600,0.1964795918367347,none,,,,,0.16666666666666666,281788416,2016203264,3054379008
586,1,0.016647218959406018,60.07009353565207,True,llava_ov_0.5b,15000,1.0,196,rlt,0.5,23106,117600,0.1964795918367347,none,,,,,0.16666666666666666,281788416,2016203264,3054379008
587,1,0.016699896892532706,59.88060922981783,True,llava_ov_0.5b,15000,1.0,196,rlt,0.5,23106,117600,0.1964795918367347,none,,,,,0.16666666666666666,281788416,2016203264,3054379008
588,1,0.02036294201388955,49.10881734662411,True,llava_ov_0.5b,15000,1.0,196,rlt,0.5,23106,117600,0.1964795918367347,none,,,,,0.16666666666666666,281788416,2016203264,3054379008
589,1,0.08801498892717063,11.361701139648673,True,llava_ov_0.5b,15000,1.0,196,rlt,0.5,23106,117600,0.1964795918367347,none,,,,,0.16666666666666666,281788416,2016203264,3054379008
590,1,0.016896175919100642,59.18498983367761,True,llava_ov_0.5b,15000,1.0,196,rlt,0.5,23106,117600,0.1964795918367347,none,,,,,0.16666666666666666,281788416,2016203264,3054379008
591,1,0.016665804898366332,60.00310252630074,True,llava_ov_0.5b,15000,1.0,196,rlt,0.5,23106,117600,0.1964795918367347,none,,,,,0.16666666666666666,281788416,2016203264,3054379008
592,1,0.016698963940143585,59.883954692305394,True,llava_ov_0.5b,15000,1.0,196,rlt,0.5,23106,117600,0.1964795918367347,none,,,,,0.16666666666666666,281788416,2016203264,3054379008
593,1,0.016656239982694387,60.03755955959969,True,llava_ov_0.5b,15000,1.0,196,rlt,0.5,23106,117600,0.1964795918367347,none,,,,,0.16666666666666666,281788416,2016203264,3054379008
594,1,0.016576162073761225,60.32759546812843,True,llava_ov_0.5b,15000,1.0,196,rlt,0.5,23106,117600,0.1964795918367347,none,,,,,0.16666666666666666,281788416,2016203264,3054379008
595,1,0.07204203819856048,13.880784400405563,True,llava_ov_0.5b,15000,1.0,196,rlt,0.5,23106,117600,0.1964795918367347,none,,,,,0.16666666666666666,281788416,2016203264,3054379008
596,1,0.016894996166229248,59.18912263495278,True,llava_ov_0.5b,15000,1.0,196,rlt,0.5,23106,117600,0.1964795918367347,none,,,,,0.16666666666666666,281788416,2016203264,3054379008
597,1,0.016655965941026807,60.0385473613878,True,llava_ov_0.5b,15000,1.0,196,rlt,0.5,23106,117600,0.1964795918367347,none,,,,,0.16666666666666666,281788416,2016203264,3054379008
598,1,0.016592578031122684,60.26791003328722,True,llava_ov_0.5b,15000,1.0,196,rlt,0.5,23106,117600,0.1964795918367347,none,,,,,0.16666666666666666,281788416,2016203264,3054379008
599,1,0.016750779934227467,59.698712771974535,True,llava_ov_0.5b,15000,1.0,196,rlt,0.5,23106,117600,0.1964795918367347,none,,,,,0.16666666666666666,281788416,2016203264,3054379008
