video_id,question,answer,pred_answer,tokens_kept,tokens_seen,token_keep_rate,n_tokens_fed,num_blocks,n_local,kv_cache_bytes,retrieve_size,chunk_size
9198b9a4-8d8f-4ba6-9924-4c86982d890a,What task is being performed with vegetables?,Chopping vegetables.,Cutting red bell peppers,350,58800,0.006,392,2,15000,0,64,1
9198b9a4-8d8f-4ba6-9924-4c86982d890a,What step is being taken with flatbread?,Wrapping sauce in flatbread.,The person is cutting red bell peppers on a cutting board.,350,58800,0.006,392,2,15000,0,64,1
9198b9a4-8d8f-4ba6-9924-4c86982d890a,What kitchen fixture is being utilized?,Opening a cabinet.,A stove is being utilized in the kitchen.,350,58800,0.006,392,2,15000,0,64,1
9198b9a4-8d8f-4ba6-9924-4c86982d890a,What's the overview of the action in the clip?,Preparing ingredients for a meal.,"The video shows a person cutting red bell peppers on a cutting board with a spoon, while a pot of chili is on the stove in the background.",350,58800,0.006,392,2,15000,0,64,1
9198b9a4-8d8f-4ba6-9924-4c86982d890a,Does the video show someone chopping vegetables?,Yes.,"Yes, the video shows someone chopping vegetables on a cutting board.",350,58800,0.006,392,2,15000,0,64,1
9198b9a4-8d8f-4ba6-9924-4c86982d890a,Did the individual successfully open a kitchen cabinet?,Yes.,"Yes, the individual successfully opened a kitchen cabinet.",350,58800,0.006,392,2,15000,0,64,1
9198b9a4-8d8f-4ba6-9924-4c86982d890a,Is the flatbread being seasoned with sauce?,Yes.,"Yes, the flatbread is being seasoned with sauce.",350,58800,0.006,392,2,15000,0,64,1
9198b9a4-8d8f-4ba6-9924-4c86982d890a,Is there an occurrence of food being wrapped?,Yes.,"Yes, there is an occurrence of food being wrapped.",350,58800,0.006,392,2,15000,0,64,1
9198b9a4-8d8f-4ba6-9924-4c86982d890a,Is the person using a knife for cooking tasks?,Yes.,"Yes, the person is using a knife for cooking tasks.",350,58800,0.006,392,2,15000,0,64,1
9198b9a4-8d8f-4ba6-9924-4c86982d890a,What is the location in the video clip?,A kitchen.,The location in the video clip is a kitchen.,473,111720,0.0042,588,3,15000,0,64,1
9198b9a4-8d8f-4ba6-9924-4c86982d890a,What kitchen activity is underway in the clip?,Cutting vegetables.,"The kitchen activity underway in the clip is the preparation of a dish, specifically making tortillas.",473,111720,0.0042,588,3,15000,0,64,1
9198b9a4-8d8f-4ba6-9924-4c86982d890a,What tool does the person in the video use?,Knives.,The person uses a knife to cut the red bell peppers.,473,111720,0.0042,588,3,15000,0,64,1
9198b9a4-8d8f-4ba6-9924-4c86982d890a,What appliance does the person in the video handle?,The heat regulator of the cooker.,The person in the video handles a microwave.,473,111720,0.0042,588,3,15000,0,64,1
9198b9a4-8d8f-4ba6-9924-4c86982d890a,What part of the kitchen furniture does the person interact with?,Drawers.,The person interacts with the kitchen cabinets and countertops.,473,111720,0.0042,588,3,15000,0,64,1
9198b9a4-8d8f-4ba6-9924-4c86982d890a,How is the person controlling the cooking temperature?,Operating the heat regulator.,The person is using a knife to cut a red bell pepper on a cutting board.,473,111720,0.0042,588,3,15000,0,64,1
9198b9a4-8d8f-4ba6-9924-4c86982d890a,What can be inferred from the person's actions with the drawers?,Searching or organizing.,The person's actions with the drawers suggest that they are organizing or cleaning them.,473,111720,0.0042,588,3,15000,0,64,1
9198b9a4-8d8f-4ba6-9924-4c86982d890a,Does the clip show any cooking taking place?,"No direct cooking, only preparation.","Yes, the clip shows a cooking process in progress, with a person preparing food on a wooden cutting board.",473,111720,0.0042,588,3,15000,0,64,1
9198b9a4-8d8f-4ba6-9924-4c86982d890a,Did the person successfully cut the vegetables?,Yes.,"Yes, the person successfully cut the vegetables into strips.",473,111720,0.0042,588,3,15000,0,64,1
9198b9a4-8d8f-4ba6-9924-4c86982d890a,Was the heat regulator adjusted to a specific level?,"Yes, it was operated.","Yes, the heat regulator was adjusted to a specific level, as indicated by the visible adjustment knobs on the stove.",473,111720,0.0042,588,3,15000,0,64,1
9198b9a4-8d8f-4ba6-9924-4c86982d890a,Did the person use any other kitchen tools besides knives?,Heat regulator only mentioned.,"Yes, the person used a spoon to scoop the filling from the tortillas.",473,111720,0.0042,588,3,15000,0,64,1
9198b9a4-8d8f-4ba6-9924-4c86982d890a,Is the cabinet opened before wrapping the sauce in flat bread?,No,"Yes, the cabinet is opened before wrapping the sauce in flat bread.",473,111720,0.0042,588,3,15000,0,64,1
9198b9a4-8d8f-4ba6-9924-4c86982d890a,Do I cut vegetables before operating the heat regulator on the cooker?,Yes,"Yes, you should cut vegetables before operating the heat regulator on the cooker.",473,111720,0.0042,588,3,15000,0,64,1
9198b9a4-8d8f-4ba6-9924-4c86982d890a,Is the drawer opened before the vegetables are chopped?,No,"Yes, the drawer is opened before the vegetables are chopped.",473,111720,0.0042,588,3,15000,0,64,1
9198b9a4-8d8f-4ba6-9924-4c86982d890a,Does wrapping sauce in flat bread happen after cutting vegetables?,Yes,"No, wrapping sauce in flat bread happens after cutting vegetables.",473,111720,0.0042,588,3,15000,0,64,1
9198b9a4-8d8f-4ba6-9924-4c86982d890a,Do I open the cabinet before chopping the vegetables?,No,"No, you should open the cabinet before chopping the vegetables.",473,111720,0.0042,588,3,15000,0,64,1
9198b9a4-8d8f-4ba6-9924-4c86982d890a,What occurs just before wrapping the sauce in flat bread?,Chopping vegetables,"A person is seen holding a red bell pepper and a spoon, preparing to wrap the sauce in flat bread.",473,111720,0.0042,588,3,15000,0,64,1
9198b9a4-8d8f-4ba6-9924-4c86982d890a,What takes place right before operating the heat regulator of the cooker?,Cutting vegetables with knives,A person is seen holding a red bell pepper over a pot on the stove.,473,111720,0.0042,588,3,15000,0,64,1
9198b9a4-8d8f-4ba6-9924-4c86982d890a,What setting is shown in this video clip?,A kitchen.,The setting shown in this video clip is a kitchen.,617,164640,0.0037,784,4,15000,0,64,1
9198b9a4-8d8f-4ba6-9924-4c86982d890a,What task is being performed with tomatoes?,Cutting tomatoes.,The task being performed with tomatoes is rolling them into tortillas.,617,164640,0.0037,784,4,15000,0,64,1
9198b9a4-8d8f-4ba6-9924-4c86982d890a,Is there an electronic device being used in this scene?,"Yes, a mobile phone.","Yes, there is an electronic device being used in this scene, specifically a microwave oven.",617,164640,0.0037,784,4,15000,0,64,1
9198b9a4-8d8f-4ba6-9924-4c86982d890a,How is the sauce being utilized in the cooking process?,By spreading it on flatbreads.,"The sauce is being poured over the tortillas, likely as part of the filling for the burritos.",617,164640,0.0037,784,4,15000,0,64,1
9198b9a4-8d8f-4ba6-9924-4c86982d890a,What activity is occurring aside from food preparation?,Operating a mobile phone.,"The activity occurring is the preparation of food, specifically making tortillas.",617,164640,0.0037,784,4,15000,0,64,1
9198b9a4-8d8f-4ba6-9924-4c86982d890a,What manual task is depicted involving food items?,"Cutting vegetables, specifically tomatoes.","The manual task depicted involves rolling tortillas, which are a common food item in Mexican cuisine.",617,164640,0.0037,784,4,15000,0,64,1
9198b9a4-8d8f-4ba6-9924-4c86982d890a,Is someone chopping vegetables in the video?,Yes.,"Yes, someone is chopping vegetables in the video.",617,164640,0.0037,784,4,15000,0,64,1
9198b9a4-8d8f-4ba6-9924-4c86982d890a,Is the sauce being poured into a bowl?,"No, it's being rolled in flatbreads.","No, the sauce is being poured into a container.",617,164640,0.0037,784,4,15000,0,64,1
9198b9a4-8d8f-4ba6-9924-4c86982d890a,Is a cooking activity happening in a bedroom?,"No, it's happening in a kitchen.","No, a cooking activity is not happening in a bedroom.",617,164640,0.0037,784,4,15000,0,64,1
9198b9a4-8d8f-4ba6-9924-4c86982d890a,Does the frame capture the act of grilling or frying?,No.,"No, the frame captures the act of grilling or frying.",617,164640,0.0037,784,4,15000,0,64,1
9198b9a4-8d8f-4ba6-9924-4c86982d890a,"In the video, are vegetables cut before the heat regulator is operated?",Yes,"Yes, the vegetables are cut before the heat regulator is operated.",617,164640,0.0037,784,4,15000,0,64,1
9198b9a4-8d8f-4ba6-9924-4c86982d890a,Does rolling sauce in flatbreads occur after cutting tomatoes?,Yes,"Yes, rolling sauce in flatbreads occurs after cutting tomatoes.",617,164640,0.0037,784,4,15000,0,64,1
9198b9a4-8d8f-4ba6-9924-4c86982d890a,Does the opening of the drawers happen before using the mobile phone?,No,"No, the opening of the drawers happens after using the mobile phone.",617,164640,0.0037,784,4,15000,0,64,1
9198b9a4-8d8f-4ba6-9924-4c86982d890a,Is the heat regulator operated before rolling sauce in flatbreads?,No,"Yes, the heat regulator is operated before rolling sauce in flatbreads.",617,164640,0.0037,784,4,15000,0,64,1
9198b9a4-8d8f-4ba6-9924-4c86982d890a,What occurs just before rolling sauce in flatbreads?,Cutting tomatoes with a knife.,"A person is seen holding a red pepper, preparing to roll the flatbreads.",617,164640,0.0037,784,4,15000,0,64,1
9198b9a4-8d8f-4ba6-9924-4c86982d890a,What happens just before operating the heat regulator?,Cutting vegetables with knives.,"Just before operating the heat regulator, the person's hands are seen adjusting the heat setting on the stove.",617,164640,0.0037,784,4,15000,0,64,1
9198b9a4-8d8f-4ba6-9924-4c86982d890a,What is done just before opening drawers in the kitchen?,Operating the heat regulator of the cooker.,A person is seen opening a drawer in the kitchen.,617,164640,0.0037,784,4,15000,0,64,1
9198b9a4-8d8f-4ba6-9924-4c86982d890a,What activity occurs just before operating a mobile phone?,Rolling sauce in flatbreads.,"A person is seen holding a knife and a spoon, preparing to cut a red bell pepper on a cutting board.",617,164640,0.0037,784,4,15000,0,64,1
9198b9a4-8d8f-4ba6-9924-4c86982d890a,Is the cabinet opened before the vegetables are chopped?,No,Yes,617,164640,0.0037,784,4,15000,0,64,1
9198b9a4-8d8f-4ba6-9924-4c86982d890a,Does operating the heat regulator happen after chopping vegetables?,Yes,"Yes, the heat regulator is operated after chopping vegetables.",617,164640,0.0037,784,4,15000,0,64,1
9198b9a4-8d8f-4ba6-9924-4c86982d890a,Is wrapping sauce in flat bread before cutting vegetables?,No,Yes,617,164640,0.0037,784,4,15000,0,64,1
9198b9a4-8d8f-4ba6-9924-4c86982d890a,Do I use the mobile phone before opening drawers?,Yes,"No, you do not use the mobile phone before opening drawers.",617,164640,0.0037,784,4,15000,0,64,1
9198b9a4-8d8f-4ba6-9924-4c86982d890a,What happens just before the cabinet is opened in the video?,Chopping vegetables,"A person's hand enters the frame and reaches for the cabinet, causing the cabinet to open.",617,164640,0.0037,784,4,15000,0,64,1
9198b9a4-8d8f-4ba6-9924-4c86982d890a,What occurs immediately before operating the heat regulator?,Cutting vegetables with knives,A person is seen holding a red pepper over a pot on the stove.,617,164640,0.0037,784,4,15000,0,64,1
9198b9a4-8d8f-4ba6-9924-4c86982d890a,What do I do right before rolling sauce in flat breads?,Cutting tomatoes,"Before rolling sauce in flat breads, you should ensure that the tortillas are properly rolled and the sauce is evenly distributed.",617,164640,0.0037,784,4,15000,0,64,1
9198b9a4-8d8f-4ba6-9924-4c86982d890a,What action takes place just before using the mobile phone?,Rolling sauce in flat breads,"A person is seen holding a knife and a tortilla, preparing to cut the tortilla into strips.",617,164640,0.0037,784,4,15000,0,64,1
9198b9a4-8d8f-4ba6-9924-4c86982d890a,What is done directly before opening drawers in the kitchen?,Operating the heat regulator.,A person is seen cutting red bell peppers on a wooden cutting board.,617,164640,0.0037,784,4,15000,0,64,1
9198b9a4-8d8f-4ba6-9924-4c86982d890a,What is the setting of the latest video frame?,A kitchen.,"The setting of the latest video frame is a kitchen with a wooden countertop, a stove, and various kitchen utensils and ingredients.",785,217560,0.0036,980,5,15000,0,64,1
9198b9a4-8d8f-4ba6-9924-4c86982d890a,What can be seen on the stove in the video clip?,A pan with shawarma filling and bread.,"On the stove, there are a few items including a red onion, a red bell pepper, and a container of chopped onions.",785,217560,0.0036,980,5,15000,0,64,1
9198b9a4-8d8f-4ba6-9924-4c86982d890a,How many pans are on the stove in the video?,Two pans.,There are two pans on the stove in the video.,785,217560,0.0036,980,5,15000,0,64,1
9198b9a4-8d8f-4ba6-9924-4c86982d890a,What objects are visible on the kitchen counter in the video?,Ingredients and utensils.,"On the kitchen counter, there are a red bell pepper, a red onion, a red tomato, a red onion, a red bell pepper, a red onion, a red tomato, a red onion, a red tomato, a red onion, a red tomato, a red onion, a red tomato, a red onion, a red tomato, a red onion, a red tomato, a red onion, a red tomato, a red onion, a red tomato, a red onion, a red tomato, a red onion, a red tomato, a red onion, a red tomato, a red onion, a red tomato, a red onion, a red tomato, a red onion, a red tomato, a red onion, a red tomato, a red onion, a red tomato, a red onion, a red tomato, a red onion, a red tomato, a red onion, a red tomato, a red onion, a red tomato, a red onion, a red tomato, a red onion, a red tomato, a red onion, a red tomato, a red onion, a red tomato, a red onion, a red tomato, a red onion, a red tomato, a red onion, a red tomato, a red onion, a red tomato, a red onion",785,217560,0.0036,980,5,15000,0,64,1
9198b9a4-8d8f-4ba6-9924-4c86982d890a,What cooking process is happening in the new frames?,Shawarma filling is being prepared.,"In the new frames, the cooking process is focused on making tortillas. The person is seen holding a tortilla, spreading it out on a tray, and then using a spatula to fold it.",785,217560,0.0036,980,5,15000,0,64,1
9198b9a4-8d8f-4ba6-9924-4c86982d890a,What action was the cook performing?,Adding bread to the shawarma filling.,The cook was cutting red bell peppers on a cutting board.,785,217560,0.0036,980,5,15000,0,64,1
9198b9a4-8d8f-4ba6-9924-4c86982d890a,How is the cook interacting with the food?,By stirring and combining ingredients.,The cook is using a spatula to lift the tortillas from the pan and then places them onto a tray.,785,217560,0.0036,980,5,15000,0,64,1
9198b9a4-8d8f-4ba6-9924-4c86982d890a,Describe the cook's technique in the video clip.,Carefully scooping and spreading filling onto bread.,"The cook is seen using a spatula to lift the tortillas from the pan and then placing them onto a tray. The technique involves carefully lifting the tortillas from the pan and then placing them onto the tray, ensuring they are evenly spaced and properly arranged.",785,217560,0.0036,980,5,15000,0,64,1
9198b9a4-8d8f-4ba6-9924-4c86982d890a,Is there more than one dish being cooked simultaneously?,Yes.,"Yes, there is more than one dish being cooked simultaneously.",785,217560,0.0036,980,5,15000,0,64,1
9198b9a4-8d8f-4ba6-9924-4c86982d890a,Is the cook wearing any protective gloves in the video?,No.,"No, the cook is not wearing any protective gloves in the video.",785,217560,0.0036,980,5,15000,0,64,1
9198b9a4-8d8f-4ba6-9924-4c86982d890a,Does the video capture the addition of toppings to the shawarma?,No.,"Yes, the video captures the addition of toppings to the shawarma, as the person adds more ingredients to the tray.",785,217560,0.0036,980,5,15000,0,64,1
9198b9a4-8d8f-4ba6-9924-4c86982d890a,Is the mobile phone operated before rolling sauce in flat breads?,No,"No, the mobile phone is not operated before rolling sauce in flat breads.",785,217560,0.0036,980,5,15000,0,64,1
9198b9a4-8d8f-4ba6-9924-4c86982d890a,Do I cut the tomatoes before preparing the shawarma?,Yes,"Yes, you should cut the tomatoes before preparing the shawarma.",785,217560,0.0036,980,5,15000,0,64,1
9198b9a4-8d8f-4ba6-9924-4c86982d890a,Is the shawarma prepared before cutting tomatoes?,No,"Yes, the shawarma is prepared before cutting tomatoes.",785,217560,0.0036,980,5,15000,0,64,1
9198b9a4-8d8f-4ba6-9924-4c86982d890a,Do I roll sauce in flat breads after cutting tomatoes?,Yes,"Yes, you roll sauce in flat breads after cutting tomatoes.",785,217560,0.0036,980,5,15000,0,64,1
9198b9a4-8d8f-4ba6-9924-4c86982d890a,Is the mobile phone operated after preparing the shawarma?,Yes,"No, the mobile phone is not operated after preparing the shawarma.",785,217560,0.0036,980,5,15000,0,64,1
9198b9a4-8d8f-4ba6-9924-4c86982d890a,What action occurs just before I operated the mobile phone?,Rolling sauce in flat breads,A person is seen holding a red pepper over a cutting board.,785,217560,0.0036,980,5,15000,0,64,1
9198b9a4-8d8f-4ba6-9924-4c86982d890a,What do I do before cutting the tomatoes?,"Nothing, it is the first action.","Before cutting the tomatoes, you should first wash them under running water to remove any dirt or debris.",785,217560,0.0036,980,5,15000,0,64,1
9198b9a4-8d8f-4ba6-9924-4c86982d890a,What occurs just before preparing the shawarma?,Operating the mobile phone,"A person is seen holding a red onion and a spoon, preparing to add it to the shawarma.",785,217560,0.0036,980,5,15000,0,64,1
9198b9a4-8d8f-4ba6-9924-4c86982d890a,"In the video, did I open the kitchen drawers before cutting vegetables?",No,"No, the video does not show you opening the kitchen drawers before cutting vegetables.",785,217560,0.0036,980,5,15000,0,64,1
9198b9a4-8d8f-4ba6-9924-4c86982d890a,Does the cooking of shawarma happen before regulating the cooker's heat?,Yes,"Yes, the cooking of shawarma happens before regulating the cooker's heat.",785,217560,0.0036,980,5,15000,0,64,1
9198b9a4-8d8f-4ba6-9924-4c86982d890a,"In the video, is the mobile phone operated after the sauce is rolled in flatbreads?",Yes,"No, the mobile phone is not operated after the sauce is rolled in flatbreads.",785,217560,0.0036,980,5,15000,0,64,1
9198b9a4-8d8f-4ba6-9924-4c86982d890a,Is heat regulation done before cutting tomatoes with a knife?,No,"Yes, the person is using a knife to cut tomatoes on a cutting board before they are placed into a pot on the stove.",785,217560,0.0036,980,5,15000,0,64,1
9198b9a4-8d8f-4ba6-9924-4c86982d890a,"In the video sequence, what do I do before cooking shawarma?",Cut vegetables,"Before cooking shawarma, you should wash the hands and prepare the ingredients.",785,217560,0.0036,980,5,15000,0,64,1
9198b9a4-8d8f-4ba6-9924-4c86982d890a,Describe the setting shown in the video clip.,A kitchen where shawarma is being prepared.,"The video shows a kitchen with a counter and stove, where a person is preparing food. The kitchen is equipped with various appliances and utensils, including a stove, a sink, and a microwave. The counter is cluttered with various items such as a cutting board, a knife, a spoon, and a container of onions.",937,270480,0.0035,1176,6,15000,0,64,1
9198b9a4-8d8f-4ba6-9924-4c86982d890a,What is happening in these new frames?,Shawarma is being filled with ingredients.,"In the new frames, a person is seen holding a tortilla with a red filling, likely a filling for the burritos. The person is using a spatula to spread the filling onto the tortilla.",937,270480,0.0035,1176,6,15000,0,64,1
9198b9a4-8d8f-4ba6-9924-4c86982d890a,Is the person in the video making a meal?,Yes.,Yes,937,270480,0.0035,1176,6,15000,0,64,1
9198b9a4-8d8f-4ba6-9924-4c86982d890a,Is the kitchen the main location in these frames?,Yes.,"Yes, the kitchen is the main location in these frames.",937,270480,0.0035,1176,6,15000,0,64,1
9198b9a4-8d8f-4ba6-9924-4c86982d890a,Does the video capture the moment of grilling meat for the shawarma?,No.,"No, the video does not capture the moment of grilling meat for the shawarma. The focus is on the preparation of the shawarma wraps and the cooking process.",937,270480,0.0035,1176,6,15000,0,64,1
9198b9a4-8d8f-4ba6-9924-4c86982d890a,Are spices being added to the food in this clip?,No.,"Yes, spices are being added to the food in this clip.",937,270480,0.0035,1176,6,15000,0,64,1
9198b9a4-8d8f-4ba6-9924-4c86982d890a,"In the video, is the shawarma filling added to the bread before wrapping it?",Yes,"Yes, the shawarma filling is added to the bread before wrapping it.",937,270480,0.0035,1176,6,15000,0,64,1
9198b9a4-8d8f-4ba6-9924-4c86982d890a,Does the chopping of vegetables occur before heating the pan?,No,"Yes, the chopping of vegetables occurs before heating the pan.",937,270480,0.0035,1176,6,15000,0,64,1
9198b9a4-8d8f-4ba6-9924-4c86982d890a,Is the stove turned off before removing the pan from heat?,Yes,"Yes, the stove is turned off before removing the pan from heat.",937,270480,0.0035,1176,6,15000,0,64,1
9198b9a4-8d8f-4ba6-9924-4c86982d890a,"In the video, is the bread placed on the pan before adding fillings?",Yes,"Yes, the bread is placed on the pan before adding fillings.",937,270480,0.0035,1176,6,15000,0,64,1
9198b9a4-8d8f-4ba6-9924-4c86982d890a,Is the shawarma served before adding sauce?,No,"Yes, the shawarma is served before adding sauce.",937,270480,0.0035,1176,6,15000,0,64,1
9198b9a4-8d8f-4ba6-9924-4c86982d890a,What do I do before adding the shawarma filling to the bread?,Chop vegetables,"Before adding the shawarma filling to the bread, you should first wash the hands to remove any dirt or residue.",937,270480,0.0035,1176,6,15000,0,64,1
9198b9a4-8d8f-4ba6-9924-4c86982d890a,What is done before turning off the stove?,Cook shawarma,"Before turning off the stove, the person is seen holding a red tortilla and a spoon, likely preparing to wrap it.",937,270480,0.0035,1176,6,15000,0,64,1
9198b9a4-8d8f-4ba6-9924-4c86982d890a,What is the immediate step before serving the shawarma?,Add sauce,The immediate step before serving the shawarma is to place the rolled-up tortillas on a tray.,937,270480,0.0035,1176,6,15000,0,64,1
9198b9a4-8d8f-4ba6-9924-4c86982d890a,"In the video, is the sauce added to the flat bread before cutting the tomatoes?",No,"Yes, the sauce is added to the flat bread before cutting the tomatoes.",937,270480,0.0035,1176,6,15000,0,64,1
9198b9a4-8d8f-4ba6-9924-4c86982d890a,Does the person operate the mobile phone after rolling the sauce in the flat breads?,Yes,"No, the person does not operate the mobile phone after rolling the sauce in the flat breads.",937,270480,0.0035,1176,6,15000,0,64,1
9198b9a4-8d8f-4ba6-9924-4c86982d890a,Is the shawarma prepared before the tomatoes are cut with a knife?,Yes,"Yes, the shawarma is prepared before the tomatoes are cut with a knife.",937,270480,0.0035,1176,6,15000,0,64,1
9198b9a4-8d8f-4ba6-9924-4c86982d890a,"In the video, does rolling the sauce happen before the shawarma preparation?",No,"No, the sauce is not rolled before the shawarma preparation.",937,270480,0.0035,1176,6,15000,0,64,1
9198b9a4-8d8f-4ba6-9924-4c86982d890a,Is the flat bread used before operating the mobile phone?,Yes,"Yes, the flat bread is used before operating the mobile phone.",937,270480,0.0035,1176,6,15000,0,64,1
9198b9a4-8d8f-4ba6-9924-4c86982d890a,What setting is portrayed in the latest clip?,A kitchen setting.,"The latest clip portrays a kitchen setting with a person preparing food, specifically making tortillas.",1036,323400,0.0032,1372,7,15000,0,64,1
9198b9a4-8d8f-4ba6-9924-4c86982d890a,What activity is featured in the frame?,Preparing shawarma.,The activity featured in the frame is the preparation of tortillas.,1036,323400,0.0032,1372,7,15000,0,64,1
9198b9a4-8d8f-4ba6-9924-4c86982d890a,Is the shawarma preparation process completed in the clip?,No.,"Yes, the shawarma preparation process is completed in the clip, with the shawarma being rolled and placed in a container.",1036,323400,0.0032,1372,7,15000,0,64,1
9198b9a4-8d8f-4ba6-9924-4c86982d890a,Is there more than one person visible in the kitchen?,No.,"Yes, there is another person visible in the kitchen, partially visible on the left side of the frame.",1036,323400,0.0032,1372,7,15000,0,64,1
9198b9a4-8d8f-4ba6-9924-4c86982d890a,Does the clip show any cooking appliances being used?,No.,"Yes, the clip shows a stove with a pot on it, indicating that cooking appliances are being used.",1036,323400,0.0032,1372,7,15000,0,64,1
9198b9a4-8d8f-4ba6-9924-4c86982d890a,Is there any sign of food already cooked in the scene?,No.,"Yes, there is a pot of food on the stove, indicating that some food has already been cooked.",1036,323400,0.0032,1372,7,15000,0,64,1
9198b9a4-8d8f-4ba6-9924-4c86982d890a,Is the person in the frame wearing gloves?,No.,"No, the person is not wearing gloves.",1036,323400,0.0032,1372,7,15000,0,64,1
9198b9a4-8d8f-4ba6-9924-4c86982d890a,"In the video, is the meat added to the shawarma wrap before chopping the herbs?",No,"Yes, the meat is added to the shawarma wrap before chopping the herbs.",1036,323400,0.0032,1372,7,15000,0,64,1
9198b9a4-8d8f-4ba6-9924-4c86982d890a,"In the video, is the shawarma wrap prepared before the vegetables are chopped?",Yes,"Yes, the shawarma wrap is prepared before the vegetables are chopped.",1036,323400,0.0032,1372,7,15000,0,64,1
9198b9a4-8d8f-4ba6-9924-4c86982d890a,Does chopping herbs happen after the vegetables are mixed in the bowl?,No,"Yes, chopping herbs happens after the vegetables are mixed in the bowl.",1036,323400,0.0032,1372,7,15000,0,64,1
9198b9a4-8d8f-4ba6-9924-4c86982d890a,Is the shawarma meat cooked before the vegetables are cut?,Yes,"Yes, the shawarma meat is cooked before the vegetables are cut.",1036,323400,0.0032,1372,7,15000,0,64,1
9198b9a4-8d8f-4ba6-9924-4c86982d890a,What happens just before the shawarma meat is added to the wrap in the video?,The vegetables are mixed in a bowl,"Just before the shawarma meat is added to the wrap, the person is seen holding a red onion and a spoon, preparing to add it to the wrap.",1036,323400,0.0032,1372,7,15000,0,64,1
9198b9a4-8d8f-4ba6-9924-4c86982d890a,What action takes place before the wrap is rolled up in the video?,The meat and vegetables are added to it,"Before the wrap is rolled up, the person is seen holding a red onion and a spoon, preparing to cut it.",1036,323400,0.0032,1372,7,15000,0,64,1
9198b9a4-8d8f-4ba6-9924-4c86982d890a,"In the video, is the meat placed on the bread before adding vegetables?",No,"Yes, the meat is placed on the bread before adding vegetables.",1036,323400,0.0032,1372,7,15000,0,64,1
9198b9a4-8d8f-4ba6-9924-4c86982d890a,Is the bread toasted before spreading the meat on it?,No,"Yes, the bread is toasted before spreading the meat on it.",1036,323400,0.0032,1372,7,15000,0,64,1
9198b9a4-8d8f-4ba6-9924-4c86982d890a,"In the clip, is the chopping of vegetables shown before the frying of meat?",Yes,"Yes, the chopping of vegetables is shown before the frying of meat.",1036,323400,0.0032,1372,7,15000,0,64,1
9198b9a4-8d8f-4ba6-9924-4c86982d890a,Does the video show adding condiments after the meat is placed on the bread?,Yes,"No, the video does not show adding condiments after the meat is placed on the bread.",1036,323400,0.0032,1372,7,15000,0,64,1
9198b9a4-8d8f-4ba6-9924-4c86982d890a,What occurs just before the meat is added to the bread in the video?,Vegetables are chopped,"A person is seen holding a red tomato, preparing to add it to the bread.",1036,323400,0.0032,1372,7,15000,0,64,1
9198b9a4-8d8f-4ba6-9924-4c86982d890a,"In the video sequence, what do we see happening before the bread is picked up?",Vegetables being sautéed,"Before the bread is picked up, we see a person cutting red bell peppers on a wooden cutting board.",1036,323400,0.0032,1372,7,15000,0,64,1
9198b9a4-8d8f-4ba6-9924-4c86982d890a,"Before the chopping of vegetables, what event is shown in the clip?",Preparing other ingredients,"Before the chopping of vegetables, a cooking event is shown in the clip.",1036,323400,0.0032,1372,7,15000,0,64,1
9198b9a4-8d8f-4ba6-9924-4c86982d890a,What does the cook do before adding condiments to the shawarma?,Place meat on the bread,The cook adds a red chili pepper to the shawarma before adding condiments.,1036,323400,0.0032,1372,7,15000,0,64,1
9198b9a4-8d8f-4ba6-9924-4c86982d890a,What is the setting of this scene?,A kitchen.,The setting of this scene is a kitchen.,1213,376320,0.0032,1568,8,15000,0,64,1
9198b9a4-8d8f-4ba6-9924-4c86982d890a,What culinary activity is taking place?,Preparing shawarma.,The culinary activity taking place is making tortillas.,1213,376320,0.0032,1568,8,15000,0,64,1
9198b9a4-8d8f-4ba6-9924-4c86982d890a,Which type of cuisine is being worked on?,"Middle Eastern, specifically shawarma.",The cuisine being worked on is Mexican.,1213,376320,0.0032,1568,8,15000,0,64,1
9198b9a4-8d8f-4ba6-9924-4c86982d890a,Are any other tasks being carried out besides cooking?,"No, just cooking.","Yes, the person is also seen holding a red tortilla and a spatula, suggesting that they are preparing other dishes or ingredients.",1213,376320,0.0032,1568,8,15000,0,64,1
9198b9a4-8d8f-4ba6-9924-4c86982d890a,Is the kitchen residential or commercial?,It appears residential.,Residential,1213,376320,0.0032,1568,8,15000,0,64,1
9198b9a4-8d8f-4ba6-9924-4c86982d890a,Is any equipment being used in the action?,"Yes, a knife for chopping.","Yes, a frying pan is being used to cook the filling in the pot.",1213,376320,0.0032,1568,8,15000,0,64,1
9198b9a4-8d8f-4ba6-9924-4c86982d890a,Is the person cooking alone or with others?,The clip only shows one person cooking.,The person is cooking with others.,1213,376320,0.0032,1568,8,15000,0,64,1
9198b9a4-8d8f-4ba6-9924-4c86982d890a,Is there more than one person in this scene?,No.,"No, there is only one person in this scene.",1213,376320,0.0032,1568,8,15000,0,64,1
9198b9a4-8d8f-4ba6-9924-4c86982d890a,Has the meal been completed in this frame?,No.,"Yes, the meal has been completed in this frame. The person has successfully made the burritos, and the burritos are now ready to be served.",1213,376320,0.0032,1568,8,15000,0,64,1
9198b9a4-8d8f-4ba6-9924-4c86982d890a,Is the person in the video cleaning?,No.,"No, the person is not cleaning.",1213,376320,0.0032,1568,8,15000,0,64,1
9198b9a4-8d8f-4ba6-9924-4c86982d890a,Does this clip show the finished shawarma dish?,No.,"No, the clip does not show the finished shawarma dish. It only shows the process of making the shawarma wraps.",1213,376320,0.0032,1568,8,15000,0,64,1
9198b9a4-8d8f-4ba6-9924-4c86982d890a,Are there any children present in this video?,No.,"No, there are no children present in this video.",1213,376320,0.0032,1568,8,15000,0,64,1
9198b9a4-8d8f-4ba6-9924-4c86982d890a,"In the video, is the shawarma prepared after I washed the vegetables?",No,"Yes, the shawarma is prepared after I washed the vegetables.",1213,376320,0.0032,1568,8,15000,0,64,1
9198b9a4-8d8f-4ba6-9924-4c86982d890a,"In the video, do I chop the parsley before assembling the shawarma?",Yes,"Yes, you chop the parsley before assembling the shawarma.",1213,376320,0.0032,1568,8,15000,0,64,1
9198b9a4-8d8f-4ba6-9924-4c86982d890a,Does cutting tomatoes occur before the marinating of meat?,Yes,"Yes, the person is seen cutting tomatoes before the marinating of meat.",1213,376320,0.0032,1568,8,15000,0,64,1
9198b9a4-8d8f-4ba6-9924-4c86982d890a,"In the clip, is the garlic crushed before the tzatziki sauce is mixed?",Yes,"Yes, the garlic is crushed before the tzatziki sauce is mixed.",1213,376320,0.0032,1568,8,15000,0,64,1
9198b9a4-8d8f-4ba6-9924-4c86982d890a,Is the lettuce shredded after the hummus is spread on the bread?,Yes,"No, the lettuce is not shredded after the hummus is spread on the bread.",1213,376320,0.0032,1568,8,15000,0,64,1
9198b9a4-8d8f-4ba6-9924-4c86982d890a,What happens before I season the shawarma meat?,Chopping onions,"Before seasoning the shawarma meat, the person uses a spoon to scoop some of the meat from a container and places it on a cutting board.",1213,376320,0.0032,1568,8,15000,0,64,1
9198b9a4-8d8f-4ba6-9924-4c86982d890a,What do I do just before wrapping the shawarma?,Adding sauces,"Just before wrapping the shawarma, you should place the tortilla on a cutting board and cut it in half lengthwise.",1213,376320,0.0032,1568,8,15000,0,64,1
9198b9a4-8d8f-4ba6-9924-4c86982d890a,What occurs before I put the shawarma on the grill?,Skewing meat,"Before placing the shawarma on the grill, the person uses a spatula to spread the filling evenly on the tortilla.",1213,376320,0.0032,1568,8,15000,0,64,1
9198b9a4-8d8f-4ba6-9924-4c86982d890a,"In the video, what action precedes slicing the cooked shawarma?",Removing from heat,"The action that precedes slicing the cooked shawarma is the person holding a red pepper and a spoon, preparing to cut it.",1213,376320,0.0032,1568,8,15000,0,64,1
9198b9a4-8d8f-4ba6-9924-4c86982d890a,What task is completed before garnishing the dish with parsley?,Placing the shawarma on the plate.,"Before garnishing the dish with parsley, the task of folding the tortillas is completed.",1213,376320,0.0032,1568,8,15000,0,64,1
9198b9a4-8d8f-4ba6-9924-4c86982d890a,"In the kitchen, is shawarma added to the pita before chopping the herbs?",No,"Yes, shawarma is added to the pita before chopping the herbs.",1213,376320,0.0032,1568,8,15000,0,64,1
9198b9a4-8d8f-4ba6-9924-4c86982d890a,Are the herbs chopped before the shawarma is cooked?,Yes,"Yes, the herbs are chopped before the shawarma is cooked.",1213,376320,0.0032,1568,8,15000,0,64,1
9198b9a4-8d8f-4ba6-9924-4c86982d890a,Is the pita prepared before any cooking starts?,No,"Yes, the pita is prepared before any cooking starts.",1213,376320,0.0032,1568,8,15000,0,64,1
9198b9a4-8d8f-4ba6-9924-4c86982d890a,Is the pan on the stove before chopping the herbs?,Yes,"Yes, the pan is on the stove before chopping the herbs.",1213,376320,0.0032,1568,8,15000,0,64,1
9198b9a4-8d8f-4ba6-9924-4c86982d890a,What happens before the pita is filled with shawarma?,Shawarma is cooked.,"Before the pita is filled with shawarma, the person places the pita on a wooden cutting board and uses a spatula to spread a mixture of onions and cilantro over it.",1213,376320,0.0032,1568,8,15000,0,64,1
9198b9a4-8d8f-4ba6-9924-4c86982d890a,What is the action performed after placing the pan on the stove?,Cooking shawarma.,"After placing the pan on the stove, the person starts to cook the filling in the pot.",1213,376320,0.0032,1568,8,15000,0,64,1
9198b9a4-8d8f-4ba6-9924-4c86982d890a,What is the setting shown in the video clip?,A kitchen.,"The setting shown in the video clip is a kitchen with various appliances and utensils, including a stove, a sink, and a cutting board with ingredients.",1547,482160,0.0032,1960,10,15000,0,64,1
9198b9a4-8d8f-4ba6-9924-4c86982d890a,Which dish is being prepared in this video?,Shawarma.,The dish being prepared in this video is enchiladas.,1547,482160,0.0032,1960,10,15000,0,64,1
9198b9a4-8d8f-4ba6-9924-4c86982d890a,Are there any decorations visible in the video scene?,"Yes, a Christmas tree.","Yes, there are some decorations visible in the video scene, including a Christmas tree and a bowl of green herbs.",1547,482160,0.0032,1960,10,15000,0,64,1
9198b9a4-8d8f-4ba6-9924-4c86982d890a,What appliances are present in the video scene?,A stove and fridge are visible.,"The appliances present in the video scene include a stove, a microwave, and a blender.",1547,482160,0.0032,1960,10,15000,0,64,1
9198b9a4-8d8f-4ba6-9924-4c86982d890a,Is the kitchen depicted as clean or messy?,It appears clean.,"The kitchen is described as being messy, with various items scattered around, such as a red apple, a bowl of onions, and a bottle of olive oil.",1547,482160,0.0032,1960,10,15000,0,64,1
9198b9a4-8d8f-4ba6-9924-4c86982d890a,Is any cooking appliance being used in the frames?,The stove is being used.,"Yes, a stove is being used in the frames.",1547,482160,0.0032,1960,10,15000,0,64,1
9198b9a4-8d8f-4ba6-9924-4c86982d890a,Is there any evidence of recent cooking in the video?,"Yes, a pan is on the stovetop.","Yes, there is evidence of recent cooking in the video. The person is seen holding a bowl of green leafy vegetables, which suggests that they have been preparing ingredients for a meal. Additionally, there are several bottles and containers on the counter, which could be used for storing ingredients or as part of the cooking process.",1547,482160,0.0032,1960,10,15000,0,64,1
9198b9a4-8d8f-4ba6-9924-4c86982d890a,Is food being cooked or assembled?,"Assembled, as shawarma is being prepared.","Yes, food is being cooked or assembled.",1547,482160,0.0032,1960,10,15000,0,64,1
9198b9a4-8d8f-4ba6-9924-4c86982d890a,Does the clip show any ingredient being chopped or sliced?,"No, not depicted in the clip.","Yes, the clip shows the hands chopping red bell peppers on a cutting board.",1547,482160,0.0032,1960,10,15000,0,64,1
9198b9a4-8d8f-4ba6-9924-4c86982d890a,Is there a person visible in the video clip?,No.,"Yes, there is a person visible in the video clip.",1547,482160,0.0032,1960,10,15000,0,64,1
9198b9a4-8d8f-4ba6-9924-4c86982d890a,Does the clip include any festive decorations?,Yes.,"Yes, the clip includes a festive decoration of a Christmas tree in the background.",1547,482160,0.0032,1960,10,15000,0,64,1
9198b9a4-8d8f-4ba6-9924-4c86982d890a,Can you see any finished dish in the clip?,No.,"No, the clip does not show any finished dish.",1547,482160,0.0032,1960,10,15000,0,64,1
9198b9a4-8d8f-4ba6-9924-4c86982d890a,Does the clip show someone doing the dishes?,No.,"Yes, the clip shows someone doing the dishes.",1547,482160,0.0032,1960,10,15000,0,64,1
9198b9a4-8d8f-4ba6-9924-4c86982d890a,Is there any visible flame or food being cooked directly?,No.,"No, there is no visible flame or food being cooked directly in the image.",1547,482160,0.0032,1960,10,15000,0,64,1
9198b9a4-8d8f-4ba6-9924-4c86982d890a,What is the setting of the latest video clip?,The setting is a kitchen.,The setting of the latest video clip is a kitchen with various cooking utensils and ingredients visible on the counter.,1685,535080,0.0031,2156,11,15000,0,64,1
9198b9a4-8d8f-4ba6-9924-4c86982d890a,Describe the activity being carried out.,Cooking or food preparation is being performed.,"The activity being carried out is the preparation of a dish involving tortillas, vegetables, and a sauce. The person is cutting red bell peppers on a cutting board, adding them to a pot on the stove, and then rolling them into tortillas. The person is also using a spatula to press the tortillas, which are then placed into a pot on the stove. The person is also using a grater to grate some cheese over the tortillas.",1685,535080,0.0031,2156,11,15000,0,64,1
9198b9a4-8d8f-4ba6-9924-4c86982d890a,Does the person open the refrigerator in the video?,Yes.,"No, the person does not open the refrigerator in the video.",1685,535080,0.0031,2156,11,15000,0,64,1
9198b9a4-8d8f-4ba6-9924-4c86982d890a,"In the video, is the refrigerator opened before the cheese is retrieved?",Yes,"No, the refrigerator is not opened before the cheese is retrieved.",1685,535080,0.0031,2156,11,15000,0,64,1
9198b9a4-8d8f-4ba6-9924-4c86982d890a,Is the kitchen light turned on after I enter the room?,No,"Yes, the kitchen is well-lit, with natural light coming in from the window.",1685,535080,0.0031,2156,11,15000,0,64,1
9198b9a4-8d8f-4ba6-9924-4c86982d890a,Do I start preparing shawarma before setting the ingredients on the counter?,No,"Yes, you start preparing shawarma before setting the ingredients on the counter.",1685,535080,0.0031,2156,11,15000,0,64,1
9198b9a4-8d8f-4ba6-9924-4c86982d890a,"In the video, is the tree decorated before I begin cooking?",Yes,"No, the tree is not decorated before I begin cooking.",1685,535080,0.0031,2156,11,15000,0,64,1
9198b9a4-8d8f-4ba6-9924-4c86982d890a,What's the setting of the video clip?,In a kitchen.,"The setting of the video clip is a kitchen with various appliances and utensils, including a stove, a sink, and a cutting board with rolled-up tortillas.",1799,588000,0.0031,2352,12,15000,0,64,1
9198b9a4-8d8f-4ba6-9924-4c86982d890a,What objects are present in this scene?,"Glass cup, glass bowls, steel bowls, whipping cream, flour, eggs, whisker.","The objects present in this scene include a cutting board, a knife, a spoon, a red tomato, a red onion, a red bell pepper, a red tomato, a red onion, a red bell pepper, a red tomato, a red onion, a red bell pepper, a red tomato, a red onion, a red bell pepper, a red tomato, a red onion, a red bell pepper, a red tomato, a red onion, a red bell pepper, a red tomato, a red onion, a red bell pepper, a red tomato, a red onion, a red bell pepper, a red tomato, a red onion, a red bell pepper, a red tomato, a red onion, a red bell pepper, a red tomato, a red onion, a red bell pepper, a red tomato, a red onion, a red bell pepper, a red tomato, a red onion, a red bell pepper, a red tomato, a red onion, a red bell pepper, a red tomato, a red onion, a red bell pepper, a red tomato, a red onion, a red bell pepper, a red tomato, a red onion, a red bell pepper, a red tomato, a red onion, a red bell pepper, a red tomato, a",1799,588000,0.0031,2352,12,15000,0,64,1
9198b9a4-8d8f-4ba6-9924-4c86982d890a,What is the main activity taking place?,Baking preparation.,"The main activity is the preparation of a dish involving tortillas, vegetables, and a sauce.",1799,588000,0.0031,2352,12,15000,0,64,1
9198b9a4-8d8f-4ba6-9924-4c86982d890a,Are there any kitchen appliances visible?,"Yes, a stove and a sink.","Yes, there are various kitchen appliances visible, including a stove, a microwave, and a blender.",1799,588000,0.0031,2352,12,15000,0,64,1
9198b9a4-8d8f-4ba6-9924-4c86982d890a,Can you identify the ingredients used?,"Heavy whipping cream, flour, and eggs.","The ingredients used include red bell peppers, onions, tomatoes, tortillas, shredded cheese, and cilantro.",1799,588000,0.0031,2352,12,15000,0,64,1
9198b9a4-8d8f-4ba6-9924-4c86982d890a,What is being prepared in the kitchen?,A baking recipe.,"The kitchen is preparing a dish that includes rolled tortillas filled with vegetables and possibly meat, along with a bowl of shredded greens and a carton of eggs.",1799,588000,0.0031,2352,12,15000,0,64,1
9198b9a4-8d8f-4ba6-9924-4c86982d890a,What action does the person perform with the eggs?,Cracking and whipping them.,The person grates the eggs over the pot on the stove.,1799,588000,0.0031,2352,12,15000,0,64,1
9198b9a4-8d8f-4ba6-9924-4c86982d890a,What tool is used for whipping the eggs?,A whisker.,A metal grater is used for whipping the eggs.,1799,588000,0.0031,2352,12,15000,0,64,1
9198b9a4-8d8f-4ba6-9924-4c86982d890a,Where are the ingredients placed after being prepared?,In glass and steel bowls.,The ingredients are placed on the counter.,1799,588000,0.0031,2352,12,15000,0,64,1
9198b9a4-8d8f-4ba6-9924-4c86982d890a,How are the ingredients combined?,Poured into bowls and whipped.,"The ingredients are combined by placing the tortillas on a tray, then placing the sliced vegetables on top of the tortillas, and finally placing the cheese on top of the vegetables.",1799,588000,0.0031,2352,12,15000,0,64,1
9198b9a4-8d8f-4ba6-9924-4c86982d890a,Is there an egg crate visible in the scene?,Yes.,"Yes, there is an egg crate visible in the scene.",1799,588000,0.0031,2352,12,15000,0,64,1
9198b9a4-8d8f-4ba6-9924-4c86982d890a,Did the person crack eggs from both a slab and the fridge?,Yes.,"No, the person cracked eggs from the slab into the bowl.",1799,588000,0.0031,2352,12,15000,0,64,1
9198b9a4-8d8f-4ba6-9924-4c86982d890a,Were the flour and whipping cream poured into separate containers?,Yes.,"No, the flour and whipping cream were poured into a single container.",1799,588000,0.0031,2352,12,15000,0,64,1
9198b9a4-8d8f-4ba6-9924-4c86982d890a,Is the heavy whipping cream poured before cracking the eggs?,Yes,"Yes, the heavy whipping cream is poured before cracking the eggs.",1799,588000,0.0031,2352,12,15000,0,64,1
9198b9a4-8d8f-4ba6-9924-4c86982d890a,Is the flour added to the bowl before the eggs are cracked?,Yes,"No, the flour is not added to the bowl before the eggs are cracked.",1799,588000,0.0031,2352,12,15000,0,64,1
9198b9a4-8d8f-4ba6-9924-4c86982d890a,What did I do just before whipping the eggs in the video?,Crack the eggs into steel bowls,You whipped the eggs in the video.,1799,588000,0.0031,2352,12,15000,0,64,1
9198b9a4-8d8f-4ba6-9924-4c86982d890a,What takes place just before flour is poured into a bowl?,Pouring cream into a glass cup,"Before flour is poured into a bowl, the person is seen holding a red onion and a spoon, likely preparing to add it to the flour.",1799,588000,0.0031,2352,12,15000,0,64,1
9198b9a4-8d8f-4ba6-9924-4c86982d890a,What do we see happening before the egg crate is put in the fridge?,Cracking eggs on the slab,"Before the egg crate is put in the fridge, we see a person cutting red bell peppers on a wooden cutting board.",1799,588000,0.0031,2352,12,15000,0,64,1
9198b9a4-8d8f-4ba6-9924-4c86982d890a,What occurs just before the shawarma preparation in the video?,Taking the egg crate out of the fridge,"A person is seen holding a red onion and a spoon, preparing to add it to the shawarma.",1799,588000,0.0031,2352,12,15000,0,64,1
9198b9a4-8d8f-4ba6-9924-4c86982d890a,"In the video, is the egg cracked into the bowl before the cream is poured?",No,"No, the egg is not cracked into the bowl before the cream is poured.",1799,588000,0.0031,2352,12,15000,0,64,1
9198b9a4-8d8f-4ba6-9924-4c86982d890a,Does the egg crate go back into the fridge after the eggs are cracked?,Yes,"No, the egg crate is not shown to go back into the fridge after the eggs are cracked.",1799,588000,0.0031,2352,12,15000,0,64,1
9198b9a4-8d8f-4ba6-9924-4c86982d890a,"In the video, is the flour poured into the bowl after the egg is cracked?",Yes,"No, the flour is not poured into the bowl after the egg is cracked.",1799,588000,0.0031,2352,12,15000,0,64,1
9198b9a4-8d8f-4ba6-9924-4c86982d890a,Does the preparation of shawarma occur before the cream is poured into the cup?,Yes,"Yes, the preparation of shawarma occurs before the cream is poured into the cup.",1799,588000,0.0031,2352,12,15000,0,64,1
9198b9a4-8d8f-4ba6-9924-4c86982d890a,What happens just before the egg crate is put back in the fridge?,The eggs are cracked.,"Just before the egg crate is put back in the fridge, the person picks up the egg crate and places it on the counter.",1799,588000,0.0031,2352,12,15000,0,64,1
9198b9a4-8d8f-4ba6-9924-4c86982d890a,What occurs just before the whipping of the egg?,The egg is cracked into the bowl.,A hand holding a knife is seen slicing a red bell pepper on a cutting board.,1799,588000,0.0031,2352,12,15000,0,64,1
9198b9a4-8d8f-4ba6-9924-4c86982d890a,"In the video, what do we see happening before the flour is poured into the bowl?",The cream is poured into a cup.,"Before the flour is poured into the bowl, we see a person cutting red bell peppers on a wooden cutting board.",1799,588000,0.0031,2352,12,15000,0,64,1
9198b9a4-8d8f-4ba6-9924-4c86982d890a,What happens just before the cream is poured into the cup?,Shawarma is prepared.,"Just before the cream is poured into the cup, the person is seen holding a red spatula, ready to use it to scoop the cream.",1799,588000,0.0031,2352,12,15000,0,64,1
9198b9a4-8d8f-4ba6-9924-4c86982d890a,What is the setting of the video clip?,In a kitchen.,"The setting of the video clip is a kitchen with various appliances and utensils, including a stove, a cutting board, and a blender.",1879,640920,0.0029,2548,13,15000,0,64,1
9198b9a4-8d8f-4ba6-9924-4c86982d890a,What ingredients are combined in the mixture?,"Egg, cheese, baking soda, cream, sugar, vegetables.","The mixture includes shredded vegetables, onions, and cilantro.",1879,640920,0.0029,2548,13,15000,0,64,1
9198b9a4-8d8f-4ba6-9924-4c86982d890a,What utensil is used to stir the mixture?,A spatula.,A blue spatula is used to stir the mixture.,1879,640920,0.0029,2548,13,15000,0,64,1
9198b9a4-8d8f-4ba6-9924-4c86982d890a,Where is the dough placed after removal from the fridge?,On a board on a slab in the kitchen.,The dough is placed on a wooden cutting board on the counter.,1879,640920,0.0029,2548,13,15000,0,64,1
9198b9a4-8d8f-4ba6-9924-4c86982d890a,What does the person do with the dough and mixture?,Stir the mixture; place dough on board.,"The person mixes the dough and mixture in a bowl, then transfers it to a blender.",1879,640920,0.0029,2548,13,15000,0,64,1
9198b9a4-8d8f-4ba6-9924-4c86982d890a,What preparation is shown in the video clip?,Making some food involving a mixed batter.,"The video clip shows the preparation of a dish involving rolling tortillas, including rolling them in a mixture of cheese and vegetables, and then placing them on a tray.",1879,640920,0.0029,2548,13,15000,0,64,1
9198b9a4-8d8f-4ba6-9924-4c86982d890a,What sequence of actions is depicted in the clip?,"Stirring mixture, retrieving, placing dough.","The sequence of actions depicted in the clip includes cutting red bell peppers, rolling them into tortillas, placing them on a tray, and then rolling them into a dough.",1879,640920,0.0029,2548,13,15000,0,64,1
9198b9a4-8d8f-4ba6-9924-4c86982d890a,Does the person whip cream into the mixture?,Yes.,"Yes, the person whisks cream into the mixture.",1879,640920,0.0029,2548,13,15000,0,64,1
9198b9a4-8d8f-4ba6-9924-4c86982d890a,Does the person transfer the mixture to another container?,No.,"Yes, the person transfers the mixture to a container.",1879,640920,0.0029,2548,13,15000,0,64,1
9198b9a4-8d8f-4ba6-9924-4c86982d890a,Is the dough placed in an oven?,No.,"No, the dough is not placed in an oven; it is being prepared on a stovetop.",1879,640920,0.0029,2548,13,15000,0,64,1
9198b9a4-8d8f-4ba6-9924-4c86982d890a,Does the person knead the dough in the clip?,No.,"Yes, the person kneads the dough in the clip.",1879,640920,0.0029,2548,13,15000,0,64,1
9198b9a4-8d8f-4ba6-9924-4c86982d890a,Is there a moment when sugar is added to the mixture?,No (sugar was already added before).,"Yes, there is a moment when sugar is added to the mixture, as indicated by the addition of a spoonful of sugar to the mixture.",1879,640920,0.0029,2548,13,15000,0,64,1
9198b9a4-8d8f-4ba6-9924-4c86982d890a,Was the cream poured into a cup before the eggs were cracked?,Yes,"No, the cream was poured into a bowl before the eggs were cracked.",1879,640920,0.0029,2548,13,15000,0,64,1
9198b9a4-8d8f-4ba6-9924-4c86982d890a,Was the mixture stirred before the dough was brought out?,Yes,"Yes, the mixture was stirred before the dough was brought out.",1879,640920,0.0029,2548,13,15000,0,64,1
9198b9a4-8d8f-4ba6-9924-4c86982d890a,Did the whipping of eggs happen after the flour was poured?,Yes,"Yes, the whipping of eggs happened after the flour was poured.",1879,640920,0.0029,2548,13,15000,0,64,1
9198b9a4-8d8f-4ba6-9924-4c86982d890a,Is sugar added to the mixture after the egg is whipped?,Yes,"No, sugar is not added to the mixture after the egg is whipped.",1879,640920,0.0029,2548,13,15000,0,64,1
9198b9a4-8d8f-4ba6-9924-4c86982d890a,What happened before the dough was placed on the board?,Stirring the mixture,"Before the dough was placed on the board, it was rolled out on a wooden cutting board.",1879,640920,0.0029,2548,13,15000,0,64,1
9198b9a4-8d8f-4ba6-9924-4c86982d890a,What occurs just before the eggs are whipped?,Cracking eggs into bowls,"Just before the eggs are whipped, the person is seen holding a bowl of chopped green herbs, likely cilantro, and a whisk.",1879,640920,0.0029,2548,13,15000,0,64,1
9198b9a4-8d8f-4ba6-9924-4c86982d890a,What is done just before cracking eggs from the fridge?,Pouring cream into a cup,"Just before cracking eggs from the fridge, the person places the egg into a bowl and then uses a spoon to scoop out the yolk.",1879,640920,0.0029,2548,13,15000,0,64,1
9198b9a4-8d8f-4ba6-9924-4c86982d890a,What is done right before adding grated cheese to the mixture?,Stirring the mixture,The person adds grated cheese to the mixture on the cutting board.,1879,640920,0.0029,2548,13,15000,0,64,1
9198b9a4-8d8f-4ba6-9924-4c86982d890a,"In the video, does the cheese get grated before the eggs are cracked?",No,"Yes, the cheese is grated before the eggs are cracked.",1879,640920,0.0029,2548,13,15000,0,64,1
9198b9a4-8d8f-4ba6-9924-4c86982d890a,Is the heavy whipping cream poured into a cup after the flour?,Yes,"No, the heavy whipping cream is poured into a bowl before being used in the recipe.",1879,640920,0.0029,2548,13,15000,0,64,1
9198b9a4-8d8f-4ba6-9924-4c86982d890a,Does the dough come out of the fridge before the eggs are whipped?,No,"No, the dough comes out of the fridge after the eggs are whipped.",1879,640920,0.0029,2548,13,15000,0,64,1
9198b9a4-8d8f-4ba6-9924-4c86982d890a,"In the video, is the sugar added to the mixture before the vegetables?",Yes,"No, the sugar is not added to the mixture before the vegetables.",1879,640920,0.0029,2548,13,15000,0,64,1
9198b9a4-8d8f-4ba6-9924-4c86982d890a,Does the mixture get stirred before the eggs are cracked?,No,"Yes, the mixture is stirred before the eggs are cracked.",1879,640920,0.0029,2548,13,15000,0,64,1
9198b9a4-8d8f-4ba6-9924-4c86982d890a,What happens just before the dough is placed on the board?,The mixture is stirred,"Just before the dough is placed on the board, the person uses a spoon to scoop some of the filling from the bowl and places it on the dough.",1879,640920,0.0029,2548,13,15000,0,64,1
9198b9a4-8d8f-4ba6-9924-4c86982d890a,"In the video sequence, what action is taken before pouring flour into a glass bowl?",Preparing shawarma,"Before pouring flour into a glass bowl, the person uses a spoon to scoop flour from a container and places it into a glass bowl.",1879,640920,0.0029,2548,13,15000,0,64,1
9198b9a4-8d8f-4ba6-9924-4c86982d890a,What occurs just before grating the cheese?,Stirring the mixture,"Just before grating the cheese, the person is seen holding a knife and a spoon, preparing to slice the cheese.",1879,640920,0.0029,2548,13,15000,0,64,1
9198b9a4-8d8f-4ba6-9924-4c86982d890a,"In the video, what happens right before whipping the egg?",Cracking the eggs,"Right before whipping the egg, the person picks up the egg from the counter and places it into a bowl.",1879,640920,0.0029,2548,13,15000,0,64,1
9198b9a4-8d8f-4ba6-9924-4c86982d890a,What do we see happening before the heavy whipping cream is poured?,Preparing shawarma,"Before the heavy whipping cream is poured, we see a person cutting red bell peppers on a wooden cutting board.",1879,640920,0.0029,2548,13,15000,0,64,1
9198b9a4-8d8f-4ba6-9924-4c86982d890a,What is the setting of the video clip?,The setting is a kitchen.,The setting of the video clip is a kitchen.,1998,693840,0.0029,2744,14,15000,0,64,1
9198b9a4-8d8f-4ba6-9924-4c86982d890a,What ingredients are being used?,Dough and mixtures in bowls.,"The ingredients being used are red bell peppers, onions, and cilantro.",1998,693840,0.0029,2744,14,15000,0,64,1
9198b9a4-8d8f-4ba6-9924-4c86982d890a,What equipment is being utilized?,Rolling pin and spatulas.,"A cutting board, a knife, a spoon, a tray, a cutting board, a tray, a cutting board, a tray, a cutting board, a tray, a cutting board, a tray, a cutting board, a tray, a cutting board, a tray, a cutting board, a tray, a cutting board, a tray, a cutting board, a tray, a cutting board, a tray, a cutting board, a tray, a cutting board, a tray, a cutting board, a tray, a cutting board, a tray, a cutting board, a tray, a cutting board, a tray, a cutting board, a tray, a cutting board, a tray, a cutting board, a tray, a cutting board, a tray, a cutting board, a tray, a cutting board, a tray, a cutting board, a tray, a cutting board, a tray, a cutting board, a tray, a cutting board, a tray, a cutting board, a tray, a cutting board, a tray, a cutting board, a tray, a cutting board, a tray, a cutting board, a tray, a cutting board, a tray, a cutting board, a tray, a cutting board, a tray, a cutting board, a",1998,693840,0.0029,2744,14,15000,0,64,1
9198b9a4-8d8f-4ba6-9924-4c86982d890a,What is the main activity occurring?,Preparing dough and mixtures for baking.,"The main activity is the preparation of a dish involving rolling tortillas, including rolling them in a mixture, rolling them in a dough, and then placing them on a cutting board.",1998,693840,0.0029,2744,14,15000,0,64,1
9198b9a4-8d8f-4ba6-9924-4c86982d890a,What task is being performed with the dough?,Rolling the dough with a rolling pin.,The task being performed with the dough is rolling it into a ball.,1998,693840,0.0029,2744,14,15000,0,64,1
9198b9a4-8d8f-4ba6-9924-4c86982d890a,What is being done to the mixtures?,The mixtures are being stirred in steel bowls.,The mixtures are being prepared for the next step in the cooking process.,1998,693840,0.0029,2744,14,15000,0,64,1
9198b9a4-8d8f-4ba6-9924-4c86982d890a,Is the dough being prepared for baking?,Yes.,Yes,1998,693840,0.0029,2744,14,15000,0,64,1
9198b9a4-8d8f-4ba6-9924-4c86982d890a,Is only one type of spatula being used?,"No, two different spatulas are being used.","No, there are two types of spatulas being used.",1998,693840,0.0029,2744,14,15000,0,64,1
9198b9a4-8d8f-4ba6-9924-4c86982d890a,Did the same person handle all tasks shown in the summary?,Yes.,"Yes, the same person is seen handling all tasks shown in the summary.",1998,693840,0.0029,2744,14,15000,0,64,1
9198b9a4-8d8f-4ba6-9924-4c86982d890a,Is anything being cooked in the clip?,"No, only preparation steps are shown.","Yes, there is a pot of chili on the stove being cooked.",1998,693840,0.0029,2744,14,15000,0,64,1
9198b9a4-8d8f-4ba6-9924-4c86982d890a,Is the dough placed on the board before the mixture is stirred?,No,"Yes, the dough is placed on the board before the mixture is stirred.",1998,693840,0.0029,2744,14,15000,0,64,1
9198b9a4-8d8f-4ba6-9924-4c86982d890a,Is the doe taken out of the fridge before the rolling pin is used?,Yes,"No, the doe is not taken out of the fridge before the rolling pin is used.",1998,693840,0.0029,2744,14,15000,0,64,1
9198b9a4-8d8f-4ba6-9924-4c86982d890a,What do we see happening before the spatula stirs the mixture in the steel bowls?,The rolling pin rolls on the dough,"Before the spatula stirs the mixture in the steel bowls, we see a person cutting red bell peppers on a wooden cutting board.",1998,693840,0.0029,2744,14,15000,0,64,1
9198b9a4-8d8f-4ba6-9924-4c86982d890a,Did I pour heavy whipping cream before cracking eggs?,Yes,"Yes, you poured heavy whipping cream before cracking eggs.",1998,693840,0.0029,2744,14,15000,0,64,1
9198b9a4-8d8f-4ba6-9924-4c86982d890a,Is the dough rolled before stirring mixtures in bowls?,Yes,"Yes, the dough is rolled before stirring mixtures in bowls.",1998,693840,0.0029,2744,14,15000,0,64,1
9198b9a4-8d8f-4ba6-9924-4c86982d890a,Do I place the dough on the board after pouring flour?,Yes,"Yes, you should place the dough on the board after pouring flour.",1998,693840,0.0029,2744,14,15000,0,64,1
9198b9a4-8d8f-4ba6-9924-4c86982d890a,What happens just before I place the dough on the board?,I bring out the dough from the fridge.,"Just before placing the dough on the board, the person's hands are seen holding a spoon and a red spatula, indicating they are about to start the cooking process.",1998,693840,0.0029,2744,14,15000,0,64,1
9198b9a4-8d8f-4ba6-9924-4c86982d890a,What is the setting of the video clip?,A kitchen with a board and cooking items.,"The setting of the video clip is a kitchen with various appliances and utensils, including a stove, a cutting board, and a blender.",2028,705600,0.0029,2940,15,15000,0,64,1
9198b9a4-8d8f-4ba6-9924-4c86982d890a,What object is primarily shown in the scene?,A doe laid out on a mat on a kitchen board.,"A kitchen counter with various items, including a cutting board, a pot, a blender, and a cutting board with vegetables.",2028,705600,0.0029,2940,15,15000,0,64,1
9198b9a4-8d8f-4ba6-9924-4c86982d890a,Which item is used in the scene?,A knife to trim edges of the doe.,A red bell pepper is used in the scene.,2028,705600,0.0029,2940,15,15000,0,64,1
9198b9a4-8d8f-4ba6-9924-4c86982d890a,What stage of the process is shown?,Trimming and folding the prepared doe.,"The video shows the preparation of a dish, specifically the rolling of tortillas and the preparation of a sauce.",2028,705600,0.0029,2940,15,15000,0,64,1
9198b9a4-8d8f-4ba6-9924-4c86982d890a,Can you describe the main task at hand?,Trimming rough edges of the doe.,"The main task at hand is preparing and cooking tortillas, including rolling them, adding toppings, and preparing a bowl of soup.",2028,705600,0.0029,2940,15,15000,0,64,1
9198b9a4-8d8f-4ba6-9924-4c86982d890a,What preparation step is shown in the clip?,Folding the trimmed doe together.,The preparation step shown in the clip is rolling the tortillas.,2028,705600,0.0029,2940,15,15000,0,64,1
9198b9a4-8d8f-4ba6-9924-4c86982d890a,Did the person use a knife in the video?,Yes.,"Yes, the person used a knife to cut the red bell pepper into strips.",2028,705600,0.0029,2940,15,15000,0,64,1
9198b9a4-8d8f-4ba6-9924-4c86982d890a,Is there any folding action happening?,Yes.,"Yes, there is a folding action happening, with the person using a spoon to fold the tortilla.",2028,705600,0.0029,2940,15,15000,0,64,1
9198b9a4-8d8f-4ba6-9924-4c86982d890a,Did the person complete the trimming action?,Yes.,"Yes, the person completed the trimming action by removing the excess dough from the rolling pin.",2028,705600,0.0029,2940,15,15000,0,64,1
9198b9a4-8d8f-4ba6-9924-4c86982d890a,Is the dough folded before trimming the rough edges?,No,"Yes, the dough is folded before trimming the rough edges.",2028,705600,0.0029,2940,15,15000,0,64,1
9198b9a4-8d8f-4ba6-9924-4c86982d890a,Does stirring in the steel bowls happen after folding the dough?,No,"Yes, stirring in the steel bowls happens after folding the dough.",2028,705600,0.0029,2940,15,15000,0,64,1
9198b9a4-8d8f-4ba6-9924-4c86982d890a,What occurs just before folding the dough?,Trimming the rough edges with a knife,"Just before folding the dough, the person holds a red onion and a spoon, preparing to add it to the dough.",2028,705600,0.0029,2940,15,15000,0,64,1
9198b9a4-8d8f-4ba6-9924-4c86982d890a,What happens before stirring mixtures in steel bowls?,Rolling the pin on the dough,"Before stirring mixtures in steel bowls, the person uses a spoon to scoop a mixture from a container and stirs it with a fork.",2028,705600,0.0029,2940,15,15000,0,64,1
9198b9a4-8d8f-4ba6-9924-4c86982d890a,Does rolling the dough with a rolling pin happen before trimming its edges?,Yes,"Yes, the rolling pin is used to flatten the dough before trimming its edges.",2028,705600,0.0029,2940,15,15000,0,64,1
9198b9a4-8d8f-4ba6-9924-4c86982d890a,Is the trimmed dough folded before stirring the mixture?,No,"Yes, the trimmed dough is folded before stirring the mixture.",2028,705600,0.0029,2940,15,15000,0,64,1
9198b9a4-8d8f-4ba6-9924-4c86982d890a,Do I take out the dough from the fridge before preparing mixtures?,Yes,"No, you should not take out the dough from the fridge before preparing mixtures.",2028,705600,0.0029,2940,15,15000,0,64,1
9198b9a4-8d8f-4ba6-9924-4c86982d890a,What occurs before folding the trimmed dough?,Trimming the rough edges with a knife,"Before folding the trimmed dough, the person places the rolled-up dough on a cutting board and then uses a spatula to fold it.",2028,705600,0.0029,2940,15,15000,0,64,1
9198b9a4-8d8f-4ba6-9924-4c86982d890a,What is the first thing I do with the dough after taking it out from the fridge?,Placing it on a board,The first thing you do with the dough after taking it out from the fridge is to place it on a wooden cutting board.,2028,705600,0.0029,2940,15,15000,0,64,1
0fa75cb3-c4a0-4232-bdc4-15116ed39d88,What is the setting of the video clip?,It is in an outdoor field.,"The setting of the video clip is an empty, sunlit courtyard with a pathway leading to a covered area with a curved roof. There are palm trees and a clear sky visible in the background.",358,164640,0.0022,392,2,15000,0,64,1
0fa75cb3-c4a0-4232-bdc4-15116ed39d88,Is the scene occurring in an urban or rural environment?,Rural environment.,"The scene is occurring in an urban environment, as indicated by the presence of palm trees and the architectural style of the building.",358,164640,0.0022,392,2,15000,0,64,1
0fa75cb3-c4a0-4232-bdc4-15116ed39d88,What time of day does the scene appear to be set in?,It appears to be set in the evening.,"The scene appears to be set during sunset, as indicated by the low position of the sun near the horizon and the warm, golden light.",358,164640,0.0022,392,2,15000,0,64,1
0fa75cb3-c4a0-4232-bdc4-15116ed39d88,How is the subject navigating the outdoor space?,The subject is walking on the field and then heads home.,The subject is navigating the outdoor space by walking along a paved path that leads to a covered area with a curved roof.,358,164640,0.0022,392,2,15000,0,64,1
0fa75cb3-c4a0-4232-bdc4-15116ed39d88,Can you provide an overview of the action in this clip?,"Subject walks outdoors, across a field, and returns home.","The video shows a serene and peaceful scene of a sunset over a lush green landscape. The sun is setting behind a row of tall palm trees, casting a warm glow over the area. The sky is a beautiful gradient of colors, transitioning from a deep blue at the top to a soft orange near the horizon. The ground is covered in a carpet of green grass, and the trees are adorned with vibrant green leaves. The overall atmosphere is tranquil and calming, with the sound of the waves gently lapping against the shore.",358,164640,0.0022,392,2,15000,0,64,1
0fa75cb3-c4a0-4232-bdc4-15116ed39d88,Does the video show the subject entering a building?,No.,"No, the video does not show the subject entering a building. It only shows the subject standing in front of a building with a view of the sunset.",358,164640,0.0022,392,2,15000,0,64,1
0fa75cb3-c4a0-4232-bdc4-15116ed39d88,Is the subject interacting with other people in the video?,No.,"No, the subject is not interacting with other people in the video.",358,164640,0.0022,392,2,15000,0,64,1
0fa75cb3-c4a0-4232-bdc4-15116ed39d88,Does the video capture the subject engaging in a sport?,No.,"No, the video does not capture the subject engaging in a sport. It shows a serene and peaceful scene of a sunset with palm trees and a stone wall.",358,164640,0.0022,392,2,15000,0,64,1
0fa75cb3-c4a0-4232-bdc4-15116ed39d88,Is the subject seen leaving the field in the video?,Yes.,"No, the subject is not seen leaving the field in the video.",358,164640,0.0022,392,2,15000,0,64,1
0fa75cb3-c4a0-4232-bdc4-15116ed39d88,Does the video show the subject at home?,"No, just heading home.","No, the video does not show the subject at home. It is a street view of a building with a covered walkway and a view of the sun setting in the background.",358,164640,0.0022,392,2,15000,0,64,1
0fa75cb3-c4a0-4232-bdc4-15116ed39d88,What is the location of the video clip?,The video clip is in a field with a walkway.,The location of the video clip is a courtyard with a white archway and palm trees.,458,217560,0.0021,588,3,15000,0,64,1
0fa75cb3-c4a0-4232-bdc4-15116ed39d88,What activity is shown in the video?,Walking on a walkway and looking around.,"The video shows a person walking on a sidewalk, passing by a white building with a curved roof and palm trees.",458,217560,0.0021,588,3,15000,0,64,1
0fa75cb3-c4a0-4232-bdc4-15116ed39d88,What time of day does the video depict?,The video depicts evening or dusk.,The video depicts sunset.,458,217560,0.0021,588,3,15000,0,64,1
0fa75cb3-c4a0-4232-bdc4-15116ed39d88,What natural features can be seen in the video?,There is a body of water visible.,The video shows a clear blue sky with a sun setting behind the palm trees.,458,217560,0.0021,588,3,15000,0,64,1
0fa75cb3-c4a0-4232-bdc4-15116ed39d88,Does the person stop to observe a specific scene?,Yes.,"No, the person does not stop to observe a specific scene.",458,217560,0.0021,588,3,15000,0,64,1
0fa75cb3-c4a0-4232-bdc4-15116ed39d88,"In the video, did I look at the scenes before walking on the field?",No,"No, you didn't look at the scenes before walking on the field.",458,217560,0.0021,588,3,15000,0,64,1
0fa75cb3-c4a0-4232-bdc4-15116ed39d88,"In the video, was I indoors before going to the field?",No,"No, you were not indoors before going to the field.",458,217560,0.0021,588,3,15000,0,64,1
0fa75cb3-c4a0-4232-bdc4-15116ed39d88,What happened before I walked on the walkway in the video?,I was in the field,"Before I walked on the walkway, the sun was setting, and the sky was a gradient of orange and blue.",458,217560,0.0021,588,3,15000,0,64,1
0fa75cb3-c4a0-4232-bdc4-15116ed39d88,What is depicted in the current frame?,It shows a sidewalk lined with palm trees and buildings.,"The current frame depicts a serene and tranquil scene of a white building with a curved roof, surrounded by lush greenery and palm trees. The building is situated on a paved area with a pathway leading towards it, and the sky is painted with hues of orange and pink, indicating that the sun is setting.",522,270480,0.0019,784,4,15000,0,64,1
0fa75cb3-c4a0-4232-bdc4-15116ed39d88,What activity is taking place in these frames?,Walking along a residential sidewalk.,"The frames show a person walking on a sidewalk, possibly heading towards a bus stop or a bus stop area.",522,270480,0.0019,784,4,15000,0,64,1
0fa75cb3-c4a0-4232-bdc4-15116ed39d88,Does this video show a busy city street?,No.,"No, the video does not show a busy city street. It shows a peaceful and serene scene of a palm tree-lined walkway during sunset.",522,270480,0.0019,784,4,15000,0,64,1
0fa75cb3-c4a0-4232-bdc4-15116ed39d88,Does the clip capture any interaction with people?,No.,"No, the clip does not capture any interaction with people.",522,270480,0.0019,784,4,15000,0,64,1
0fa75cb3-c4a0-4232-bdc4-15116ed39d88,Is the person entering a building in this scene?,No.,No,522,270480,0.0019,784,4,15000,0,64,1
0fa75cb3-c4a0-4232-bdc4-15116ed39d88,Was I in the field after walking on the walkway?,No.,No,522,270480,0.0019,784,4,15000,0,64,1
0fa75cb3-c4a0-4232-bdc4-15116ed39d88,Did I go home before looking at the scenes?,No.,"Yes, I did go home before looking at the scenes.",522,270480,0.0019,784,4,15000,0,64,1
0fa75cb3-c4a0-4232-bdc4-15116ed39d88,What occurs just before I look at the scenes?,I walk on the walkway.,The sun sets.,522,270480,0.0019,784,4,15000,0,64,1
0fa75cb3-c4a0-4232-bdc4-15116ed39d88,What do I do before walking on the walkway?,I am in the field.,"Before walking on the walkway, make sure to check the weather forecast and plan your route accordingly.",522,270480,0.0019,784,4,15000,0,64,1
0fa75cb3-c4a0-4232-bdc4-15116ed39d88,Did I walk on the field before looking at the scenes?,Yes,"No, I did not walk on the field before looking at the scenes.",522,270480,0.0019,784,4,15000,0,64,1
0fa75cb3-c4a0-4232-bdc4-15116ed39d88,Is the walk on the walkway shown before going home in the video?,Yes,"No, the walk on the walkway shown before going home in the video is not shown.",522,270480,0.0019,784,4,15000,0,64,1
0fa75cb3-c4a0-4232-bdc4-15116ed39d88,"In the video, do we see walking through the walkways before walking on the field?",No,"Yes, we see walking through the walkways before walking on the field.",522,270480,0.0019,784,4,15000,0,64,1
0fa75cb3-c4a0-4232-bdc4-15116ed39d88,Do I walk along the water before walking under the trees as shown in the clip?,Yes,"No, you should walk under the trees before walking along the water.",522,270480,0.0019,784,4,15000,0,64,1
0fa75cb3-c4a0-4232-bdc4-15116ed39d88,"In the video sequence, what occurs before walking on the field?",Being outdoors,"Before walking on the field, the sun is setting, and the sky is a gradient of blue and orange hues.",522,270480,0.0019,784,4,15000,0,64,1
0fa75cb3-c4a0-4232-bdc4-15116ed39d88,What event takes place before walking under the trees in the clip?,Walking along the water,A sunset event takes place before walking under the trees in the clip.,522,270480,0.0019,784,4,15000,0,64,1
0fa75cb3-c4a0-4232-bdc4-15116ed39d88,What is the setting of the scenario seen in the video?,A residential area with palm trees and walkways.,"The setting of the scenario is a serene and tranquil outdoor area, likely a park or a garden, with a pathway lined with palm trees and a white building with a sloped roof in the background. The sky is clear, and the sun is setting, casting a warm glow over the scene.",628,323400,0.0019,980,5,15000,0,64,1
0fa75cb3-c4a0-4232-bdc4-15116ed39d88,What can be seen in the background of the video frame?,"Houses, streetlights, and a clear sky.","In the background, there is a white building with a sloped roof and palm trees lining the pathway.",628,323400,0.0019,980,5,15000,0,64,1
0fa75cb3-c4a0-4232-bdc4-15116ed39d88,What are the dominant features of the environment in this clip?,"Landscaped pathways, streetlamps, and tropical foliage.","The dominant features of the environment in this clip are the white arches, palm trees, a white building, a curved path, and a parking lot.",628,323400,0.0019,980,5,15000,0,64,1
0fa75cb3-c4a0-4232-bdc4-15116ed39d88,Can you characterize the location shown in the video?,A well-maintained suburban neighborhood.,"The location shown in the video is a serene and tranquil outdoor space, likely a park or a garden area, with a pathway leading towards a white building with a sloped roof. The area is adorned with palm trees, a white building with a sloped roof, and a curved archway leading to a pathway. The sky is clear, and the sun is setting, casting a warm glow over the scene.",628,323400,0.0019,980,5,15000,0,64,1
0fa75cb3-c4a0-4232-bdc4-15116ed39d88,What action is being undertaken in the new frames?,Walking along a residential street.,The action being undertaken in the new frames is the installation of a bus stop.,628,323400,0.0019,980,5,15000,0,64,1
0fa75cb3-c4a0-4232-bdc4-15116ed39d88,Is there any sign of wildlife in the frames provided?,No.,"No, there are no signs of wildlife in the frames provided.",628,323400,0.0019,980,5,15000,0,64,1
0fa75cb3-c4a0-4232-bdc4-15116ed39d88,Did the person in the video use any transportation other than walking?,No.,"No, the person in the video did not use any transportation other than walking.",628,323400,0.0019,980,5,15000,0,64,1
0fa75cb3-c4a0-4232-bdc4-15116ed39d88,Does the footage include any sporting activities?,No.,"No, the footage does not include any sporting activities.",628,323400,0.0019,980,5,15000,0,64,1
0fa75cb3-c4a0-4232-bdc4-15116ed39d88,"Is the person in the video engaging with the environment, like sitting or touching?",No.,"No, the person in the video is not engaging with the environment; they are walking along the sidewalk and passing by the palm trees.",628,323400,0.0019,980,5,15000,0,64,1
0fa75cb3-c4a0-4232-bdc4-15116ed39d88,Did I tour the park before walking on the walkways?,Yes,"No, you didn't tour the park before walking on the walkways.",628,323400,0.0019,980,5,15000,0,64,1
0fa75cb3-c4a0-4232-bdc4-15116ed39d88,What do I do before touring the park?,"Nothing, it is the first activity","Before touring the park, you should check the park's rules and regulations to ensure you are allowed to enter.",628,323400,0.0019,980,5,15000,0,64,1
0fa75cb3-c4a0-4232-bdc4-15116ed39d88,Did I walk through the park before going home?,Yes,"No, you didn't walk through the park before going home.",628,323400,0.0019,980,5,15000,0,64,1
0fa75cb3-c4a0-4232-bdc4-15116ed39d88,What environment is depicted in this video clip?,"An outdoor, paved area with street lamps.","The environment depicted in this video clip is a serene and tranquil park or garden area with palm trees, a paved pathway, and a white building with a sloped roof.",874,588000,0.0015,1372,7,15000,0,64,1
0fa75cb3-c4a0-4232-bdc4-15116ed39d88,What action am I performing in this clip?,Walking on a pavement outdoors.,Walking down the sidewalk,874,588000,0.0015,1372,7,15000,0,64,1
0fa75cb3-c4a0-4232-bdc4-15116ed39d88,Do I interact with anyone in this video clip?,No.,"No, there are no people visible in this video clip.",874,588000,0.0015,1372,7,15000,0,64,1
0fa75cb3-c4a0-4232-bdc4-15116ed39d88,What is the setting of this video clip?,The setting is an outdoor pavement in a residential area.,"The setting of this video clip is a serene outdoor area with a pathway lined with palm trees, a white building with a dome-like structure, and a clear sky with a setting sun.",1008,693840,0.0015,1568,8,15000,0,64,1
0fa75cb3-c4a0-4232-bdc4-15116ed39d88,What time of day is depicted in this frame?,It appears to be twilight or early evening.,"The time of day depicted in this frame is sunset, as indicated by the sun setting behind the palm trees.",1008,693840,0.0015,1568,8,15000,0,64,1
0fa75cb3-c4a0-4232-bdc4-15116ed39d88,What elements indicate that this is a residential area?,The presence of housing structures and lack of commercial signs.,"The presence of a white building with a flat roof, palm trees, and a paved pathway with a sign indicating a speed limit of 60 mph suggest that this is a residential area.",1008,693840,0.0015,1568,8,15000,0,64,1
0fa75cb3-c4a0-4232-bdc4-15116ed39d88,What type of path is the person on in the video?,The person is on a paved walkway.,The person is on a paved path that runs parallel to a sidewalk.,1008,693840,0.0015,1568,8,15000,0,64,1
0fa75cb3-c4a0-4232-bdc4-15116ed39d88,Does the scene suggest a leisurely or rushed pace?,The scene suggests a leisurely pace.,"The scene suggests a leisurely pace, as there are no people visible in the image, and the lighting is soft, indicating a calm and serene atmosphere.",1008,693840,0.0015,1568,8,15000,0,64,1
0fa75cb3-c4a0-4232-bdc4-15116ed39d88,Does the person interact with any objects in the scene?,No.,"Yes, the person walks along the pathway, passing by a sign with a ""60"" and a ""slow"" sign, and a person in a yellow shirt.",1008,693840,0.0015,1568,8,15000,0,64,1
0fa75cb3-c4a0-4232-bdc4-15116ed39d88,Is the person traveling with someone else?,No.,"Yes, the person is traveling with someone else.",1008,693840,0.0015,1568,8,15000,0,64,1
0fa75cb3-c4a0-4232-bdc4-15116ed39d88,Does the video capture any animals in the scene?,No.,"No, the video does not capture any animals.",1008,693840,0.0015,1568,8,15000,0,64,1
0fa75cb3-c4a0-4232-bdc4-15116ed39d88,Does the individual seem to be lost or searching for directions?,No.,"The individual appears to be walking along the pathway, possibly searching for directions or simply enjoying the surroundings.",1008,693840,0.0015,1568,8,15000,0,64,1
879dd163-7588-45d1-9466-a5deabc59167,What is depicted in the scene of the video clip?,A person relaxing on a couch holding an e-reader.,"The scene shows a person sitting on a couch with a brown cushion, wearing blue jeans and a green and black patterned shirt. They have a brown bag with a red and white pattern on their lap. The background features a wooden shelf with a plant and a chandelier hanging from the ceiling.",231,58800,0.0039,392,2,15000,0,64,1
879dd163-7588-45d1-9466-a5deabc59167,What location is shown in the video clip?,Inside a house.,"The video clip shows a living room with a couch, a table, and a wall with a shelf.",231,58800,0.0039,392,2,15000,0,64,1
879dd163-7588-45d1-9466-a5deabc59167,Describe the setting where the action takes place.,A living room with a dining area in the background.,"The setting is a cozy living room with a beige couch, a wooden shelf with a few decorative items, and a chandelier hanging from the ceiling.",231,58800,0.0039,392,2,15000,0,64,1
879dd163-7588-45d1-9466-a5deabc59167,How is the environment arranged in the video clip?,"A cozy arrangement with a couch, curtain, and dining set.","The environment is arranged in a cozy living room setting, with a beige couch, a wooden shelf with decorative items, and a chandelier hanging from the ceiling.",231,58800,0.0039,392,2,15000,0,64,1
879dd163-7588-45d1-9466-a5deabc59167,What is the subject doing in the video?,Resting and perhaps beginning to read an e-book.,"The subject is sitting on a couch, holding a book and a tablet.",231,58800,0.0039,392,2,15000,0,64,1
879dd163-7588-45d1-9466-a5deabc59167,Can you provide an overview of the action in this clip?,Leisurely activities involving electronic devices at home.,"The video shows a person sitting on a couch with their legs crossed, wearing blue jeans and a green and black striped shirt. They are holding a brown bag with a patterned design and a red and white striped bag. The person is also holding a brown book with a black cover. The background shows a living room with a beige couch, a wooden shelf with a plant and a decorative item, and a chandelier hanging from the ceiling. The person appears to be reading or looking at the book while holding the bag.",231,58800,0.0039,392,2,15000,0,64,1
879dd163-7588-45d1-9466-a5deabc59167,Does the video capture the person sitting on the couch?,Yes.,"Yes, the video captures the person sitting on the couch, with their legs crossed and feet resting on the couch.",231,58800,0.0039,392,2,15000,0,64,1
879dd163-7588-45d1-9466-a5deabc59167,Is the person in the video engaged in a strenuous activity?,No.,"No, the person in the video is not engaged in a strenuous activity. They are simply sitting on a couch with their legs crossed, holding a book, and reading.",231,58800,0.0039,392,2,15000,0,64,1
879dd163-7588-45d1-9466-a5deabc59167,What is the setting of the scene in the clip?,The setting is inside a house.,"The setting of the scene is a living room with a beige sofa, a wooden shelf with decorative items, and a chandelier in the background.",263,164640,0.0016,588,3,15000,0,64,1
879dd163-7588-45d1-9466-a5deabc59167,Where was the reading activity taking place?,The reading took place on a couch.,The reading activity was taking place in a cozy living room.,263,164640,0.0016,588,3,15000,0,64,1
879dd163-7588-45d1-9466-a5deabc59167,What object is prominently featured in the scene?,A tablet is prominently featured.,A tablet with a large screen is prominently featured in the scene.,263,164640,0.0016,588,3,15000,0,64,1
879dd163-7588-45d1-9466-a5deabc59167,What is the room's appearance in the video clip?,The room appears to be a living area.,"The room has a neutral color scheme with beige walls, a wooden floor, and a beige sofa with a green and black patterned pillow. There is also a shelf with a few decorative items on it.",263,164640,0.0016,588,3,15000,0,64,1
879dd163-7588-45d1-9466-a5deabc59167,What activity is the subject engaged in?,The subject is engaged in reading a book.,The subject is engaged in reading a book on a tablet.,263,164640,0.0016,588,3,15000,0,64,1
879dd163-7588-45d1-9466-a5deabc59167,Describe the posture of the person in the action.,The person is sitting with legs up on the couch.,"The person is sitting cross-legged on a couch, with their legs crossed and feet resting on the armrest. They are holding the tablet with both hands, and their posture suggests a relaxed and comfortable position.",263,164640,0.0016,588,3,15000,0,64,1
879dd163-7588-45d1-9466-a5deabc59167,Does the clip show a person reading a physical book?,No.,"Yes, the clip shows a person reading a physical book.",263,164640,0.0016,588,3,15000,0,64,1
879dd163-7588-45d1-9466-a5deabc59167,Is the subject standing while reading?,No.,"No, the subject is not standing while reading.",263,164640,0.0016,588,3,15000,0,64,1
879dd163-7588-45d1-9466-a5deabc59167,Does the video capture multiple people in the room?,No.,"Yes, the video captures multiple people in the room, including the person holding the tablet and the person sitting on the couch.",263,164640,0.0016,588,3,15000,0,64,1
879dd163-7588-45d1-9466-a5deabc59167,Does the video show a daytime setting?,No.,"Yes, the video shows a daytime setting.",263,164640,0.0016,588,3,15000,0,64,1
879dd163-7588-45d1-9466-a5deabc59167,What setting is shown in the video?,A house interior is shown in the video.,"The video shows a cozy living room setting with a beige sofa, a wooden shelf with decorative items, and a dining area in the background.",314,270480,0.0012,784,4,15000,0,64,1
879dd163-7588-45d1-9466-a5deabc59167,Explain the immediate scene in the video?,The video captures a moment of domestic relaxation.,"The video shows a person sitting on a couch with their legs crossed, wearing blue jeans and a green and black striped shirt. They are holding a brown book and a white bag with a colorful pattern. The background features a beige couch, a wooden shelf with a plant, and a chandelier hanging from the ceiling. The person is reading the book, which is open on their lap.",314,270480,0.0012,784,4,15000,0,64,1
879dd163-7588-45d1-9466-a5deabc59167,Can you describe the motion occurring in the clip?,"There is minimal motion, mainly of holding a tablet.","The motion in the clip is a person sitting on a couch, holding a tablet with both hands, and reading a book.",314,270480,0.0012,784,4,15000,0,64,1
879dd163-7588-45d1-9466-a5deabc59167,How would you caption the video's current activity?,Leisure time: Engrossed in digital reading.,'Climbing the stairs to the living room to read a book on the iPad',314,270480,0.0012,784,4,15000,0,64,1
879dd163-7588-45d1-9466-a5deabc59167,Does the video show a person standing up?,No.,"No, the video does not show a person standing up; it only shows a person sitting on a couch.",314,270480,0.0012,784,4,15000,0,64,1
879dd163-7588-45d1-9466-a5deabc59167,Is the video capturing outdoor activities?,No.,"No, the video is not capturing outdoor activities. It is focused on a cozy indoor setting with a couch, a bag, and a table.",314,270480,0.0012,784,4,15000,0,64,1
879dd163-7588-45d1-9466-a5deabc59167,Does the video depict a social gathering?,No.,"No, the video does not depict a social gathering; it shows a person sitting on a couch with a book and a tablet.",314,270480,0.0012,784,4,15000,0,64,1
879dd163-7588-45d1-9466-a5deabc59167,Is the individual in the video interacting with others?,No.,"No, the individual in the video is not interacting with others; they are focused on their own activity.",314,270480,0.0012,784,4,15000,0,64,1
879dd163-7588-45d1-9466-a5deabc59167,Is the scene taking place in a work environment?,No.,"Yes, the scene appears to be set in a home environment, as indicated by the presence of a couch, a table, and a chair.",314,270480,0.0012,784,4,15000,0,64,1
879dd163-7588-45d1-9466-a5deabc59167,What is the main activity depicted in this video scene?,Reading a book on a tablet.,The main activity depicted in this video scene is a person reading a book on a tablet.,384,482160,0.0008,980,5,15000,0,64,1
879dd163-7588-45d1-9466-a5deabc59167,Where is this scene taking place?,Inside a house.,This scene is taking place in a living room.,384,482160,0.0008,980,5,15000,0,64,1
879dd163-7588-45d1-9466-a5deabc59167,How is the reader positioned in this scenario?,Relaxed on a couch with feet up.,"The reader is positioned on the couch, with their legs crossed and one hand resting on the armrest.",384,482160,0.0008,980,5,15000,0,64,1
879dd163-7588-45d1-9466-a5deabc59167,Can you describe the posture of the reader in this clip?,The reader is lying back with feet propped up.,"The reader is sitting cross-legged on the couch, with their legs crossed and feet resting on the armrest. They are holding the e-reader with both hands, and their legs are slightly bent at the knees.",384,482160,0.0008,980,5,15000,0,64,1
879dd163-7588-45d1-9466-a5deabc59167,What is the focal point of this particular frame?,The tablet displaying text.,"The focus of this particular frame is a person's legs and feet, with a focus on the person's feet and the lower part of their legs.",384,482160,0.0008,980,5,15000,0,64,1
879dd163-7588-45d1-9466-a5deabc59167,What does the stillness of the frame indicate about the action?,It indicates a calm and stationary activity.,The stillness of the frame indicates that the action of reading a book is the primary focus of the scene.,384,482160,0.0008,980,5,15000,0,64,1
879dd163-7588-45d1-9466-a5deabc59167,Does the video show any social interaction?,No.,"No, the video does not show any social interaction. It focuses solely on the person using the e-reader.",384,482160,0.0008,980,5,15000,0,64,1
879dd163-7588-45d1-9466-a5deabc59167,Is the reader changing positions frequently in this clip?,No.,"No, the reader is not changing positions frequently in this clip.",384,482160,0.0008,980,5,15000,0,64,1
879dd163-7588-45d1-9466-a5deabc59167,Does the environment indicate a public or private space?,A private space.,"The environment appears to be a private space, as there are no visible signs of public spaces such as a dining table or a public area.",384,482160,0.0008,980,5,15000,0,64,1
879dd163-7588-45d1-9466-a5deabc59167,Does the reader make use of any physical book in the scene?,No.,"No, the reader does not make use of any physical book in the scene.",384,482160,0.0008,980,5,15000,0,64,1
879dd163-7588-45d1-9466-a5deabc59167,Is there any indication of the reader being disturbed or interrupted?,No.,"No, there is no indication of the reader being disturbed or interrupted.",384,482160,0.0008,980,5,15000,0,64,1
879dd163-7588-45d1-9466-a5deabc59167,What does the video show in the indoor setting?,Someone sitting on a couch using a tablet.,"The video shows a cozy indoor setting with a beige sofa, a wooden shelf with a few items, and a dining area with a table and chairs.",411,535080,0.0008,1176,6,15000,0,64,1
879dd163-7588-45d1-9466-a5deabc59167,Where is the person located in the video?,The person is on the couch inside a house.,The person is located in a living room.,411,535080,0.0008,1176,6,15000,0,64,1
879dd163-7588-45d1-9466-a5deabc59167,How is the person positioned in this section of the video?,They are sitting with legs on the couch.,"The person is sitting on a beige couch with their legs crossed, wearing blue jeans and a green and black striped shirt.",411,535080,0.0008,1176,6,15000,0,64,1
879dd163-7588-45d1-9466-a5deabc59167,What is the person doing with their legs in the video?,They are moving their legs on the couch.,The person is sitting on a couch with their legs crossed and holding an e-reader tablet.,411,535080,0.0008,1176,6,15000,0,64,1
879dd163-7588-45d1-9466-a5deabc59167,How is the tablet being utilized in the video?,The tablet is being held and read from.,"The tablet is being used to read a book, as the person is holding it in their lap and appears to be reading.",411,535080,0.0008,1176,6,15000,0,64,1
879dd163-7588-45d1-9466-a5deabc59167,Is the individual in the video eating?,No.,"No, the individual is not eating.",411,535080,0.0008,1176,6,15000,0,64,1
879dd163-7588-45d1-9466-a5deabc59167,Does the video show the person lying down on the couch?,No.,"Yes, the video shows the person lying down on the couch.",411,535080,0.0008,1176,6,15000,0,64,1
879dd163-7588-45d1-9466-a5deabc59167,Is there a pet visible in the video clip?,No.,"No, there is no pet visible in the video clip.",411,535080,0.0008,1176,6,15000,0,64,1
879dd163-7588-45d1-9466-a5deabc59167,Does the video depict any outdoor scenes?,No.,"No, the video does not depict any outdoor scenes.",411,535080,0.0008,1176,6,15000,0,64,1
879dd163-7588-45d1-9466-a5deabc59167,Is the person in the video talking on the phone?,No.,"No, the person in the video is not talking on the phone.",411,535080,0.0008,1176,6,15000,0,64,1
879dd163-7588-45d1-9466-a5deabc59167,Did I sit on the couch before reading the book on the tablet?,Yes,"Yes, the person was sitting on the couch before reading the book on the tablet.",411,535080,0.0008,1176,6,15000,0,64,1
879dd163-7588-45d1-9466-a5deabc59167,Did I move my legs on the couch before using the tablet?,Yes,"Yes, you can see your legs crossed on the couch before using the tablet.",411,535080,0.0008,1176,6,15000,0,64,1
879dd163-7588-45d1-9466-a5deabc59167,Was I in the house before I sat on the couch?,Yes,"Yes, you were in the house before I sat on the couch.",411,535080,0.0008,1176,6,15000,0,64,1
879dd163-7588-45d1-9466-a5deabc59167,Did I use the tablet before moving my legs on the couch?,No,"Yes, you used the tablet before moving your legs on the couch.",411,535080,0.0008,1176,6,15000,0,64,1
879dd163-7588-45d1-9466-a5deabc59167,Was the tablet in my hands before I sat on the couch?,No,"Yes, the tablet was in your hands before you sat on the couch.",411,535080,0.0008,1176,6,15000,0,64,1
879dd163-7588-45d1-9466-a5deabc59167,What happens just before I read the book on the tablet?,Sitting on the couch.,"Just before I read the book on the tablet, the person is sitting on the couch with their legs crossed, wearing blue jeans and a green and black striped shirt.",411,535080,0.0008,1176,6,15000,0,64,1
879dd163-7588-45d1-9466-a5deabc59167,What setting is depicted in the provided video clip?,A person sitting on a couch in a house.,"The setting depicted in the provided video clip is a cozy living room with a couch, a table, and a few chairs.",461,588000,0.0008,1372,7,15000,0,64,1
879dd163-7588-45d1-9466-a5deabc59167,What furnishings are visible in the video?,"A couch, chair, and a dining area in the background.","The video shows a beige sofa with a green and black patterned pillow, a wooden shelf with a few decorative items, and a dining table with chairs in the background.",461,588000,0.0008,1372,7,15000,0,64,1
879dd163-7588-45d1-9466-a5deabc59167,Describe the atmosphere of the room shown in the video?,The room appears to be tidy and comfortably lit.,"The room has a cozy and comfortable atmosphere, with a beige couch, a wooden shelf with decorative items, and a chandelier hanging from the ceiling. The walls are painted in a light color, and there are curtains on the windows. The overall ambiance is inviting and relaxed.",461,588000,0.0008,1372,7,15000,0,64,1
879dd163-7588-45d1-9466-a5deabc59167,Describe the posture of the individual in the video?,They are seated with their legs up on the couch.,"The individual is seated comfortably on a couch, with their legs crossed and feet resting on the armrest. They are holding an e-reader in their hands, which is positioned in front of them.",461,588000,0.0008,1372,7,15000,0,64,1
879dd163-7588-45d1-9466-a5deabc59167,Can you summarize the person's behavior in the video?,They are relaxing and using an electronic device.,"The person is sitting on a couch with their legs crossed, holding an e-reader in their hands. They appear to be reading or looking at the e-reader, possibly using it to read a book or a digital document.",461,588000,0.0008,1372,7,15000,0,64,1
879dd163-7588-45d1-9466-a5deabc59167,Is there any noticeable movement or gesture in the video?,The person raised their hands at some point.,"No, there is no noticeable movement or gesture in the video.",461,588000,0.0008,1372,7,15000,0,64,1
879dd163-7588-45d1-9466-a5deabc59167,Did the person in the video adjust their position on the couch?,Not shown in the given frame.,"Yes, the person in the video adjusted their position on the couch by sitting up and leaning back slightly.",461,588000,0.0008,1372,7,15000,0,64,1
879dd163-7588-45d1-9466-a5deabc59167,Is the individual in the video communicating with someone else?,"No, not visibly.","No, the individual in the video is not communicating with someone else.",461,588000,0.0008,1372,7,15000,0,64,1
879dd163-7588-45d1-9466-a5deabc59167,Does the video indicate that the person is multitasking?,"No, they appear focused on the tablet.","Yes, the video indicates that the person is multitasking, as they are holding the e-reader while also holding a book in their other hand.",461,588000,0.0008,1372,7,15000,0,64,1
879dd163-7588-45d1-9466-a5deabc59167,Is the person standing up at any point in the video?,"No, they are seated throughout.","No, the person is not standing up at any point in the video.",461,588000,0.0008,1372,7,15000,0,64,1
879dd163-7588-45d1-9466-a5deabc59167,Did I move my legs on the couch before using the tablet?,Yes,"Yes, you moved your legs on the couch before using the tablet.",461,588000,0.0008,1372,7,15000,0,64,1
879dd163-7588-45d1-9466-a5deabc59167,Did I raise my hands before sitting on the couch?,No,"No, I didn't raise my hands before sitting on the couch.",461,588000,0.0008,1372,7,15000,0,64,1
879dd163-7588-45d1-9466-a5deabc59167,Was I sitting on the couch before raising my hands?,Yes,"Yes, you were sitting on the couch before raising your hands.",461,588000,0.0008,1372,7,15000,0,64,1
879dd163-7588-45d1-9466-a5deabc59167,Did I use the tablet after sitting on the couch?,Yes,"No, you didn't use the tablet after sitting on the couch.",461,588000,0.0008,1372,7,15000,0,64,1
879dd163-7588-45d1-9466-a5deabc59167,What did I do just before using the tablet in the house?,Sat on the couch,"I was sitting on the couch with my legs crossed, wearing blue jeans and socks, and holding an e-reader tablet.",461,588000,0.0008,1372,7,15000,0,64,1
879dd163-7588-45d1-9466-a5deabc59167,What did I do just before raising my hands?,Used the tablet,I raised my hands to grab a book.,461,588000,0.0008,1372,7,15000,0,64,1
879dd163-7588-45d1-9466-a5deabc59167,Is the tablet used after sitting on the couch as shown in the clip?,Yes,"Yes, the tablet is used after sitting on the couch as shown in the clip.",461,588000,0.0008,1372,7,15000,0,64,1
879dd163-7588-45d1-9466-a5deabc59167,"In the video, is the tablet picked up before legs are placed on the couch?",Yes,"No, the tablet is not picked up before legs are placed on the couch.",461,588000,0.0008,1372,7,15000,0,64,1
879dd163-7588-45d1-9466-a5deabc59167,Does sitting on the couch happen after raising hands in the sequence?,No,"No, the sequence does not involve sitting on the couch after raising hands.",461,588000,0.0008,1372,7,15000,0,64,1
879dd163-7588-45d1-9466-a5deabc59167,What is the setting of the video clip?,The setting is inside a house.,"The setting of the video clip is a living room with a beige sofa, a wooden shelf with decorative items, and a chandelier in the background.",475,640920,0.0007,1568,8,15000,0,64,1
879dd163-7588-45d1-9466-a5deabc59167,Where is the person situated in this scene?,The person is sitting on the couch.,The person is situated on a couch in a living room.,475,640920,0.0007,1568,8,15000,0,64,1
879dd163-7588-45d1-9466-a5deabc59167,What object is the person interacting with?,The person is holding and using a tablet.,The person is interacting with an e-reader device.,475,640920,0.0007,1568,8,15000,0,64,1
879dd163-7588-45d1-9466-a5deabc59167,Describe the person's posture in the video.,The person is reclined with feet up on the couch.,"The person is sitting cross-legged on a couch, with their legs crossed and feet resting on the armrest.",475,640920,0.0007,1568,8,15000,0,64,1
879dd163-7588-45d1-9466-a5deabc59167,Is the person reading a book on the tablet?,Yes.,"Yes, the person is reading a book on the tablet.",475,640920,0.0007,1568,8,15000,0,64,1
879dd163-7588-45d1-9466-a5deabc59167,Does the scene show an interaction with digital technology?,Yes.,"Yes, the scene shows an interaction with digital technology as the person is holding an e-reader device, likely reading a book or an e-book.",475,640920,0.0007,1568,8,15000,0,64,1
879dd163-7588-45d1-9466-a5deabc59167,Is the individual standing while using the tablet?,No.,"No, the individual is sitting on the couch while using the tablet.",475,640920,0.0007,1568,8,15000,0,64,1
879dd163-7588-45d1-9466-a5deabc59167,Has the person positioned themselves comfortably for tablet use?,Yes.,"Yes, the person is positioned comfortably for tablet use, with their legs crossed and feet resting on the couch.",475,640920,0.0007,1568,8,15000,0,64,1
879dd163-7588-45d1-9466-a5deabc59167,Does the video show the person watching TV?,No.,"No, the video does not show the person watching TV. The focus is on the person holding an e-reader device.",475,640920,0.0007,1568,8,15000,0,64,1
879dd163-7588-45d1-9466-a5deabc59167,"In the video, did I use the tablet before sitting on the couch?",No,"No, you did not use the tablet before sitting on the couch.",475,640920,0.0007,1568,8,15000,0,64,1
879dd163-7588-45d1-9466-a5deabc59167,Did I raise my hands before holding the tablet?,No,"No, you did not raise your hands before holding the tablet.",475,640920,0.0007,1568,8,15000,0,64,1
879dd163-7588-45d1-9466-a5deabc59167,"In the video, was I already seated on the couch before using the tablet?",Yes,"Yes, you were already seated on the couch before using the tablet.",475,640920,0.0007,1568,8,15000,0,64,1
879dd163-7588-45d1-9466-a5deabc59167,Was the tablet in my hand before I used it?,Yes,"Yes, the tablet was in my hand before I used it.",475,640920,0.0007,1568,8,15000,0,64,1
879dd163-7588-45d1-9466-a5deabc59167,What occurs just before I hold the tablet in the video?,I sit on the couch,"Before I hold the tablet in the video, I see a person sitting on a couch with their legs crossed, wearing blue jeans and socks.",475,640920,0.0007,1568,8,15000,0,64,1
879dd163-7588-45d1-9466-a5deabc59167,What action takes place before using the tablet?,I hold the tablet,"Before using the tablet, the person is sitting on the couch, holding it in their lap.",475,640920,0.0007,1568,8,15000,0,64,1
879dd163-7588-45d1-9466-a5deabc59167,"In the video, did I move my legs on the couch before using the tablet?",Yes,"No, you did not move your legs on the couch before using the tablet.",475,640920,0.0007,1568,8,15000,0,64,1
879dd163-7588-45d1-9466-a5deabc59167,"In the video, is the tablet held before raising hands?",Yes,"Yes, the tablet is held before raising hands.",475,640920,0.0007,1568,8,15000,0,64,1
879dd163-7588-45d1-9466-a5deabc59167,"In the video, does sitting on the couch happen before moving legs on the couch?",Yes,"Yes, sitting on the couch happens before moving legs on the couch.",475,640920,0.0007,1568,8,15000,0,64,1
879dd163-7588-45d1-9466-a5deabc59167,What happens before I use the tablet in the video?,I sit on the couch and move my legs,"Before using the tablet in the video, the person is sitting on a couch with their legs crossed, wearing blue jeans and socks.",475,640920,0.0007,1568,8,15000,0,64,1
879dd163-7588-45d1-9466-a5deabc59167,What action is performed just before raising hands in the video?,Using the tablet,"Just before raising hands, the person is holding an e-reader device.",475,640920,0.0007,1568,8,15000,0,64,1
879dd163-7588-45d1-9466-a5deabc59167,What do I do right before moving my legs on the couch?,I sit on the couch,You should place your feet flat on the floor and then gently push your legs forward to get them ready for the next step.,475,640920,0.0007,1568,8,15000,0,64,1
879dd163-7588-45d1-9466-a5deabc59167,"In the video, what takes place prior to holding the tablet?",I sit on the couch,"Prior to holding the tablet, the person is sitting on a couch with their legs crossed, wearing blue jeans and socks.",475,640920,0.0007,1568,8,15000,0,64,1
879dd163-7588-45d1-9466-a5deabc59167,What is the depicted scenario in this video frame?,A person sitting on a couch using a tablet.,"The video frame depicts a person sitting on a couch with their legs crossed, holding an e-reader tablet. The person is wearing blue jeans and has a backpack on the couch. The background shows a living room with a dining table and chairs.",489,693840,0.0007,1764,9,15000,0,64,1
879dd163-7588-45d1-9466-a5deabc59167,Can you summarize the environment in the video clip?,The environment is a cozy living room with a person on the couch.,"The video clip shows a cozy living room setting with a beige sofa, a wooden shelf with a few decorative items, and a chandelier hanging from the ceiling. The room has a warm and inviting atmosphere.",489,693840,0.0007,1764,9,15000,0,64,1
879dd163-7588-45d1-9466-a5deabc59167,Offer a caption for the ongoing activity in the video?,Enjoying digital content from the comfort of the couch.,"""Reading an e-reader on a couch""",489,693840,0.0007,1764,9,15000,0,64,1
879dd163-7588-45d1-9466-a5deabc59167,Is the person in the video standing up?,No.,"No, the person in the video is sitting on the couch.",489,693840,0.0007,1764,9,15000,0,64,1
879dd163-7588-45d1-9466-a5deabc59167,Does the video capture the individual walking around?,No.,"No, the video does not capture the individual walking around. The focus is on the person holding the e-reader and the surrounding environment.",489,693840,0.0007,1764,9,15000,0,64,1
879dd163-7588-45d1-9466-a5deabc59167,Is there a group of people in the video clip?,No.,"No, there is no group of people in the video clip.",489,693840,0.0007,1764,9,15000,0,64,1
879dd163-7588-45d1-9466-a5deabc59167,Does the frame show the person cooking in the kitchen?,No.,"No, the frame does not show the person cooking in the kitchen.",489,693840,0.0007,1764,9,15000,0,64,1
879dd163-7588-45d1-9466-a5deabc59167,Is the person in the video engaging in a conversation?,No.,"No, the person in the video is not engaging in a conversation.",489,693840,0.0007,1764,9,15000,0,64,1
879dd163-7588-45d1-9466-a5deabc59167,Did I sit on the couch before using the tablet?,Yes.,"Yes, you can see your legs crossed on the couch while using the tablet.",489,693840,0.0007,1764,9,15000,0,64,1
879dd163-7588-45d1-9466-a5deabc59167,Did I hold the tablet before sitting on the couch?,No.,"Yes, you can see the person holding the tablet before sitting on the couch.",489,693840,0.0007,1764,9,15000,0,64,1
879dd163-7588-45d1-9466-a5deabc59167,Did I sit down after picking up the tablet?,Yes.,"Yes, you can see your legs crossed and your feet resting on the couch.",489,693840,0.0007,1764,9,15000,0,64,1
879dd163-7588-45d1-9466-a5deabc59167,"In the video, what do I do just before sitting on the couch?",There is no information on actions prior.,You sit on the couch with your legs crossed.,489,693840,0.0007,1764,9,15000,0,64,1
879dd163-7588-45d1-9466-a5deabc59167,"In the sequence, what happens before I use the tablet?",I hold the tablet.,"Before using the tablet, the person is sitting on a couch with their legs crossed, wearing blue jeans and socks.",489,693840,0.0007,1764,9,15000,0,64,1
879dd163-7588-45d1-9466-a5deabc59167,Does the action of sitting on the couch happen before using the tablet?,Yes,"No, the action of sitting on the couch happens after using the tablet.",489,693840,0.0007,1764,9,15000,0,64,1
879dd163-7588-45d1-9466-a5deabc59167,Does raising hands occur before sitting on the couch?,No,"No, raising hands does not occur before sitting on the couch.",489,693840,0.0007,1764,9,15000,0,64,1
879dd163-7588-45d1-9466-a5deabc59167,Is using the tablet done after sitting on the couch?,Yes,"Yes, the person is sitting on the couch with their legs crossed, indicating they are in the process of using the tablet.",489,693840,0.0007,1764,9,15000,0,64,1
879dd163-7588-45d1-9466-a5deabc59167,What happens before using the tablet?,Sitting on the couch and holding the tablet,"Before using the tablet, the person is sitting on a couch with their legs crossed, wearing blue jeans and socks. They have a green and black patterned pillow on the couch and a red and white bag next to them.",489,693840,0.0007,1764,9,15000,0,64,1
879dd163-7588-45d1-9466-a5deabc59167,What occurs just before raising hands?,Using the tablet,The person raises their hands to pick up the e-reader.,489,693840,0.0007,1764,9,15000,0,64,1
cbfeb6c8-ec1f-4884-bcbf-14d7764c4a36,What environment surrounds the individual in the video?,An apartment setting.,"The individual is surrounded by a study environment, with a wooden desk and a notebook with a blue pen.",220,58800,0.0037,392,2,15000,0,64,1
cbfeb6c8-ec1f-4884-bcbf-14d7764c4a36,What activity is taking place in this particular setting?,Writing in a book with a pen.,"The activity taking place in this setting is a person writing on a notebook, which suggests they are engaged in an academic or educational activity, possibly taking notes or practicing for an exam.",220,58800,0.0037,392,2,15000,0,64,1
cbfeb6c8-ec1f-4884-bcbf-14d7764c4a36,Was the person depicted cooking in the kitchen?,No.,"No, the person was not cooking in the kitchen.",220,58800,0.0037,392,2,15000,0,64,1
cbfeb6c8-ec1f-4884-bcbf-14d7764c4a36,Did any outdoor activity occur in this video?,No.,"No, there were no outdoor activities observed in this video.",220,58800,0.0037,392,2,15000,0,64,1
cbfeb6c8-ec1f-4884-bcbf-14d7764c4a36,Was the individual standing while performing the task?,No.,"Yes, the individual was standing while performing the task.",220,58800,0.0037,392,2,15000,0,64,1
cbfeb6c8-ec1f-4884-bcbf-14d7764c4a36,Is there any verbal communication happening in this scene?,No.,"Yes, there is verbal communication happening in this scene.",220,58800,0.0037,392,2,15000,0,64,1
cbfeb6c8-ec1f-4884-bcbf-14d7764c4a36,Does the video show someone reading a book?,No.,"No, the video does not show someone reading a book. It focuses on a person writing in a notebook.",220,58800,0.0037,392,2,15000,0,64,1
cbfeb6c8-ec1f-4884-bcbf-14d7764c4a36,What location is shown in the video?,A room with a table.,The location shown in the video is a wooden desk.,239,111720,0.0021,588,3,15000,0,64,1
cbfeb6c8-ec1f-4884-bcbf-14d7764c4a36,What activity is being done in the clip?,Writing in a notebook.,The activity being done in the clip is studying or taking notes.,239,111720,0.0021,588,3,15000,0,64,1
cbfeb6c8-ec1f-4884-bcbf-14d7764c4a36,What object is being used to write?,A pen.,A pen is being used to write.,239,111720,0.0021,588,3,15000,0,64,1
cbfeb6c8-ec1f-4884-bcbf-14d7764c4a36,What item is on the table besides the notebook?,Opened books.,"Besides the notebook, there is a book on the table.",239,111720,0.0021,588,3,15000,0,64,1
cbfeb6c8-ec1f-4884-bcbf-14d7764c4a36,Is the notebook on a flat surface?,"Yes, on a table.","Yes, the notebook is on a flat surface.",239,111720,0.0021,588,3,15000,0,64,1
cbfeb6c8-ec1f-4884-bcbf-14d7764c4a36,What color is the pen being used?,Blue.,The pen being used is blue.,239,111720,0.0021,588,3,15000,0,64,1
cbfeb6c8-ec1f-4884-bcbf-14d7764c4a36,Is the person using both hands to write?,"Yes, one to hold and one to write.",Yes,239,111720,0.0021,588,3,15000,0,64,1
cbfeb6c8-ec1f-4884-bcbf-14d7764c4a36,Has the pen made contact with the paper?,Yes.,Yes,239,111720,0.0021,588,3,15000,0,64,1
cbfeb6c8-ec1f-4884-bcbf-14d7764c4a36,Is there a book on the table?,Yes.,"Yes, there is a book on the table.",239,111720,0.0021,588,3,15000,0,64,1
cbfeb6c8-ec1f-4884-bcbf-14d7764c4a36,"In the video, do I flip the book page before writing on it?",No,"No, you do not flip the book page before writing on it.",239,111720,0.0021,588,3,15000,0,64,1
cbfeb6c8-ec1f-4884-bcbf-14d7764c4a36,"In the video, do I write with a pen after sitting at the table?",Yes,"Yes, you write with a pen after sitting at the table.",239,111720,0.0021,588,3,15000,0,64,1
cbfeb6c8-ec1f-4884-bcbf-14d7764c4a36,Does the writing occur before closing the notebook?,Yes,"No, the writing does not occur before closing the notebook.",239,111720,0.0021,588,3,15000,0,64,1
cbfeb6c8-ec1f-4884-bcbf-14d7764c4a36,Do I start writing before opening the book?,No,"Yes, you should start writing before opening the book.",239,111720,0.0021,588,3,15000,0,64,1
cbfeb6c8-ec1f-4884-bcbf-14d7764c4a36,"Before closing the notebook, what event occurs in the video?",Writing on it,"Before closing the notebook, the person writes down their name and the date on the top right corner of the page.",239,111720,0.0021,588,3,15000,0,64,1
cbfeb6c8-ec1f-4884-bcbf-14d7764c4a36,What is done prior to sitting at the table in the video?,Entering the room,A person is seen writing on a notebook.,239,111720,0.0021,588,3,15000,0,64,1
cbfeb6c8-ec1f-4884-bcbf-14d7764c4a36,What is the setting of the scene in the video clip?,In an apartment.,The setting of the scene in the video clip is a wooden desk with a notebook and a pen.,304,217560,0.0014,784,4,15000,0,64,1
cbfeb6c8-ec1f-4884-bcbf-14d7764c4a36,Who is present in this clip?,A woman writing and another woman interacting with her.,A person wearing a green dress and a blue wristwatch is present in this clip.,304,217560,0.0014,784,4,15000,0,64,1
cbfeb6c8-ec1f-4884-bcbf-14d7764c4a36,What objects are noticeable in the video?,A book and a pen.,"Objects noticeable in the video include a notebook, a pen, a ruler, a pencil, and a book.",304,217560,0.0014,784,4,15000,0,64,1
cbfeb6c8-ec1f-4884-bcbf-14d7764c4a36,What activities are being performed?,Writing in a book and interacting.,"The person is performing activities such as writing, taking notes, and reading.",304,217560,0.0014,784,4,15000,0,64,1
cbfeb6c8-ec1f-4884-bcbf-14d7764c4a36,How can we describe the movement in the clip?,Gentle and focused on writing.,"The movement in the clip is a person sitting at a desk, writing on a notebook, and then moving their hand to adjust the notebook.",304,217560,0.0014,784,4,15000,0,64,1
cbfeb6c8-ec1f-4884-bcbf-14d7764c4a36,Does the individual write with her right hand?,Yes.,"Yes, the individual writes with her right hand.",304,217560,0.0014,784,4,15000,0,64,1
cbfeb6c8-ec1f-4884-bcbf-14d7764c4a36,Is there another person besides the one writing?,Yes.,"Yes, there is another person sitting next to the person writing.",304,217560,0.0014,784,4,15000,0,64,1
cbfeb6c8-ec1f-4884-bcbf-14d7764c4a36,Is the setting a public place?,No.,"No, the setting is not a public place.",304,217560,0.0014,784,4,15000,0,64,1
cbfeb6c8-ec1f-4884-bcbf-14d7764c4a36,Do we see any electronic devices being used?,No.,"No, there are no electronic devices being used in the image.",304,217560,0.0014,784,4,15000,0,64,1
cbfeb6c8-ec1f-4884-bcbf-14d7764c4a36,What happens before picking up the pen in the video?,Sitting at the table,"Before picking up the pen, the person is holding an open book with text and a notebook.",304,217560,0.0014,784,4,15000,0,64,1
cbfeb6c8-ec1f-4884-bcbf-14d7764c4a36,"In the video, does the interaction with woman A happen before writing in the notebook?",No,"No, the interaction with woman A does not happen before writing in the notebook.",304,217560,0.0014,784,4,15000,0,64,1
cbfeb6c8-ec1f-4884-bcbf-14d7764c4a36,Is the book opened before picking up the pen?,Yes,"Yes, the book is opened before picking up the pen.",304,217560,0.0014,784,4,15000,0,64,1
cbfeb6c8-ec1f-4884-bcbf-14d7764c4a36,What is the main activity depicted in the video clip?,Writing in a book with a pen.,The main activity depicted in the video clip is a person writing on a notebook.,331,270480,0.0012,980,5,15000,0,64,1
cbfeb6c8-ec1f-4884-bcbf-14d7764c4a36,Where is the individual situated in the video clip?,In a room.,The individual is situated at a wooden desk.,331,270480,0.0012,980,5,15000,0,64,1
cbfeb6c8-ec1f-4884-bcbf-14d7764c4a36,What object is being utilized in the video clip?,A pen.,A spiral-bound notebook is being utilized in the video clip.,331,270480,0.0012,980,5,15000,0,64,1
cbfeb6c8-ec1f-4884-bcbf-14d7764c4a36,Does the video show someone studying?,Yes.,"Yes, the video shows someone studying.",331,270480,0.0012,980,5,15000,0,64,1
cbfeb6c8-ec1f-4884-bcbf-14d7764c4a36,Is the person in the video writing with their left hand?,No.,"No, the person in the video is writing with their right hand.",331,270480,0.0012,980,5,15000,0,64,1
cbfeb6c8-ec1f-4884-bcbf-14d7764c4a36,Does the video show a person writing on multiple pages?,Yes.,"Yes, the video shows a person writing on multiple pages.",331,270480,0.0012,980,5,15000,0,64,1
cbfeb6c8-ec1f-4884-bcbf-14d7764c4a36,Is pen picked up before writing on the book as shown in the clip?,Yes,"Yes, the pen is picked up before writing on the book as shown in the clip.",331,270480,0.0012,980,5,15000,0,64,1
cbfeb6c8-ec1f-4884-bcbf-14d7764c4a36,Does writing in the book happen after entering the apartment?,Yes,"No, writing in the book happens before entering the apartment.",331,270480,0.0012,980,5,15000,0,64,1
cbfeb6c8-ec1f-4884-bcbf-14d7764c4a36,Is the person at the table before writing in the notebook?,Yes,"Yes, the person is at the table before writing in the notebook.",331,270480,0.0012,980,5,15000,0,64,1
cbfeb6c8-ec1f-4884-bcbf-14d7764c4a36,Does the person use a pen after sitting at the table?,Yes,"Yes, the person uses a pen after sitting at the table.",331,270480,0.0012,980,5,15000,0,64,1
cbfeb6c8-ec1f-4884-bcbf-14d7764c4a36,Is the person in the apartment before using the pen?,Yes,"No, the person is not before using the pen.",331,270480,0.0012,980,5,15000,0,64,1
cbfeb6c8-ec1f-4884-bcbf-14d7764c4a36,What happens just before writing in the notebook in the video?,Sitting at the table,"Just before writing in the notebook, the person's hand is seen holding the notebook open, indicating they are about to start writing.",331,270480,0.0012,980,5,15000,0,64,1
cbfeb6c8-ec1f-4884-bcbf-14d7764c4a36,"In the video sequence, what do we see occurring before sitting at the table?",Being in a room,"Before sitting at the table, we see a person writing on a notebook, with a book or notebook open in front of them.",331,270480,0.0012,980,5,15000,0,64,1
cbfeb6c8-ec1f-4884-bcbf-14d7764c4a36,What location is shown in the video clip?,An indoor location.,The video clip shows a wooden desk with a notebook and a pen.,397,323400,0.0012,1176,6,15000,0,64,1
cbfeb6c8-ec1f-4884-bcbf-14d7764c4a36,What activity is depicted in this scene?,Writing in a book.,"The scene depicts a person writing on a notebook and a book, possibly taking notes or studying.",397,323400,0.0012,1176,6,15000,0,64,1
cbfeb6c8-ec1f-4884-bcbf-14d7764c4a36,Can you caption the person's activity in this clip?,Writing diligently in a notebook.,'Exam Secrets: How to Pass Your Exam with Confidence',397,323400,0.0012,1176,6,15000,0,64,1
cbfeb6c8-ec1f-4884-bcbf-14d7764c4a36,Is there a pen being used for writing in the video?,Yes.,Yes.,397,323400,0.0012,1176,6,15000,0,64,1
cbfeb6c8-ec1f-4884-bcbf-14d7764c4a36,Does the clip show a person wearing a watch?,Yes.,"Yes, the clip shows a person wearing a watch.",397,323400,0.0012,1176,6,15000,0,64,1
cbfeb6c8-ec1f-4884-bcbf-14d7764c4a36,Does the video include any dialogue or conversation?,"No, it only depicts writing activity.","No, the video does not include any dialogue or conversation.",397,323400,0.0012,1176,6,15000,0,64,1
cbfeb6c8-ec1f-4884-bcbf-14d7764c4a36,"In the video, does opening the book happen before writing with a pen?",Yes,"Yes, opening the book happens before writing with a pen.",397,323400,0.0012,1176,6,15000,0,64,1
cbfeb6c8-ec1f-4884-bcbf-14d7764c4a36,Is the pen picked up after turning the page as shown in the clip?,No,"Yes, the pen is picked up after turning the page.",397,323400,0.0012,1176,6,15000,0,64,1
cbfeb6c8-ec1f-4884-bcbf-14d7764c4a36,What occurs just before starting to write in the book?,Opening the book,"Just before starting to write in the book, the person's hand is seen holding the book open, indicating they are about to begin their study session.",397,323400,0.0012,1176,6,15000,0,64,1
cbfeb6c8-ec1f-4884-bcbf-14d7764c4a36,Is the writing in the book shown after being indoor in the clip?,Yes,Yes.,397,323400,0.0012,1176,6,15000,0,64,1
cbfeb6c8-ec1f-4884-bcbf-14d7764c4a36,Which room is the person located in while writing?,The person is in a room.,The person is located in a room with wooden flooring.,458,376320,0.0012,1372,7,15000,0,64,1
cbfeb6c8-ec1f-4884-bcbf-14d7764c4a36,Is the person using any tools for writing?,"Yes, the person is using a pen.","Yes, the person is using a blue pen for writing.",458,376320,0.0012,1372,7,15000,0,64,1
cbfeb6c8-ec1f-4884-bcbf-14d7764c4a36,Can you describe the setting of the action in the clip?,The action occurs in a room at a desk.,"The setting is a wooden desk with a notebook and a pen, indicating a study or work environment.",458,376320,0.0012,1372,7,15000,0,64,1
cbfeb6c8-ec1f-4884-bcbf-14d7764c4a36,What is the writing tool visible in the frame?,A pen is visible in the frame.,The writing tool visible in the frame is a blue pen.,458,376320,0.0012,1372,7,15000,0,64,1
cbfeb6c8-ec1f-4884-bcbf-14d7764c4a36,Is the person sitting at a desk in the video?,Yes.,Yes.,458,376320,0.0012,1372,7,15000,0,64,1
cbfeb6c8-ec1f-4884-bcbf-14d7764c4a36,Does the person sit down after opening the book?,Yes,"Yes, the person sits down after opening the book.",458,376320,0.0012,1372,7,15000,0,64,1
cbfeb6c8-ec1f-4884-bcbf-14d7764c4a36,Is the book closed before the person starts writing?,No,"Yes, the book is closed before the person starts writing.",458,376320,0.0012,1372,7,15000,0,64,1
cbfeb6c8-ec1f-4884-bcbf-14d7764c4a36,What action is taken before the person caps the pen?,The person finishes writing.,"Before the person caps the pen, they write a note on the page.",458,376320,0.0012,1372,7,15000,0,64,1
cbfeb6c8-ec1f-4884-bcbf-14d7764c4a36,Is the pen placed in the book before writing?,No,Yes.,458,376320,0.0012,1372,7,15000,0,64,1
cbfeb6c8-ec1f-4884-bcbf-14d7764c4a36,Does the book close before the pen is picked up?,No,"Yes, the book closes before the pen is picked up.",458,376320,0.0012,1372,7,15000,0,64,1
cbfeb6c8-ec1f-4884-bcbf-14d7764c4a36,Is the cap of the pen removed after starting to write?,No,"No, the cap of the pen is still on after starting to write.",458,376320,0.0012,1372,7,15000,0,64,1
cbfeb6c8-ec1f-4884-bcbf-14d7764c4a36,Does the hand turn the page before picking up the pen?,No,"Yes, the hand turns the page before picking up the pen.",458,376320,0.0012,1372,7,15000,0,64,1
cbfeb6c8-ec1f-4884-bcbf-14d7764c4a36,Is the pen visible in the scene before writing begins?,Yes,"Yes, the pen is visible in the scene before writing begins.",458,376320,0.0012,1372,7,15000,0,64,1
cbfeb6c8-ec1f-4884-bcbf-14d7764c4a36,What do we see happening before the hand appears in the frame?,The book is open,"Before the hand appears, we see a person sitting at a wooden desk, writing on a spiral notebook.",458,376320,0.0012,1372,7,15000,0,64,1
cbfeb6c8-ec1f-4884-bcbf-14d7764c4a36,What happens just before the pen touches the paper?,The hand moves towards the paper,"Just before the pen touches the paper, the person's hand is seen holding the notebook, indicating that they are about to write something.",458,376320,0.0012,1372,7,15000,0,64,1
cbfeb6c8-ec1f-4884-bcbf-14d7764c4a36,"In the video sequence, what action is performed before turning the page?",Writing on the current page,"Before turning the page, the person writes on the page with a blue pen.",458,376320,0.0012,1372,7,15000,0,64,1
cbfeb6c8-ec1f-4884-bcbf-14d7764c4a36,"In the video, what is done just before the hand finished writing?",Moving the pen across the paper,"Just before the hand finished writing, the person's hand is shown resting on the table.",458,376320,0.0012,1372,7,15000,0,64,1
cbfeb6c8-ec1f-4884-bcbf-14d7764c4a36,What does the brief of the depicted scenario show?,The scenario shows a person writing in a book in an apartment.,"The brief of the depicted scenario shows a person writing on a notebook, with a pen in hand, and a book or notebook with text on it.",506,429240,0.0012,1568,8,15000,0,64,1
cbfeb6c8-ec1f-4884-bcbf-14d7764c4a36,What is the setting of this video clip?,"The setting is indoors, in a well-lit apartment.",The setting of this video clip is a wooden desk with a notebook and a pen.,506,429240,0.0012,1568,8,15000,0,64,1
cbfeb6c8-ec1f-4884-bcbf-14d7764c4a36,Does the video capture the person stopping their writing at any point?,No.,"No, the video does not capture the person stopping their writing at any point.",506,429240,0.0012,1568,8,15000,0,64,1
cbfeb6c8-ec1f-4884-bcbf-14d7764c4a36,Is the individual in the video using their left hand to write?,"No, they are using their right hand.","Yes, the individual in the video is using their left hand to write.",506,429240,0.0012,1568,8,15000,0,64,1
cbfeb6c8-ec1f-4884-bcbf-14d7764c4a36,Is there another person present in the scene assisting the writer?,"No, the person is writing alone.","Yes, another person is partially visible on the left side of the image, suggesting that there might be another person present in the scene assisting the writer.",506,429240,0.0012,1568,8,15000,0,64,1
cbfeb6c8-ec1f-4884-bcbf-14d7764c4a36,"In the video, do I write in the book before holding the pen?",No,"Yes, you write in the book before holding the pen.",506,429240,0.0012,1568,8,15000,0,64,1
cbfeb6c8-ec1f-4884-bcbf-14d7764c4a36,Is the pen in my right hand before I start writing in the book?,Yes,"Yes, the pen is in my right hand before I start writing in the book.",506,429240,0.0012,1568,8,15000,0,64,1
cbfeb6c8-ec1f-4884-bcbf-14d7764c4a36,"In the sequence, do I open the book before writing on it?",Yes,"Yes, you open the book before writing on it.",506,429240,0.0012,1568,8,15000,0,64,1
cbfeb6c8-ec1f-4884-bcbf-14d7764c4a36,"In the clip, do I wear a green shirt before writing in the book?",Yes,"Yes, you are wearing a green shirt before writing in the book.",506,429240,0.0012,1568,8,15000,0,64,1
cbfeb6c8-ec1f-4884-bcbf-14d7764c4a36,What occurs just before holding the pen in my right hand?,I am wearing a green shirt,"A hand appears on the left side of the image, holding a pen.",506,429240,0.0012,1568,8,15000,0,64,1
cbfeb6c8-ec1f-4884-bcbf-14d7764c4a36,Is the book opened before the pen is held in the right hand?,Yes,Yes.,506,429240,0.0012,1568,8,15000,0,64,1
cbfeb6c8-ec1f-4884-bcbf-14d7764c4a36,Is the hand placed on the book after the pen is picked up?,Yes,"Yes, the hand is placed on the book after the pen is picked up.",506,429240,0.0012,1568,8,15000,0,64,1
cbfeb6c8-ec1f-4884-bcbf-14d7764c4a36,What happens just before the pen starts writing?,The pen is held in the right hand,"Just before the pen starts writing, the person's hand is seen holding the notebook, indicating that they are about to start writing.",506,429240,0.0012,1568,8,15000,0,64,1
cbfeb6c8-ec1f-4884-bcbf-14d7764c4a36,What is visible before the wrist with a bracelet appears?,The hand holding the pen,A notebook with a yellow cover is visible before the wrist with a bracelet appears.,506,429240,0.0012,1568,8,15000,0,64,1
cbfeb6c8-ec1f-4884-bcbf-14d7764c4a36,What do we see happening before the hand touches the book?,The book and pen are visible,"A person is sitting at a wooden desk, writing on a spiral-bound notebook.",506,429240,0.0012,1568,8,15000,0,64,1
cbfeb6c8-ec1f-4884-bcbf-14d7764c4a36,What takes place before the pen is seen in the video?,The apartment and the book are seen,"A person is sitting at a wooden desk, writing on a spiral notebook.",506,429240,0.0012,1568,8,15000,0,64,1
cbfeb6c8-ec1f-4884-bcbf-14d7764c4a36,What is the setting of the video?,In an apartment.,The setting of the video is a wooden desk with a wooden surface.,554,482160,0.0011,1764,9,15000,0,64,1
cbfeb6c8-ec1f-4884-bcbf-14d7764c4a36,What activity does the video show?,Writing in a book.,"The video shows a person writing on a notebook and a book, with a wooden desk and a wooden floor in the background.",554,482160,0.0011,1764,9,15000,0,64,1
cbfeb6c8-ec1f-4884-bcbf-14d7764c4a36,Which hand is used for writing in the video?,The right hand.,The right hand is used for writing in the video.,554,482160,0.0011,1764,9,15000,0,64,1
cbfeb6c8-ec1f-4884-bcbf-14d7764c4a36,What type of pen is being used?,A ballpoint pen.,A blue pen is being used.,554,482160,0.0011,1764,9,15000,0,64,1
cbfeb6c8-ec1f-4884-bcbf-14d7764c4a36,What object is being used in the action?,A pen.,A pen is being used in the action.,554,482160,0.0011,1764,9,15000,0,64,1
cbfeb6c8-ec1f-4884-bcbf-14d7764c4a36,Is the writing action fluent or hesitant?,Fluent.,The writing action is fluent.,554,482160,0.0011,1764,9,15000,0,64,1
cbfeb6c8-ec1f-4884-bcbf-14d7764c4a36,Which direction is the pen moving?,Left to right.,The pen is moving from the top left to the bottom right.,554,482160,0.0011,1764,9,15000,0,64,1
cbfeb6c8-ec1f-4884-bcbf-14d7764c4a36,Is the person sitting on a cushion?,Yes.,No.,554,482160,0.0011,1764,9,15000,0,64,1
cbfeb6c8-ec1f-4884-bcbf-14d7764c4a36,Does the video show page-turning?,No.,"Yes, the video shows page-turning.",554,482160,0.0011,1764,9,15000,0,64,1
cbfeb6c8-ec1f-4884-bcbf-14d7764c4a36,Is the person wearing any wrist accessories?,Yes.,"Yes, the person is wearing a gold bracelet on their left wrist.",554,482160,0.0011,1764,9,15000,0,64,1
cbfeb6c8-ec1f-4884-bcbf-14d7764c4a36,Did the writing happen in a different location than the apartment?,No,"No, the writing happened in a different location than the apartment.",554,482160,0.0011,1764,9,15000,0,64,1
cbfeb6c8-ec1f-4884-bcbf-14d7764c4a36,Did the use of right hand occur before writing in the book?,No,"Yes, the use of the right hand occurred before writing in the book.",554,482160,0.0011,1764,9,15000,0,64,1
cbfeb6c8-ec1f-4884-bcbf-14d7764c4a36,Was there a pen used after the book was opened?,Yes,"Yes, a blue pen was used after the book was opened.",554,482160,0.0011,1764,9,15000,0,64,1
cbfeb6c8-ec1f-4884-bcbf-14d7764c4a36,Did any writing in the book occur without the use of a pen?,No,"Yes, the writing in the book occurred without the use of a pen.",554,482160,0.0011,1764,9,15000,0,64,1
cbfeb6c8-ec1f-4884-bcbf-14d7764c4a36,Was the book closed before writing commenced?,Yes,"Yes, the book was closed before writing commenced.",554,482160,0.0011,1764,9,15000,0,64,1
cbfeb6c8-ec1f-4884-bcbf-14d7764c4a36,What happened before the writing started?,The book was opened,"Before the writing started, the person was writing on a notebook.",554,482160,0.0011,1764,9,15000,0,64,1
cbfeb6c8-ec1f-4884-bcbf-14d7764c4a36,Does the writing in the book occur before changing the page?,Yes,"Yes, the writing in the book occurs before changing the page.",554,482160,0.0011,1764,9,15000,0,64,1
cbfeb6c8-ec1f-4884-bcbf-14d7764c4a36,Does the page turn happen before writing with the pen?,No,"No, the page does not turn before writing with the pen.",554,482160,0.0011,1764,9,15000,0,64,1
cbfeb6c8-ec1f-4884-bcbf-14d7764c4a36,What occurs just before changing to a new page in the video?,I finish writing,"A person's hand appears, holding a blue pen, and the person begins to write on the notebook.",554,482160,0.0011,1764,9,15000,0,64,1
cbfeb6c8-ec1f-4884-bcbf-14d7764c4a36,What do I do before sitting down to write in the video?,I enter the room,"Before sitting down to write in the video, you should ensure that your workspace is organized and clean.",554,482160,0.0011,1764,9,15000,0,64,1
cbfeb6c8-ec1f-4884-bcbf-14d7764c4a36,What is the setting of the scene in the video clip?,The setting is inside a room.,"The setting of the scene in the video clip is a wooden desk with a brown surface, and there is a person sitting at the desk, writing on a notebook.",598,535080,0.0011,1960,10,15000,0,64,1
cbfeb6c8-ec1f-4884-bcbf-14d7764c4a36,What objects are present in the video clip?,A book and a pen are present.,"The objects present in the video clip are a notebook, a pen, and a book.",598,535080,0.0011,1960,10,15000,0,64,1
cbfeb6c8-ec1f-4884-bcbf-14d7764c4a36,Can you describe the action the person is performing?,The person is flipping through pages and writing.,The person is writing on a notebook with a pen.,598,535080,0.0011,1960,10,15000,0,64,1
cbfeb6c8-ec1f-4884-bcbf-14d7764c4a36,Does the video show the person closing the book?,No.,"No, the video does not show the person closing the book.",598,535080,0.0011,1960,10,15000,0,64,1
cbfeb6c8-ec1f-4884-bcbf-14d7764c4a36,Is the person using a pencil to write?,No.,"Yes, the person is using a pencil to write.",598,535080,0.0011,1960,10,15000,0,64,1
cbfeb6c8-ec1f-4884-bcbf-14d7764c4a36,Does the video capture the person turning off the light?,No.,"No, the video does not capture the person turning off the light.",598,535080,0.0011,1960,10,15000,0,64,1
cbfeb6c8-ec1f-4884-bcbf-14d7764c4a36,Does the video show the person taking notes from another text?,No.,"Yes, the video shows the person taking notes from another text.",598,535080,0.0011,1960,10,15000,0,64,1
cbfeb6c8-ec1f-4884-bcbf-14d7764c4a36,"In the video, is the book closed before writing begins?",Yes,"No, the book is not closed before writing begins.",598,535080,0.0011,1960,10,15000,0,64,1
cbfeb6c8-ec1f-4884-bcbf-14d7764c4a36,Does turning the page happen after writing with the pen?,Yes,"No, turning the page happens after writing with the pen.",598,535080,0.0011,1960,10,15000,0,64,1
cbfeb6c8-ec1f-4884-bcbf-14d7764c4a36,"In the video, is the pen picked up before the book is opened?",No,"Yes, the pen is picked up before the book is opened.",598,535080,0.0011,1960,10,15000,0,64,1
cbfeb6c8-ec1f-4884-bcbf-14d7764c4a36,Does the writing occur before sitting down in the chair?,No,"Yes, the writing occurs before sitting down in the chair.",598,535080,0.0011,1960,10,15000,0,64,1
cbfeb6c8-ec1f-4884-bcbf-14d7764c4a36,"In the video sequence, what occurs before the person starts writing?",The book is opened,The person starts writing in a notebook.,598,535080,0.0011,1960,10,15000,0,64,1
cbfeb6c8-ec1f-4884-bcbf-14d7764c4a36,What action takes place before the book is closed?,The person stops writing,The action that takes place before the book is closed is writing.,598,535080,0.0011,1960,10,15000,0,64,1
cbfeb6c8-ec1f-4884-bcbf-14d7764c4a36,"In the video, is the book closed after the writing is done?",Yes,"No, the book is not closed after the writing is done.",598,535080,0.0011,1960,10,15000,0,64,1
cbfeb6c8-ec1f-4884-bcbf-14d7764c4a36,"In the video, is there writing on the book's cover before the person writes inside?",Yes,"Yes, there is writing on the book's cover before the person writes inside.",598,535080,0.0011,1960,10,15000,0,64,1
cbfeb6c8-ec1f-4884-bcbf-14d7764c4a36,What is done before the pen cap is removed?,The person prepares to write,The pen cap is removed before the person writes on the notebook.,598,535080,0.0011,1960,10,15000,0,64,1
cbfeb6c8-ec1f-4884-bcbf-14d7764c4a36,What activity is displayed in the provided image?,Writing in a book.,"The image displays a person writing on a notebook and a book, which appears to be a study guide or textbook.",651,588000,0.0011,2156,11,15000,0,64,1
cbfeb6c8-ec1f-4884-bcbf-14d7764c4a36,Describe the setting where the depicted activity takes place.,In a room.,"The activity takes place at a wooden desk with a wooden surface, with a notebook and a pen visible. The person is seated at the desk, focused on writing or studying.",651,588000,0.0011,2156,11,15000,0,64,1
cbfeb6c8-ec1f-4884-bcbf-14d7764c4a36,What object is being used in conjunction with the book?,A pen.,A blue pen is being used in conjunction with the book.,651,588000,0.0011,2156,11,15000,0,64,1
cbfeb6c8-ec1f-4884-bcbf-14d7764c4a36,How is the person holding the pen in the frame?,With their right hand.,"The person is holding the pen with their right hand, with their left hand resting on the notebook.",651,588000,0.0011,2156,11,15000,0,64,1
cbfeb6c8-ec1f-4884-bcbf-14d7764c4a36,What part of the room is visible in the clip?,"Only the table area, specifics of the room are not visible.","The room is visible in the clip, with a wooden floor and a wooden desk.",651,588000,0.0011,2156,11,15000,0,64,1
cbfeb6c8-ec1f-4884-bcbf-14d7764c4a36,Is the person writing with their left hand?,No.,"No, the person is writing with their right hand.",651,588000,0.0011,2156,11,15000,0,64,1
cbfeb6c8-ec1f-4884-bcbf-14d7764c4a36,Is the person writing on the last page of the book?,"No, there are more pages visible.","No, the person is not writing on the last page of the book.",651,588000,0.0011,2156,11,15000,0,64,1
cbfeb6c8-ec1f-4884-bcbf-14d7764c4a36,Can we assume the writer is in a public space?,"No, it appears to be a private space.","No, the image does not provide enough context to determine if the writer is in a public space.",651,588000,0.0011,2156,11,15000,0,64,1
cbfeb6c8-ec1f-4884-bcbf-14d7764c4a36,"In the video, does turning the page happen before writing begins?",No,"No, turning the page happens after writing begins.",651,588000,0.0011,2156,11,15000,0,64,1
cbfeb6c8-ec1f-4884-bcbf-14d7764c4a36,Is the book opened after the pen is held in the hand?,Yes,"Yes, the book is opened after the pen is held in the hand.",651,588000,0.0011,2156,11,15000,0,64,1
cbfeb6c8-ec1f-4884-bcbf-14d7764c4a36,"In the video, does writing in the book happen before closing the book?",Yes,"Yes, writing in the book happens before closing the book.",651,588000,0.0011,2156,11,15000,0,64,1
cbfeb6c8-ec1f-4884-bcbf-14d7764c4a36,"In the video sequence, what do we see occurring just before turning the page?",Writing on the previous page,"We see a person writing on a spiral-bound notebook, which is placed on a wooden desk.",651,588000,0.0011,2156,11,15000,0,64,1
cbfeb6c8-ec1f-4884-bcbf-14d7764c4a36,What action takes place immediately before the pen touches the paper?,Holding the pen above the book,"The pen is held in the person's right hand, and the person is writing on the paper.",651,588000,0.0011,2156,11,15000,0,64,1
cbfeb6c8-ec1f-4884-bcbf-14d7764c4a36,"In the video, what happens right before the book is opened?",Sitting down,The person writes on the book with a blue pen.,651,588000,0.0011,2156,11,15000,0,64,1
cbfeb6c8-ec1f-4884-bcbf-14d7764c4a36,Did I write in the book before turning the page?,Yes,"Yes, you wrote in the book before turning the page.",651,588000,0.0011,2156,11,15000,0,64,1
cbfeb6c8-ec1f-4884-bcbf-14d7764c4a36,Is the book already opened before I start writing?,Yes,"Yes, the book is already opened before I start writing.",651,588000,0.0011,2156,11,15000,0,64,1
cbfeb6c8-ec1f-4884-bcbf-14d7764c4a36,Did I place my left hand on the page before writing with the pen?,Yes,"Yes, you placed your left hand on the page before writing with the pen.",651,588000,0.0011,2156,11,15000,0,64,1
cbfeb6c8-ec1f-4884-bcbf-14d7764c4a36,What happens before I use the pen to write?,Opening the book,"Before you use the pen to write, you should first hold the notebook and pen steady.",651,588000,0.0011,2156,11,15000,0,64,1
cbfeb6c8-ec1f-4884-bcbf-14d7764c4a36,"Before closing the book, what action is performed?",Turning the page,"Before closing the book, the person writes on the page with a blue pen.",651,588000,0.0011,2156,11,15000,0,64,1
cbfeb6c8-ec1f-4884-bcbf-14d7764c4a36,What is the setting of this video clip?,"The setting is indoors, at a desk.",The setting of this video clip is a wooden desk with a notebook and a spiral-bound notebook.,695,640920,0.0011,2352,12,15000,0,64,1
cbfeb6c8-ec1f-4884-bcbf-14d7764c4a36,What objects are present in this scene?,"A book, a pen, and a desk.","A wooden desk, a notebook, a pen, and a book.",695,640920,0.0011,2352,12,15000,0,64,1
cbfeb6c8-ec1f-4884-bcbf-14d7764c4a36,Is the person writing with their right hand?,Yes.,"Yes, the person is writing with their right hand.",695,640920,0.0011,2352,12,15000,0,64,1
cbfeb6c8-ec1f-4884-bcbf-14d7764c4a36,Is the notebook placed on the person's lap?,No.,"No, the notebook is not placed on the person's lap.",695,640920,0.0011,2352,12,15000,0,64,1
cbfeb6c8-ec1f-4884-bcbf-14d7764c4a36,Does this video show any electronic devices being used?,No.,"No, the video does not show any electronic devices being used.",695,640920,0.0011,2352,12,15000,0,64,1
cbfeb6c8-ec1f-4884-bcbf-14d7764c4a36,Is the person seated while writing in the book?,Yes.,Yes,695,640920,0.0011,2352,12,15000,0,64,1
cbfeb6c8-ec1f-4884-bcbf-14d7764c4a36,Do I sit down before beginning to write?,Yes,"Yes, you should sit down before beginning to write.",695,640920,0.0011,2352,12,15000,0,64,1
cbfeb6c8-ec1f-4884-bcbf-14d7764c4a36,What happens before the book is opened?,I sit down at the desk.,"Before the book is opened, the person is writing in a notebook.",695,640920,0.0011,2352,12,15000,0,64,1
cbfeb6c8-ec1f-4884-bcbf-14d7764c4a36,Did I close the book before starting to write?,No,"Yes, you closed the book before starting to write.",695,640920,0.0011,2352,12,15000,0,64,1
cbfeb6c8-ec1f-4884-bcbf-14d7764c4a36,Was I seated while writing in the book?,Yes,"Yes, you were seated while writing in the book.",695,640920,0.0011,2352,12,15000,0,64,1
cbfeb6c8-ec1f-4884-bcbf-14d7764c4a36,Did I turn the page after finishing writing?,No,"No, you didn't turn the page after finishing writing.",695,640920,0.0011,2352,12,15000,0,64,1
cbfeb6c8-ec1f-4884-bcbf-14d7764c4a36,Was the pen put down before closing the book?,No,"Yes, the pen was put down before closing the book.",695,640920,0.0011,2352,12,15000,0,64,1
cbfeb6c8-ec1f-4884-bcbf-14d7764c4a36,Did I write on the left page before the right one?,No,"No, you wrote on the right page before the left page.",695,640920,0.0011,2352,12,15000,0,64,1
cbfeb6c8-ec1f-4884-bcbf-14d7764c4a36,What is the setting of the scene in this video clip?,"The setting is indoors, with a person writing in a notebook.","The setting of the scene is a wooden desk with a brown surface, where a person is sitting and writing on a spiral-bound notebook.",745,693840,0.0011,2548,13,15000,0,64,1
cbfeb6c8-ec1f-4884-bcbf-14d7764c4a36,What activity is being performed in the scene?,Writing on a notebook with a pen.,The activity being performed in the scene is studying or taking notes.,745,693840,0.0011,2548,13,15000,0,64,1
cbfeb6c8-ec1f-4884-bcbf-14d7764c4a36,What can we deduce about the person's task in the video?,The person is engaged in a writing activity.,"The person appears to be engaged in a study or examination, as indicated by the presence of a notebook and a book, which suggests they are taking notes or practicing for an exam.",745,693840,0.0011,2548,13,15000,0,64,1
cbfeb6c8-ec1f-4884-bcbf-14d7764c4a36,Describe the motion taking place in these frames?,The movement of the hand while writing.,The motion in these frames is the person writing in a notebook.,745,693840,0.0011,2548,13,15000,0,64,1
cbfeb6c8-ec1f-4884-bcbf-14d7764c4a36,Does the person stop writing at any point in the video?,No.,"No, the person does not stop writing at any point in the video.",745,693840,0.0011,2548,13,15000,0,64,1
cbfeb6c8-ec1f-4884-bcbf-14d7764c4a36,Is there any use of electronic devices in these frames?,No.,"No, there are no electronic devices visible in these frames.",745,693840,0.0011,2548,13,15000,0,64,1
cbfeb6c8-ec1f-4884-bcbf-14d7764c4a36,"In the video sequence, what do we see happening before writing with the pen?",Sitting at the desk,"Before writing with the pen, we see a person sitting at a wooden desk, holding a notebook and a pen, with an open book in front of them.",745,693840,0.0011,2548,13,15000,0,64,1
cbfeb6c8-ec1f-4884-bcbf-14d7764c4a36,What occurs just before opening the notebook in the video?,Sitting at the desk,"A person's hand appears, holding the notebook open.",745,693840,0.0011,2548,13,15000,0,64,1
cbfeb6c8-ec1f-4884-bcbf-14d7764c4a36,"In the video, does using the pen happen after sitting at the desk?",Yes,"Yes, the pen is used to write in the notebook after sitting at the desk.",745,693840,0.0011,2548,13,15000,0,64,1
cbfeb6c8-ec1f-4884-bcbf-14d7764c4a36,What action precedes putting down the pen on the desk?,Writing in the book,Writing on the notebook,745,693840,0.0011,2548,13,15000,0,64,1
cbfeb6c8-ec1f-4884-bcbf-14d7764c4a36,What is done just before the writing starts in the video?,Picking up the pen,"Just before the writing starts, the person writes on a spiral notebook.",745,693840,0.0011,2548,13,15000,0,64,1
cbfeb6c8-ec1f-4884-bcbf-14d7764c4a36,Which action is depicted in this frame?,Writing in a book with a pen.,The action depicted in this frame is the person writing in a notebook.,760,705600,0.0011,2744,14,15000,0,64,1
cbfeb6c8-ec1f-4884-bcbf-14d7764c4a36,Describe the surroundings visible in this frame.,"Indoors, likely a desk or table.","The surroundings include a wooden desk with a notebook and a spiral-bound book, and a wooden floor.",760,705600,0.0011,2744,14,15000,0,64,1
cbfeb6c8-ec1f-4884-bcbf-14d7764c4a36,Can you specify the object being used by the person?,A pen.,The person is using a blue pen to write in a spiral-bound notebook.,760,705600,0.0011,2744,14,15000,0,64,1
cbfeb6c8-ec1f-4884-bcbf-14d7764c4a36,Did the interaction occur in an outdoor location?,No.,"No, the interaction occurred indoors.",760,705600,0.0011,2744,14,15000,0,64,1
cbfeb6c8-ec1f-4884-bcbf-14d7764c4a36,Is the person predominantly engaged in a physical activity?,No.,"No, the person is not predominantly engaged in a physical activity. They are focused on writing in a notebook.",760,705600,0.0011,2744,14,15000,0,64,1
cbfeb6c8-ec1f-4884-bcbf-14d7764c4a36,"In the video, does writing in the notebook occur before conversing with a woman?",Yes.,"Yes, writing in the notebook occurs before conversing with a woman.",760,705600,0.0011,2744,14,15000,0,64,1
cbfeb6c8-ec1f-4884-bcbf-14d7764c4a36,"In the video, does the conversation with a woman happen before being in an apartment?",No.,"No, the conversation with a woman does not happen before being in an apartment.",760,705600,0.0011,2744,14,15000,0,64,1
cbfeb6c8-ec1f-4884-bcbf-14d7764c4a36,Is the pen used before entering the apartment as shown in the clip?,No.,"Yes, the pen is used before entering the apartment as shown in the clip.",760,705600,0.0011,2744,14,15000,0,64,1
cbfeb6c8-ec1f-4884-bcbf-14d7764c4a36,"In the video sequence, what do we see happening before conversing with woman X?",Being in an apartment.,"Before conversing with woman X, we see a person sitting at a wooden desk, holding a notebook and a pen, with an open book in front of them.",760,705600,0.0011,2744,14,15000,0,64,1
cbfeb6c8-ec1f-4884-bcbf-14d7764c4a36,What happens right before using a pen on the book?,Being indoors.,The person writes on the book.,760,705600,0.0011,2744,14,15000,0,64,1
cbfeb6c8-ec1f-4884-bcbf-14d7764c4a36,"In the video, what occurs directly before the pen is picked up?",Being indoors.,The pen is picked up from the notebook.,760,705600,0.0011,2744,14,15000,0,64,1
cbfeb6c8-ec1f-4884-bcbf-14d7764c4a36,What happens before the conversation with woman X in the video?,Writing on a book,"Before the conversation with woman X, the scene transitions to a person sitting at a wooden desk, writing on a spiral-bound notebook.",760,705600,0.0011,2744,14,15000,0,64,1
6baa36c1-e4d0-4dbd-97b2-dff48ecf796e,What environments surround the individual scrapping the wall?,An outdoor setting with a ladder near a wooden fence.,"The individual is surrounded by a garage environment, with a ladder leaning against a wall and a garage door in the background.",416,58800,0.0071,588,3,15000,0,64,1
6baa36c1-e4d0-4dbd-97b2-dff48ecf796e,What tool is utilized for scrapping in the scene?,A scraper is used.,A hand is seen using a scraper to remove the paint from the wall.,416,58800,0.0071,588,3,15000,0,64,1
6baa36c1-e4d0-4dbd-97b2-dff48ecf796e,Is the individual standing on the ground or elevated while scrapping?,The individual is elevated on a ladder.,The individual is standing on the ground while scrapping.,416,58800,0.0071,588,3,15000,0,64,1
6baa36c1-e4d0-4dbd-97b2-dff48ecf796e,What is the purpose of using a ladder in this scenario?,To reach higher areas of the wall for scrapping.,The purpose of using a ladder in this scenario is to reach a higher area or to access a window that is not accessible by the ground.,416,58800,0.0071,588,3,15000,0,64,1
6baa36c1-e4d0-4dbd-97b2-dff48ecf796e,How does the individual prepare to scrape the wall?,The individual prepares by stretching out a ladder.,The individual uses a scraper to scrape the wall.,416,58800,0.0071,588,3,15000,0,64,1
6baa36c1-e4d0-4dbd-97b2-dff48ecf796e,Does the video show a person using a ladder?,Yes.,"Yes, the video shows a person using a ladder.",416,58800,0.0071,588,3,15000,0,64,1
6baa36c1-e4d0-4dbd-97b2-dff48ecf796e,Is the wall being scraped in the video?,Yes.,Yes,416,58800,0.0071,588,3,15000,0,64,1
6baa36c1-e4d0-4dbd-97b2-dff48ecf796e,Does the scene involve stretching a ladder before scrapping?,Yes.,"Yes, the scene involves stretching a ladder before scrapping.",416,58800,0.0071,588,3,15000,0,64,1
6baa36c1-e4d0-4dbd-97b2-dff48ecf796e,Does the individual scrap the wall without any tools?,No.,"No, the individual scrapes the wall with a scraper.",416,58800,0.0071,588,3,15000,0,64,1
6baa36c1-e4d0-4dbd-97b2-dff48ecf796e,What location is depicted in this video clip?,The video clip depicts an outdoor scene with a wall.,The location depicted in this video clip is a garage.,532,111720,0.0048,784,4,15000,0,64,1
6baa36c1-e4d0-4dbd-97b2-dff48ecf796e,How does the environment appear in the video clip?,The environment appears to be a porch or exterior of a building.,"The environment appears to be a garage or workshop with a window and a ladder leaning against it. The wall is partially covered with white paint, and there is a hand holding a paint roller, suggesting that painting is being done.",532,111720,0.0048,784,4,15000,0,64,1
6baa36c1-e4d0-4dbd-97b2-dff48ecf796e,What structure can be observed in this video clip?,A wall with white paint is observed in this video clip.,A ladder can be observed in this video clip.,532,111720,0.0048,784,4,15000,0,64,1
6baa36c1-e4d0-4dbd-97b2-dff48ecf796e,How is the exterior space utilized in the video action?,The exterior space provides a background for removal of an object.,"The exterior space is utilized for painting and decorating, with the person using a ladder to reach the higher areas of the wall.",532,111720,0.0048,784,4,15000,0,64,1
6baa36c1-e4d0-4dbd-97b2-dff48ecf796e,Is the object completely removed from the wall in the video?,Yes,"No, the object is not completely removed from the wall. The hand is still holding the ladder, and the wall is still partially covered with the ladder.",532,111720,0.0048,784,4,15000,0,64,1
6baa36c1-e4d0-4dbd-97b2-dff48ecf796e,Does the video clip show a wall being painted?,No,"Yes, the video clip shows a wall being painted.",532,111720,0.0048,784,4,15000,0,64,1
6baa36c1-e4d0-4dbd-97b2-dff48ecf796e,"In the video, is the wall outdoors?",Yes,"Yes, the wall is outdoors.",532,111720,0.0048,784,4,15000,0,64,1
6baa36c1-e4d0-4dbd-97b2-dff48ecf796e,"In the video, is the ladder stretched before scraping the wall?",Yes,Yes,532,111720,0.0048,784,4,15000,0,64,1
6baa36c1-e4d0-4dbd-97b2-dff48ecf796e,What happens just before the wall is scraped in the video?,The ladder is stretched,"Just before the wall is scraped, the ladder is positioned against the wall, and the person's hand is holding the ladder steady.",532,111720,0.0048,784,4,15000,0,64,1
6baa36c1-e4d0-4dbd-97b2-dff48ecf796e,What exterior work is being performed?,Scraping a wall and smoothing a surface.,The exterior work being performed is a paint job on a window.,640,164640,0.0039,980,5,15000,0,64,1
6baa36c1-e4d0-4dbd-97b2-dff48ecf796e,Where is the activity taking place?,Outside a house.,The activity is taking place in a garage.,640,164640,0.0039,980,5,15000,0,64,1
6baa36c1-e4d0-4dbd-97b2-dff48ecf796e,Which tools are being used for the exterior tasks?,A scraper and a planer.,A ladder and a hammer are being used for the exterior tasks.,640,164640,0.0039,980,5,15000,0,64,1
6baa36c1-e4d0-4dbd-97b2-dff48ecf796e,Can you describe the sequence of work shown?,"Scraping first, then planing.","The sequence of work shown is as follows: the person is using a ladder to reach the wall, which has been partially stripped of its paint, revealing the underlying structure. The person then uses a hammer to remove the remaining paint, and finally, they are using a screwdriver to secure the wall to the ladder.",640,164640,0.0039,980,5,15000,0,64,1
6baa36c1-e4d0-4dbd-97b2-dff48ecf796e,Does the video show painting work being done?,No.,"Yes, the video shows painting work being done, with a person using a paint roller to apply paint to a wall.",640,164640,0.0039,980,5,15000,0,64,1
6baa36c1-e4d0-4dbd-97b2-dff48ecf796e,Is there any smoothing of surfaces portrayed?,Yes.,"Yes, there is a close-up of a hand smoothing a surface with a tool, indicating the process of smoothing surfaces.",640,164640,0.0039,980,5,15000,0,64,1
6baa36c1-e4d0-4dbd-97b2-dff48ecf796e,Does the scene capture window installation?,No.,"Yes, the scene captures the process of installing a window, with a hand holding a tool and a ladder, and a window frame being installed.",640,164640,0.0039,980,5,15000,0,64,1
6baa36c1-e4d0-4dbd-97b2-dff48ecf796e,Does the clip depict interior renovation?,No.,"Yes, the clip depicts interior renovation.",640,164640,0.0039,980,5,15000,0,64,1
6baa36c1-e4d0-4dbd-97b2-dff48ecf796e,Does smoothing the surface occur before scraping the wall?,No,"Yes, smoothing the surface occurs before scraping the wall.",640,164640,0.0039,980,5,15000,0,64,1
6baa36c1-e4d0-4dbd-97b2-dff48ecf796e,Is the removal of plaster seen before the scraping action?,Yes,"Yes, the removal of plaster is seen before the scraping action.",640,164640,0.0039,980,5,15000,0,64,1
6baa36c1-e4d0-4dbd-97b2-dff48ecf796e,Does the planer touch the surface after the wall is scrapped?,Yes,"Yes, the planer touches the surface after the wall is scrapped.",640,164640,0.0039,980,5,15000,0,64,1
6baa36c1-e4d0-4dbd-97b2-dff48ecf796e,"In the video, is the ladder stretched before scraping the wall?",Yes,"Yes, the ladder is stretched before scraping the wall.",640,164640,0.0039,980,5,15000,0,64,1
6baa36c1-e4d0-4dbd-97b2-dff48ecf796e,Does the smoothing of the surface occur after scraping the wall?,Yes,"Yes, the smoothing of the surface occurs after scraping the wall.",640,164640,0.0039,980,5,15000,0,64,1
6baa36c1-e4d0-4dbd-97b2-dff48ecf796e,Is something removed from the wall before stretching the ladder?,No,"Yes, a piece of wood is removed from the wall before stretching the ladder.",640,164640,0.0039,980,5,15000,0,64,1
6baa36c1-e4d0-4dbd-97b2-dff48ecf796e,"In the clip, is the ladder stretched after smoothing the surface?",No,"Yes, the ladder is stretched after smoothing the surface.",640,164640,0.0039,980,5,15000,0,64,1
6baa36c1-e4d0-4dbd-97b2-dff48ecf796e,What can be seen happening before smoothing the surface?,Scraping the wall,"Before smoothing the surface, a person's hand is seen holding a tool, likely a scraper or a similar device, and is in the process of smoothing the surface.",640,164640,0.0039,980,5,15000,0,64,1
6baa36c1-e4d0-4dbd-97b2-dff48ecf796e,"In the video, what happens before stretching the ladder?","Nothing, it is the first action","Before stretching the ladder, the hand is seen holding a hammer and a nail, indicating that the ladder is being prepared for painting or repair work.",640,164640,0.0039,980,5,15000,0,64,1
6baa36c1-e4d0-4dbd-97b2-dff48ecf796e,What is the setting of the video clip?,Outside a house.,The setting of the video clip is a garage.,719,217560,0.0033,1176,6,15000,0,64,1
6baa36c1-e4d0-4dbd-97b2-dff48ecf796e,What task is being performed in the video clip?,Smoothing and scraping a surface.,The task being performed in the video clip is painting a wall.,719,217560,0.0033,1176,6,15000,0,64,1
6baa36c1-e4d0-4dbd-97b2-dff48ecf796e,What tools are being used in the video clip?,A planer and a scraper.,A ladder and a red screwdriver are being used in the video clip.,719,217560,0.0033,1176,6,15000,0,64,1
6baa36c1-e4d0-4dbd-97b2-dff48ecf796e,What is the condition of the surface being worked on?,It is a rough surface.,The surface being worked on is peeling and has visible patches of paint.,719,217560,0.0033,1176,6,15000,0,64,1
6baa36c1-e4d0-4dbd-97b2-dff48ecf796e,What is the first action taken on the surface in the clip?,Smoothing it with a planer.,The first action taken on the surface is the application of a red nail polish.,719,217560,0.0033,1176,6,15000,0,64,1
6baa36c1-e4d0-4dbd-97b2-dff48ecf796e,What is the progression of work on the surface in the clip?,From smoothing to scraping.,"The progression of work on the surface starts with the ladder being used to reach the wall, followed by the application of the paint, and ends with the ladder being used to remove the paint.",719,217560,0.0033,1176,6,15000,0,64,1
6baa36c1-e4d0-4dbd-97b2-dff48ecf796e,How is the condition of the surface changing in the clip?,Becoming smoother and cleaner.,"The surface is being painted, and the paint is being applied to the wall.",719,217560,0.0033,1176,6,15000,0,64,1
6baa36c1-e4d0-4dbd-97b2-dff48ecf796e,Does the person use a planer on the surface?,Yes.,"Yes, the person uses a planer on the surface.",719,217560,0.0033,1176,6,15000,0,64,1
6baa36c1-e4d0-4dbd-97b2-dff48ecf796e,Is there an action of scraping visible in the new frames?,Yes.,"Yes, there is an action of scraping visible in the new frames.",719,217560,0.0033,1176,6,15000,0,64,1
6baa36c1-e4d0-4dbd-97b2-dff48ecf796e,Does the clip show the complete smoothing of the surface?,No.,"No, the clip only shows the hand smoothing the surface, not the complete smoothing process.",719,217560,0.0033,1176,6,15000,0,64,1
6baa36c1-e4d0-4dbd-97b2-dff48ecf796e,"In the video, is the surface scrapped before it is smoothened with a planer?",No,"Yes, the surface is scraped before it is smoothened with a planer.",719,217560,0.0033,1176,6,15000,0,64,1
6baa36c1-e4d0-4dbd-97b2-dff48ecf796e,"In the sequence, is the planer used before the scraper?",Yes,"Yes, the planer is used before the scraper.",719,217560,0.0033,1176,6,15000,0,64,1
6baa36c1-e4d0-4dbd-97b2-dff48ecf796e,What occurs right before the planer is used on the surface?,"Nothing, it's the first action","A hand with a watch and a red tool is shown, indicating the start of the planing process.",719,217560,0.0033,1176,6,15000,0,64,1
6baa36c1-e4d0-4dbd-97b2-dff48ecf796e,Did I remove something from the wall before scraping the wall?,Yes,"Yes, you removed something from the wall before scraping the wall.",719,217560,0.0033,1176,6,15000,0,64,1
6baa36c1-e4d0-4dbd-97b2-dff48ecf796e,Is the surface smoothened with a planer before scraping with a scraper?,Yes,"Yes, the surface is smoothened with a planer before scraping with a scraper.",719,217560,0.0033,1176,6,15000,0,64,1
6baa36c1-e4d0-4dbd-97b2-dff48ecf796e,Do I smoothen the surface with a planer before removing something from the wall?,No,"Yes, you can use a planer to smooth out the surface before removing something from the wall.",719,217560,0.0033,1176,6,15000,0,64,1
6baa36c1-e4d0-4dbd-97b2-dff48ecf796e,Is the wall scraped with a scraper before using a planer in one sequence?,No,"Yes, the wall is scraped with a scraper before using a planer in one sequence.",719,217560,0.0033,1176,6,15000,0,64,1
6baa36c1-e4d0-4dbd-97b2-dff48ecf796e,What setting is shown in the video clip?,An outdoor scene with window frame paint removal.,The setting shown in the video clip is a garage.,773,270480,0.0029,1372,7,15000,0,64,1
6baa36c1-e4d0-4dbd-97b2-dff48ecf796e,Describe the environment shown in the clip.,"An outside area, likely a building's exterior.","The environment is a garage with a ladder leaning against a wall, a window with peeling paint, and a red tool lying on the ground.",773,270480,0.0029,1372,7,15000,0,64,1
6baa36c1-e4d0-4dbd-97b2-dff48ecf796e,What tool is being used in the current action?,A paint scraper is being used in the action.,A red-handled screwdriver is being used in the current action.,773,270480,0.0029,1372,7,15000,0,64,1
6baa36c1-e4d0-4dbd-97b2-dff48ecf796e,How is the paint being removed in this scene?,The paint is being manually scraped off.,The paint is being removed by scraping it away with a red-handled tool.,773,270480,0.0029,1372,7,15000,0,64,1
6baa36c1-e4d0-4dbd-97b2-dff48ecf796e,Does the video show a paint removal process?,Yes.,"Yes, the video shows a paint removal process, as indicated by the person using a paint roller to remove the paint from the window.",773,270480,0.0029,1372,7,15000,0,64,1
6baa36c1-e4d0-4dbd-97b2-dff48ecf796e,Is the person successfully removing paint from a window frame?,Yes.,Yes,773,270480,0.0029,1372,7,15000,0,64,1
6baa36c1-e4d0-4dbd-97b2-dff48ecf796e,Does the scene take place indoors?,No.,"No, the scene takes place outdoors.",773,270480,0.0029,1372,7,15000,0,64,1
6baa36c1-e4d0-4dbd-97b2-dff48ecf796e,Is the surface smoothed with a planer before scraping with a scraper?,Yes,Yes,773,270480,0.0029,1372,7,15000,0,64,1
6baa36c1-e4d0-4dbd-97b2-dff48ecf796e,Does the removal of paint on the window frame happen after smoothing a surface?,Yes,"Yes, the removal of paint on the window frame happens after smoothing a surface.",773,270480,0.0029,1372,7,15000,0,64,1
6baa36c1-e4d0-4dbd-97b2-dff48ecf796e,Is the paint scraper used before the planer on any surface?,No,"Yes, the paint scraper is used before the planer on any surface.",773,270480,0.0029,1372,7,15000,0,64,1
6baa36c1-e4d0-4dbd-97b2-dff48ecf796e,Is the surface smoothed after removing paint from the window frame?,No,"Yes, the surface is smooth after removing paint from the window frame.",773,270480,0.0029,1372,7,15000,0,64,1
6baa36c1-e4d0-4dbd-97b2-dff48ecf796e,What happens just before using the scraper on the surface?,Smoothing the surface with a planer,"Just before using the scraper, the person points at the surface, indicating a specific area of interest.",773,270480,0.0029,1372,7,15000,0,64,1
6baa36c1-e4d0-4dbd-97b2-dff48ecf796e,What is done just prior to smoothing a surface?,"Nothing, it's the first action.",A hand is seen smoothing a surface with a red-handled tool.,773,270480,0.0029,1372,7,15000,0,64,1
6baa36c1-e4d0-4dbd-97b2-dff48ecf796e,What action takes place before using the paint scraper?,Smoothing and scraping a surface,"Before using the paint scraper, the person points at the wall, indicating they are about to start painting.",773,270480,0.0029,1372,7,15000,0,64,1
6baa36c1-e4d0-4dbd-97b2-dff48ecf796e,What is the first action performed outside the house?,Smoothing a surface with a planer,"The first action performed outside the house is a hand reaching towards the window, possibly to adjust or fix something.",773,270480,0.0029,1372,7,15000,0,64,1
6baa36c1-e4d0-4dbd-97b2-dff48ecf796e,Did I scrape the wall before smoothing the surface with a planer?,Yes.,"Yes, the person in the video has scraped the wall before smoothing the surface with a planer.",773,270480,0.0029,1372,7,15000,0,64,1
6baa36c1-e4d0-4dbd-97b2-dff48ecf796e,Did I smooth the surface with a planer before removing paint from the window frame?,Yes.,"Yes, the person in the video is smoothing the surface with a planer before removing paint from the window frame.",773,270480,0.0029,1372,7,15000,0,64,1
6baa36c1-e4d0-4dbd-97b2-dff48ecf796e,What do I do before removing paint from the window frame?,Scrape the wall and smooth a surface.,"Before removing paint from the window frame, you should first clean the area with a cloth or paper towel to remove any dirt or debris.",773,270480,0.0029,1372,7,15000,0,64,1
6baa36c1-e4d0-4dbd-97b2-dff48ecf796e,What is the setting of the video clip?,The setting is outside near a window.,The setting of the video clip is a garage.,842,323400,0.0026,1568,8,15000,0,64,1
6baa36c1-e4d0-4dbd-97b2-dff48ecf796e,What tool is being used on the window?,A scraper is being used.,A red-handled screwdriver is being used on the window.,842,323400,0.0026,1568,8,15000,0,64,1
6baa36c1-e4d0-4dbd-97b2-dff48ecf796e,Does the video show paint being scraped off?,Yes.,"Yes, the video shows paint being scraped off from the window frame.",842,323400,0.0026,1568,8,15000,0,64,1
6baa36c1-e4d0-4dbd-97b2-dff48ecf796e,Is the window frame being refinished?,Yes.,Yes,842,323400,0.0026,1568,8,15000,0,64,1
6baa36c1-e4d0-4dbd-97b2-dff48ecf796e,Is a tool being used for paint removal?,Yes.,Yes,842,323400,0.0026,1568,8,15000,0,64,1
6baa36c1-e4d0-4dbd-97b2-dff48ecf796e,Is the person working on interior maintenance?,No.,Yes,842,323400,0.0026,1568,8,15000,0,64,1
6baa36c1-e4d0-4dbd-97b2-dff48ecf796e,Is the window frame being replaced?,No.,Yes,842,323400,0.0026,1568,8,15000,0,64,1
6baa36c1-e4d0-4dbd-97b2-dff48ecf796e,Is the window opened before the paint is scraped?,Yes,"Yes, the window is open before the paint is scraped.",842,323400,0.0026,1568,8,15000,0,64,1
6baa36c1-e4d0-4dbd-97b2-dff48ecf796e,Does the hand touch the window frame before using the scraper?,Yes,"Yes, the hand touches the window frame before using the scraper.",842,323400,0.0026,1568,8,15000,0,64,1
6baa36c1-e4d0-4dbd-97b2-dff48ecf796e,Is the paint on the window frame removed before the hand is visible?,No,"Yes, the paint on the window frame is removed before the hand is visible.",842,323400,0.0026,1568,8,15000,0,64,1
6baa36c1-e4d0-4dbd-97b2-dff48ecf796e,Does the window frame appear before the scraper is in motion?,Yes,"Yes, the window frame appears before the scraper is in motion.",842,323400,0.0026,1568,8,15000,0,64,1
6baa36c1-e4d0-4dbd-97b2-dff48ecf796e,Is the paint removed from the window frame before using the planer?,No,"Yes, the paint is removed from the window frame before using the planer.",842,323400,0.0026,1568,8,15000,0,64,1
6baa36c1-e4d0-4dbd-97b2-dff48ecf796e,Does the surface smoothing with a planer occur before the scraping?,Yes,"Yes, the surface smoothing with a planer occurs before the scraping.",842,323400,0.0026,1568,8,15000,0,64,1
6baa36c1-e4d0-4dbd-97b2-dff48ecf796e,Is the scraping of the surface completed before removing paint on the window frame?,No,"Yes, the scraping of the surface is completed before removing paint on the window frame.",842,323400,0.0026,1568,8,15000,0,64,1
6baa36c1-e4d0-4dbd-97b2-dff48ecf796e,What occurs just before scraping the surface?,Smoothening with a planer,"Just before scraping the surface, the person's hand is seen holding a red-handled tool, likely a scraper or a similar tool, and is about to start scraping the surface.",842,323400,0.0026,1568,8,15000,0,64,1
6baa36c1-e4d0-4dbd-97b2-dff48ecf796e,What is the main activity taking place outside the house?,Smoothing and scraping surfaces.,The main activity taking place outside the house is painting the window.,927,376320,0.0025,1764,9,15000,0,64,1
6baa36c1-e4d0-4dbd-97b2-dff48ecf796e,Where is the scene set?,Outside a house.,The scene is set in a garage.,927,376320,0.0025,1764,9,15000,0,64,1
6baa36c1-e4d0-4dbd-97b2-dff48ecf796e,What tools are being used in this scene?,A planer and a scraper.,"A ladder, a red-handled tool, and a pair of scissors are being used in this scene.",927,376320,0.0025,1764,9,15000,0,64,1
6baa36c1-e4d0-4dbd-97b2-dff48ecf796e,How can you describe the area in which the activity occurs?,It's a woodworking area outside the house.,"The activity is taking place in a garage or workshop, with a window and a ladder visible in the background.",927,376320,0.0025,1764,9,15000,0,64,1
6baa36c1-e4d0-4dbd-97b2-dff48ecf796e,What actions are being performed in this video clip?,Smoothing with a planer and scraping with a scraper.,"The actions being performed in this video clip include painting the window, using a hammer to remove paint from the window frame, and cutting a piece of wood to create a frame.",927,376320,0.0025,1764,9,15000,0,64,1
6baa36c1-e4d0-4dbd-97b2-dff48ecf796e,What is the focus of the activity in these frames?,Wood surface maintenance.,The focus of the activity in these frames is a ladder being used to reach and possibly fix or repair a window.,927,376320,0.0025,1764,9,15000,0,64,1
6baa36c1-e4d0-4dbd-97b2-dff48ecf796e,What is the sequence of actions performed outside?,"First smoothening, then scraping surfaces.","The sequence of actions performed outside is: the person is seen holding a red-handled tool, possibly a screwdriver, and is using it to work on the window, while the hand of another person is visible, holding a ladder.",927,376320,0.0025,1764,9,15000,0,64,1
6baa36c1-e4d0-4dbd-97b2-dff48ecf796e,How does the person handle the tools in the video?,With precision and care for the task.,"The person handles the tools with precision and care, using them to carefully remove the paint from the window frame.",927,376320,0.0025,1764,9,15000,0,64,1
6baa36c1-e4d0-4dbd-97b2-dff48ecf796e,What are the visible results of the actions in this clip?,Smooth surfaces and wood shavings scattered.,"The visible results of the actions in this clip include the paint being scraped off the window, the paint being removed from the window frame, and the paint being removed from the window sill.",927,376320,0.0025,1764,9,15000,0,64,1
6baa36c1-e4d0-4dbd-97b2-dff48ecf796e,Does the video show the use of a woodworking planer?,Yes,"Yes, the video shows the use of a woodworking planer, as indicated by the person's hand holding a red-handled planer and the presence of a planer's head on the window.",927,376320,0.0025,1764,9,15000,0,64,1
6baa36c1-e4d0-4dbd-97b2-dff48ecf796e,Is the person scraping a wooden surface?,Yes,Yes,927,376320,0.0025,1764,9,15000,0,64,1
6baa36c1-e4d0-4dbd-97b2-dff48ecf796e,Are the actions performed indoor?,No,Yes,927,376320,0.0025,1764,9,15000,0,64,1
6baa36c1-e4d0-4dbd-97b2-dff48ecf796e,Does the activity involve painting or staining?,No,"Yes, the activity involves painting or staining.",927,376320,0.0025,1764,9,15000,0,64,1
6baa36c1-e4d0-4dbd-97b2-dff48ecf796e,Is the person wearing any safety gear?,No,"No, the person is not wearing any safety gear.",927,376320,0.0025,1764,9,15000,0,64,1
6baa36c1-e4d0-4dbd-97b2-dff48ecf796e,Was the window frame scraped before it was planed?,No,"Yes, the window frame was scraped before it was planed.",927,376320,0.0025,1764,9,15000,0,64,1
6baa36c1-e4d0-4dbd-97b2-dff48ecf796e,Did the scraping of a surface happen after smoothening it?,Yes,"Yes, the scraping of a surface happened after smoothening it.",927,376320,0.0025,1764,9,15000,0,64,1
6baa36c1-e4d0-4dbd-97b2-dff48ecf796e,What happens just before the scraper is used on the window frame?,The surface is smoothened with a planer,"Just before the scraper is used on the window frame, the person's hand is seen holding the scraper, preparing to make contact with the window frame.",927,376320,0.0025,1764,9,15000,0,64,1
6baa36c1-e4d0-4dbd-97b2-dff48ecf796e,What is the action taken just prior to the planer being used in the video?,There is no action shown before the planer is used,"The action taken just prior to the planer being used in the video is the person's hand holding a red tool, likely a planer, and a piece of wood or a board.",927,376320,0.0025,1764,9,15000,0,64,1
6baa36c1-e4d0-4dbd-97b2-dff48ecf796e,Was the surface planed before the scraping of paint on the window frame?,Yes,"Yes, the surface was planed before the scraping of paint on the window frame.",927,376320,0.0025,1764,9,15000,0,64,1
6baa36c1-e4d0-4dbd-97b2-dff48ecf796e,Was the window frame scraped before planing the surface?,No,"Yes, the window frame was scraped before planing the surface.",927,376320,0.0025,1764,9,15000,0,64,1
6baa36c1-e4d0-4dbd-97b2-dff48ecf796e,Was the window frame scraped first before using any tools?,No,"Yes, the window frame was scraped first before using any tools.",927,376320,0.0025,1764,9,15000,0,64,1
6baa36c1-e4d0-4dbd-97b2-dff48ecf796e,What's the brief of the depicted scenario?,A person scrapes a surface outside a house.,"The brief of the depicted scenario is a person using a hammer to remove paint from a window, with a red object, possibly a tool or a piece of paper, lying on the ground nearby.",969,429240,0.0023,1960,10,15000,0,64,1
6baa36c1-e4d0-4dbd-97b2-dff48ecf796e,What can be inferred about the location in the video clip?,It's a residential outdoor area by a window.,"The location appears to be a residential area, as indicated by the presence of a window with peeling paint and a garage door.",969,429240,0.0023,1960,10,15000,0,64,1
6baa36c1-e4d0-4dbd-97b2-dff48ecf796e,How would you describe the environment surrounding the action?,It appears to be tranquil and domestic.,"The environment surrounding the action is a garage with a window, and there is a ladder leaning against the wall.",969,429240,0.0023,1960,10,15000,0,64,1
6baa36c1-e4d0-4dbd-97b2-dff48ecf796e,Is the person in the video using a tool for scraping?,Yes.,Yes,969,429240,0.0023,1960,10,15000,0,64,1
6baa36c1-e4d0-4dbd-97b2-dff48ecf796e,Is the scraping happening indoors?,No.,Yes,969,429240,0.0023,1960,10,15000,0,64,1
6baa36c1-e4d0-4dbd-97b2-dff48ecf796e,Does the footage show the completion of the scraping task?,No.,"No, the footage does not show the completion of the scraping task. The person is still scraping the window, and the video captures the ongoing process.",969,429240,0.0023,1960,10,15000,0,64,1
6baa36c1-e4d0-4dbd-97b2-dff48ecf796e,Is the person wearing gloves while scraping?,No.,"No, the person is not wearing gloves while scraping.",969,429240,0.0023,1960,10,15000,0,64,1
6baa36c1-e4d0-4dbd-97b2-dff48ecf796e,Did I smoothen the surface with a planer before scraping it with a scraper?,Yes,"Yes, you did smoothen the surface with a planer before scraping it with a scraper.",969,429240,0.0023,1960,10,15000,0,64,1
6baa36c1-e4d0-4dbd-97b2-dff48ecf796e,What occurs just before I scrape the surface with the scraper?,Smoothening with a planer,"A hand appears, holding a red scraper and a piece of paper.",969,429240,0.0023,1960,10,15000,0,64,1
6baa36c1-e4d0-4dbd-97b2-dff48ecf796e,Is the scraping of the window frame after smoothing the surface?,Yes,"Yes, the scraping of the window frame after smoothing the surface is visible in the image.",969,429240,0.0023,1960,10,15000,0,64,1
6baa36c1-e4d0-4dbd-97b2-dff48ecf796e,What happens just before the window frame is scraped?,The surface is smoothened with a planer,A hand holding a red-handled tool appears and starts to scrape the window frame.,969,429240,0.0023,1960,10,15000,0,64,1
6baa36c1-e4d0-4dbd-97b2-dff48ecf796e,What occurs right before the surface is smoothened?,The paint is removed with a scraper,A hand holding a red-handled tool is seen smoothing the surface of the window.,969,429240,0.0023,1960,10,15000,0,64,1
6baa36c1-e4d0-4dbd-97b2-dff48ecf796e,Can you describe the setting in the video?,The setting is outdoor by the side of a house.,"The setting appears to be a garage or workshop, with a window and a ladder visible in the background.",1050,482160,0.0022,2156,11,15000,0,64,1
6baa36c1-e4d0-4dbd-97b2-dff48ecf796e,Does the person succeed in scraping off the material?,Yes.,"Yes, the person successfully scrapes off the material from the window frame.",1050,482160,0.0022,2156,11,15000,0,64,1
6baa36c1-e4d0-4dbd-97b2-dff48ecf796e,Is the scraping being done on an interior wall?,No.,Yes,1050,482160,0.0022,2156,11,15000,0,64,1
6baa36c1-e4d0-4dbd-97b2-dff48ecf796e,Is the person using any tool other than a scraper?,No.,"Yes, the person is using a red-handled scraper to scrape the paint off the window.",1050,482160,0.0022,2156,11,15000,0,64,1
6baa36c1-e4d0-4dbd-97b2-dff48ecf796e,Does the scrapping of the surface start before walking outside the house?,No,"Yes, the scrapping of the surface starts before walking outside the house.",1050,482160,0.0022,2156,11,15000,0,64,1
6baa36c1-e4d0-4dbd-97b2-dff48ecf796e,"In the video, is the scraper used on the lower part of the wall before the upper part?",No,"Yes, the scraper is used on the lower part of the wall before the upper part.",1050,482160,0.0022,2156,11,15000,0,64,1
6baa36c1-e4d0-4dbd-97b2-dff48ecf796e,Is the paint removal near the window sill done after removing paint near the flower pot?,Yes,"Yes, the paint removal near the window sill is done after removing paint near the flower pot.",1050,482160,0.0022,2156,11,15000,0,64,1
6baa36c1-e4d0-4dbd-97b2-dff48ecf796e,What action occurs just before the paint near the flower pot is scraped off?,Scraping near the window sill,A hand holding a red-handled tool is seen scraping off the paint near the flower pot.,1050,482160,0.0022,2156,11,15000,0,64,1
6baa36c1-e4d0-4dbd-97b2-dff48ecf796e,Is the planer used before the scraper?,Yes,"Yes, the planer is used before the scraper.",1050,482160,0.0022,2156,11,15000,0,64,1
6baa36c1-e4d0-4dbd-97b2-dff48ecf796e,Is the scraping done before smoothing the surface?,No,"Yes, the person is scraping the surface before smoothing it out.",1050,482160,0.0022,2156,11,15000,0,64,1
6baa36c1-e4d0-4dbd-97b2-dff48ecf796e,Does the planing occur after the scraping?,No,"Yes, the planing occurs after the scraping.",1050,482160,0.0022,2156,11,15000,0,64,1
6baa36c1-e4d0-4dbd-97b2-dff48ecf796e,What happens before the scraping begins?,Smoothing with a planer,"Before the scraping begins, the person's hand is seen holding a red-handled scraper, which is being used to scrape away the paint from the window.",1050,482160,0.0022,2156,11,15000,0,64,1
6baa36c1-e4d0-4dbd-97b2-dff48ecf796e,What task is being carried out outside the house?,Smoothening a surface with a planer and scraping.,The task being carried out outside the house is painting the window.,1145,535080,0.0021,2352,12,15000,0,64,1
6baa36c1-e4d0-4dbd-97b2-dff48ecf796e,What tools are used in the latest frames for the outdoor task?,A planer and a scraper.,"The latest frames show a person using a red-handled tool, possibly a hammer, and a yellow-handled tool, which could be a nail gun or a similar fastener.",1145,535080,0.0021,2352,12,15000,0,64,1
6baa36c1-e4d0-4dbd-97b2-dff48ecf796e,Describe the surroundings where the task takes place.,"Outside a house, likely a work area with debris.","The task takes place in a garage or workshop, with a window and a wall with peeling paint visible in the background.",1145,535080,0.0021,2352,12,15000,0,64,1
6baa36c1-e4d0-4dbd-97b2-dff48ecf796e,What process is demonstrated in the recent video footage?,Woodworking involving smoothing and scraping actions.,The video demonstrates the process of painting a window.,1145,535080,0.0021,2352,12,15000,0,64,1
6baa36c1-e4d0-4dbd-97b2-dff48ecf796e,What is the likely purpose of the actions shown in the clip?,"Preparing a wooden surface, possibly for painting or finishing.","The actions shown in the clip are likely part of a DIY (Do-It-Yourself) project, possibly involving painting or repairing a window.",1145,535080,0.0021,2352,12,15000,0,64,1
6baa36c1-e4d0-4dbd-97b2-dff48ecf796e,Describe the sequential actions taken by the individual.,"First, using a planer for smoothing, then a scraper.","The individual is seen using a hammer to remove paint from a window. They first hold the window open, then use the hammer to carefully remove the paint, ensuring it is removed from the window frame.",1145,535080,0.0021,2352,12,15000,0,64,1
6baa36c1-e4d0-4dbd-97b2-dff48ecf796e,Has the person completed the smoothening task?,Yes.,No,1145,535080,0.0021,2352,12,15000,0,64,1
6baa36c1-e4d0-4dbd-97b2-dff48ecf796e,Does the individual use more than one tool?,Yes.,"Yes, the individual uses two tools: a hammer and a nail.",1145,535080,0.0021,2352,12,15000,0,64,1
6baa36c1-e4d0-4dbd-97b2-dff48ecf796e,Is the work performed indoors in the latest frames?,"No, it's outside.",No,1145,535080,0.0021,2352,12,15000,0,64,1
6baa36c1-e4d0-4dbd-97b2-dff48ecf796e,Have any painting actions been depicted in the summary?,"No, only smoothening and scraping are shown.","Yes, the hand is seen applying paint to the window, indicating the action of painting.",1145,535080,0.0021,2352,12,15000,0,64,1
6baa36c1-e4d0-4dbd-97b2-dff48ecf796e,"In the video, is scraping done before smoothing with a planer?",No,"Yes, the video shows the person scraping the wall before smoothing with a planer.",1145,535080,0.0021,2352,12,15000,0,64,1
6baa36c1-e4d0-4dbd-97b2-dff48ecf796e,Is the surface scraped after the house exterior is shown?,Yes,Yes,1145,535080,0.0021,2352,12,15000,0,64,1
6baa36c1-e4d0-4dbd-97b2-dff48ecf796e,What is seen happening before any tool is used on the surface?,Outside of the house shown,"Before any tool is used on the surface, a hand is seen holding a red-handled tool, possibly a hammer or a similar tool, and is preparing to apply something to the surface.",1145,535080,0.0021,2352,12,15000,0,64,1
6baa36c1-e4d0-4dbd-97b2-dff48ecf796e,"In the sequence, is the scraper used before the planer?",No,"Yes, the scraper is used before the planer.",1145,535080,0.0021,2352,12,15000,0,64,1
6baa36c1-e4d0-4dbd-97b2-dff48ecf796e,Does the scraping happen outdoors?,Yes,"Yes, the scraping happens outdoors.",1145,535080,0.0021,2352,12,15000,0,64,1
6baa36c1-e4d0-4dbd-97b2-dff48ecf796e,Is the surface scraped after it is smoothened?,Yes,Yes,1145,535080,0.0021,2352,12,15000,0,64,1
6baa36c1-e4d0-4dbd-97b2-dff48ecf796e,Is the scraping performed before standing up?,No,Yes,1145,535080,0.0021,2352,12,15000,0,64,1
6baa36c1-e4d0-4dbd-97b2-dff48ecf796e,What is done before using the scraper in the video?,Smoothening the surface with a planer,"Before using the scraper, the person is seen holding a red object, possibly a tool or a piece of paper, and is preparing to use it.",1145,535080,0.0021,2352,12,15000,0,64,1
6baa36c1-e4d0-4dbd-97b2-dff48ecf796e,What happens just before the second scraping action?,The first scraping action,"Just before the second scraping action, the person's hand is seen holding a red-handled scraper, which is being used to scrape the paint off the window frame.",1145,535080,0.0021,2352,12,15000,0,64,1
6baa36c1-e4d0-4dbd-97b2-dff48ecf796e,What occurs just before the surface is smoothened?,Going outside the house,A hand holding a red-handled tool is seen smoothing out the surface of the window.,1145,535080,0.0021,2352,12,15000,0,64,1
6baa36c1-e4d0-4dbd-97b2-dff48ecf796e,What is the setting of the video clip?,"The setting is outdoors, with a person removing unwanted cover.","The setting of the video clip is a garage or workshop with a ladder leaning against a wall, a window with peeling paint, and a person working on a window.",1265,588000,0.0022,2548,13,15000,0,64,1
6baa36c1-e4d0-4dbd-97b2-dff48ecf796e,What is the main focus of the video clip?,The main focus is on a person removing a cover from a surface.,The main focus of the video clip is a person's hands performing a task involving a ladder and a paint roller.,1265,588000,0.0022,2548,13,15000,0,64,1
6baa36c1-e4d0-4dbd-97b2-dff48ecf796e,What is the person doing with their hand?,They are rubbing waste off with their hand.,The person is using a paint roller to apply paint to a window.,1265,588000,0.0022,2548,13,15000,0,64,1
6baa36c1-e4d0-4dbd-97b2-dff48ecf796e,What action follows rubbing the waste?,The person climbs a ladder.,The action follows rubbing the waste with a red-handled tool.,1265,588000,0.0022,2548,13,15000,0,64,1
6baa36c1-e4d0-4dbd-97b2-dff48ecf796e,What tool is the person using in the action?,The person is using a scraper or a similar tool.,The person is using a hammer.,1265,588000,0.0022,2548,13,15000,0,64,1
6baa36c1-e4d0-4dbd-97b2-dff48ecf796e,Did the person climb a ladder in the video?,Yes.,"No, the person did not climb a ladder in the video.",1265,588000,0.0022,2548,13,15000,0,64,1
6baa36c1-e4d0-4dbd-97b2-dff48ecf796e,Does the video show the person successfully removing the cover?,Yes.,"No, the video does not show the person successfully removing the cover; it only shows the person holding the ladder and the paint roller, and the person is not actively removing the cover.",1265,588000,0.0022,2548,13,15000,0,64,1
6baa36c1-e4d0-4dbd-97b2-dff48ecf796e,Was the task performed indoors?,No.,"Yes, the task was performed indoors.",1265,588000,0.0022,2548,13,15000,0,64,1
6baa36c1-e4d0-4dbd-97b2-dff48ecf796e,Did I smoothen the surface with a planer before scraping it with a scraper?,Yes.,"Yes, the person used a planer to smooth the surface before scraping it with a scraper.",1265,588000,0.0022,2548,13,15000,0,64,1
6baa36c1-e4d0-4dbd-97b2-dff48ecf796e,Did I climb the ladder before rubbing waste with my hand?,No.,"No, you did not climb the ladder before rubbing waste with your hand.",1265,588000,0.0022,2548,13,15000,0,64,1
6baa36c1-e4d0-4dbd-97b2-dff48ecf796e,Did the removal of unwanted cover happen before climbing the ladder?,No.,"Yes, the removal of unwanted cover happened before climbing the ladder.",1265,588000,0.0022,2548,13,15000,0,64,1
6baa36c1-e4d0-4dbd-97b2-dff48ecf796e,Did I scrape the surface before smoothening it with a planer?,No.,"Yes, you did.",1265,588000,0.0022,2548,13,15000,0,64,1
6baa36c1-e4d0-4dbd-97b2-dff48ecf796e,Did the drawing a planer happen after climbing the ladder?,No.,"No, the drawing a planer happened before climbing the ladder.",1265,588000,0.0022,2548,13,15000,0,64,1
6baa36c1-e4d0-4dbd-97b2-dff48ecf796e,What takes place immediately before drawing a planer across the surface?,Being outside the house.,"A hand holding a red-handled planer is seen on the left side of the image, preparing to draw a planer across the surface.",1265,588000,0.0022,2548,13,15000,0,64,1
6baa36c1-e4d0-4dbd-97b2-dff48ecf796e,What do I do before rubbing waste with my hand?,Being outside.,"Before rubbing waste with your hand, make sure to clean the area thoroughly to remove any dirt or debris.",1265,588000,0.0022,2548,13,15000,0,64,1
6baa36c1-e4d0-4dbd-97b2-dff48ecf796e,Did I scrape the surface before using a planer?,No,"Yes, you scraped the surface before using a planer.",1265,588000,0.0022,2548,13,15000,0,64,1
6baa36c1-e4d0-4dbd-97b2-dff48ecf796e,Did the planer use happen after the ladder climbing?,No,"No, the planer did not use after the ladder climbing.",1265,588000,0.0022,2548,13,15000,0,64,1
6baa36c1-e4d0-4dbd-97b2-dff48ecf796e,Was the surface scraped after using the planer?,Yes,"Yes, the surface was scraped after using the planer.",1265,588000,0.0022,2548,13,15000,0,64,1
6baa36c1-e4d0-4dbd-97b2-dff48ecf796e,Was the waste rubbed off before I climbed the ladder?,Yes,"Yes, the waste was rubbed off before I climbed the ladder.",1265,588000,0.0022,2548,13,15000,0,64,1
6baa36c1-e4d0-4dbd-97b2-dff48ecf796e,What happens just before I scrape the surface?,Smoothening with a planer,"Just before I scrape the surface, the person removes the paint from the window frame and places it on the ground.",1265,588000,0.0022,2548,13,15000,0,64,1
6baa36c1-e4d0-4dbd-97b2-dff48ecf796e,What event occurs before using the planer?,Climbing the ladder,"Before using the planer, the person is seen holding a red object, possibly a tool or a piece of paper, and appears to be in the process of applying something to the wall.",1265,588000,0.0022,2548,13,15000,0,64,1
6baa36c1-e4d0-4dbd-97b2-dff48ecf796e,What is the focus of the video's depicted scenario?,Removing unwanted cover from wood surface.,"The focus of the video's depicted scenario is a person engaged in a DIY or home improvement project, specifically painting a window.",1434,640920,0.0022,2744,14,15000,0,64,1
6baa36c1-e4d0-4dbd-97b2-dff48ecf796e,Describe the setting shown in the video clip.,"Outside, near a window with a wood surface.","The video shows a person working on a window with a ladder, peeling paint, and a bird feeder. The background includes a window with peeling paint and a bird feeder.",1434,640920,0.0022,2744,14,15000,0,64,1
6baa36c1-e4d0-4dbd-97b2-dff48ecf796e,What can be observed about the environment in the clip?,"It's outdoors, possibly at a residential location.","The environment in the clip appears to be a garage or workshop, with a window and a ladder visible.",1434,640920,0.0022,2744,14,15000,0,64,1
6baa36c1-e4d0-4dbd-97b2-dff48ecf796e,Narrate the activity captured in this clip.,"Holding a scraper, staring at, and scraping a wood surface.","The clip shows a person using a paint roller to apply white paint to a window. The person is wearing a blue shirt and a wristwatch, and the paint roller is red with a black handle. The window has some peeling paint, and the person is carefully applying the paint to ensure it covers the entire surface. The background reveals a house with a green roof and some trees, indicating an outdoor setting.",1434,640920,0.0022,2744,14,15000,0,64,1
6baa36c1-e4d0-4dbd-97b2-dff48ecf796e,Can you provide a caption for the action taking place?,Scraping Away: Unveiling the Wood Beneath.,A person is using a paint roller to apply paint to a window.,1434,640920,0.0022,2744,14,15000,0,64,1
6baa36c1-e4d0-4dbd-97b2-dff48ecf796e,Did the individual successfully remove some of the unwanted cover?,Yes.,"Yes, the individual successfully removed some of the unwanted cover, as indicated by the partially removed white paint on the window.",1434,640920,0.0022,2744,14,15000,0,64,1
6baa36c1-e4d0-4dbd-97b2-dff48ecf796e,Is the person using a tool to work on the surface?,Yes.,Yes,1434,640920,0.0022,2744,14,15000,0,64,1
6baa36c1-e4d0-4dbd-97b2-dff48ecf796e,Has the person been carefully examining the wood surface?,Yes.,"Yes, the person has been carefully examining the wood surface, indicating a meticulous approach to the task at hand.",1434,640920,0.0022,2744,14,15000,0,64,1
6baa36c1-e4d0-4dbd-97b2-dff48ecf796e,Is the work being performed close to a window?,Yes.,"Yes, the work being performed is close to a window.",1434,640920,0.0022,2744,14,15000,0,64,1
6baa36c1-e4d0-4dbd-97b2-dff48ecf796e,Did I rub waste with my hand before climbing the ladder?,Yes.,"No, you should not have rubbed waste with your hand before climbing the ladder.",1434,640920,0.0022,2744,14,15000,0,64,1
6baa36c1-e4d0-4dbd-97b2-dff48ecf796e,Is the unwanted cover removed after I stare at the wood surface?,No.,"Yes, the unwanted cover is removed after I stare at the wood surface.",1434,640920,0.0022,2744,14,15000,0,64,1
6baa36c1-e4d0-4dbd-97b2-dff48ecf796e,Do I hold the scraper before removing the unwanted cover?,No.,"Yes, you hold the scraper before removing the unwanted cover.",1434,640920,0.0022,2744,14,15000,0,64,1
6baa36c1-e4d0-4dbd-97b2-dff48ecf796e,Am I outside when I stare at the wood surface?,Yes.,"Yes, you are outside when you stare at the wood surface.",1434,640920,0.0022,2744,14,15000,0,64,1
6baa36c1-e4d0-4dbd-97b2-dff48ecf796e,What happens just before I hold the scraper?,Staring at the wood surface.,"Just before I hold the scraper, the person's hand is seen holding the scraper, ready to start the work.",1434,640920,0.0022,2744,14,15000,0,64,1
6baa36c1-e4d0-4dbd-97b2-dff48ecf796e,Did I smooth the surface with a planer before scraping it with a scraper?,Yes,"Yes, you did smooth the surface with a planer before scraping it with a scraper.",1434,640920,0.0022,2744,14,15000,0,64,1
6baa36c1-e4d0-4dbd-97b2-dff48ecf796e,Did I rub waste with my hand before climbing the ladder?,Yes,"No, you should not have rubbed waste with your hand before climbing the ladder.",1434,640920,0.0022,2744,14,15000,0,64,1
6baa36c1-e4d0-4dbd-97b2-dff48ecf796e,Did I climb the ladder before removing the unwanted cover from the surface?,Yes,"No, the ladder was not used to climb before removing the unwanted cover from the surface.",1434,640920,0.0022,2744,14,15000,0,64,1
6baa36c1-e4d0-4dbd-97b2-dff48ecf796e,What is the setting depicted in the video clip?,It is an outdoor setting surrounding a window frame.,The setting depicted in the video clip is a garage or workshop with a window and a ladder.,1532,693840,0.0022,2940,15,15000,0,64,1
6baa36c1-e4d0-4dbd-97b2-dff48ecf796e,What is the state of the window frame in the scene?,The window frame is in the process of being scraped.,"The window frame is partially painted white, with some areas showing signs of peeling or chipping.",1532,693840,0.0022,2940,15,15000,0,64,1
6baa36c1-e4d0-4dbd-97b2-dff48ecf796e,Describe the immediate environment around the window frame.,There's discarded material on the ground near the window frame.,"The immediate environment around the window frame includes a garage door, a wall with peeling paint, and a window with a red object on it.",1532,693840,0.0022,2940,15,15000,0,64,1
6baa36c1-e4d0-4dbd-97b2-dff48ecf796e,What can be inferred about the surface condition in the scene?,"The surface likely needed maintenance, as it's being scraped.","The surface appears to be in need of repair or repainting, as evidenced by the peeling paint and the presence of a bird feeder.",1532,693840,0.0022,2940,15,15000,0,64,1
6baa36c1-e4d0-4dbd-97b2-dff48ecf796e,Are there any signs of ongoing construction or repair in the video?,"Yes, the scraping indicates repair or renovation work.","Yes, there are signs of ongoing construction or repair in the video. The person is using a hammer to work on the window, and there are other tools and materials visible in the background, suggesting that the work is ongoing.",1532,693840,0.0022,2940,15,15000,0,64,1
6baa36c1-e4d0-4dbd-97b2-dff48ecf796e,What action is the person performing in the new frames?,The person is scraping the surface of a window frame.,The person is using a paint roller to apply paint to a window.,1532,693840,0.0022,2940,15,15000,0,64,1
6baa36c1-e4d0-4dbd-97b2-dff48ecf796e,How is the person preparing the window frame?,By removing unwanted cover and rubbing the surface.,The person is using a hammer to smooth out the paint on the window frame.,1532,693840,0.0022,2940,15,15000,0,64,1
6baa36c1-e4d0-4dbd-97b2-dff48ecf796e,What maintenance task can be seen happening around a window?,Scraping off old paint or material from the window frame.,"The maintenance task being performed around a window involves peeling off the paint, which is a common task in home improvement to remove old or damaged paint.",1532,693840,0.0022,2940,15,15000,0,64,1
6baa36c1-e4d0-4dbd-97b2-dff48ecf796e,Has the protective cover been removed from the window surface?,Yes.,"No, the protective cover has not been removed from the window surface.",1532,693840,0.0022,2940,15,15000,0,64,1
6baa36c1-e4d0-4dbd-97b2-dff48ecf796e,Is there any sign of the person completing the scraping action?,"No, the person is still holding the scraper.","Yes, there is a visible red object on the window frame, which could be a tool or a piece of debris.",1532,693840,0.0022,2940,15,15000,0,64,1
6baa36c1-e4d0-4dbd-97b2-dff48ecf796e,Does the footage show a fully renovated window frame?,"No, the window is still being worked on.","No, the footage does not show a fully renovated window frame. The window frame appears to be in the process of being painted, with visible patches of white paint and some areas where the paint is peeling off.",1532,693840,0.0022,2940,15,15000,0,64,1
6baa36c1-e4d0-4dbd-97b2-dff48ecf796e,Did the person in the video fully rub the surface?,"No, only part of the surface has been rubbed.","No, the person only partially rubs the surface, as indicated by the partial coverage of the paint.",1532,693840,0.0022,2940,15,15000,0,64,1
6baa36c1-e4d0-4dbd-97b2-dff48ecf796e,Has all the discarded material been cleared from the ground?,"No, the material is still on the ground.","Yes, all the discarded material has been cleared from the ground.",1532,693840,0.0022,2940,15,15000,0,64,1
6baa36c1-e4d0-4dbd-97b2-dff48ecf796e,"In the video, does staring at the wood surface occur before removing the unwanted cover?",No,"Yes, staring at the wood surface occurs before removing the unwanted cover.",1532,693840,0.0022,2940,15,15000,0,64,1
6baa36c1-e4d0-4dbd-97b2-dff48ecf796e,Is the wood surface rubbed after removing the unwanted cover?,Yes,"Yes, the wood surface is rubbed after removing the unwanted cover.",1532,693840,0.0022,2940,15,15000,0,64,1
6baa36c1-e4d0-4dbd-97b2-dff48ecf796e,"In the video, does holding the scraper happen before rubbing the surface?",Yes,"Yes, the person is holding the scraper before rubbing the surface.",1532,693840,0.0022,2940,15,15000,0,64,1
6baa36c1-e4d0-4dbd-97b2-dff48ecf796e,What happens just before rubbing the wood surface in the video?,Removing unwanted cover,"Just before rubbing the wood surface, the person is seen holding a red-handled tool, likely a scraper or a similar tool, and is using it to scrape away the paint from the window frame.",1532,693840,0.0022,2940,15,15000,0,64,1
6baa36c1-e4d0-4dbd-97b2-dff48ecf796e,What happens just before removing the unwanted cover in the video?,Staring at the wood surface.,"Just before removing the unwanted cover, the person uses a red-handled tool to scrape off the white paint from the window frame.",1532,693840,0.0022,2940,15,15000,0,64,1
6baa36c1-e4d0-4dbd-97b2-dff48ecf796e,Did rubbing the surface happen before staring at the wood surface?,No,"Yes, the person was rubbing the surface before staring at the wood surface.",1532,693840,0.0022,2940,15,15000,0,64,1
6baa36c1-e4d0-4dbd-97b2-dff48ecf796e,Was the ladder climbed before removing the unwanted cover?,Yes,"Yes, the ladder was climbed before removing the unwanted cover.",1532,693840,0.0022,2940,15,15000,0,64,1
6baa36c1-e4d0-4dbd-97b2-dff48ecf796e,Was the unwanted cover removed after rubbing waste with hand?,Yes,"Yes, the unwanted cover was removed after rubbing waste with the hand.",1532,693840,0.0022,2940,15,15000,0,64,1
6baa36c1-e4d0-4dbd-97b2-dff48ecf796e,Did staring at the wood surface happen before holding the scraper?,No,"Yes, staring at the wood surface happened before holding the scraper.",1532,693840,0.0022,2940,15,15000,0,64,1
6baa36c1-e4d0-4dbd-97b2-dff48ecf796e,What is done after staring at the wood surface?,Holding the scraper,The person uses a hammer to smooth out the paint on the wood surface.,1532,693840,0.0022,2940,15,15000,0,64,1
6baa36c1-e4d0-4dbd-97b2-dff48ecf796e,What is the overall setting of the video clip?,"Outside, near a building with unwanted cover being removed.","The overall setting of the video clip is a garage or workshop with a window, a ladder, and a person working on a window.",1546,705600,0.0022,3136,16,15000,0,64,1
6baa36c1-e4d0-4dbd-97b2-dff48ecf796e,What's the main focus of the scene?,A person cleaning an area by a building.,The main focus of the scene is a person using a paint roller to apply paint to a window.,1546,705600,0.0022,3136,16,15000,0,64,1
6baa36c1-e4d0-4dbd-97b2-dff48ecf796e,What kind of location is shown in the video?,An outdoor location by a building.,The video shows a garage or workshop with a window and a ladder leaning against it.,1546,705600,0.0022,3136,16,15000,0,64,1
6baa36c1-e4d0-4dbd-97b2-dff48ecf796e,What task is being performed in the frames?,Scraping off unwanted cover from a surface.,The task being performed in the frames is painting a window.,1546,705600,0.0022,3136,16,15000,0,64,1
6baa36c1-e4d0-4dbd-97b2-dff48ecf796e,Can you detail the activity taking place?,A person removing a covering layer from a window.,"The activity taking place is painting a window. The person is using a paint roller to apply white paint to the window, which is partially covered with peeling paint.",1546,705600,0.0022,3136,16,15000,0,64,1
6baa36c1-e4d0-4dbd-97b2-dff48ecf796e,What is the immediate action captured?,A hand using a tool to clean a window.,The immediate action captured is a person using a paint roller to apply paint to a window.,1546,705600,0.0022,3136,16,15000,0,64,1
6baa36c1-e4d0-4dbd-97b2-dff48ecf796e,What is the implication of the depicted movement?,Preparation or cleaning of a building's exterior.,"The implied movement suggests that the person is actively engaged in painting or repairing the window, indicating a sense of purpose and activity.",1546,705600,0.0022,3136,16,15000,0,64,1
6baa36c1-e4d0-4dbd-97b2-dff48ecf796e,Did the camera wearer completely remove the unwanted cover?,No.,"No, the camera wearer did not completely remove the unwanted cover.",1546,705600,0.0022,3136,16,15000,0,64,1
6baa36c1-e4d0-4dbd-97b2-dff48ecf796e,Did the video contain any interaction with another person?,"No, it only shows a person working alone.","No, the video does not contain any interaction with another person.",1546,705600,0.0022,3136,16,15000,0,64,1
6baa36c1-e4d0-4dbd-97b2-dff48ecf796e,Does the frame convey the completion of the task?,"No, the task appears to be in progress.","No, the frame does not convey the completion of the task.",1546,705600,0.0022,3136,16,15000,0,64,1
6baa36c1-e4d0-4dbd-97b2-dff48ecf796e,Did the rubbing of the surface happen before walking outside?,No,"Yes, the rubbing of the surface happened before walking outside.",1546,705600,0.0022,3136,16,15000,0,64,1
6baa36c1-e4d0-4dbd-97b2-dff48ecf796e,Is the scraper held after removing unwanted cover from the surface?,Yes,Yes,1546,705600,0.0022,3136,16,15000,0,64,1
6baa36c1-e4d0-4dbd-97b2-dff48ecf796e,Does the unwanted cover get removed before the surface is rubbed?,Yes,"Yes, the unwanted cover is removed before the surface is rubbed.",1546,705600,0.0022,3136,16,15000,0,64,1
6baa36c1-e4d0-4dbd-97b2-dff48ecf796e,Did walking outside occur before holding the scraper?,Yes,"No, walking outside did not occur before holding the scraper.",1546,705600,0.0022,3136,16,15000,0,64,1
6baa36c1-e4d0-4dbd-97b2-dff48ecf796e,What happens before the surface is rubbed?,Unwanted cover is removed.,"Before the surface is rubbed, the person's hand is seen holding a red-handled tool, possibly a scraper or a similar tool, and is using it to scrape away the paint from the surface.",1546,705600,0.0022,3136,16,15000,0,64,1
6baa36c1-e4d0-4dbd-97b2-dff48ecf796e,What occurs just before the scraper is held?,The surface is rubbed.,A hand with a watch and a black and white wristwatch is seen holding a scraper.,1546,705600,0.0022,3136,16,15000,0,64,1
6baa36c1-e4d0-4dbd-97b2-dff48ecf796e,What takes place just before removing unwanted cover?,Being outside.,"A person wearing a blue shirt and a black watch with a white and black patterned band is seen holding a red and black tool, possibly a hammer or a similar tool, and is about to remove a white cover from a window.",1546,705600,0.0022,3136,16,15000,0,64,1
6baa36c1-e4d0-4dbd-97b2-dff48ecf796e,What action occurs before the unwanted cover is removed a second time?,Holding the scraper.,"Before the unwanted cover is removed a second time, the person uses a hammer to remove the white paint from the window.",1546,705600,0.0022,3136,16,15000,0,64,1
6baa36c1-e4d0-4dbd-97b2-dff48ecf796e,Did I stare at the wood surface before removing the unwanted cover?,No,"No, you didn't stare at the wood surface before removing the unwanted cover.",1546,705600,0.0022,3136,16,15000,0,64,1
6baa36c1-e4d0-4dbd-97b2-dff48ecf796e,Did I rub the surface after removing the unwanted cover?,Yes,"Yes, you should rub the surface after removing the unwanted cover to ensure it is clean and free of any dirt or debris.",1546,705600,0.0022,3136,16,15000,0,64,1
6baa36c1-e4d0-4dbd-97b2-dff48ecf796e,Did I remove the unwanted cover before walking outside?,Yes,"Yes, you removed the unwanted cover before walking outside.",1546,705600,0.0022,3136,16,15000,0,64,1
6baa36c1-e4d0-4dbd-97b2-dff48ecf796e,What happened before I held the scraper?,Removed unwanted cover and stared at the surface,"Before I held the scraper, I saw a hand holding a red-handled scraper.",1546,705600,0.0022,3136,16,15000,0,64,1
6baa36c1-e4d0-4dbd-97b2-dff48ecf796e,What occurred just before walking outside?,Removed the unwanted cover,"A hand holding a red object, possibly a tool or a piece of paper, was seen just before walking outside.",1546,705600,0.0022,3136,16,15000,0,64,1
6baa36c1-e4d0-4dbd-97b2-dff48ecf796e,What takes place right before removing the unwanted cover?,"Nothing, it's the initial action","A person wearing a blue shirt and a black wristwatch is seen holding a red and black tool, possibly a hammer or a similar tool, and is about to remove a white cover from a window.",1546,705600,0.0022,3136,16,15000,0,64,1
6baa36c1-e4d0-4dbd-97b2-dff48ecf796e,What action occurred immediately before rubbing the surface?,Removed unwanted cover,"The person's hand was seen holding a red object, possibly a tool or a piece of paper, and was positioned near the window.",1546,705600,0.0022,3136,16,15000,0,64,1
e58207f1-84ec-424b-a997-ff64a57eb13b,What is the setting of the video clip?,The setting is inside a house.,"The setting of the video clip is an office or workspace with a modern design, featuring a large window, a desk with a computer, and a lamp.",279,58800,0.0047,392,2,15000,0,64,1
e58207f1-84ec-424b-a997-ff64a57eb13b,What activity occurs in the scene?,Walking around and checking items.,"The scene shows a person sitting on a couch, possibly watching TV or browsing the internet.",279,58800,0.0047,392,2,15000,0,64,1
e58207f1-84ec-424b-a997-ff64a57eb13b,Are there multiple people in the video?,"Yes, two people are present.","No, there are no multiple people in the video.",279,58800,0.0047,392,2,15000,0,64,1
e58207f1-84ec-424b-a997-ff64a57eb13b,Did I exit the house during the video?,No.,"No, the person did not exit the house during the video.",279,58800,0.0047,392,2,15000,0,64,1
e58207f1-84ec-424b-a997-ff64a57eb13b,Did I ignore any rooms while checking?,No.,"No, you didn't ignore any rooms.",279,58800,0.0047,392,2,15000,0,64,1
e58207f1-84ec-424b-a997-ff64a57eb13b,Did the interaction with the other person seem hostile?,No.,"No, the interaction with the other person seemed friendly and casual.",279,58800,0.0047,392,2,15000,0,64,1
e58207f1-84ec-424b-a997-ff64a57eb13b,Did I find anything unusual in the items?,The video does not indicate that.,"No, everything seems to be in order and there are no unusual items to mention.",279,58800,0.0047,392,2,15000,0,64,1
e58207f1-84ec-424b-a997-ff64a57eb13b,What setting is introduced in this video clip?,An interior of a house.,"The setting introduced in this video clip is a modern office space with a high ceiling, exposed ductwork, and large windows that allow natural light to flood the room.",432,111720,0.0039,588,3,15000,0,64,1
e58207f1-84ec-424b-a997-ff64a57eb13b,What objects are central to the scene in this video?,A magazine and a woman.,"The central objects in the scene are a person sitting on a couch, a lamp, and a magazine.",432,111720,0.0039,588,3,15000,0,64,1
e58207f1-84ec-424b-a997-ff64a57eb13b,Describe the layout of the room shown.,Room with large windows and modern lighting.,"The room has a modern and minimalist design with white walls and a gray floor. There is a large window that allows natural light to flood the space, and a black curtain that can be drawn for privacy. The room features a gray sofa with a few pillows, a floor lamp, and a coffee table with a magazine on it.",432,111720,0.0039,588,3,15000,0,64,1
e58207f1-84ec-424b-a997-ff64a57eb13b,What activity dominates this scene?,Reading and interacting with another person.,The activity that dominates this scene is reading a magazine.,432,111720,0.0039,588,3,15000,0,64,1
e58207f1-84ec-424b-a997-ff64a57eb13b,What is the relationship between the primary elements in this scene?,They involve engagement with reading material and human interaction.,"The relationship between the primary elements in this scene is that of a person sitting in a room, with the person's presence and the room's decor suggesting a casual, relaxed atmosphere.",432,111720,0.0039,588,3,15000,0,64,1
e58207f1-84ec-424b-a997-ff64a57eb13b,What action am I performing in these frames?,Holding and looking at a magazine.,You are performing the action of reading a magazine.,432,111720,0.0039,588,3,15000,0,64,1
e58207f1-84ec-424b-a997-ff64a57eb13b,What activity follows holding the magazine?,Looking at the magazine.,"The person sits down on the couch, holding the magazine.",432,111720,0.0039,588,3,15000,0,64,1
e58207f1-84ec-424b-a997-ff64a57eb13b,Did I hold the magazine before walking around the house?,No,"Yes, you held the magazine before walking around the house.",432,111720,0.0039,588,3,15000,0,64,1
e58207f1-84ec-424b-a997-ff64a57eb13b,Did I look at the magazine before walking around with another person?,Yes,"No, you didn't look at the magazine before walking around with another person.",432,111720,0.0039,588,3,15000,0,64,1
e58207f1-84ec-424b-a997-ff64a57eb13b,Was the magazine held after checking on items in the house?,No,"Yes, the magazine was held after checking on items in the house.",432,111720,0.0039,588,3,15000,0,64,1
e58207f1-84ec-424b-a997-ff64a57eb13b,What do I do just before interacting with the woman?,Holding the magazine,You should approach the woman and start talking to her.,432,111720,0.0039,588,3,15000,0,64,1
e58207f1-84ec-424b-a997-ff64a57eb13b,What action is performed just before I check on items?,Walking around the house,"A person is seen holding a phone to their ear, likely engaged in a conversation.",432,111720,0.0039,588,3,15000,0,64,1
e58207f1-84ec-424b-a997-ff64a57eb13b,What happens right before I hold the magazine?,Walking with another person,"A person with their legs crossed sits down on a gray couch, wearing sunglasses and a black jacket.",432,111720,0.0039,588,3,15000,0,64,1
e58207f1-84ec-424b-a997-ff64a57eb13b,What is done immediately before walking around the house?,Being inside the house,"Immediately before walking around the house, the person is seen holding a phone to their ear, likely engaged in a conversation.",432,111720,0.0039,588,3,15000,0,64,1
e58207f1-84ec-424b-a997-ff64a57eb13b,What does the environment indicate about the video's setting?,"The video is set in a modern, well-lit living space.","The environment suggests a modern, well-lit, and possibly corporate or professional setting, with a clean and organized space.",581,164640,0.0035,784,4,15000,0,64,1
e58207f1-84ec-424b-a997-ff64a57eb13b,What activity is being undertaken in the living area?,Reading and interacting with another person.,The person in the living area is engaged in reading a magazine.,581,164640,0.0035,784,4,15000,0,64,1
e58207f1-84ec-424b-a997-ff64a57eb13b,Describe the indoor setting captured in the video.,"A living room with a TV unit, books, and seating areas.","The video captures an indoor setting with a modern, minimalist design. The room features a large window that allows natural light to flood the space, creating a bright and airy atmosphere. The walls are painted white, and the ceiling is adorned with exposed ductwork and lighting fixtures. The floor is a light-colored wood or laminate, and there is a large, dark-colored sofa with a patterned throw blanket and several pillows. A floor lamp with a white shade stands near the sofa, and a vacuum cleaner is visible in the background. The overall ambiance of the room is clean, spacious, and inviting.",581,164640,0.0035,784,4,15000,0,64,1
e58207f1-84ec-424b-a997-ff64a57eb13b,What items in the room indicate leisure activities?,A television and books suggest leisure or relaxation.,The presence of a coffee table with magazines and a magazine rack indicates leisure activities.,581,164640,0.0035,784,4,15000,0,64,1
e58207f1-84ec-424b-a997-ff64a57eb13b,What furnishings can be observed in the video scene?,"A TV stand, shelves, and magazines can be seen.","The video scene includes a black coffee table, a gray sofa, a floor lamp, a floor lamp, a wall-mounted lamp, a floor lamp, a floor lamp, a floor lamp, a floor lamp, a floor lamp, a floor lamp, a floor lamp, a floor lamp, a floor lamp, a floor lamp, a floor lamp, a floor lamp, a floor lamp, a floor lamp, a floor lamp, a floor lamp, a floor lamp, a floor lamp, a floor lamp, a floor lamp, a floor lamp, a floor lamp, a floor lamp, a floor lamp, a floor lamp, a floor lamp, a floor lamp, a floor lamp, a floor lamp, a floor lamp, a floor lamp, a floor lamp, a floor lamp, a floor lamp, a floor lamp, a floor lamp, a floor lamp, a floor lamp, a floor lamp, a floor lamp, a floor lamp, a floor lamp, a floor lamp, a floor lamp, a floor lamp, a floor lamp, a floor lamp, a floor lamp, a floor lamp, a floor lamp, a floor lamp, a floor lamp, a floor lamp, a floor lamp, a floor lamp, a floor lamp, a floor lamp, a floor",581,164640,0.0035,784,4,15000,0,64,1
e58207f1-84ec-424b-a997-ff64a57eb13b,What actions are performed by the individual regarding the books?,The individual is turning the pages and reading a book.,"The individual is seen reading a book titled ""Stand-Up Comedy"" and a magazine titled ""J.L.O. Turns 50"".",581,164640,0.0035,784,4,15000,0,64,1
e58207f1-84ec-424b-a997-ff64a57eb13b,How does the person engage with the media in the room?,The person seems to ignore the TV and focuses on the book.,"The person is seen holding a magazine, which suggests they are reading or looking at the content.",581,164640,0.0035,784,4,15000,0,64,1
e58207f1-84ec-424b-a997-ff64a57eb13b,Did the person read a book in the video?,Yes.,"Yes, the person was seen reading a book in the video.",581,164640,0.0035,784,4,15000,0,64,1
e58207f1-84ec-424b-a997-ff64a57eb13b,Did the individual change the page of the book at least once?,Yes.,"Yes, the individual changed the page of the book at least once.",581,164640,0.0035,784,4,15000,0,64,1
e58207f1-84ec-424b-a997-ff64a57eb13b,Did the person have an interaction with someone in the room?,Yes.,"Yes, the person was seen talking on the phone in the room.",581,164640,0.0035,784,4,15000,0,64,1
e58207f1-84ec-424b-a997-ff64a57eb13b,"In the video, is the magazine held before turning book pages?",Yes.,"Yes, the magazine is held before turning book pages.",581,164640,0.0035,784,4,15000,0,64,1
e58207f1-84ec-424b-a997-ff64a57eb13b,Is the book read after interacting with a woman?,No.,Yes,581,164640,0.0035,784,4,15000,0,64,1
e58207f1-84ec-424b-a997-ff64a57eb13b,"In the video, does looking around occur before holding the magazine?",No.,"No, looking around does not occur before holding the magazine.",581,164640,0.0035,784,4,15000,0,64,1
e58207f1-84ec-424b-a997-ff64a57eb13b,What is done just before interacting with a woman?,Looking at the magazine.,"A person is seen holding a magazine titled ""Stand-Up"" and appears to be reading it.",581,164640,0.0035,784,4,15000,0,64,1
e58207f1-84ec-424b-a997-ff64a57eb13b,What occurs just before turning book pages?,Looking around.,"A person wearing sunglasses and a black shirt is seen sitting on a couch, holding a phone to their ear, possibly engaged in a conversation.",581,164640,0.0035,784,4,15000,0,64,1
e58207f1-84ec-424b-a997-ff64a57eb13b,What is performed just before reading a book?,Turning book pages.,A person is seen reading a book.,581,164640,0.0035,784,4,15000,0,64,1
e58207f1-84ec-424b-a997-ff64a57eb13b,"In the video sequence, what is done before interacting with a different woman?",Reading a book.,"Before interacting with a different woman, the person in the video sequence is seen sitting on a couch, wearing sunglasses and a black jacket, with a magazine titled ""Stand-Up"" in front of them.",581,164640,0.0035,784,4,15000,0,64,1
e58207f1-84ec-424b-a997-ff64a57eb13b,Did I walk around the house before holding the magazine?,Yes.,"Yes, you walked around the house before holding the magazine.",581,164640,0.0035,784,4,15000,0,64,1
e58207f1-84ec-424b-a997-ff64a57eb13b,Was the magazine held before reading a book?,Yes.,Yes,581,164640,0.0035,784,4,15000,0,64,1
e58207f1-84ec-424b-a997-ff64a57eb13b,Did reading a book happen before walking around the house?,No.,"No, reading a book happened before walking around the house.",581,164640,0.0035,784,4,15000,0,64,1
e58207f1-84ec-424b-a997-ff64a57eb13b,What occurs just before reading a book?,Turn book pages.,"A person wearing sunglasses and a black shirt is seen sitting on a couch, holding a phone to their ear, possibly engaged in a conversation.",581,164640,0.0035,784,4,15000,0,64,1
e58207f1-84ec-424b-a997-ff64a57eb13b,What action takes place before walking around the house?,No preceding action mentioned.,"Before walking around the house, the person in the video is seen holding a phone to their ear, likely engaged in a conversation.",581,164640,0.0035,784,4,15000,0,64,1
e58207f1-84ec-424b-a997-ff64a57eb13b,What is the location setting in this video clip?,Inside a house.,"The location setting in this video clip is an office or workspace with a modern, minimalist design.",669,217560,0.0031,980,5,15000,0,64,1
e58207f1-84ec-424b-a997-ff64a57eb13b,Describe the atmosphere of the scene.,"A casual, indoor environment.","The atmosphere of the scene is calm and serene, with natural light streaming in through large windows. The room is well-lit, creating a warm and inviting ambiance. The person is sitting on a gray couch, surrounded by a comfortable and stylish living space. The presence of a large window and a floor lamp adds to the cozy and inviting atmosphere.",669,217560,0.0031,980,5,15000,0,64,1
e58207f1-84ec-424b-a997-ff64a57eb13b,What is the relationship between the participants in the video?,They appear to be acquaintances.,"The relationship between the participants in the video is not explicitly clear, but they appear to be engaged in a conversation or activity together.",669,217560,0.0031,980,5,15000,0,64,1
e58207f1-84ec-424b-a997-ff64a57eb13b,Did the characters engage in any recreational activity?,"Yes, they read magazines.","No, the characters did not engage in any recreational activity.",669,217560,0.0031,980,5,15000,0,64,1
e58207f1-84ec-424b-a997-ff64a57eb13b,Did the characters sit down for a formal meeting?,No.,"No, the characters did not sit down for a formal meeting.",669,217560,0.0031,980,5,15000,0,64,1
e58207f1-84ec-424b-a997-ff64a57eb13b,Are the characters in the video clip outdoors?,No.,"No, the characters in the video clip are indoors.",669,217560,0.0031,980,5,15000,0,64,1
e58207f1-84ec-424b-a997-ff64a57eb13b,Is there any sign of an argument happening in the video?,No.,"No, there is no sign of an argument happening in the video.",669,217560,0.0031,980,5,15000,0,64,1
e58207f1-84ec-424b-a997-ff64a57eb13b,Did the characters watch television in the clip?,No.,"No, the characters did not watch television in the clip.",669,217560,0.0031,980,5,15000,0,64,1
e58207f1-84ec-424b-a997-ff64a57eb13b,Is there any physical activity performed by the characters?,No.,"No, there is no physical activity performed by the characters in the video.",669,217560,0.0031,980,5,15000,0,64,1
e58207f1-84ec-424b-a997-ff64a57eb13b,Does reading a book happen before talking to the woman?,Yes.,"Yes, reading a book happens before talking to the woman.",669,217560,0.0031,980,5,15000,0,64,1
e58207f1-84ec-424b-a997-ff64a57eb13b,Is looking around done before turning book pages?,Yes.,"Yes, looking around is done before turning the book pages.",669,217560,0.0031,980,5,15000,0,64,1
e58207f1-84ec-424b-a997-ff64a57eb13b,What occurs just before reading the magazines?,Talking to each other.,"A person enters the room, walks towards the glass coffee table, and sits down on the couch.",669,217560,0.0031,980,5,15000,0,64,1
e58207f1-84ec-424b-a997-ff64a57eb13b,What takes place immediately before looking around?,Turning book pages.,"A person is seen sitting on a couch, wearing sunglasses and a black top, with a magazine titled ""Stand-Up"" in front of them.",669,217560,0.0031,980,5,15000,0,64,1
e58207f1-84ec-424b-a997-ff64a57eb13b,What action is performed just before talking to each other?,Looking around.,"Just before talking to each other, the person in the image is seen adjusting their glasses and then sits down on the couch.",669,217560,0.0031,980,5,15000,0,64,1
e58207f1-84ec-424b-a997-ff64a57eb13b,Did I look around before holding the magazine?,No.,"Yes, you looked around before holding the magazine.",669,217560,0.0031,980,5,15000,0,64,1
e58207f1-84ec-424b-a997-ff64a57eb13b,What activities were performed in the room?,Reading a magazine and making coffee.,"The room was used for various activities, including reading a magazine, using a lamp, and engaging in conversation with a person seated on a couch.",822,270480,0.003,1176,6,15000,0,64,1
e58207f1-84ec-424b-a997-ff64a57eb13b,Describe the environment where the actions occurred.,"A room with a seated person, magazine, and phone.","The environment is a modern, well-lit room with large windows, a gray sofa, a floor lamp, and a coffee table with magazines and a magazine rack.",822,270480,0.003,1176,6,15000,0,64,1
e58207f1-84ec-424b-a997-ff64a57eb13b,What devices were used in the scenario?,A magazine and a phone.,"A lamp, a phone, and a magazine were used in the scenario.",822,270480,0.003,1176,6,15000,0,64,1
e58207f1-84ec-424b-a997-ff64a57eb13b,What was the person doing with the magazine?,The person was reading the magazine.,The person was reading the magazine.,822,270480,0.003,1176,6,15000,0,64,1
e58207f1-84ec-424b-a997-ff64a57eb13b,What activity followed reading the magazine?,The person operated the phone.,"The person in the image was seen sitting on a gray couch, reading a magazine.",822,270480,0.003,1176,6,15000,0,64,1
e58207f1-84ec-424b-a997-ff64a57eb13b,Did the person remain seated throughout?,"No, they got up to make coffee.","Yes, the person remained seated throughout the video.",822,270480,0.003,1176,6,15000,0,64,1
e58207f1-84ec-424b-a997-ff64a57eb13b,Did the person leave the room?,"No, the actions happened in the room.","Yes, the person left the room.",822,270480,0.003,1176,6,15000,0,64,1
e58207f1-84ec-424b-a997-ff64a57eb13b,Did the person use a laptop?,"No, the person used a phone.","No, the person did not use a laptop.",822,270480,0.003,1176,6,15000,0,64,1
e58207f1-84ec-424b-a997-ff64a57eb13b,Did I talk to the woman before reading the magazine?,Yes,"Yes, you did talk to the woman before reading the magazine.",822,270480,0.003,1176,6,15000,0,64,1
e58207f1-84ec-424b-a997-ff64a57eb13b,Did I read the magazine before making coffee?,Yes,"Yes, you read the magazine before making coffee.",822,270480,0.003,1176,6,15000,0,64,1
e58207f1-84ec-424b-a997-ff64a57eb13b,Did I operate the phone before talking to the woman?,No,"No, the phone was not operated before talking to the woman.",822,270480,0.003,1176,6,15000,0,64,1
e58207f1-84ec-424b-a997-ff64a57eb13b,Did I make coffee before sitting in the room?,No,"Yes, you made coffee before sitting in the room.",822,270480,0.003,1176,6,15000,0,64,1
e58207f1-84ec-424b-a997-ff64a57eb13b,Did I make coffee before reading a magazine?,No,"Yes, you made coffee before reading a magazine.",822,270480,0.003,1176,6,15000,0,64,1
e58207f1-84ec-424b-a997-ff64a57eb13b,Did I interact with the woman before reading the book?,Yes,"No, I did not interact with the woman before reading the book.",822,270480,0.003,1176,6,15000,0,64,1
e58207f1-84ec-424b-a997-ff64a57eb13b,Was the magazine read before interacting with the woman?,No,"Yes, the magazine was read before interacting with the woman.",822,270480,0.003,1176,6,15000,0,64,1
e58207f1-84ec-424b-a997-ff64a57eb13b,Was the phone operated before making coffee?,Yes,"Yes, the phone was operated before making coffee.",822,270480,0.003,1176,6,15000,0,64,1
e58207f1-84ec-424b-a997-ff64a57eb13b,What occurs just before I make coffee?,Operate the phone,"Just before I make coffee, a person is seen sitting on a gray couch, wearing sunglasses and a black top, with a large window in the background.",822,270480,0.003,1176,6,15000,0,64,1
e58207f1-84ec-424b-a997-ff64a57eb13b,What do I do before reading the magazine?,Talk to the woman,"Before reading the magazine, you should turn off the lamp and close the window.",822,270480,0.003,1176,6,15000,0,64,1
e58207f1-84ec-424b-a997-ff64a57eb13b,What is done just before looking around?,Turn book pages,"A person is seen sitting on a gray couch, wearing sunglasses and a black top, with a magazine titled ""Stand-Up"" in front of them.",822,270480,0.003,1176,6,15000,0,64,1
e58207f1-84ec-424b-a997-ff64a57eb13b,What action takes place before reading the book?,Look around,"Before reading the book, the person sits down on the couch and adjusts their position.",822,270480,0.003,1176,6,15000,0,64,1
e58207f1-84ec-424b-a997-ff64a57eb13b,Describe the setting where the activity is taking place.,The activity is in an indoor room with modern furnishings.,"The activity is taking place in a modern, well-lit office space with large windows, a gray sofa, and a glass coffee table.",1211,376320,0.0032,1568,8,15000,0,64,1
e58207f1-84ec-424b-a997-ff64a57eb13b,Identify the furniture used by the individuals in the clip.,Chairs are used for seating during the card game.,The individuals are seated on a gray sofa and a light gray armchair.,1211,376320,0.0032,1568,8,15000,0,64,1
e58207f1-84ec-424b-a997-ff64a57eb13b,Did the individual participate in a recreational game?,Yes.,"Yes, the individual is seen playing a game of Jenga, as indicated by the game board and the person's engagement with the game.",1211,376320,0.0032,1568,8,15000,0,64,1
e58207f1-84ec-424b-a997-ff64a57eb13b,Was there any interaction with another person during the game?,Yes.,"Yes, there was a person sitting on the couch in the background, possibly waiting for their turn or observing the game.",1211,376320,0.0032,1568,8,15000,0,64,1
e58207f1-84ec-424b-a997-ff64a57eb13b,Does the setting include contemporary room decor?,Yes.,"Yes, the setting includes contemporary room decor, with modern furniture and a large window that allows natural light to fill the space.",1211,376320,0.0032,1568,8,15000,0,64,1
e58207f1-84ec-424b-a997-ff64a57eb13b,Name one activity that is clearly not happening in this scene.,Cooking food is clearly not happening in this scene.,The activity that is clearly not happening in this scene is the person playing Jenga.,1406,429240,0.0033,1764,9,15000,0,64,1
e58207f1-84ec-424b-a997-ff64a57eb13b,What parallel activity accompanies the main action in this clip?,A discussion with another person accompanies the main action.,The parallel activity accompanying the main action in this clip is a game of Jenga.,1406,429240,0.0033,1764,9,15000,0,64,1
e58207f1-84ec-424b-a997-ff64a57eb13b,Is there a creative or construction-related task shown?,"Yes, arranging wooden bricks can be considered a construction-related task.","Yes, there is a creative or construction-related task shown in the video.",1406,429240,0.0033,1764,9,15000,0,64,1
e58207f1-84ec-424b-a997-ff64a57eb13b,Does the video show any form of artistic painting?,No.,"No, the video does not show any form of artistic painting.",1406,429240,0.0033,1764,9,15000,0,64,1
e58207f1-84ec-424b-a997-ff64a57eb13b,Is there a solo performance happening in the video?,No.,"Yes, there is a solo performance happening in the video.",1406,429240,0.0033,1764,9,15000,0,64,1
e58207f1-84ec-424b-a997-ff64a57eb13b,Did I interact with Lady A after I sat on the chair?,Yes.,"Yes, Lady A interacted with you after you sat on the chair.",1406,429240,0.0033,1764,9,15000,0,64,1
e58207f1-84ec-424b-a997-ff64a57eb13b,What happens just before I sit on the chair?,Entering the room.,"Just before I sit on the chair, a person wearing a black sweatshirt and sunglasses appears and sits down.",1406,429240,0.0033,1764,9,15000,0,64,1
e58207f1-84ec-424b-a997-ff64a57eb13b,What did I engage in right before sitting in a room?,I did not engage in anything; I was already seated.,You engaged in playing Jenga.,1406,429240,0.0033,1764,9,15000,0,64,1
e58207f1-84ec-424b-a997-ff64a57eb13b,Where is this scene set?,In a room with another person.,"This scene is set in a modern office or workspace with large windows, a well-lit room, and a cozy seating area with a gray sofa and a coffee table.",1762,482160,0.0037,2156,11,15000,0,64,1
e58207f1-84ec-424b-a997-ff64a57eb13b,What are the main elements present in this scenario?,A Jenga game and two individuals.,"The main elements present in this scenario are a person playing Jenga, a person wearing sunglasses and a black sweatshirt, a person in a gray chair, a person in a black sweatshirt, a person in a gray chair, a person in a gray chair, a person in a gray chair, a person in a gray chair, a person in a gray chair, a person in a gray chair, a person in a gray chair, a person in a gray chair, a person in a gray chair, a person in a gray chair, a person in a gray chair, a person in a gray chair, a person in a gray chair, a person in a gray chair, a person in a gray chair, a person in a gray chair, a person in a gray chair, a person in a gray chair, a person in a gray chair, a person in a gray chair, a person in a gray chair, a person in a gray chair, a person in a gray chair, a person in a gray chair, a person in a gray chair, a person in a gray chair, a person in a gray chair, a person in a gray chair, a person in a gray chair, a person in a gray chair, a person in a gray chair,",1762,482160,0.0037,2156,11,15000,0,64,1
e58207f1-84ec-424b-a997-ff64a57eb13b,What can be observed on the table in the video?,A Jenga tower and blocks.,There is a stack of wooden Jenga blocks on the table.,1762,482160,0.0037,2156,11,15000,0,64,1
e58207f1-84ec-424b-a997-ff64a57eb13b,Who is actively participating in the game shown in the video?,The person in the frame and another woman.,"The person in the video is actively participating in the game, as they are seen holding a stack of wooden Jenga blocks and interacting with the game.",1762,482160,0.0037,2156,11,15000,0,64,1
e58207f1-84ec-424b-a997-ff64a57eb13b,How is the game of Jenga progressing in the clip?,Blocks are being stacked atop the tower.,"The game of Jenga is in progress, with the person in the foreground holding a stack of wooden blocks and placing them in a specific order.",1762,482160,0.0037,2156,11,15000,0,64,1
e58207f1-84ec-424b-a997-ff64a57eb13b,What is the consequence of the actions performed with the Jenga blocks?,The Jenga tower is becoming taller.,"The consequence of the actions performed with the Jenga blocks is that the person is unable to complete the game, as the blocks are stacked in such a way that they are not possible to stack without the blocks falling over each other.",1762,482160,0.0037,2156,11,15000,0,64,1
e58207f1-84ec-424b-a997-ff64a57eb13b,What action precedes placing a block atop the Jenga tower?,Removing a block from the Jenga tower.,Placing a block atop the Jenga tower precedes placing a block atop the Jenga tower.,1762,482160,0.0037,2156,11,15000,0,64,1
e58207f1-84ec-424b-a997-ff64a57eb13b,Does the video show a Jenga tower on a glass table?,Yes.,"Yes, the video shows a Jenga tower on a glass table.",1762,482160,0.0037,2156,11,15000,0,64,1
e58207f1-84ec-424b-a997-ff64a57eb13b,Are the Jenga blocks being carefully handled?,Yes.,"Yes, the Jenga blocks are being carefully handled by the person in the image.",1762,482160,0.0037,2156,11,15000,0,64,1
e58207f1-84ec-424b-a997-ff64a57eb13b,Is the Jenga tower intact at this moment in the video?,Yes.,"No, the Jenga tower is not entirely intact at this moment in the video.",1762,482160,0.0037,2156,11,15000,0,64,1
e58207f1-84ec-424b-a997-ff64a57eb13b,What action occurred just before placing the blocks atop the Jenga tower?,Took Jenga blocks from the tower,"Just before placing the blocks atop the Jenga tower, the person in the image was seen holding a stack of wooden Jenga blocks.",1762,482160,0.0037,2156,11,15000,0,64,1
e58207f1-84ec-424b-a997-ff64a57eb13b,What happened just before taking Jenga blocks from the tower?,Played game of Jenga,"Just before taking Jenga blocks from the tower, the person was seen holding a stack of wooden Jenga blocks.",1762,482160,0.0037,2156,11,15000,0,64,1
e58207f1-84ec-424b-a997-ff64a57eb13b,Did I arrange wooden bricks before playing a card game?,No,"Yes, you did.",1762,482160,0.0037,2156,11,15000,0,64,1
e58207f1-84ec-424b-a997-ff64a57eb13b,Did I sit on a chair before talking to a lady?,Yes,"Yes, you sat on a chair before talking to the lady.",1762,482160,0.0037,2156,11,15000,0,64,1
e58207f1-84ec-424b-a997-ff64a57eb13b,What activities are occurring inside the house?,Two individuals are playing Jenga.,"Inside the house, there is a person playing Jenga, another person sitting on a couch, and a person standing in the background.",2200,535080,0.0041,2744,14,15000,0,64,1
e58207f1-84ec-424b-a997-ff64a57eb13b,What is on the table between the participants?,A Jenga tower is on the table.,There is a stack of wooden Jenga blocks on the table between the participants.,2200,535080,0.0041,2744,14,15000,0,64,1
e58207f1-84ec-424b-a997-ff64a57eb13b,How are the participants utilizing the wooden blocks?,They are carefully pulling blocks from the Jenga tower.,"The participants are using the wooden blocks to build a tower, with some individuals actively placing blocks on top of each other.",2200,535080,0.0041,2744,14,15000,0,64,1
e58207f1-84ec-424b-a997-ff64a57eb13b,Is the Jenga tower still standing?,Yes.,"No, the Jenga tower is not still standing.",2200,535080,0.0041,2744,14,15000,0,64,1
e58207f1-84ec-424b-a997-ff64a57eb13b,Has a Jenga block just been successfully moved?,Yes.,Yes,2200,535080,0.0041,2744,14,15000,0,64,1
e58207f1-84ec-424b-a997-ff64a57eb13b,Are the participants seated during the game?,Yes.,"Yes, the participants are seated during the game.",2200,535080,0.0041,2744,14,15000,0,64,1
e58207f1-84ec-424b-a997-ff64a57eb13b,Is there a game being played on the floor?,No.,Yes,2200,535080,0.0041,2744,14,15000,0,64,1
e58207f1-84ec-424b-a997-ff64a57eb13b,Does the frame display a competitive match in progress?,Yes.,"No, the frame does not display a competitive match in progress. It shows a person playing Jenga.",2200,535080,0.0041,2744,14,15000,0,64,1
e58207f1-84ec-424b-a997-ff64a57eb13b,Did I sit on the chairs before playing Jenga?,Yes.,"No, you didn't sit on the chairs before playing Jenga.",2200,535080,0.0041,2744,14,15000,0,64,1
e58207f1-84ec-424b-a997-ff64a57eb13b,Did I take Jenga blocks from the tower before adding to its top?,Yes.,"No, you didn't take Jenga blocks from the tower before adding to its top.",2200,535080,0.0041,2744,14,15000,0,64,1
e58207f1-84ec-424b-a997-ff64a57eb13b,Did the Jenga game happen before relaxing on the chairs?,No.,"Yes, the Jenga game happened before relaxing on the chairs.",2200,535080,0.0041,2744,14,15000,0,64,1
e58207f1-84ec-424b-a997-ff64a57eb13b,Was placing blocks atop the Jenga tower before taking blocks from it?,No.,No,2200,535080,0.0041,2744,14,15000,0,64,1
e58207f1-84ec-424b-a997-ff64a57eb13b,What occurs just before placing the blocks atop the Jenga tower?,Taking Jenga blocks from the tower.,"Just before placing the blocks atop the Jenga tower, the person in the video is seen holding a stack of wooden Jenga blocks, preparing to start the game.",2200,535080,0.0041,2744,14,15000,0,64,1
e58207f1-84ec-424b-a997-ff64a57eb13b,What happens just before sitting on the chairs to play?,Entering the room.,"Just before sitting on the chairs to play, the person is seen holding a stack of wooden Jenga blocks, preparing to start the game.",2200,535080,0.0041,2744,14,15000,0,64,1
e58207f1-84ec-424b-a997-ff64a57eb13b,Did the game start before arranging wooden bricks on a block?,No,"Yes, the game started before arranging wooden bricks on a block.",2200,535080,0.0041,2744,14,15000,0,64,1
e58207f1-84ec-424b-a997-ff64a57eb13b,What is the setting of the current video clip?,The setting is inside a house.,"The setting of the current video clip is a modern, well-lit room with large windows, a gray sofa, a floor lamp, and a coffee table with a stack of wooden jigsaw puzzles.",2501,588000,0.0043,3136,16,15000,0,64,1
e58207f1-84ec-424b-a997-ff64a57eb13b,Describe the occupants in the house in the video.,"There are multiple individuals, both men and women.","In the video, there is a person sitting on a gray couch in the living room, wearing a black sweatshirt and sunglasses. Another person is standing in the background, wearing a black shirt and sunglasses.",2501,588000,0.0043,3136,16,15000,0,64,1
e58207f1-84ec-424b-a997-ff64a57eb13b,What were the individuals doing with wood in the video?,They were arranging pieces of wood.,"The individuals were playing Jenga, a popular puzzle game.",2501,588000,0.0043,3136,16,15000,0,64,1
e58207f1-84ec-424b-a997-ff64a57eb13b,What type of interaction occurred among the individuals?,They interacted with each other.,"The individuals engaged in a playful activity involving a jigsaw puzzle, with one person attempting to solve it and the others observing or waiting their turn.",2501,588000,0.0043,3136,16,15000,0,64,1
e58207f1-84ec-424b-a997-ff64a57eb13b,Are the people stationary or moving about in the clip?,They are moving about the space.,"The person in the foreground is stationary, while the person in the background is moving about.",2501,588000,0.0043,3136,16,15000,0,64,1
e58207f1-84ec-424b-a997-ff64a57eb13b,Is the Jenga game played before arranging wood pieces?,Yes.,"Yes, the Jenga game is played before arranging wood pieces.",2501,588000,0.0043,3136,16,15000,0,64,1
e58207f1-84ec-424b-a997-ff64a57eb13b,Does sitting on chairs happen before interacting with each other?,Yes.,"Yes, sitting on chairs happens before interacting with each other.",2501,588000,0.0043,3136,16,15000,0,64,1
e58207f1-84ec-424b-a997-ff64a57eb13b,Is the wood arrangement completed before the Jenga tower is built?,No.,"No, the wood arrangement is not yet completed before the Jenga tower is built.",2501,588000,0.0043,3136,16,15000,0,64,1
e58207f1-84ec-424b-a997-ff64a57eb13b,What happens before arranging the wood pieces?,Playing Jenga.,"Before arranging the wood pieces, the person in the video is seen holding a stack of wooden blocks.",2501,588000,0.0043,3136,16,15000,0,64,1
e58207f1-84ec-424b-a997-ff64a57eb13b,What takes place before the Jenga block is touched?,Sitting down.,"Before the Jenga block is touched, a person wearing sunglasses and a black sweatshirt is seen sitting on a gray couch, holding a stack of wooden Jenga blocks.",2501,588000,0.0043,3136,16,15000,0,64,1
e58207f1-84ec-424b-a997-ff64a57eb13b,Did the Jenga game occur before sitting on the chairs?,No.,"Yes, the Jenga game occurred before sitting on the chairs.",2501,588000,0.0043,3136,16,15000,0,64,1
e58207f1-84ec-424b-a997-ff64a57eb13b,Was taking Jenga blocks from the tower after sitting on the chairs?,Yes.,Yes,2501,588000,0.0043,3136,16,15000,0,64,1
e58207f1-84ec-424b-a997-ff64a57eb13b,What happened just before placing blocks atop the Jenga tower?,Taking Jenga blocks from the tower.,"Just before placing blocks atop the Jenga tower, the person placed a green bottle on the couch.",2501,588000,0.0043,3136,16,15000,0,64,1
e58207f1-84ec-424b-a997-ff64a57eb13b,What happens before arranging the pieces of wood?,Playing the Jenga wooden blocks game.,"Before arranging the pieces of wood, the person in the video is seen holding a stack of wooden blocks.",2501,588000,0.0043,3136,16,15000,0,64,1
e58207f1-84ec-424b-a997-ff64a57eb13b,What is the setting of the video clip?,An office.,"The setting of the video clip is an office or workspace with large windows, a modern design, and a well-lit environment.",2653,640920,0.0041,3332,17,15000,0,64,1
e58207f1-84ec-424b-a997-ff64a57eb13b,What activities are taking place in the clip?,Talking to a person and using a phone.,"The activities taking place in the clip include playing Jenga, using a Jenga puzzle, and interacting with a smartphone.",2653,640920,0.0041,3332,17,15000,0,64,1
e58207f1-84ec-424b-a997-ff64a57eb13b,What is the primary action in the recent frames?,Engaging in a discussion and using the phone.,The primary action in the recent frames is a person playing Jenga.,2653,640920,0.0041,3332,17,15000,0,64,1
e58207f1-84ec-424b-a997-ff64a57eb13b,What technology is in use in the action?,A phone.,The technology used in the action is a Jenga game.,2653,640920,0.0041,3332,17,15000,0,64,1
e58207f1-84ec-424b-a997-ff64a57eb13b,Is the person alone in the scene?,No.,Yes,2653,640920,0.0041,3332,17,15000,0,64,1
e58207f1-84ec-424b-a997-ff64a57eb13b,Did I interact with others after being at the office?,Yes,"Yes, you can see other people in the background, indicating that you were in a social setting after being at the office.",2653,640920,0.0041,3332,17,15000,0,64,1
e58207f1-84ec-424b-a997-ff64a57eb13b,Did the office scene occur before the house activities?,Yes,"No, the office scene did not occur before the house activities.",2653,640920,0.0041,3332,17,15000,0,64,1
e58207f1-84ec-424b-a997-ff64a57eb13b,What happened right before I was at the office?,I was in the house,You were at the office.,2653,640920,0.0041,3332,17,15000,0,64,1
e58207f1-84ec-424b-a997-ff64a57eb13b,Did I play Jenga before arranging pieces of wood?,Yes.,"Yes, you can see the Jenga pieces on the floor in the foreground.",2653,640920,0.0041,3332,17,15000,0,64,1
e58207f1-84ec-424b-a997-ff64a57eb13b,Did I use the phone before playing Jenga?,No.,"Yes, you used the phone before playing Jenga.",2653,640920,0.0041,3332,17,15000,0,64,1
e58207f1-84ec-424b-a997-ff64a57eb13b,Was I at the office before playing with the Jenga blocks?,Yes.,"Yes, you were at the office before playing with the Jenga blocks.",2653,640920,0.0041,3332,17,15000,0,64,1
89a95cd8-ca13-4edf-807e-d62138fd30e0,Describe the environment displayed in the video clip.,The video depicts a kitchen scenario.,"The video shows a kitchen counter with a tiled backsplash, a metal pot on the left, a black pot on the right, and a white electrical outlet on the wall.",256,58800,0.0044,392,2,15000,0,64,1
89a95cd8-ca13-4edf-807e-d62138fd30e0,Identify the items being interacted with in the video clip.,Flour and onions are being used with water and a knife.,"The items being interacted with in the video clip are a metal pot, a black pan, and a black and white striped cloth.",256,58800,0.0044,392,2,15000,0,64,1
89a95cd8-ca13-4edf-807e-d62138fd30e0,What's the main activity in the scene?,"The main activity is preparing ingredients, mixing and chopping.","The main activity in the scene is the preparation of food, specifically cooking or preparing a dish.",256,58800,0.0044,392,2,15000,0,64,1
89a95cd8-ca13-4edf-807e-d62138fd30e0,What objects are present in the scene related to the activity?,"Container of flour, a knife, and mixed dough are noticeable.","A metal pot, a black pan, a white electrical outlet, and a black and white striped cloth are present in the scene.",256,58800,0.0044,392,2,15000,0,64,1
89a95cd8-ca13-4edf-807e-d62138fd30e0,Did the person use a knife on the onions?,Yes.,"No, the person did not use a knife on the onions.",256,58800,0.0044,392,2,15000,0,64,1
89a95cd8-ca13-4edf-807e-d62138fd30e0,Was water added to the flour in the video?,Yes.,"Yes, water was added to the flour in the video.",256,58800,0.0044,392,2,15000,0,64,1
89a95cd8-ca13-4edf-807e-d62138fd30e0,Did the preparation seem to be for baking?,"No, more likely for cooking.","Yes, the preparation seems to be for baking, as there is a pot on the stove with a lid, suggesting that baking might be the next step.",256,58800,0.0044,392,2,15000,0,64,1
89a95cd8-ca13-4edf-807e-d62138fd30e0,Describe the environment where the cooking is taking place.,The cooking is taking place in a kitchen.,The cooking is taking place in a kitchen with a tiled wall and a wooden countertop.,323,111720,0.0029,588,3,15000,0,64,1
89a95cd8-ca13-4edf-807e-d62138fd30e0,What step is being performed with the pan?,Oil is being poured into the pan.,The pan is being heated.,323,111720,0.0029,588,3,15000,0,64,1
89a95cd8-ca13-4edf-807e-d62138fd30e0,Are there any other objects visible associated with cooking?,"Yes, there are kitchen utensils and containers.","Yes, there is a black pot on the stove and a white container with a yellow lid on the counter.",323,111720,0.0029,588,3,15000,0,64,1
89a95cd8-ca13-4edf-807e-d62138fd30e0,Are there any ingredients ready to be cooked?,"Yes, there are chopped ingredients on the cutting board.","Yes, there are ingredients ready to be cooked.",323,111720,0.0029,588,3,15000,0,64,1
89a95cd8-ca13-4edf-807e-d62138fd30e0,What is implied by the action of pouring oil in the pan?,The person is preparing to cook or fry food.,"The action of pouring oil in the pan implies that it is being heated, which is a common cooking process.",323,111720,0.0029,588,3,15000,0,64,1
89a95cd8-ca13-4edf-807e-d62138fd30e0,What will likely happen next in the cooking process?,The food will be added to the heated oil for cooking.,"The next step in the cooking process is likely to add more ingredients to the pot, such as spices, herbs, or additional vegetables, to create a flavorful dish.",323,111720,0.0029,588,3,15000,0,64,1
89a95cd8-ca13-4edf-807e-d62138fd30e0,Did the person start cooking as soon as the video began?,No.,"No, the person did not start cooking as soon as the video began. The video begins with a close-up of a kitchen counter where the water is being heated.",323,111720,0.0029,588,3,15000,0,64,1
89a95cd8-ca13-4edf-807e-d62138fd30e0,Has the person used any kitchen utensils yet?,Yes.,"Yes, there is a black pot on the stove and a yellow pot on the counter.",323,111720,0.0029,588,3,15000,0,64,1
89a95cd8-ca13-4edf-807e-d62138fd30e0,Is the person cooking unattended or seen in the frame?,"The person is unattended, not seen in the frame.",The person is not seen in the frame.,323,111720,0.0029,588,3,15000,0,64,1
89a95cd8-ca13-4edf-807e-d62138fd30e0,Has the heat been turned on under the pan yet?,No.,"No, the heat has not been turned on under the pan yet.",323,111720,0.0029,588,3,15000,0,64,1
89a95cd8-ca13-4edf-807e-d62138fd30e0,"In the video, does mixing flour with water happen before cutting onions?",Yes.,"Yes, mixing flour with water happens before cutting onions.",323,111720,0.0029,588,3,15000,0,64,1
89a95cd8-ca13-4edf-807e-d62138fd30e0,Is cooking the food shown before opening the door in the video?,Yes.,"No, the video does not show cooking the food before opening the door.",323,111720,0.0029,588,3,15000,0,64,1
89a95cd8-ca13-4edf-807e-d62138fd30e0,"In the video, does pouring oil in the pan occur after cutting onions?",Yes.,"No, the video does not show pouring oil in the pan after cutting onions. Instead, it shows a cooking process where oil is poured into a pan, and then onions are cut and added to the pan.",323,111720,0.0029,588,3,15000,0,64,1
89a95cd8-ca13-4edf-807e-d62138fd30e0,"In the video, is oil poured into the pan before cooking the food?",No.,"Yes, oil is poured into the pan before cooking the food.",323,111720,0.0029,588,3,15000,0,64,1
89a95cd8-ca13-4edf-807e-d62138fd30e0,What is the setting of the video clip?,The setting is a kitchen.,The setting of the video clip is a kitchen.,489,294000,0.0017,784,4,15000,0,64,1
89a95cd8-ca13-4edf-807e-d62138fd30e0,What tasks are being performed in the scene?,"Cooking food, cleaning the counter, rolling dough.","The scene shows a kitchen counter with various items, including a pot of water, a container of chickpeas, a bowl of water, and a dish rack with dishes. The tasks being performed are likely related to cooking or food preparation.",489,294000,0.0017,784,4,15000,0,64,1
89a95cd8-ca13-4edf-807e-d62138fd30e0,Can you caption the cleaning action in the clip?,Tidying up the kitchen counter.,"""Clean the kitchen counter with a yellow sponge and a blue cloth.""",489,294000,0.0017,784,4,15000,0,64,1
89a95cd8-ca13-4edf-807e-d62138fd30e0,How is the dough being prepared?,The dough is being rolled.,"The dough is being prepared by mixing ingredients in a bowl, which is placed on a countertop.",489,294000,0.0017,784,4,15000,0,64,1
89a95cd8-ca13-4edf-807e-d62138fd30e0,Does the video show someone cooking?,Yes.,"No, the video does not show someone cooking. It shows a kitchen scene with a pot of water on the counter and a bowl of chickpeas on the counter.",489,294000,0.0017,784,4,15000,0,64,1
89a95cd8-ca13-4edf-807e-d62138fd30e0,Is the counter being cleaned in the video?,Yes.,"Yes, the counter is being cleaned in the video.",489,294000,0.0017,784,4,15000,0,64,1
89a95cd8-ca13-4edf-807e-d62138fd30e0,Is there a scene of rolling dough in the video?,Yes.,"No, there is no scene of rolling dough in the video. The focus is on the transformation of the water in the pot into a mixture of ingredients.",489,294000,0.0017,784,4,15000,0,64,1
89a95cd8-ca13-4edf-807e-d62138fd30e0,Does rolling the dough happen before cleaning the counter?,No,"No, rolling the dough happens after cleaning the counter.",489,294000,0.0017,784,4,15000,0,64,1
89a95cd8-ca13-4edf-807e-d62138fd30e0,Is the food cooked after I clean the counter?,Yes,"Yes, the food is cooked after you clean the counter.",489,294000,0.0017,784,4,15000,0,64,1
89a95cd8-ca13-4edf-807e-d62138fd30e0,"Before the food is cooked, what do I do?",In the kitchen.,"Before the food is cooked, you should wash the vegetables and wash the bowl.",489,294000,0.0017,784,4,15000,0,64,1
89a95cd8-ca13-4edf-807e-d62138fd30e0,What occurs just before I clean the counter?,Cook food.,A pot of water is placed on the stove.,489,294000,0.0017,784,4,15000,0,64,1
89a95cd8-ca13-4edf-807e-d62138fd30e0,"In the video, what takes place right before rolling the dough?",Clean the counter.,A pot of water is placed on the stove.,489,294000,0.0017,784,4,15000,0,64,1
89a95cd8-ca13-4edf-807e-d62138fd30e0,"In the video, does the mixing of flour with water happen before cutting the onions?",Yes,"No, the mixing of flour with water happens after cutting the onions.",489,294000,0.0017,784,4,15000,0,64,1
89a95cd8-ca13-4edf-807e-d62138fd30e0,What is the setting of the video clip?,"Inside a house, in the kitchen.",The setting of the video clip is a kitchen with a tiled wall and a black countertop.,546,346920,0.0016,980,5,15000,0,64,1
89a95cd8-ca13-4edf-807e-d62138fd30e0,What activity is depicted in the scene?,Making dough for cooking.,"The scene depicts a cooking activity, specifically the preparation of a dish that involves boiling water and adding ingredients to a pot.",546,346920,0.0016,980,5,15000,0,64,1
89a95cd8-ca13-4edf-807e-d62138fd30e0,What tools are being utilized in the scene?,"Hands, rolling pin, flour container.","A metal pot, a wooden spoon, and a blue lid are being utilized in the scene.",546,346920,0.0016,980,5,15000,0,64,1
89a95cd8-ca13-4edf-807e-d62138fd30e0,Where specifically is the dough preparation taking place?,On a newspaper-covered surface.,The dough preparation is taking place in a kitchen.,546,346920,0.0016,980,5,15000,0,64,1
89a95cd8-ca13-4edf-807e-d62138fd30e0,What is the immediate environment around the dough-making area?,Nearby kitchen appliances and utensils.,The immediate environment around the dough-making area includes a tiled wall with white tiles and a black countertop.,546,346920,0.0016,980,5,15000,0,64,1
89a95cd8-ca13-4edf-807e-d62138fd30e0,What is the main action taking place in these frames?,The dough is being rolled out.,"The main action taking place in these frames is the preparation of a dish, specifically the addition of chickpeas to a pot of water.",546,346920,0.0016,980,5,15000,0,64,1
89a95cd8-ca13-4edf-807e-d62138fd30e0,What action precedes the rolling of the dough?,Dipping the dough in flour.,The rolling of the dough is preceded by the addition of water to the pot.,546,346920,0.0016,980,5,15000,0,64,1
89a95cd8-ca13-4edf-807e-d62138fd30e0,How is the dough initially shaped?,It is shaped by hand.,The dough is initially shaped into a small ball.,546,346920,0.0016,980,5,15000,0,64,1
89a95cd8-ca13-4edf-807e-d62138fd30e0,What is the purpose of the flour in the dough rolling process?,To prevent sticking to the rolling pin.,The flour is used to create a smooth and elastic dough by kneading it into a cohesive mass.,546,346920,0.0016,980,5,15000,0,64,1
89a95cd8-ca13-4edf-807e-d62138fd30e0,What may likely be the next step after rolling the dough?,Cutting or shaping the dough for cooking.,"The next step likely involves transferring the dough into a baking tray or pan, which is not visible in the image, and then baking it in the oven.",546,346920,0.0016,980,5,15000,0,64,1
89a95cd8-ca13-4edf-807e-d62138fd30e0,Did the person use a rolling pin in the video?,Yes.,"No, the person did not use a rolling pin in the video.",546,346920,0.0016,980,5,15000,0,64,1
89a95cd8-ca13-4edf-807e-d62138fd30e0,Did the dough-making happen on a bare countertop?,No.,"No, the dough-making happened on a tiled countertop.",546,346920,0.0016,980,5,15000,0,64,1
89a95cd8-ca13-4edf-807e-d62138fd30e0,Was an electrical appliance used to roll the dough?,No.,"Yes, an electrical appliance was used to roll the dough.",546,346920,0.0016,980,5,15000,0,64,1
89a95cd8-ca13-4edf-807e-d62138fd30e0,Did the person complete the dough rolling in one try?,"Not specified, unclear.","No, the person completed the dough rolling in two tries.",546,346920,0.0016,980,5,15000,0,64,1
89a95cd8-ca13-4edf-807e-d62138fd30e0,Is the flour container closed in the scene?,Yes.,"Yes, the flour container is closed in the scene.",546,346920,0.0016,980,5,15000,0,64,1
89a95cd8-ca13-4edf-807e-d62138fd30e0,"In the video, is the dough rolled with hands before it's dipped in flour?",Yes,"No, the dough is not rolled with hands before it's dipped in flour.",546,346920,0.0016,980,5,15000,0,64,1
89a95cd8-ca13-4edf-807e-d62138fd30e0,Is the food cooked before the counter is cleaned?,Yes,"Yes, the food is cooked before the counter is cleaned.",546,346920,0.0016,980,5,15000,0,64,1
89a95cd8-ca13-4edf-807e-d62138fd30e0,Does the dough rolling with a rolling pin happen after hand rolling?,Yes,"No, the dough rolling with a rolling pin happens after hand rolling.",546,346920,0.0016,980,5,15000,0,64,1
89a95cd8-ca13-4edf-807e-d62138fd30e0,Is the counter cleaned before the dough is rolled with hands?,Yes,"Yes, the counter is clean before the dough is rolled with hands.",546,346920,0.0016,980,5,15000,0,64,1
89a95cd8-ca13-4edf-807e-d62138fd30e0,"In the video, is the rolling pin used before the dough is dipped in flour?",Yes,"No, the rolling pin is not used before the dough is dipped in flour.",546,346920,0.0016,980,5,15000,0,64,1
89a95cd8-ca13-4edf-807e-d62138fd30e0,What is done just before the dough is dipped in flour?,Roll dough with hands,A pot of water is placed on the counter.,546,346920,0.0016,980,5,15000,0,64,1
89a95cd8-ca13-4edf-807e-d62138fd30e0,What action is performed before cleaning the counter?,Cook food,"Before cleaning the counter, a pot of water is poured into it.",546,346920,0.0016,980,5,15000,0,64,1
89a95cd8-ca13-4edf-807e-d62138fd30e0,What activity happens before the dough is rolled with hands?,Nothing is specified before hand rolling,"Before the dough is rolled with hands, it is placed in a pot on the stove.",546,346920,0.0016,980,5,15000,0,64,1
89a95cd8-ca13-4edf-807e-d62138fd30e0,Was the counter cleaned after cooking food?,Yes,"Yes, the counter was cleaned after cooking food.",546,346920,0.0016,980,5,15000,0,64,1
89a95cd8-ca13-4edf-807e-d62138fd30e0,Did I roll the dough before dipping it in flour?,No,"No, you didn't roll the dough before dipping it in flour.",546,346920,0.0016,980,5,15000,0,64,1
89a95cd8-ca13-4edf-807e-d62138fd30e0,Did I roll dough with hands before rolling it with a rolling pin?,Yes,"No, you rolled the dough with your hands before rolling it with a rolling pin.",546,346920,0.0016,980,5,15000,0,64,1
89a95cd8-ca13-4edf-807e-d62138fd30e0,What happens right before I dip the dough in flour?,Rolling the dough with hands,A pot of water is placed on the stove.,546,346920,0.0016,980,5,15000,0,64,1
89a95cd8-ca13-4edf-807e-d62138fd30e0,What action occurs just before I roll the dough with a rolling pin?,Dipping dough in flour,A bowl of water is poured into the pot.,546,346920,0.0016,980,5,15000,0,64,1
89a95cd8-ca13-4edf-807e-d62138fd30e0,What do I do just before pouring oil in the pan?,Open the door,You should first ensure that the pan is clean and dry before pouring oil in.,546,346920,0.0016,980,5,15000,0,64,1
89a95cd8-ca13-4edf-807e-d62138fd30e0,What takes place immediately before I clean the counter?,Cook food,A pot of water is placed on the stove.,546,346920,0.0016,980,5,15000,0,64,1
89a95cd8-ca13-4edf-807e-d62138fd30e0,What location is shown in this video clip?,The kitchen.,The location shown in this video clip is a kitchen.,592,399448,0.0015,1176,6,15000,0,64,1
89a95cd8-ca13-4edf-807e-d62138fd30e0,What task is being performed in this scene?,Making dough.,The task being performed in this scene is preparing a dish by adding ingredients to a pot and then transferring them into a container.,592,399448,0.0015,1176,6,15000,0,64,1
89a95cd8-ca13-4edf-807e-d62138fd30e0,What is the setting of this clip?,A kitchen counter.,The setting of this clip is a kitchen.,592,399448,0.0015,1176,6,15000,0,64,1
89a95cd8-ca13-4edf-807e-d62138fd30e0,What cooking action is taking place?,Rolling dough with a roller.,The cooking action taking place is boiling water in a pot.,592,399448,0.0015,1176,6,15000,0,64,1
89a95cd8-ca13-4edf-807e-d62138fd30e0,Does the frame capture using a rolling pin?,Yes.,"No, the frame does not capture the use of a rolling pin.",592,399448,0.0015,1176,6,15000,0,64,1
89a95cd8-ca13-4edf-807e-d62138fd30e0,Is dough being prepared in this scene?,Yes.,Yes,592,399448,0.0015,1176,6,15000,0,64,1
89a95cd8-ca13-4edf-807e-d62138fd30e0,Are there ingredients visible on the kitchen counter?,Yes.,"Yes, there are ingredients visible on the kitchen counter, including a bowl of chickpeas and a container of spices.",592,399448,0.0015,1176,6,15000,0,64,1
89a95cd8-ca13-4edf-807e-d62138fd30e0,"In the video, is the dough cut before it's rolled with hands?",No,"No, the dough is cut before it's rolled with hands.",592,399448,0.0015,1176,6,15000,0,64,1
89a95cd8-ca13-4edf-807e-d62138fd30e0,Does the dipping of dough in flour happen after using the rolling pin?,No,"No, the dipping of dough in flour happens after using the rolling pin.",592,399448,0.0015,1176,6,15000,0,64,1
89a95cd8-ca13-4edf-807e-d62138fd30e0,Does rolling the dough with hands happen before cutting the dough?,Yes,"No, rolling the dough with hands happens after cutting the dough.",592,399448,0.0015,1176,6,15000,0,64,1
89a95cd8-ca13-4edf-807e-d62138fd30e0,Is the dough rolled with a roller after being dipped in flour?,Yes,Yes.,592,399448,0.0015,1176,6,15000,0,64,1
89a95cd8-ca13-4edf-807e-d62138fd30e0,What occurs just before rolling dough with a roller in the video?,The dough is cut,A pot of water is placed on the stove.,592,399448,0.0015,1176,6,15000,0,64,1
89a95cd8-ca13-4edf-807e-d62138fd30e0,"In the video sequence, what happens before rolling dough with hands?","Nothing, it's the first action","Before rolling dough with hands, the pot is empty.",592,399448,0.0015,1176,6,15000,0,64,1
89a95cd8-ca13-4edf-807e-d62138fd30e0,What is done just before cutting the dough?,The dough is rolled with hands,"Just before cutting the dough, a pot of water is placed on the stove.",592,399448,0.0015,1176,6,15000,0,64,1
89a95cd8-ca13-4edf-807e-d62138fd30e0,Did I clean the counter before rolling the dough?,Yes,"Yes, you cleaned the counter before rolling the dough.",592,399448,0.0015,1176,6,15000,0,64,1
89a95cd8-ca13-4edf-807e-d62138fd30e0,Was the dough cut before being rolled?,Yes,"Yes, the dough was cut before being rolled.",592,399448,0.0015,1176,6,15000,0,64,1
89a95cd8-ca13-4edf-807e-d62138fd30e0,Did I dip the dough in flour before using the rolling pin?,Yes,"Yes, you dipped the dough in flour before using the rolling pin.",592,399448,0.0015,1176,6,15000,0,64,1
89a95cd8-ca13-4edf-807e-d62138fd30e0,Did I cook food after rolling the dough with my hands?,No,"No, you rolled the dough with your hands.",592,399448,0.0015,1176,6,15000,0,64,1
89a95cd8-ca13-4edf-807e-d62138fd30e0,Was the counter cleaned after the dough was cut?,No,"Yes, the counter was cleaned after the dough was cut.",592,399448,0.0015,1176,6,15000,0,64,1
89a95cd8-ca13-4edf-807e-d62138fd30e0,What do I do before rolling the dough with a roller?,Cut the dough,"Before rolling the dough with a roller, you should ensure that the kitchen is clean and dry.",592,399448,0.0015,1176,6,15000,0,64,1
89a95cd8-ca13-4edf-807e-d62138fd30e0,What occurs just before cutting the dough?,Rolling dough with hands,"Just before cutting the dough, a yellow lid is placed on the pot.",592,399448,0.0015,1176,6,15000,0,64,1
89a95cd8-ca13-4edf-807e-d62138fd30e0,What do I do before cleaning the counter?,Cook food,"Before cleaning the counter, you should first wash the bowl and the pot.",592,399448,0.0015,1176,6,15000,0,64,1
89a95cd8-ca13-4edf-807e-d62138fd30e0,Describe the main activity occurring in this section of video.,Food preparation for a meal.,"The main activity is the preparation of a dish, likely a curry or stew, by adding ingredients and cooking them in a pan.",756,505288,0.0015,1372,7,15000,0,64,1
89a95cd8-ca13-4edf-807e-d62138fd30e0,What is the current culinary action captured here?,Ready to cook flatbread on the pan.,"The current culinary action captured here is the preparation of a dish, specifically the cooking of chickpeas.",756,505288,0.0015,1372,7,15000,0,64,1
89a95cd8-ca13-4edf-807e-d62138fd30e0,Did the person successfully slice the cucumber?,Yes.,"No, the person did not successfully slice the cucumber.",756,505288,0.0015,1372,7,15000,0,64,1
89a95cd8-ca13-4edf-807e-d62138fd30e0,Has the lemon been placed on the cucumber slices?,Yes.,"No, the lemon has been placed on the plate of rice.",756,505288,0.0015,1372,7,15000,0,64,1
89a95cd8-ca13-4edf-807e-d62138fd30e0,Describe the setting in this video clip.,A kitchen with a person cooking roti on a stove.,"The video is set in a kitchen with white tiled walls and a black countertop. The countertop is cluttered with various kitchen utensils and ingredients, including a pot of water, a container of chickpeas, and a frying pan.",913,558208,0.0016,1568,8,15000,0,64,1
89a95cd8-ca13-4edf-807e-d62138fd30e0,What is the visual focal point of this scene?,The pan with the roti being roasted.,"The visual focal point of this scene is the kitchen counter, which is cluttered with various kitchen items and utensils.",913,558208,0.0016,1568,8,15000,0,64,1
89a95cd8-ca13-4edf-807e-d62138fd30e0,Where is the roti being placed after roasting?,In a pot next to the stove.,The roti is being placed into a frying pan on the stove.,913,558208,0.0016,1568,8,15000,0,64,1
89a95cd8-ca13-4edf-807e-d62138fd30e0,What kitchen equipment is being utilized in this action?,A frying pan and a stove.,"A frying pan, a pot, and a frying pan lid are being utilized in this action.",913,558208,0.0016,1568,8,15000,0,64,1
89a95cd8-ca13-4edf-807e-d62138fd30e0,Does the clip show a person flipping the roti?,No.,"Yes, the clip shows a person flipping the roti.",913,558208,0.0016,1568,8,15000,0,64,1
89a95cd8-ca13-4edf-807e-d62138fd30e0,Is the roti being taken out of the pan in this frame?,Yes.,Yes.,913,558208,0.0016,1568,8,15000,0,64,1
89a95cd8-ca13-4edf-807e-d62138fd30e0,Does the clip involve any baking activity?,No.,"Yes, the clip involves baking activity, as it shows a frying pan with a batter mixture being cooked in a frying pan.",913,558208,0.0016,1568,8,15000,0,64,1
89a95cd8-ca13-4edf-807e-d62138fd30e0,Is there another person assisting with the cooking?,No.,"Yes, another person is visible in the background, suggesting that there might be another person assisting with the cooking.",913,558208,0.0016,1568,8,15000,0,64,1
89a95cd8-ca13-4edf-807e-d62138fd30e0,Was the flat bread prepared before the roti was roasted?,Yes,"Yes, the flat bread was prepared before the roti was roasted.",913,558208,0.0016,1568,8,15000,0,64,1
89a95cd8-ca13-4edf-807e-d62138fd30e0,Did I put the roasted roti in the pot before cutting the cucumber?,No,"No, you didn't put the roasted roti in the pot before cutting the cucumber.",913,558208,0.0016,1568,8,15000,0,64,1
89a95cd8-ca13-4edf-807e-d62138fd30e0,Did I roast the roti after preparing the flat bread?,Yes,"No, you did not roast the roti after preparing the flat bread.",913,558208,0.0016,1568,8,15000,0,64,1
89a95cd8-ca13-4edf-807e-d62138fd30e0,What cooking method is used for tortillas?,They are placed in a hot pot.,The tortillas are cooked in a frying pan.,981,588000,0.0017,1764,9,15000,0,64,1
89a95cd8-ca13-4edf-807e-d62138fd30e0,Is the person wearing oven mitts?,No.,"No, the person is not wearing oven mitts.",981,588000,0.0017,1764,9,15000,0,64,1
89a95cd8-ca13-4edf-807e-d62138fd30e0,"In the video, is the pot closed after the roti is put inside?",Yes,"Yes, the pot is closed after the roti is put inside.",981,588000,0.0017,1764,9,15000,0,64,1
89a95cd8-ca13-4edf-807e-d62138fd30e0,Did I use a spatula to roast the roti before placing it in the pot?,Yes,"No, you did not use a spatula to roast the roti before placing it in the pot.",981,588000,0.0017,1764,9,15000,0,64,1
89a95cd8-ca13-4edf-807e-d62138fd30e0,What activity is shown just before the roti comes in contact with the pan?,The roti is picked up,"Just before the roti comes in contact with the pan, the activity shown is cooking a mixture in a pot on the stove.",981,588000,0.0017,1764,9,15000,0,64,1
2bb31b69-fcda-4f54-8338-f590944df999,What activity is depicted in this snapshot?,A card game is being played.,The activity depicted in this snapshot is playing cards.,361,58800,0.0061,392,2,15000,0,64,1
2bb31b69-fcda-4f54-8338-f590944df999,Where is this scene likely taking place?,"The scene is indoors, possibly in a living room.",This scene is likely taking place in a living room or a similar indoor space.,361,58800,0.0061,392,2,15000,0,64,1
2bb31b69-fcda-4f54-8338-f590944df999,What objects are present in this setting?,"Cards, a piece of paper, and a plant.","The setting includes a person sitting on the floor, a person holding a smartphone, a person holding a deck of cards, a person holding a piece of paper, a person holding a smartphone, a person holding a smartphone, a person holding a smartphone, a person holding a smartphone, a person holding a smartphone, a person holding a smartphone, a person holding a smartphone, a person holding a smartphone, a person holding a smartphone, a person holding a smartphone, a person holding a smartphone, a person holding a smartphone, a person holding a smartphone, a person holding a smartphone, a person holding a smartphone, a person holding a smartphone, a person holding a smartphone, a person holding a smartphone, a person holding a smartphone, a person holding a smartphone, a person holding a smartphone, a person holding a smartphone, a person holding a smartphone, a person holding a smartphone, a person holding a smartphone, a person holding a smartphone, a person holding a smartphone, a person holding a smartphone, a person holding a smartphone, a person holding a smartphone, a person holding a smartphone, a person holding a smartphone, a person holding a smartphone, a person holding a smartphone, a person holding a smartphone, a person holding a smartphone, a person holding a smartphone, a person",361,58800,0.0061,392,2,15000,0,64,1
2bb31b69-fcda-4f54-8338-f590944df999,How is the room furnished?,"With a couch, a rug, and various personal items.","The room is furnished with a patterned rug, a potted plant, a shelf with various items, and a small table with a lamp.",361,58800,0.0061,392,2,15000,0,64,1
2bb31b69-fcda-4f54-8338-f590944df999,What is the approximate time of day in this scene?,It's not discernible from this image.,"Based on the lighting and shadows, it appears to be daytime.",361,58800,0.0061,392,2,15000,0,64,1
2bb31b69-fcda-4f54-8338-f590944df999,What action is being performed with the cards?,The cards are being reshuffled.,The action being performed with the cards is shuffling.,361,58800,0.0061,392,2,15000,0,64,1
2bb31b69-fcda-4f54-8338-f590944df999,What is the person across doing?,The person is holding and possibly organizing cards.,The person across is playing a card game.,361,58800,0.0061,392,2,15000,0,64,1
2bb31b69-fcda-4f54-8338-f590944df999,What follow-up activity to shuffling is likely?,Dealing the cards to players.,The person is likely to shuffle the deck of cards before the game begins.,361,58800,0.0061,392,2,15000,0,64,1
2bb31b69-fcda-4f54-8338-f590944df999,Is there more than one participant in the card activity?,Yes.,"Yes, there is more than one participant in the card activity.",361,58800,0.0061,392,2,15000,0,64,1
2bb31b69-fcda-4f54-8338-f590944df999,Is any reading material involved in the activity?,"Yes, there's a piece of paper being held.","Yes, there is a book visible in the scene, which is likely being read by the person sitting on the floor.",361,58800,0.0061,392,2,15000,0,64,1
2bb31b69-fcda-4f54-8338-f590944df999,Are any electronic devices being used in the game?,No visible electronic devices are used.,"Yes, a smartphone is being used to display the game's instructions.",361,58800,0.0061,392,2,15000,0,64,1
2bb31b69-fcda-4f54-8338-f590944df999,Has any card been laid out on the floor?,"No, they're being held or shuffled.","Yes, a card has been laid out on the floor.",361,58800,0.0061,392,2,15000,0,64,1
2bb31b69-fcda-4f54-8338-f590944df999,What activity is taking place in the room?,Playing poker.,The activity taking place in the room is playing cards.,506,111720,0.0045,588,3,15000,0,64,1
2bb31b69-fcda-4f54-8338-f590944df999,What is the setting of this clip?,"Indoors, in a room.","The setting of this clip is a cozy living room with a patterned rug, a potted plant, and a shelf with various items.",506,111720,0.0045,588,3,15000,0,64,1
2bb31b69-fcda-4f54-8338-f590944df999,What objects are visible in the scene?,"Cards, a carpet, and furniture.","A person is sitting on the floor, holding a smartphone, a deck of playing cards, and a piece of paper.",506,111720,0.0045,588,3,15000,0,64,1
2bb31b69-fcda-4f54-8338-f590944df999,Describe the atmosphere of the room.,Casual and leisurely.,"The room has a cozy and casual atmosphere, with a patterned rug on the floor, a potted plant, and a shelf with various items in the background.",506,111720,0.0045,588,3,15000,0,64,1
2bb31b69-fcda-4f54-8338-f590944df999,What precedes the dealing of cards in poker?,Reshuffling the cards.,The dealer's hand precedes the dealing of cards in poker.,506,111720,0.0045,588,3,15000,0,64,1
2bb31b69-fcda-4f54-8338-f590944df999,Did someone shuffle cards in this video?,Yes.,"Yes, someone is seen shuffling cards in the video.",506,111720,0.0045,588,3,15000,0,64,1
2bb31b69-fcda-4f54-8338-f590944df999,Is the room set up for a large gathering?,No.,"No, the room is not set up for a large gathering.",506,111720,0.0045,588,3,15000,0,64,1
2bb31b69-fcda-4f54-8338-f590944df999,Are the individuals standing in this video?,No.,"No, the individuals are sitting on the floor in this video.",506,111720,0.0045,588,3,15000,0,64,1
2bb31b69-fcda-4f54-8338-f590944df999,Was the deck reshuffled before playing the cards?,Yes.,"Yes, the deck was reshuffled before playing the cards.",506,111720,0.0045,588,3,15000,0,64,1
2bb31b69-fcda-4f54-8338-f590944df999,What occurs just before picking up the cards?,The cards are spread on floor.,"Just before picking up the cards, the person is seen holding a smartphone, possibly checking the score or looking up information related to the game.",506,111720,0.0045,588,3,15000,0,64,1
2bb31b69-fcda-4f54-8338-f590944df999,What action occurs before the deck is seen in a unified stack?,Separate the cards.,"Before the deck is seen in a unified stack, the person is seen holding a deck of cards.",506,111720,0.0045,588,3,15000,0,64,1
2bb31b69-fcda-4f54-8338-f590944df999,What is visible before I separate cards?,Floor and unorganized cards.,"Before I separate cards, a piece of paper is visible.",506,111720,0.0045,588,3,15000,0,64,1
2bb31b69-fcda-4f54-8338-f590944df999,What is the setting of the current video clip?,A room with two people playing cards.,"The setting of the current video clip is a cozy indoor environment, likely a living room, with a patterned rug on the floor, a potted plant, and a shelf with various items in the background.",635,164640,0.0039,784,4,15000,0,64,1
2bb31b69-fcda-4f54-8338-f590944df999,What objects are prominent in the video scene?,"Playing cards, a phone, and a paper.","The prominent objects in the video scene are a smartphone, a deck of playing cards, and a piece of paper.",635,164640,0.0039,784,4,15000,0,64,1
2bb31b69-fcda-4f54-8338-f590944df999,How would you characterize the atmosphere in the video?,Casual and leisurely.,"The atmosphere in the video is casual and relaxed, with a focus on the person playing cards.",635,164640,0.0039,784,4,15000,0,64,1
2bb31b69-fcda-4f54-8338-f590944df999,What actions are being performed in the video clip?,"Shuffling, picking, and playing cards.","In the video clip, the person is playing a game of cards, holding a deck of cards in their hands, and appears to be in the process of dealing or organizing the cards.",635,164640,0.0039,784,4,15000,0,64,1
2bb31b69-fcda-4f54-8338-f590944df999,Did the individuals reshuffle the cards in the video?,Yes.,"No, the individuals did not reshuffle the cards in the video.",635,164640,0.0039,784,4,15000,0,64,1
2bb31b69-fcda-4f54-8338-f590944df999,Was a phone used during the gameplay?,Yes.,"Yes, a phone was used during the gameplay.",635,164640,0.0039,784,4,15000,0,64,1
2bb31b69-fcda-4f54-8338-f590944df999,Was a new game started in the video clip?,Yes.,"Yes, a new game was started in the video clip.",635,164640,0.0039,784,4,15000,0,64,1
2bb31b69-fcda-4f54-8338-f590944df999,Did the scene capture any form of disagreement?,No.,"No, the scene does not capture any form of disagreement.",635,164640,0.0039,784,4,15000,0,64,1
2bb31b69-fcda-4f54-8338-f590944df999,"In the video, is the poker game started before the cards are reshuffled?",No.,"No, the poker game is not started before the cards are reshuffled.",635,164640,0.0039,784,4,15000,0,64,1
2bb31b69-fcda-4f54-8338-f590944df999,Is the deck spread out on the floor after picking a card?,Yes.,Yes,635,164640,0.0039,784,4,15000,0,64,1
2bb31b69-fcda-4f54-8338-f590944df999,Does the card shuffling happen before sitting on the floor?,No.,"No, the card shuffling happens after sitting on the floor.",635,164640,0.0039,784,4,15000,0,64,1
2bb31b69-fcda-4f54-8338-f590944df999,"In the video, is the card game initiated before sitting with the lady?",No.,"No, the card game is not initiated before sitting with the lady. The lady is holding a deck of cards in her hands, and the person is sitting next to her.",635,164640,0.0039,784,4,15000,0,64,1
2bb31b69-fcda-4f54-8338-f590944df999,What happens before the poker game is played in the video?,Cards are picked.,"Before the poker game is played, the person is seen holding a smartphone, possibly checking the score or looking up information.",635,164640,0.0039,784,4,15000,0,64,1
2bb31b69-fcda-4f54-8338-f590944df999,What occurs right before reshuffling the cards?,I sit with the lady.,"A person in a pink and blue shirt and blue jeans is seen holding a smartphone, presumably to read instructions or a card.",635,164640,0.0039,784,4,15000,0,64,1
2bb31b69-fcda-4f54-8338-f590944df999,What is done just before spreading the cards on the floor?,Cards are picked.,"Just before spreading the cards on the floor, the person is seen holding a piece of paper, which is likely a card spread sheet.",635,164640,0.0039,784,4,15000,0,64,1
2bb31b69-fcda-4f54-8338-f590944df999,"In the video, did I play cards before shuffling them?",No.,"No, the person in the video is not playing cards before shuffling them.",635,164640,0.0039,784,4,15000,0,64,1
2bb31b69-fcda-4f54-8338-f590944df999,"In the video, did I shuffle the cards before picking them?",Yes.,"No, the video does not show you shuffling the cards before picking them.",635,164640,0.0039,784,4,15000,0,64,1
2bb31b69-fcda-4f54-8338-f590944df999,What is the action before reshuffling the cards in the video?,Separating the cards.,"Before reshuffling the cards, the person is holding a deck of cards and appears to be preparing to shuffle them.",635,164640,0.0039,784,4,15000,0,64,1
2bb31b69-fcda-4f54-8338-f590944df999,What is the setting of the video?,A room with two people playing poker.,"The setting of the video is a cozy living room with a patterned rug, a potted plant, and a shelf with various items.",838,217560,0.0039,1176,6,15000,0,64,1
2bb31b69-fcda-4f54-8338-f590944df999,What objects are present in the scene?,"Cards, a tablecloth, and personal items on the floor.","The scene contains a person sitting on the floor, a smartphone, a piece of paper, a deck of playing cards, a small object that appears to be a coin, and a pair of socks.",838,217560,0.0039,1176,6,15000,0,64,1
2bb31b69-fcda-4f54-8338-f590944df999,What is the main focus of the camera?,The poker game and the players' actions.,"The main focus of the camera is a person sitting on the floor, holding a smartphone and a deck of playing cards.",838,217560,0.0039,1176,6,15000,0,64,1
2bb31b69-fcda-4f54-8338-f590944df999,What stage of the game is shown?,"The preparation phase, shuffling and dealing cards.","The person is in the process of dealing cards, which is a crucial part of the game.",838,217560,0.0039,1176,6,15000,0,64,1
2bb31b69-fcda-4f54-8338-f590944df999,Capture the essence of the action in a short phrase.,An intense poker game in progress.,A person is playing cards with a smartphone.,838,217560,0.0039,1176,6,15000,0,64,1
2bb31b69-fcda-4f54-8338-f590944df999,Did the person shuffle the cards more than once?,Yes.,"Yes, the person shuffled the cards more than once.",838,217560,0.0039,1176,6,15000,0,64,1
2bb31b69-fcda-4f54-8338-f590944df999,Is there another activity besides poker being portrayed?,No.,"Yes, there is another activity portrayed in the video, which is playing cards.",838,217560,0.0039,1176,6,15000,0,64,1
2bb31b69-fcda-4f54-8338-f590944df999,Are both players sitting on chairs?,"No, they are sitting on the floor.","No, both players are sitting on the floor.",838,217560,0.0039,1176,6,15000,0,64,1
2bb31b69-fcda-4f54-8338-f590944df999,"In the video, is the card reshuffling performed before picking the cards?",No,"Yes, the card reshuffling is performed before picking the cards.",838,217560,0.0039,1176,6,15000,0,64,1
2bb31b69-fcda-4f54-8338-f590944df999,Is the lady X present in the room before I reshuffle the cards?,Yes,"No, the lady X is not present in the room before I reshuffle the cards.",838,217560,0.0039,1176,6,15000,0,64,1
2bb31b69-fcda-4f54-8338-f590944df999,Do I play the cards before lady X picks her phone?,No,"No, you do not play the cards before lady X picks her phone.",838,217560,0.0039,1176,6,15000,0,64,1
2bb31b69-fcda-4f54-8338-f590944df999,Are the cards picked before they are played?,Yes,"Yes, the cards are picked before they are played.",838,217560,0.0039,1176,6,15000,0,64,1
2bb31b69-fcda-4f54-8338-f590944df999,What happens just before the cards are played in the video?,The cards are reshuffled.,"Just before the cards are played, the person in the video is seen holding a smartphone, presumably to read instructions or watch a video related to the game.",838,217560,0.0039,1176,6,15000,0,64,1
2bb31b69-fcda-4f54-8338-f590944df999,What do we see happening just before the cards are picked?,The cards are reshuffled.,"A person is holding a smartphone, presumably showing the cards to the other person.",838,217560,0.0039,1176,6,15000,0,64,1
2bb31b69-fcda-4f54-8338-f590944df999,What action takes place before reshuffling the cards?,The cards are picked.,"Before reshuffling the cards, the person in the foreground is holding a deck of cards, and the person in the background is holding a smartphone.",838,217560,0.0039,1176,6,15000,0,64,1
2bb31b69-fcda-4f54-8338-f590944df999,"Before the poker game begins, what is the last action performed?",The cards are reshuffled.,"The last action performed is the person in the colorful shirt holding a card, preparing to deal it to the other player.",838,217560,0.0039,1176,6,15000,0,64,1
2bb31b69-fcda-4f54-8338-f590944df999,Did the card reshuffling happen before picking the cards?,No,"Yes, the card reshuffling happened before picking the cards.",838,217560,0.0039,1176,6,15000,0,64,1
2bb31b69-fcda-4f54-8338-f590944df999,Was playing cards done after picking the cards?,Yes,"Yes, after picking the cards, the person was done playing cards.",838,217560,0.0039,1176,6,15000,0,64,1
2bb31b69-fcda-4f54-8338-f590944df999,What happened just before playing poker cards?,Reshuffled the cards,"Just before playing poker cards, the person in the video is seen holding a smartphone, possibly checking a message or browsing the internet.",838,217560,0.0039,1176,6,15000,0,64,1
2bb31b69-fcda-4f54-8338-f590944df999,What occurs right before reshuffling the cards?,Picked the cards,"The person in the video is holding a deck of cards and a small object, possibly a card or a small device, in their hands. They are likely preparing to reshuffle the cards.",838,217560,0.0039,1176,6,15000,0,64,1
2bb31b69-fcda-4f54-8338-f590944df999,What action took place just before picking the cards?,Reshuffled the cards,"Just before picking the cards, the person in the foreground was seen holding a smartphone, possibly checking a message or browsing the internet.",838,217560,0.0039,1176,6,15000,0,64,1
2bb31b69-fcda-4f54-8338-f590944df999,What environment is presented in the video?,A casual indoor space with a card game being played.,"The video is set in a cozy living room with a patterned rug, a potted plant, and a shelf with various items.",1009,270480,0.0037,1372,7,15000,0,64,1
2bb31b69-fcda-4f54-8338-f590944df999,What sequence of actions is depicted here?,"Selecting, organizing, and using cards in a game is depicted.","The sequence of actions depicted here includes the person sitting on the floor, holding a smartphone, reading a blue screen, and then holding a deck of cards.",1009,270480,0.0037,1372,7,15000,0,64,1
2bb31b69-fcda-4f54-8338-f590944df999,How are the participants utilizing the items?,They are using cards for a recreational activity.,The participants are using the items to play a card game.,1009,270480,0.0037,1372,7,15000,0,64,1
2bb31b69-fcda-4f54-8338-f590944df999,Is there a competitive game being played in this scene?,Yes.,"No, there is no competitive game being played in this scene.",1009,270480,0.0037,1372,7,15000,0,64,1
2bb31b69-fcda-4f54-8338-f590944df999,Has any card been placed face-up on the carpet?,Yes.,"Yes, a card has been placed face-up on the carpet.",1009,270480,0.0037,1372,7,15000,0,64,1
2bb31b69-fcda-4f54-8338-f590944df999,Are there drinks present on the floor beside the players?,Yes.,"Yes, there is a cup of water on the floor beside the players.",1009,270480,0.0037,1372,7,15000,0,64,1
2bb31b69-fcda-4f54-8338-f590944df999,Is there a document visible on the floor?,Yes.,"Yes, there is a document visible on the floor.",1009,270480,0.0037,1372,7,15000,0,64,1
2bb31b69-fcda-4f54-8338-f590944df999,Are both participants actively selecting cards?,Yes.,"Yes, both participants are actively selecting cards.",1009,270480,0.0037,1372,7,15000,0,64,1
2bb31b69-fcda-4f54-8338-f590944df999,Is the poker game played before reshuffling the cards?,No,"No, the poker game is not played before reshuffling the cards.",1009,270480,0.0037,1372,7,15000,0,64,1
2bb31b69-fcda-4f54-8338-f590944df999,What action is performed immediately before reshuffling?,Picking the cards,"The action performed immediately before reshuffling is the person holding a card and a small object, possibly a pen or a small tool, being held up to the other person's face.",1009,270480,0.0037,1372,7,15000,0,64,1
2bb31b69-fcda-4f54-8338-f590944df999,Was the poker card played after the cards were picked?,Yes.,"Yes, the poker card was played after the cards were picked.",1009,270480,0.0037,1372,7,15000,0,64,1
2bb31b69-fcda-4f54-8338-f590944df999,What action occurs before playing the card game?,Separating cards.,"Before playing the card game, the person is seen holding a smartphone, possibly checking the score or looking up information.",1009,270480,0.0037,1372,7,15000,0,64,1
2bb31b69-fcda-4f54-8338-f590944df999,What is done just before reshuffling the cards?,Picking the cards.,"Just before reshuffling the cards, the person in the colorful shirt is seen holding a card and a small object, possibly a pen or a small tool, and appears to be preparing to shuffle the cards.",1009,270480,0.0037,1372,7,15000,0,64,1
2bb31b69-fcda-4f54-8338-f590944df999,What is the main setting of this scene?,The setting is a room where a poker card game is being played.,"The main setting of this scene is a cozy living room with a patterned rug, a potted plant, and a shelf with various items.",1213,323400,0.0038,1764,9,15000,0,64,1
2bb31b69-fcda-4f54-8338-f590944df999,How many participants are involved in the card game?,There are two participants in the card game.,Two participants are involved in the card game.,1213,323400,0.0038,1764,9,15000,0,64,1
2bb31b69-fcda-4f54-8338-f590944df999,What objects are primarily visible on the table?,Visible objects include poker cards and scattered items.,"A deck of cards, a white card, and a small white cup are primarily visible on the table.",1213,323400,0.0038,1764,9,15000,0,64,1
2bb31b69-fcda-4f54-8338-f590944df999,Describe the sequence of actions with the poker cards.,"The poker cards are picked up, shuffled, then played in turns.","The sequence of actions starts with the person holding a deck of cards, then they deal the cards to the other person, and finally, they place the cards back into the deck.",1213,323400,0.0038,1764,9,15000,0,64,1
2bb31b69-fcda-4f54-8338-f590944df999,Did I carry out a reshuffle of the poker cards?,Yes.,"No, the person did not carry out a reshuffle of the poker cards.",1213,323400,0.0038,1764,9,15000,0,64,1
2bb31b69-fcda-4f54-8338-f590944df999,Was a complete poker game played in this clip?,Yes.,"No, the video does not show a complete poker game.",1213,323400,0.0038,1764,9,15000,0,64,1
2bb31b69-fcda-4f54-8338-f590944df999,Did the game involve more than two players?,No.,"Yes, the game involved more than two players.",1213,323400,0.0038,1764,9,15000,0,64,1
2bb31b69-fcda-4f54-8338-f590944df999,Did I participate in dealing the cards?,Yes.,"No, you did not participate in dealing the cards.",1213,323400,0.0038,1764,9,15000,0,64,1
2bb31b69-fcda-4f54-8338-f590944df999,"In the video, did the card shuffling happen before playing the game?",Yes.,"Yes, the card shuffling happened before playing the game.",1213,323400,0.0038,1764,9,15000,0,64,1
2bb31b69-fcda-4f54-8338-f590944df999,Did the playing of poker cards occur before reshuffling the cards?,No.,"Yes, the playing of poker cards occurred before reshuffling the cards.",1213,323400,0.0038,1764,9,15000,0,64,1
2bb31b69-fcda-4f54-8338-f590944df999,Did picking the cards happen after playing the card game?,No.,"Yes, the person picked up the cards after playing the card game.",1213,323400,0.0038,1764,9,15000,0,64,1
2bb31b69-fcda-4f54-8338-f590944df999,What happens just before playing the poker card game in the video?,Reshuffling the cards.,"Just before playing the poker card game, the person in the colorful shirt is seen holding a card and a cup, possibly preparing to start the game.",1213,323400,0.0038,1764,9,15000,0,64,1
2bb31b69-fcda-4f54-8338-f590944df999,What occurs directly before playing the card game?,Separating the cards.,"A person is holding a smartphone, presumably to read instructions or watch a video related to the game.",1213,323400,0.0038,1764,9,15000,0,64,1
2bb31b69-fcda-4f54-8338-f590944df999,"In the video, was the poker card played before they were reshuffled?",No,"Yes, the poker card was played before the cards were reshuffled.",1213,323400,0.0038,1764,9,15000,0,64,1
2bb31b69-fcda-4f54-8338-f590944df999,"In the clip, was the poker card reshuffled after card separation?",Yes,"Yes, the poker card was reshuffled after card separation.",1213,323400,0.0038,1764,9,15000,0,64,1
2bb31b69-fcda-4f54-8338-f590944df999,What occurs just before playing the poker card in the video?,Reshuffling the cards,"Just before playing the poker card, the person is seen holding a deck of cards, preparing to deal.",1213,323400,0.0038,1764,9,15000,0,64,1
2bb31b69-fcda-4f54-8338-f590944df999,"In the video, what event precedes playing the card game?",Separating cards,"The event that precedes playing the card game is a person sitting on the floor, holding a smartphone, and reading a text message.",1213,323400,0.0038,1764,9,15000,0,64,1
2bb31b69-fcda-4f54-8338-f590944df999,What does this video clip depict in the room scene?,The video shows a card game session in a room.,"The video clip depicts a person sitting on the floor in a room, playing a game of cards. The person is wearing a colorful shirt, glasses, and striped socks. There are several playing cards spread out on the floor, and the person is holding a deck of cards in their hands.",1399,376320,0.0037,1960,10,15000,0,64,1
2bb31b69-fcda-4f54-8338-f590944df999,What can you infer about the location in the video?,"It is a casual, home-like space with a seated person.","The location appears to be a casual indoor setting, possibly a living room or a similar space, with a patterned rug on the floor, a potted plant, and some shelves with various items in the background.",1399,376320,0.0037,1960,10,15000,0,64,1
2bb31b69-fcda-4f54-8338-f590944df999,Do these frames show any specific action with the cards?,"Yes, the cards are being reshuffled by the person.","Yes, the frames show the cards being dealt and the cards being held up to the camera.",1399,376320,0.0037,1960,10,15000,0,64,1
2bb31b69-fcda-4f54-8338-f590944df999,Did the scene show a game in progress?,Yes.,"Yes, the scene shows a game in progress.",1399,376320,0.0037,1960,10,15000,0,64,1
2bb31b69-fcda-4f54-8338-f590944df999,Was there a card shuffle taking place?,Yes.,"Yes, there was a card shuffle taking place.",1399,376320,0.0037,1960,10,15000,0,64,1
2bb31b69-fcda-4f54-8338-f590944df999,Did they play the cards on a traditional table?,No.,"No, they played the cards on a patterned rug.",1399,376320,0.0037,1960,10,15000,0,64,1
2bb31b69-fcda-4f54-8338-f590944df999,Was the person alone in this activity?,No.,"Yes, the person was alone in this activity.",1399,376320,0.0037,1960,10,15000,0,64,1
2bb31b69-fcda-4f54-8338-f590944df999,Did the video capture an outdoor event?,No.,"No, the video does not capture an outdoor event. It focuses on indoor activities, specifically playing cards and a game of cards.",1399,376320,0.0037,1960,10,15000,0,64,1
2bb31b69-fcda-4f54-8338-f590944df999,What action takes place immediately before the carpet is covered?,Sitting down.,"Before the carpet is covered, the person in the foreground is seen holding a card and a cup, possibly preparing to drink from the cup.",1399,376320,0.0037,1960,10,15000,0,64,1
2bb31b69-fcda-4f54-8338-f590944df999,Is the card game played before reshuffling the cards?,No,"Yes, the card game is played before reshuffling the cards.",1399,376320,0.0037,1960,10,15000,0,64,1
2bb31b69-fcda-4f54-8338-f590944df999,Is picking the cards shown before separating them?,Yes,"Yes, the person is shown picking the cards before separating them.",1399,376320,0.0037,1960,10,15000,0,64,1
2bb31b69-fcda-4f54-8338-f590944df999,Does separating cards happen before reshuffling?,Yes,"Yes, separating cards happens before reshuffling.",1399,376320,0.0037,1960,10,15000,0,64,1
2bb31b69-fcda-4f54-8338-f590944df999,Is reshuffling the cards shown before playing poker?,Yes,"Yes, the cards are reshuffled before the game begins.",1399,376320,0.0037,1960,10,15000,0,64,1
2bb31b69-fcda-4f54-8338-f590944df999,Does picking cards occur before playing the card game?,Yes,"Yes, picking cards occurs before playing the card game.",1399,376320,0.0037,1960,10,15000,0,64,1
2bb31b69-fcda-4f54-8338-f590944df999,What is the current setting in the video clip?,A room where a card game is being played.,"The setting is a cozy indoor environment with a patterned rug, a potted plant, and a shelf with various items.",1567,429240,0.0037,2156,11,15000,0,64,1
2bb31b69-fcda-4f54-8338-f590944df999,What objects are central to the scene in the video?,A deck of poker cards.,"The central objects in the scene are a colorful patterned rug, a stack of playing cards, and a cup.",1567,429240,0.0037,2156,11,15000,0,64,1
2bb31b69-fcda-4f54-8338-f590944df999,What is the main focus of the scene?,The act of playing a poker game.,"The main focus of the scene is a person playing a card game, specifically playing cards, with a focus on the hands of the cards and the money being counted.",1567,429240,0.0037,2156,11,15000,0,64,1
2bb31b69-fcda-4f54-8338-f590944df999,Detail the sequence of actions with the cards.,"Cards are being selected, shuffled, and dealt for poker.","The person in the video is seen holding a deck of cards, which they are flipping over and examining. They then pick up a stack of money and examine it closely. The person continues to flip over the cards, examining them, and eventually picks up a white cup and drinks from it.",1567,429240,0.0037,2156,11,15000,0,64,1
2bb31b69-fcda-4f54-8338-f590944df999,Does the scene show a poker game in action?,Yes.,"No, the scene does not show a poker game in action.",1567,429240,0.0037,2156,11,15000,0,64,1
2bb31b69-fcda-4f54-8338-f590944df999,Does the video include a moment of card shuffling?,Yes.,"Yes, the video includes a moment of card shuffling, where the person is seen holding a deck of cards and preparing to shuffle them.",1567,429240,0.0037,2156,11,15000,0,64,1
2bb31b69-fcda-4f54-8338-f590944df999,Is a card game being organized on a carpet?,Yes.,Yes,1567,429240,0.0037,2156,11,15000,0,64,1
2bb31b69-fcda-4f54-8338-f590944df999,Does the clip show someone dealing cards?,Yes.,"No, the clip does not show someone dealing cards.",1567,429240,0.0037,2156,11,15000,0,64,1
2bb31b69-fcda-4f54-8338-f590944df999,Is the lady sitting on the floor while playing cards?,Yes.,Yes.,1567,429240,0.0037,2156,11,15000,0,64,1
2bb31b69-fcda-4f54-8338-f590944df999,Did the card shuffling happen before playing cards?,Yes,"Yes, the card shuffling happened before playing cards.",1567,429240,0.0037,2156,11,15000,0,64,1
2bb31b69-fcda-4f54-8338-f590944df999,Was the room entered before the cards were reshuffled?,Yes,"Yes, the room was entered before the cards were reshuffled.",1567,429240,0.0037,2156,11,15000,0,64,1
2bb31b69-fcda-4f54-8338-f590944df999,Did card shuffling occur before the cards were picked?,No,"No, card shuffling did not occur before the cards were picked.",1567,429240,0.0037,2156,11,15000,0,64,1
2bb31b69-fcda-4f54-8338-f590944df999,What action is performed right before playing cards?,Reshuffling the cards,"Before playing cards, the person is seen holding a white cup, possibly containing a beverage.",1567,429240,0.0037,2156,11,15000,0,64,1
2bb31b69-fcda-4f54-8338-f590944df999,What happens just before reshuffling the cards?,Picking up the cards,"Just before reshuffling the cards, the person in the colorful shirt is seen holding a white cup, possibly to drink from it.",1567,429240,0.0037,2156,11,15000,0,64,1
2bb31b69-fcda-4f54-8338-f590944df999,What is done immediately before picking up cards?,Entering the room,"Immediately before picking up cards, the person is seen holding a smartphone, possibly checking the score or looking up information.",1567,429240,0.0037,2156,11,15000,0,64,1
2bb31b69-fcda-4f54-8338-f590944df999,What takes place immediately after reshuffling cards?,Playing cards,"Immediately after reshuffling cards, the person in the colorful sweater and blue jeans is seen holding a white cup, possibly to drink from it.",1567,429240,0.0037,2156,11,15000,0,64,1
2bb31b69-fcda-4f54-8338-f590944df999,"In the video, is the poker game started before reshuffling the cards?",No,"No, the poker game is not started before reshuffling the cards.",1567,429240,0.0037,2156,11,15000,0,64,1
2bb31b69-fcda-4f54-8338-f590944df999,"In the video, is the poker game initiated before the cards are spread out on the floor?",Yes,"No, the poker game is not initiated before the cards are spread out on the floor.",1567,429240,0.0037,2156,11,15000,0,64,1
2bb31b69-fcda-4f54-8338-f590944df999,What happens just before the cards are reshuffled in the video?,The cards are picked up,"Just before the cards are reshuffled, the person in the colorful shirt is seen holding a white cup, possibly containing a beverage.",1567,429240,0.0037,2156,11,15000,0,64,1
2bb31b69-fcda-4f54-8338-f590944df999,What happens immediately before the cards are spread out on the floor?,Poker game is played,"A hand holding a white cup appears, and the person in the colorful sweater takes a sip from the cup.",1567,429240,0.0037,2156,11,15000,0,64,1
2bb31b69-fcda-4f54-8338-f590944df999,What activity is being depicted in this room?,A card game is being played in the room.,"The activity depicted in this room is playing cards, specifically a game of cards.",1792,482160,0.0037,2548,13,15000,0,64,1
2bb31b69-fcda-4f54-8338-f590944df999,What can you deduce about the space shown?,"It's a lived-in room with a casual, cozy setting.","The space shown is a cozy, lived-in area with a patterned rug, a potted plant, and a shelf with various items.",1792,482160,0.0037,2548,13,15000,0,64,1
2bb31b69-fcda-4f54-8338-f590944df999,Where are the players sitting in the scenario?,The players are seated on the floor.,The players are sitting on a patterned rug on the floor.,1792,482160,0.0037,2548,13,15000,0,64,1
2bb31b69-fcda-4f54-8338-f590944df999,What are the visible objects associated with the activity?,Playing cards and casual footwear are visible.,"The visible objects associated with the activity are a colorful patterned rug, a stack of playing cards, a smartphone, and a cup.",1792,482160,0.0037,2548,13,15000,0,64,1
2bb31b69-fcda-4f54-8338-f590944df999,Does playing poker occur after picking cards?,Yes,"No, playing poker does not occur after picking cards.",1792,482160,0.0037,2548,13,15000,0,64,1
2bb31b69-fcda-4f54-8338-f590944df999,Are cards picked before reshuffling?,Yes,"Yes, the cards are picked before reshuffling.",1792,482160,0.0037,2548,13,15000,0,64,1
2bb31b69-fcda-4f54-8338-f590944df999,Is the poker card played after reshuffling?,Yes,"Yes, the poker card is played after reshuffling.",1792,482160,0.0037,2548,13,15000,0,64,1
2bb31b69-fcda-4f54-8338-f590944df999,What happens just before reshuffling the cards?,Picking the cards,"Just before reshuffling, the person in the pink and blue shirt is seen holding a card, possibly preparing to shuffle the deck.",1792,482160,0.0037,2548,13,15000,0,64,1
2bb31b69-fcda-4f54-8338-f590944df999,"In the video, is a card picked up before reshuffling the deck?",No,"Yes, a card is picked up before reshuffling the deck.",1792,482160,0.0037,2548,13,15000,0,64,1
2bb31b69-fcda-4f54-8338-f590944df999,"In the video, does playing cards occur before picking any card from the deck?",No,"No, playing cards do not occur before picking any card from the deck.",1792,482160,0.0037,2548,13,15000,0,64,1
2bb31b69-fcda-4f54-8338-f590944df999,"In the video, what happens before reshuffling the cards?",Picking up the cards,"Before reshuffling the cards, the person is seen holding a deck of cards, preparing to shuffle them.",1792,482160,0.0037,2548,13,15000,0,64,1
2bb31b69-fcda-4f54-8338-f590944df999,What takes place just after the cards are picked up?,Reshuffling the cards,"After the cards are picked up, the person in the pink and blue shirt is seen holding a white cup, possibly to drink from it.",1792,482160,0.0037,2548,13,15000,0,64,1
2bb31b69-fcda-4f54-8338-f590944df999,What is done right after reshuffling the deck?,Playing poker cards,"After reshuffling the deck, the person places the deck back on the floor and picks up a cup.",1792,482160,0.0037,2548,13,15000,0,64,1
2bb31b69-fcda-4f54-8338-f590944df999,What is the setting of the scene depicted?,The setting is inside a room with two individuals playing poker.,"The scene takes place in a cozy living room with a wooden floor, a patterned rug, and a shelf with various items in the background.",1970,535080,0.0037,2744,14,15000,0,64,1
2bb31b69-fcda-4f54-8338-f590944df999,What objects are prominent in this scene?,Poker cards and hands are prominent in the scene.,"A colorful patterned rug, a book, a smartphone, a smartphone screen displaying a blue interface, a stack of playing cards, a cup, and a person's hands holding a smartphone.",1970,535080,0.0037,2744,14,15000,0,64,1
2bb31b69-fcda-4f54-8338-f590944df999,Is there a card game being played in this video?,Yes.,"Yes, there is a card game being played in this video.",1970,535080,0.0037,2744,14,15000,0,64,1
2bb31b69-fcda-4f54-8338-f590944df999,Does this video show a person dealing cards?,Yes.,"Yes, the video shows a person dealing cards.",1970,535080,0.0037,2744,14,15000,0,64,1
2bb31b69-fcda-4f54-8338-f590944df999,Are the poker cards being reshuffled in this scene?,Yes.,"No, the poker cards are not being reshuffled.",1970,535080,0.0037,2744,14,15000,0,64,1
2bb31b69-fcda-4f54-8338-f590944df999,Did the card reshuffling occur before playing poker?,Yes.,"No, the card reshuffling did not occur before playing poker.",1970,535080,0.0037,2744,14,15000,0,64,1
2bb31b69-fcda-4f54-8338-f590944df999,Do I wear blue sleeves before the lady reads a card?,Yes.,"Yes, the lady is wearing blue sleeves before she reads a card.",1970,535080,0.0037,2744,14,15000,0,64,1
2bb31b69-fcda-4f54-8338-f590944df999,Are poker cards spread on the carpet before organizing them into rows?,Yes.,"Yes, poker cards are spread out on the carpet before organizing them into rows.",1970,535080,0.0037,2744,14,15000,0,64,1
2bb31b69-fcda-4f54-8338-f590944df999,Is the picking of cards done before reshuffling?,No,"Yes, the person is seen picking up the cards from the table and placing them on the floor, indicating that the picking of cards is done before reshuffling.",1970,535080,0.0037,2744,14,15000,0,64,1
2bb31b69-fcda-4f54-8338-f590944df999,Is playing poker done after reshuffling cards?,Yes,"No, playing poker is not done after reshuffling cards.",1970,535080,0.0037,2744,14,15000,0,64,1
2bb31b69-fcda-4f54-8338-f590944df999,Does the reshuffling occur before arranging cards on the floor?,Yes,"Yes, the reshuffling occurs before arranging the cards on the floor.",1970,535080,0.0037,2744,14,15000,0,64,1
2bb31b69-fcda-4f54-8338-f590944df999,What takes place right before picking cards?,Sitting in the room,"A hand of cards is shown, and the person is seen holding a card in their hand.",1970,535080,0.0037,2744,14,15000,0,64,1
2bb31b69-fcda-4f54-8338-f590944df999,What activity is taking place in this clip?,Playing cards with a woman.,The activity taking place in this clip is playing cards.,2172,588000,0.0037,3136,16,15000,0,64,1
2bb31b69-fcda-4f54-8338-f590944df999,What is the setting of this scene?,Inside a house.,"The setting of this scene is a cozy indoor environment, likely a living room, with a patterned rug on the floor, a potted plant, and a shelf with various items in the background.",2172,588000,0.0037,3136,16,15000,0,64,1
2bb31b69-fcda-4f54-8338-f590944df999,What objects are prominently featured in this clip?,Cards and a carpet.,"The prominently featured objects in this clip are a smartphone, a deck of playing cards, and a cup.",2172,588000,0.0037,3136,16,15000,0,64,1
2bb31b69-fcda-4f54-8338-f590944df999,What is the atmosphere in this scene?,Casual indoor leisure.,"The atmosphere in this scene is casual and relaxed, with a focus on the card game.",2172,588000,0.0037,3136,16,15000,0,64,1
2bb31b69-fcda-4f54-8338-f590944df999,Is there any interaction between the players?,"Yes, they are playing a game together.","Yes, there is a hand reaching out towards the cards, suggesting an interaction between the players.",2172,588000,0.0037,3136,16,15000,0,64,1
2bb31b69-fcda-4f54-8338-f590944df999,Can you describe the table setup for the game?,Cards are spread out haphazardly on the carpet.,"The table setup includes a colorful patterned rug, a stack of playing cards, and a few other items scattered around, such as a small plant and a black object.",2172,588000,0.0037,3136,16,15000,0,64,1
2bb31b69-fcda-4f54-8338-f590944df999,How are the players seated during the game?,They are sitting cross-legged on the floor.,"The players are seated on a patterned rug, with one player sitting cross-legged and the other sitting on their knees.",2172,588000,0.0037,3136,16,15000,0,64,1
2bb31b69-fcda-4f54-8338-f590944df999,Did the game just start?,"No, it is in progress as cards are already spread out.","No, the game did not start yet.",2172,588000,0.0037,3136,16,15000,0,64,1
2bb31b69-fcda-4f54-8338-f590944df999,Did reshuffling the cards happen before playing the poker cards?,Yes.,"No, reshuffling the cards did not happen before playing the poker cards.",2172,588000,0.0037,3136,16,15000,0,64,1
2bb31b69-fcda-4f54-8338-f590944df999,Did laying out the cards on the floor occur after sitting down?,Yes.,"Yes, the cards were laid out on the floor before sitting down.",2172,588000,0.0037,3136,16,15000,0,64,1
2bb31b69-fcda-4f54-8338-f590944df999,Did the game of cards start after the cards were laid out?,Yes.,"Yes, the game of cards started after the cards were laid out.",2172,588000,0.0037,3136,16,15000,0,64,1
2bb31b69-fcda-4f54-8338-f590944df999,Did I play cards before reshuffling them?,No,"No, you didn't play cards before reshuffling them.",2172,588000,0.0037,3136,16,15000,0,64,1
2bb31b69-fcda-4f54-8338-f590944df999,Was the rug visible before I dealt the cards?,Yes,"Yes, the rug was visible before I dealt the cards.",2172,588000,0.0037,3136,16,15000,0,64,1
2bb31b69-fcda-4f54-8338-f590944df999,Did I spread cards on the floor before sitting down?,Yes,"No, you did not spread cards on the floor before sitting down.",2172,588000,0.0037,3136,16,15000,0,64,1
2bb31b69-fcda-4f54-8338-f590944df999,Were cards in my hand before reshuffling?,No,"No, there were no cards in your hand before reshuffling.",2172,588000,0.0037,3136,16,15000,0,64,1
2bb31b69-fcda-4f54-8338-f590944df999,Was I seated before the cards were displayed face-up?,Yes,"Yes, you were seated before the cards were displayed face-up.",2172,588000,0.0037,3136,16,15000,0,64,1
2bb31b69-fcda-4f54-8338-f590944df999,What happened just before playing cards?,Reshuffled the cards,"Just before playing cards, the person in the foreground, who is holding a cup, placed a white cup on the floor.",2172,588000,0.0037,3136,16,15000,0,64,1
2bb31b69-fcda-4f54-8338-f590944df999,What happened before reshuffling the cards?,Sat in the room,"Before reshuffling the cards, the person was seen holding a deck of cards, which was initially shuffled.",2172,588000,0.0037,3136,16,15000,0,64,1
2bb31b69-fcda-4f54-8338-f590944df999,What did I do before spreading cards on the floor?,Reshuffled them,"Before spreading cards on the floor, the person was holding a smartphone and reading a text message.",2172,588000,0.0037,3136,16,15000,0,64,1
2bb31b69-fcda-4f54-8338-f590944df999,What action took place before sitting down?,Entered the room,"Before sitting down, the person was seen holding a smartphone and a deck of cards.",2172,588000,0.0037,3136,16,15000,0,64,1
2bb31b69-fcda-4f54-8338-f590944df999,What activity is being performed in the scene?,Playing cards is the activity.,The activity being performed in the scene is playing cards.,2310,640920,0.0036,3332,17,15000,0,64,1
2bb31b69-fcda-4f54-8338-f590944df999,How many individuals are participating in the activity?,Two individuals are participating.,There are two individuals participating in the activity.,2310,640920,0.0036,3332,17,15000,0,64,1
2bb31b69-fcda-4f54-8338-f590944df999,Can you describe the setting of the video clip?,"The setting is indoors, on the floor with a rug.","The video is set in a cozy living room with a patterned rug, a potted plant, and a shelf with various items in the background.",2310,640920,0.0036,3332,17,15000,0,64,1
2bb31b69-fcda-4f54-8338-f590944df999,What is the gender composition of the participants?,One male and one female are participating.,The participants are a woman and a man.,2310,640920,0.0036,3332,17,15000,0,64,1
2bb31b69-fcda-4f54-8338-f590944df999,How are the participants positioned in the clip?,They are sitting on the floor.,"The participants are positioned on a patterned rug, with one person sitting cross-legged and the other person sitting on their knees.",2310,640920,0.0036,3332,17,15000,0,64,1
2bb31b69-fcda-4f54-8338-f590944df999,Describe the interaction between the individuals.,They are engaged in a card game.,"The individuals are deeply engrossed in a card game, with one person holding a deck of cards and the other holding a smartphone. The person holding the smartphone appears to be showing something on the screen to the person with the cards, possibly explaining something or demonstrating a card trick. The person with the cards is focused on the game, while the person with the smartphone seems to be observing or waiting for their turn.",2310,640920,0.0036,3332,17,15000,0,64,1
2bb31b69-fcda-4f54-8338-f590944df999,Are there any other objects involved in the action?,"Yes, a deck of cards is involved.","Yes, there is a stack of money visible in the scene, suggesting that the person might be involved in a transaction or a financial transaction.",2310,640920,0.0036,3332,17,15000,0,64,1
2bb31b69-fcda-4f54-8338-f590944df999,Is there a competitive activity occurring in the video?,Yes.,"No, there is no competitive activity occurring in the video. The person is playing a game of cards, and there are no other people or objects that suggest a competitive activity.",2310,640920,0.0036,3332,17,15000,0,64,1
2bb31b69-fcda-4f54-8338-f590944df999,Is there a visible winner in the card game?,No.,"No, there is no visible winner in the card game.",2310,640920,0.0036,3332,17,15000,0,64,1
2bb31b69-fcda-4f54-8338-f590944df999,Did I pick up a card before shuffling the deck?,No,"Yes, you did pick up a card before shuffling the deck.",2310,640920,0.0036,3332,17,15000,0,64,1
2bb31b69-fcda-4f54-8338-f590944df999,Was the woman seen holding cards before I laid mine on the floor?,Yes,"Yes, the woman was seen holding cards before I laid them on the floor.",2310,640920,0.0036,3332,17,15000,0,64,1
2bb31b69-fcda-4f54-8338-f590944df999,Did I deal cards to the woman before sitting down?,No,"No, you didn't deal cards to the woman before sitting down.",2310,640920,0.0036,3332,17,15000,0,64,1
2bb31b69-fcda-4f54-8338-f590944df999,Did the woman adjust her glasses before smiling at me?,Yes,"Yes, the woman adjusted her glasses before smiling at me.",2310,640920,0.0036,3332,17,15000,0,64,1
2bb31b69-fcda-4f54-8338-f590944df999,Was the woman's sock visible before she crossed her legs?,Yes,"Yes, the woman's sock was visible before she crossed her legs.",2310,640920,0.0036,3332,17,15000,0,64,1
2bb31b69-fcda-4f54-8338-f590944df999,What did the woman do before looking at her hand of cards?,She crossed her legs,"Before looking at her hand of cards, the woman was holding a smartphone and a deck of playing cards.",2310,640920,0.0036,3332,17,15000,0,64,1
2bb31b69-fcda-4f54-8338-f590944df999,What occurred before the woman adjusted her glasses?,She held her cards,"Before the woman adjusted her glasses, she was holding a smartphone.",2310,640920,0.0036,3332,17,15000,0,64,1
2bb31b69-fcda-4f54-8338-f590944df999,What action took place before I dealt the cards?,I picked up the deck,"Before dealing the cards, the person in the foreground, who is holding a smartphone, placed a card on the table and then dealt the cards to the other person.",2310,640920,0.0036,3332,17,15000,0,64,1
2bb31b69-fcda-4f54-8338-f590944df999,"In the video, is the poker game started before reshuffling the cards?",No,"Yes, the video shows the poker game in progress before reshuffling the cards.",2310,640920,0.0036,3332,17,15000,0,64,1
2bb31b69-fcda-4f54-8338-f590944df999,"In the sequence, does the lady pick up her cards before the cards are laid out on the floor?",Yes,"Yes, the lady picks up her cards before the cards are laid out on the floor.",2310,640920,0.0036,3332,17,15000,0,64,1
2bb31b69-fcda-4f54-8338-f590944df999,"In the clip, do the cards get scattered on the table before being picked up?",Yes,"Yes, the cards get scattered on the table before being picked up.",2310,640920,0.0036,3332,17,15000,0,64,1
2bb31b69-fcda-4f54-8338-f590944df999,Does the video show the lady with cards in hand before the cards are shuffled?,No,"No, the video does not show the lady with cards in hand before the cards are shuffled.",2310,640920,0.0036,3332,17,15000,0,64,1
2bb31b69-fcda-4f54-8338-f590944df999,What occurs just before the lady picks up her cards?,Cards are laid out on the floor,"Just before the lady picks up her cards, a hand holding a smartphone appears, suggesting that the lady might be checking her phone or preparing to make a call.",2310,640920,0.0036,3332,17,15000,0,64,1
2bb31b69-fcda-4f54-8338-f590944df999,"In the video, what happens before the cards are reshuffled?",A round of poker is played,"Before the cards are reshuffled, the person is seen holding a smartphone and a deck of cards, possibly preparing to shuffle the cards.",2310,640920,0.0036,3332,17,15000,0,64,1
2bb31b69-fcda-4f54-8338-f590944df999,What event happens before the cards get scattered on the table?,The lady picks up her cards,"Before the cards get scattered on the table, the person is seen holding a smartphone, possibly checking a message or browsing the internet.",2310,640920,0.0036,3332,17,15000,0,64,1
2bb31b69-fcda-4f54-8338-f590944df999,What do we see happening before the cards are laid out on the floor?,Reshuffling of cards,"Before the cards are laid out on the floor, we see a person sitting on the floor, holding a smartphone and a deck of playing cards.",2310,640920,0.0036,3332,17,15000,0,64,1
2bb31b69-fcda-4f54-8338-f590944df999,What action takes place before the poker game starts?,Cards are reshuffled,"Before the poker game starts, the person in the foreground is seen holding a smartphone, possibly to take a photo or record the game.",2310,640920,0.0036,3332,17,15000,0,64,1
2bb31b69-fcda-4f54-8338-f590944df999,What is the setting of this video clip?,I played cards with a woman inside a house.,"The setting of the video clip is a cozy indoor environment with a patterned rug, a shelf with various items, and a potted plant.",2541,693840,0.0037,3724,19,15000,0,64,1
2bb31b69-fcda-4f54-8338-f590944df999,How many people are involved in the scene?,Two people are involved in the scene.,There are two people involved in the scene.,2541,693840,0.0037,3724,19,15000,0,64,1
2bb31b69-fcda-4f54-8338-f590944df999,Is there a competitive element visible here?,"Yes, the card game implies a competitive interaction.","No, there is no visible competitive element in the image.",2541,693840,0.0037,3724,19,15000,0,64,1
2bb31b69-fcda-4f54-8338-f590944df999,Did the individuals rearrange the furniture for playing?,No.,"No, the individuals did not rearrange the furniture for playing.",2541,693840,0.0037,3724,19,15000,0,64,1
2bb31b69-fcda-4f54-8338-f590944df999,Did someone draw a card in the clip?,Yes.,"Yes, someone drew a card from the deck of cards.",2541,693840,0.0037,3724,19,15000,0,64,1
2bb31b69-fcda-4f54-8338-f590944df999,Did the scene involve any form of digital technology?,No.,"No, the scene did not involve any form of digital technology.",2541,693840,0.0037,3724,19,15000,0,64,1
2bb31b69-fcda-4f54-8338-f590944df999,Did the people appear to be outdoors?,No.,"No, the people were indoors.",2541,693840,0.0037,3724,19,15000,0,64,1
2bb31b69-fcda-4f54-8338-f590944df999,"In the video, did the shoe appear before the card deck on the carpet?",Yes,"No, the shoe did not appear before the card deck on the carpet.",2541,693840,0.0037,3724,19,15000,0,64,1
2bb31b69-fcda-4f54-8338-f590944df999,Was the hand holding cards before the bottle was seen?,Yes,"Yes, the hand holding cards was seen before the bottle was seen.",2541,693840,0.0037,3724,19,15000,0,64,1
2bb31b69-fcda-4f54-8338-f590944df999,"In the clip, did the playing of cards happen before the plant was visible?",No,"Yes, the playing of cards happened before the plant was visible.",2541,693840,0.0037,3724,19,15000,0,64,1
2bb31b69-fcda-4f54-8338-f590944df999,What is shown before the bottle on the left side of the frame?,Cards on the floor,"A person is sitting on the floor, holding a smartphone and playing cards.",2541,693840,0.0037,3724,19,15000,0,64,1
2bb31b69-fcda-4f54-8338-f590944df999,What do you see before the plant in the video's background?,A sofa,"A shelf with various items, including a black speaker and a white box.",2541,693840,0.0037,3724,19,15000,0,64,1
2bb31b69-fcda-4f54-8338-f590944df999,Was the rug straightened before I sat down to play?,No.,"Yes, the rug was straightened before I sat down to play.",2541,693840,0.0037,3724,19,15000,0,64,1
2bb31b69-fcda-4f54-8338-f590944df999,Did I touch my foot before picking more cards from the pile?,No.,"No, you did not touch your foot before picking more cards from the pile.",2541,693840,0.0037,3724,19,15000,0,64,1
2bb31b69-fcda-4f54-8338-f590944df999,Were the cards spread out on the rug before the game started?,No.,"Yes, the cards were spread out on the rug before the game started.",2541,693840,0.0037,3724,19,15000,0,64,1
2bb31b69-fcda-4f54-8338-f590944df999,Did I pick a card from my hand before the woman looked at hers?,Yes.,"Yes, you picked a card from your hand before the woman looked at hers.",2541,693840,0.0037,3724,19,15000,0,64,1
2bb31b69-fcda-4f54-8338-f590944df999,What occurs just before I look at my cards?,I pick them up.,"Just before I look at my cards, the person in the background is holding a smartphone.",2541,693840,0.0037,3724,19,15000,0,64,1
2bb31b69-fcda-4f54-8338-f590944df999,What action takes place before the game begins?,Sitting down on the rug.,"Before the game begins, the person in the colorful sweater is seen holding a smartphone, possibly to take a photo or record the game.",2541,693840,0.0037,3724,19,15000,0,64,1
2bb31b69-fcda-4f54-8338-f590944df999,What happens before more cards are picked from the pile?,Playing a round of cards.,"Before more cards are picked from the pile, the person places the remaining cards on the floor and picks up a card from the pile.",2541,693840,0.0037,3724,19,15000,0,64,1
2bb31b69-fcda-4f54-8338-f590944df999,What activity takes place in this scene?,Playing cards in the house.,"A person is playing a card game, specifically playing cards, while another person is holding a smartphone.",2593,705404,0.0037,3920,20,15000,0,64,1
2bb31b69-fcda-4f54-8338-f590944df999,Where are the individuals in this scene?,Inside a house.,The individuals are sitting on a patterned rug in a room.,2593,705404,0.0037,3920,20,15000,0,64,1
2bb31b69-fcda-4f54-8338-f590944df999,What objects are central in this scenario?,Cards on the floor.,"The central objects in this scenario are a smartphone, playing cards, and a patterned rug.",2593,705404,0.0037,3920,20,15000,0,64,1
2bb31b69-fcda-4f54-8338-f590944df999,How is the room in the clip furnished?,There's a bookshelf and a couch.,"The room is furnished with a patterned rug, a potted plant, a shelf with various items, and a small table with a black object on it.",2593,705404,0.0037,3920,20,15000,0,64,1
2bb31b69-fcda-4f54-8338-f590944df999,What action is the person opposite performing?,Holding and presumably playing cards.,The person opposite is holding a smartphone and appears to be taking a photo of the person playing cards.,2593,705404,0.0037,3920,20,15000,0,64,1
2bb31b69-fcda-4f54-8338-f590944df999,What seems to be the immediate action captured in the frame?,Dealing or picking up cards.,"The immediate action captured in the frame is the person in the foreground holding a deck of cards, preparing to deal them to another person sitting on the floor.",2593,705404,0.0037,3920,20,15000,0,64,1
2bb31b69-fcda-4f54-8338-f590944df999,What can be said about the card game's progression?,It looks mid-game with several cards played.,"The card game progresses through several rounds, with the player holding a deck of cards and making various hand movements, including placing cards face down on the floor.",2593,705404,0.0037,3920,20,15000,0,64,1
2bb31b69-fcda-4f54-8338-f590944df999,Is there a card game occurring?,Yes.,"Yes, there is a card game occurring.",2593,705404,0.0037,3920,20,15000,0,64,1
2bb31b69-fcda-4f54-8338-f590944df999,Is there more than one participant in the game?,Yes.,"Yes, there is another person sitting on the floor to the right of the first person, holding a smartphone.",2593,705404,0.0037,3920,20,15000,0,64,1
2bb31b69-fcda-4f54-8338-f590944df999,Have any cards been laid out on the floor?,Yes.,"Yes, several cards have been laid out on the floor.",2593,705404,0.0037,3920,20,15000,0,64,1
2bb31b69-fcda-4f54-8338-f590944df999,Is the activity taking place indoors?,Yes.,Yes,2593,705404,0.0037,3920,20,15000,0,64,1
2bb31b69-fcda-4f54-8338-f590944df999,Does it appear to be a formal card-playing setting?,No.,"No, the setting does not appear to be a formal card-playing setting.",2593,705404,0.0037,3920,20,15000,0,64,1
2bb31b69-fcda-4f54-8338-f590944df999,Was the rug visible before I started playing cards?,Yes.,"Yes, the rug was visible before I started playing cards.",2593,705404,0.0037,3920,20,15000,0,64,1
2bb31b69-fcda-4f54-8338-f590944df999,Did the plant appear in the frame before the game began?,Yes.,"No, the plant was not visible in the frame before the game began.",2593,705404,0.0037,3920,20,15000,0,64,1
2bb31b69-fcda-4f54-8338-f590944df999,What happens before I sit on the floor?,The setting of the room is displayed.,"Before sitting on the floor, the person is seen holding a smartphone and a deck of cards.",2593,705404,0.0037,3920,20,15000,0,64,1
2bb31b69-fcda-4f54-8338-f590944df999,"In the video, does the arrangement of cards on the floor change before a new card is drawn?",No,"No, the arrangement of cards on the floor remains unchanged before a new card is drawn.",2593,705404,0.0037,3920,20,15000,0,64,1
2bb31b69-fcda-4f54-8338-f590944df999,"In the video, is the heart card shown before a player picks more cards?",Yes,"Yes, the heart card is shown before a player picks more cards.",2593,705404,0.0037,3920,20,15000,0,64,1
2bb31b69-fcda-4f54-8338-f590944df999,Does the woman put down a card before all cards are laid out?,Yes,"Yes, the woman puts down a card before all cards are laid out.",2593,705404,0.0037,3920,20,15000,0,64,1
2bb31b69-fcda-4f54-8338-f590944df999,What occurs just before a new card is drawn from the deck?,Players examine their cards,"Just before a new card is drawn from the deck, the person in the colorful shirt is seen holding a smartphone, possibly checking the score or looking up information.",2593,705404,0.0037,3920,20,15000,0,64,1
2bb31b69-fcda-4f54-8338-f590944df999,"In the video sequence, what do we see happening before the cards are spread out?",A card is being placed down,"Before the cards are spread out, the person is holding a smartphone and a deck of cards, and they are sitting on the floor with a colorful patterned rug.",2593,705404,0.0037,3920,20,15000,0,64,1
2bb31b69-fcda-4f54-8338-f590944df999,What takes place right before more cards are picked from the deck?,The woman sorts her cards,"A hand of cards is shown, and a hand of cards is picked up from the deck.",2593,705404,0.0037,3920,20,15000,0,64,1
af400f98-3c57-46ad-acac-eaca6f940180,What location is shown in the video frame?,It shows a road.,The video frame shows a person walking on a sidewalk.,278,164640,0.0017,392,2,15000,0,64,1
af400f98-3c57-46ad-acac-eaca6f940180,Are there other people present in this scene?,"Yes, people are present.","Yes, there are other people present in the scene.",278,164640,0.0017,392,2,15000,0,64,1
af400f98-3c57-46ad-acac-eaca6f940180,Is the environment urban or rural?,The environment appears to be urban.,The environment appears to be rural.,278,164640,0.0017,392,2,15000,0,64,1
af400f98-3c57-46ad-acac-eaca6f940180,Is the road busy or empty?,The road is busy with movement.,The road appears to be empty.,278,164640,0.0017,392,2,15000,0,64,1
af400f98-3c57-46ad-acac-eaca6f940180,What is the weather like in the scene?,The weather information is not provided.,"The sky is overcast, suggesting it might be a cloudy day.",278,164640,0.0017,392,2,15000,0,64,1
af400f98-3c57-46ad-acac-eaca6f940180,Who is walking in this clip?,I am walking along the road.,A person is walking in this clip.,278,164640,0.0017,392,2,15000,0,64,1
af400f98-3c57-46ad-acac-eaca6f940180,What is the camera angle capturing?,The camera angle captures from the walker's perspective.,The camera angle is capturing a person walking on a sidewalk.,278,164640,0.0017,392,2,15000,0,64,1
af400f98-3c57-46ad-acac-eaca6f940180,Is there interaction with the passerby?,No interaction is mentioned or shown.,"No, there is no interaction with the passerby.",278,164640,0.0017,392,2,15000,0,64,1
af400f98-3c57-46ad-acac-eaca6f940180,Do any vehicles pass by closely?,"The summary indicates vehicles move past, but closeness isn't specified.","No, there are no vehicles passing by closely.",278,164640,0.0017,392,2,15000,0,64,1
af400f98-3c57-46ad-acac-eaca6f940180,Is there an accident occurring in the video?,"No, no accident is mentioned.","No, there is no indication of an accident occurring in the video.",278,164640,0.0017,392,2,15000,0,64,1
af400f98-3c57-46ad-acac-eaca6f940180,Is there any construction work shown in the video?,"No, no construction is mentioned.","No, there is no construction work shown in the video.",278,164640,0.0017,392,2,15000,0,64,1
af400f98-3c57-46ad-acac-eaca6f940180,Does the video frame show clear skies?,The video frame does not provide this information.,"No, the video frame is completely black, indicating that the video is either not playing or has been paused.",278,164640,0.0017,392,2,15000,0,64,1
af400f98-3c57-46ad-acac-eaca6f940180,What is the main event depicted in this video clip?,A walk on the road with a woman and interactions with passersby.,"The main event depicted in this video clip is a person walking down a street, holding a plastic bag and a white plastic container.",918,535080,0.0017,1176,6,15000,0,64,1
af400f98-3c57-46ad-acac-eaca6f940180,Which location is primarily featured in this video clip?,The video clip features a road.,The location primarily featured in this video clip is a paved pathway with a man walking away from the camera.,918,535080,0.0017,1176,6,15000,0,64,1
af400f98-3c57-46ad-acac-eaca6f940180,How many main subjects are involved in this video scenario?,"Two main subjects, a man and a woman.",There are two main subjects involved in this video scenario: a person and a dog.,918,535080,0.0017,1176,6,15000,0,64,1
af400f98-3c57-46ad-acac-eaca6f940180,Are there other individuals present in this video scene besides the subjects?,"Yes, there are passersby present.","Yes, there are other individuals present in the video scene, walking on the same path.",918,535080,0.0017,1176,6,15000,0,64,1
af400f98-3c57-46ad-acac-eaca6f940180,What actions are shown in these new frames?,A person is seen walking and reaching out to others.,"The new frames show a person walking on a paved path, holding a white plastic bag in one hand and a red object in the other.",918,535080,0.0017,1176,6,15000,0,64,1
af400f98-3c57-46ad-acac-eaca6f940180,Is there any communication depicted in the clip?,"Yes, there is interaction with passersby.","No, there is no communication depicted in the clip.",918,535080,0.0017,1176,6,15000,0,64,1
af400f98-3c57-46ad-acac-eaca6f940180,Can you describe the physical posture in this frame?,The person's arm is extended forward as if reaching out.,"The person is walking with their feet apart, holding a white plastic bag in their right hand.",918,535080,0.0017,1176,6,15000,0,64,1
af400f98-3c57-46ad-acac-eaca6f940180,Are the movements in the video leisurely or hurried?,They appear leisurely.,The movements in the video are leisurely.,918,535080,0.0017,1176,6,15000,0,64,1
af400f98-3c57-46ad-acac-eaca6f940180,Does the person in the video come into physical contact with others?,It is implied but not visible.,"No, the person in the video does not come into physical contact with others.",918,535080,0.0017,1176,6,15000,0,64,1
af400f98-3c57-46ad-acac-eaca6f940180,Is the person in the video engaging in a conversation?,Yes.,"No, the person in the video is not engaging in a conversation.",918,535080,0.0017,1176,6,15000,0,64,1
af400f98-3c57-46ad-acac-eaca6f940180,Does the person walk on a grassy path in the video?,No.,"No, the person walks on a paved path.",918,535080,0.0017,1176,6,15000,0,64,1
af400f98-3c57-46ad-acac-eaca6f940180,Does the person in the video interact with more than one passerby?,Yes.,"Yes, the person in the video interacts with more than one passerby, as they are seen walking alongside a person carrying a white plastic bag.",918,535080,0.0017,1176,6,15000,0,64,1
af400f98-3c57-46ad-acac-eaca6f940180,What is the setting of this video clip?,It's on a road with a person walking and interacting with a woman.,The setting of the video clip is a paved path with a noticeable pothole.,1002,588000,0.0017,1372,7,15000,0,64,1
af400f98-3c57-46ad-acac-eaca6f940180,Is there any physical contact between the two individuals?,No.,"No, there is no physical contact between the two individuals in the image.",1002,588000,0.0017,1372,7,15000,0,64,1
af400f98-3c57-46ad-acac-eaca6f940180,Did the person in the video stop walking while interacting?,No.,"Yes, the person in the video stopped walking while interacting with the person in the striped dress.",1002,588000,0.0017,1372,7,15000,0,64,1
af400f98-3c57-46ad-acac-eaca6f940180,Is the communication friendly and non-threatening?,Yes.,"Yes, the communication is friendly and non-threatening, as indicated by the person's relaxed demeanor and the way they are holding the plastic bags.",1002,588000,0.0017,1372,7,15000,0,64,1
af400f98-3c57-46ad-acac-eaca6f940180,"In the video, do I interact with some passersby before walking with the woman on the road?",No,"No, you do not interact with any passersby before walking with the woman on the road.",1002,588000,0.0017,1372,7,15000,0,64,1
af400f98-3c57-46ad-acac-eaca6f940180,"In the video, do I walk alone on the road before interacting with a woman?",Yes,"Yes, you walk alone on the road before interacting with a woman.",1002,588000,0.0017,1372,7,15000,0,64,1
af400f98-3c57-46ad-acac-eaca6f940180,What do I do just before interacting with the woman on the road in the video?,Walk alone,"You should approach the woman on the road, possibly by her side, and make eye contact.",1002,588000,0.0017,1372,7,15000,0,64,1
20bc995f-c3de-4789-bd7a-34cf1a313b0c,Who is involved in the scene?,A man and some girls.,"The scene involves a person wearing a face mask and glasses, who is holding a smartphone.",338,58800,0.0057,392,2,15000,0,64,1
20bc995f-c3de-4789-bd7a-34cf1a313b0c,What activity is taking place?,Food preparation.,The activity taking place is a food preparation or cooking process.,338,58800,0.0057,392,2,15000,0,64,1
20bc995f-c3de-4789-bd7a-34cf1a313b0c,What can be seen on the table in the scene?,Ingredients and cooking utensils.,"There are several bowls on the table, including a large metal bowl with a QR code, a small bowl with green and red beans, and a bowl with a yellowish substance.",338,58800,0.0057,392,2,15000,0,64,1
20bc995f-c3de-4789-bd7a-34cf1a313b0c,What is the camera wearer doing with the spoon?,Cooking food.,The camera wearer is holding a spoon and appears to be stirring or mixing something in a bowl.,338,58800,0.0057,392,2,15000,0,64,1
20bc995f-c3de-4789-bd7a-34cf1a313b0c,What can be assumed about the pace of the activity?,It is fast-paced.,"The activity appears to be slow-paced, as there are no visible signs of rapid movement or activity.",338,58800,0.0057,392,2,15000,0,64,1
20bc995f-c3de-4789-bd7a-34cf1a313b0c,Does the video show any monetary transaction?,No.,"No, the video does not show any monetary transaction.",338,58800,0.0057,392,2,15000,0,64,1
20bc995f-c3de-4789-bd7a-34cf1a313b0c,Is the food prepared for a large group?,Yes.,"Yes, the food is prepared for a large group.",338,58800,0.0057,392,2,15000,0,64,1
20bc995f-c3de-4789-bd7a-34cf1a313b0c,Does the camera wearer handle more than one dish?,Yes.,"Yes, the camera wearer handles two dishes.",338,58800,0.0057,392,2,15000,0,64,1
20bc995f-c3de-4789-bd7a-34cf1a313b0c,What is the setting in this video clip?,A food tent with servings of food.,The setting in this video clip appears to be a street-side food stall or a similar outdoor area.,520,111720,0.0047,588,3,15000,0,64,1
20bc995f-c3de-4789-bd7a-34cf1a313b0c,Is the person serving food to more than one person?,Yes.,"Yes, the person is serving food to more than one person.",520,111720,0.0047,588,3,15000,0,64,1
20bc995f-c3de-4789-bd7a-34cf1a313b0c,Is there a pot included in the food items being served?,Yes.,"Yes, there is a pot included in the food items being served.",520,111720,0.0047,588,3,15000,0,64,1
20bc995f-c3de-4789-bd7a-34cf1a313b0c,Is the setting of this video during a nighttime event?,Yes.,Yes.,520,111720,0.0047,588,3,15000,0,64,1
20bc995f-c3de-4789-bd7a-34cf1a313b0c,Is the food made for a man and some girls before serving food under the tent?,Yes,"Yes, the food is made for a man and some girls before serving food under the tent.",520,111720,0.0047,588,3,15000,0,64,1
20bc995f-c3de-4789-bd7a-34cf1a313b0c,What is the setting of the video clip?,At a roadside food stall.,The setting of the video clip is a dimly lit outdoor area with a blue motorcycle parked in the background.,672,164640,0.0041,784,4,15000,0,64,1
20bc995f-c3de-4789-bd7a-34cf1a313b0c,Who is the main person interacting with others in the scene?,A food stall vendor.,The main person interacting with others in the scene is a person wearing a black shirt and glasses.,672,164640,0.0041,784,4,15000,0,64,1
20bc995f-c3de-4789-bd7a-34cf1a313b0c,What type of interaction occurs between the vendor and customers?,Serving food and conversing.,The vendor interacts with customers by offering food and engaging in a transaction.,672,164640,0.0041,784,4,15000,0,64,1
20bc995f-c3de-4789-bd7a-34cf1a313b0c,How is the stall vendor engaging with the customers besides serving food?,Talking with them.,"The stall vendor is engaging with the customers by interacting with them through a mobile phone, possibly to take orders or provide information.",672,164640,0.0041,784,4,15000,0,64,1
20bc995f-c3de-4789-bd7a-34cf1a313b0c,Is the vendor wearing gloves while handling food?,No.,"Yes, the vendor is wearing gloves while handling food.",672,164640,0.0041,784,4,15000,0,64,1
20bc995f-c3de-4789-bd7a-34cf1a313b0c,Does the video show a customer receiving change after payment?,No.,"Yes, the video shows a customer receiving change after payment.",672,164640,0.0041,784,4,15000,0,64,1
20bc995f-c3de-4789-bd7a-34cf1a313b0c,Is there any interaction between the customers in the frame?,No.,"Yes, there is a customer in the frame who is interacting with the vendor, possibly placing an order or receiving food.",672,164640,0.0041,784,4,15000,0,64,1
20bc995f-c3de-4789-bd7a-34cf1a313b0c,Does the stall have a digital payment option displayed?,Yes.,"Yes, the stall has a QR code displayed on the wall.",672,164640,0.0041,784,4,15000,0,64,1
20bc995f-c3de-4789-bd7a-34cf1a313b0c,Does the interaction with woman B happen before serving to woman C?,Yes,"No, the interaction with woman B happens before serving to woman C.",672,164640,0.0041,784,4,15000,0,64,1
20bc995f-c3de-4789-bd7a-34cf1a313b0c,Do I serve food to a group of people before the roadside food stall scene?,No,"Yes, you can serve food to a group of people before the roadside food stall scene.",672,164640,0.0041,784,4,15000,0,64,1
20bc995f-c3de-4789-bd7a-34cf1a313b0c,"In the video, did I serve food under the tent before talking to man A at the stand?",No,"Yes, you served food under the tent before talking to man A at the stand.",672,164640,0.0041,784,4,15000,0,64,1
20bc995f-c3de-4789-bd7a-34cf1a313b0c,"In the video, does serving pani puri occur before making food for the man and girls?",Yes,"Yes, serving pani puri occurs before making food for the man and girls.",672,164640,0.0041,784,4,15000,0,64,1
20bc995f-c3de-4789-bd7a-34cf1a313b0c,"What happens before interacting with woman A, B, and C at the roadside stall?",I serve food to a group of people.,"Before interacting with woman A, B, and C at the roadside stall, the woman A is seen holding a phone, possibly taking a photo or recording a video.",672,164640,0.0041,784,4,15000,0,64,1
20bc995f-c3de-4789-bd7a-34cf1a313b0c,Describe the setting of this video clip.,A roadside food stall at night.,"The video is set in a dimly lit, cluttered kitchen area with a focus on a food stall. The background features a blue wall with a QR code, a metal container with a green and orange mixture, and a person wearing a face mask. The scene is bustling with activity, with various food items and utensils scattered around.",970,473536,0.002,1176,6,15000,0,64,1
20bc995f-c3de-4789-bd7a-34cf1a313b0c,Could you summarize the depicted scenario?,A person serving and conversing at a food stall.,"The image depicts a bustling street food stall where a person is preparing food. The person is holding a smartphone, possibly checking a recipe or looking up information. The stall is filled with various food items, including a bowl of chickpeas, a plate of fried food, and a container of cashew nuts. There are also other people in the background, suggesting a busy and lively atmosphere.",970,473536,0.002,1176,6,15000,0,64,1
20bc995f-c3de-4789-bd7a-34cf1a313b0c,Did the vendor converse with two individuals?,Yes.,"Yes, the vendor conversed with two individuals.",970,473536,0.002,1176,6,15000,0,64,1
20bc995f-c3de-4789-bd7a-34cf1a313b0c,"In the sequence, is food served at the roadside stall before the food tent?",No,"Yes, the food is served at the roadside stall before the food tent.",970,473536,0.002,1176,6,15000,0,64,1
20bc995f-c3de-4789-bd7a-34cf1a313b0c,What scene is captured in the video clip?,A food stand with cooking in progress.,"The video captures a bustling street food stall with various items on display, including a blue motorcycle, a metal bowl with a colorful mixture, and a person wearing a face mask. The scene is filled with vibrant colors and a sense of activity.",1090,526456,0.0021,1372,7,15000,0,64,1
20bc995f-c3de-4789-bd7a-34cf1a313b0c,What's the brief of the depicted scenario?,Food preparation at a stand with a customer waiting.,"The scenario depicts a person preparing food at a street food stall, with a focus on the preparation of a dish that includes a variety of colorful ingredients, such as green peas, orange carrots, and red chilies.",1090,526456,0.0021,1372,7,15000,0,64,1
20bc995f-c3de-4789-bd7a-34cf1a313b0c,Does the scene capture a customer receiving their order?,No.,"Yes, the scene captures a customer receiving their order, as indicated by the hand holding a smartphone and the presence of a QR code on the table.",1090,526456,0.0021,1372,7,15000,0,64,1
20bc995f-c3de-4789-bd7a-34cf1a313b0c,Is there any indication of a payment transaction in the video?,No.,"Yes, there is a QR code visible on the table, which might indicate a payment transaction or a QR code for a specific order or product.",1090,526456,0.0021,1372,7,15000,0,64,1
20bc995f-c3de-4789-bd7a-34cf1a313b0c,Does the video show the cook finishing the dish?,No.,"Yes, the cook is seen finishing the dish, indicating that the cooking process is complete.",1090,526456,0.0021,1372,7,15000,0,64,1
20bc995f-c3de-4789-bd7a-34cf1a313b0c,Is the cook multitasking between cooking and another activity?,Yes.,"Yes, the cook is multitasking between cooking and another activity, as evidenced by the presence of another person in the background who appears to be engaged in a different task.",1090,526456,0.0021,1372,7,15000,0,64,1
20bc995f-c3de-4789-bd7a-34cf1a313b0c,Does the cook appear to be preparing food for more than one person?,Yes.,"Yes, the cook appears to be preparing food for more than one person, as there are two individuals visible in the image.",1090,526456,0.0021,1372,7,15000,0,64,1
20bc995f-c3de-4789-bd7a-34cf1a313b0c,Did the discussion with man X and man Y happen before serving woman Z?,No,"No, the discussion with man X and man Y did not happen before serving woman Z.",1090,526456,0.0021,1372,7,15000,0,64,1
20bc995f-c3de-4789-bd7a-34cf1a313b0c,What event happened before the phone conversation?,Serving a different customer,"Before the phone conversation, there was a food stall where a person was preparing food, and a person was seen holding a phone.",1090,526456,0.0021,1372,7,15000,0,64,1
20bc995f-c3de-4789-bd7a-34cf1a313b0c,Was food made for woman A after the interaction with woman B?,Yes,"No, the food was not made for woman A after the interaction with woman B.",1090,526456,0.0021,1372,7,15000,0,64,1
20bc995f-c3de-4789-bd7a-34cf1a313b0c,Did the phone conversation occur before discussing with man Y?,Yes,"No, the phone conversation did not occur before discussing with the man Y.",1090,526456,0.0021,1372,7,15000,0,64,1
20bc995f-c3de-4789-bd7a-34cf1a313b0c,What is seen happening before making food for man B?,Talked on the phone,"Before making food for man B, the scene shows a person in a blue shirt and glasses, holding a smartphone, possibly checking a recipe or looking up information. There are also two bowls on the table, one containing a mixture of green and orange ingredients, and the other containing a yellow mixture.",1090,526456,0.0021,1372,7,15000,0,64,1
20bc995f-c3de-4789-bd7a-34cf1a313b0c,What took place just before making food for woman A?,Talked on the phone,"Just before making food for woman A, a person was seen holding a smartphone, possibly taking a photo or recording a video of the food preparation process.",1090,526456,0.0021,1372,7,15000,0,64,1
20bc995f-c3de-4789-bd7a-34cf1a313b0c,What is the location of the scene in the video?,The location is at a food stand.,"The scene is set in a bustling street food market, likely in a developing country.",1286,579376,0.0022,1568,8,15000,0,64,1
20bc995f-c3de-4789-bd7a-34cf1a313b0c,How many customers are being interacted with?,Three customers are being interacted with.,Two customers are being interacted with.,1286,579376,0.0022,1568,8,15000,0,64,1
20bc995f-c3de-4789-bd7a-34cf1a313b0c,Does the frame show the server handing pani puris to a customer?,Yes.,"Yes, the frame shows the server handing pani puris to a customer.",1286,579376,0.0022,1568,8,15000,0,64,1
20bc995f-c3de-4789-bd7a-34cf1a313b0c,Is the shown frame depicting an indoor activity?,No.,"No, the frame is not depicting an indoor activity. It shows a street food vendor's setup with various items and a person interacting with the food.",1286,579376,0.0022,1568,8,15000,0,64,1
20bc995f-c3de-4789-bd7a-34cf1a313b0c,Does the video involve interaction between the server and customers?,Yes.,"Yes, the server is seen interacting with customers, possibly serving them food or explaining the dishes.",1286,579376,0.0022,1568,8,15000,0,64,1
20bc995f-c3de-4789-bd7a-34cf1a313b0c,Is the phone conversation happening before making food for woman A?,Yes,"Yes, the phone conversation is happening before making food for woman A.",1286,579376,0.0022,1568,8,15000,0,64,1
20bc995f-c3de-4789-bd7a-34cf1a313b0c,Does man Z get served before the phone conversation starts?,No,"Yes, man Z gets served before the phone conversation starts.",1286,579376,0.0022,1568,8,15000,0,64,1
20bc995f-c3de-4789-bd7a-34cf1a313b0c,"In the video, is the interaction with man X and Y before the food preparation for woman A and man B?",No,"Yes, the interaction with man X and Y before the food preparation for woman A and man B is not visible in the video.",1286,579376,0.0022,1568,8,15000,0,64,1
20bc995f-c3de-4789-bd7a-34cf1a313b0c,Do I talk to man Z before making food for woman A and man B?,No.,"No, you do not talk to the man Z before making food for woman A and man B.",1286,579376,0.0022,1568,8,15000,0,64,1
20bc995f-c3de-4789-bd7a-34cf1a313b0c,Is the food prepared for woman Z before the interaction with man Z?,Yes.,"Yes, the food is prepared for woman Z before the interaction with man Z.",1286,579376,0.0022,1568,8,15000,0,64,1
20bc995f-c3de-4789-bd7a-34cf1a313b0c,What do I do before making food for woman A and man B?,Talking on the phone.,"Before making food for woman A and man B, you should ensure that the food is clean and ready to be served.",1286,579376,0.0022,1568,8,15000,0,64,1
20bc995f-c3de-4789-bd7a-34cf1a313b0c,How many individuals does the camera wearer interact with?,Three individuals.,The camera wearer interacts with two individuals.,1432,632296,0.0023,1764,9,15000,0,64,1
20bc995f-c3de-4789-bd7a-34cf1a313b0c,Are there any objects visible in the scene?,"Yes, food and serving utensils.","Yes, there are objects visible in the scene, including a metal bowl with a colorful mixture, a small metal bowl with a green and orange mixture, a metal bowl with a yellow and green mixture, a metal bowl with a red and green mixture, a metal bowl with a yellow and orange mixture, a metal bowl with a yellow and green mixture, a metal bowl with a yellow and orange mixture, a metal bowl with a yellow and green mixture, a metal bowl with a yellow and orange mixture, a metal bowl with a yellow and green mixture, a metal bowl with a yellow and orange mixture, a metal bowl with a yellow and green mixture, a metal bowl with a yellow and orange mixture, a metal bowl with a yellow and green mixture, a metal bowl with a yellow and orange mixture, a metal bowl with a yellow and green mixture, a metal bowl with a yellow and orange mixture, a metal bowl with a yellow and green mixture, a metal bowl with a yellow and orange mixture, a metal bowl with a yellow and green mixture, a metal bowl with a yellow and orange mixture, a metal bowl with a yellow and green mixture, a metal bowl with a yellow and orange mixture, a metal bowl with a yellow and green mixture, a metal bowl with a yellow",1432,632296,0.0023,1764,9,15000,0,64,1
20bc995f-c3de-4789-bd7a-34cf1a313b0c,Is the environment depicted busy or calm?,"Busy, with serving and conversation happening.",The environment depicted is busy.,1432,632296,0.0023,1764,9,15000,0,64,1
20bc995f-c3de-4789-bd7a-34cf1a313b0c,Did the camera wearer carry out more than one task?,"Yes, serving and conversing.","Yes, the camera wearer carried out multiple tasks.",1432,632296,0.0023,1764,9,15000,0,64,1
20bc995f-c3de-4789-bd7a-34cf1a313b0c,Did the serving of food appear organized or haphazard?,"Organized, with food laid out.","The serving of food appears to be organized, with the food items neatly arranged and the serving utensils placed in a way that suggests a methodical approach to serving.",1432,632296,0.0023,1764,9,15000,0,64,1
20bc995f-c3de-4789-bd7a-34cf1a313b0c,Are all men engaged in eating or just conversing?,"Only one is shown eating, others converse.",The image does not provide enough context to determine if all men are engaged in eating or just conversing.,1432,632296,0.0023,1764,9,15000,0,64,1
20bc995f-c3de-4789-bd7a-34cf1a313b0c,Was there verbal exchange under the tent?,Yes.,"Yes, there was verbal exchange under the tent.",1432,632296,0.0023,1764,9,15000,0,64,1
20bc995f-c3de-4789-bd7a-34cf1a313b0c,Is there visible evidence of food being consumed in the frame?,Yes.,"Yes, there is visible evidence of food being consumed in the frame. A person is seen holding a smartphone, possibly taking a photo or video of the food being prepared.",1432,632296,0.0023,1764,9,15000,0,64,1
20bc995f-c3de-4789-bd7a-34cf1a313b0c,Does the scene suggest any sign of a rush or urgency?,"No, it appears orderly.","The scene does not suggest a rush or urgency. The individuals are engaged in their tasks, and the environment appears calm and orderly.",1432,632296,0.0023,1764,9,15000,0,64,1
20bc995f-c3de-4789-bd7a-34cf1a313b0c,Is the preparation of pani puris shown before serving them to man X and Y?,Yes,"Yes, the preparation of pani puris is shown before serving them to man X and Y.",1432,632296,0.0023,1764,9,15000,0,64,1
20bc995f-c3de-4789-bd7a-34cf1a313b0c,Do I talk on the phone prior to serving food under the food tent?,Yes,"Yes, you can talk on the phone prior to serving food under the food tent.",1432,632296,0.0023,1764,9,15000,0,64,1
20bc995f-c3de-4789-bd7a-34cf1a313b0c,What occurs just before serving food to man A under the food tent?,Preparing food,"A person wearing a red shirt is seen holding a small container, possibly containing a condiment or ingredient, and is about to serve it to man A.",1432,632296,0.0023,1764,9,15000,0,64,1
20bc995f-c3de-4789-bd7a-34cf1a313b0c,What activity is taking place at the stall?,A person is serving potato balls and gruel.,"A person is preparing food at the stall, likely adding ingredients to a dish.",1540,685216,0.0022,1960,10,15000,0,64,1
20bc995f-c3de-4789-bd7a-34cf1a313b0c,Who is interacting at the food stall?,"A server, a woman, and a girl.",A person wearing a pink shirt is interacting at the food stall.,1540,685216,0.0022,1960,10,15000,0,64,1
20bc995f-c3de-4789-bd7a-34cf1a313b0c,What type of service is depicted at the stall?,Food service involving potato balls and gruel.,"The service depicted at the stall is a food service, likely a street food vendor or a food stall where customers can order and eat from the available dishes.",1540,685216,0.0022,1960,10,15000,0,64,1
20bc995f-c3de-4789-bd7a-34cf1a313b0c,Who is preparing the food in the video clip?,The server at the stall.,A person wearing a red shirt is preparing the food in the video clip.,1540,685216,0.0022,1960,10,15000,0,64,1
20bc995f-c3de-4789-bd7a-34cf1a313b0c,What actions can be seen in the frame provided?,Preparing and serving food at the stall.,"In the frame provided, a person is seen holding a smartphone, possibly taking a photo or video of the food stall. Another person is seen interacting with the food stall, possibly placing orders or making a purchase.",1540,685216,0.0022,1960,10,15000,0,64,1
20bc995f-c3de-4789-bd7a-34cf1a313b0c,Is the food being freshly prepared or pre-packaged?,"Freshly prepared, as seen in the video.","The food is being freshly prepared, as indicated by the presence of a QR code on the plate and the person's hand holding a small container, suggesting they are in the process of preparing or packaging the food.",1540,685216,0.0022,1960,10,15000,0,64,1
20bc995f-c3de-4789-bd7a-34cf1a313b0c,Does the server use any special tools for serving?,Not evident in the provided frame.,"Yes, the server uses a spoon to serve the food.",1540,685216,0.0022,1960,10,15000,0,64,1
20bc995f-c3de-4789-bd7a-34cf1a313b0c,Does the video show the server using a foam plate for serving?,Yes.,"Yes, the server is seen using a foam plate to serve the food.",1540,685216,0.0022,1960,10,15000,0,64,1
20bc995f-c3de-4789-bd7a-34cf1a313b0c,Can we see any cooking equipment in the video?,"Yes, in the provided frame.","Yes, there is a cooking equipment visible in the video, including a metal pot with a lid and a bowl of chickpeas.",1540,685216,0.0022,1960,10,15000,0,64,1
20bc995f-c3de-4789-bd7a-34cf1a313b0c,Did the serving of potato balls occur before serving gruel?,Yes,"Yes, the serving of potato balls occurred before serving gruel.",1540,685216,0.0022,1960,10,15000,0,64,1
20bc995f-c3de-4789-bd7a-34cf1a313b0c,Was the conversation with man E before serving food to the woman Z?,No,"No, the conversation with man E before serving food to the woman Z was not mentioned in the given information.",1540,685216,0.0022,1960,10,15000,0,64,1
20bc995f-c3de-4789-bd7a-34cf1a313b0c,What event occurs just before serving food to man A?,Being under a food tent,"Just before serving food to man A, a person wearing a red shirt is seen holding a smartphone, possibly taking a photo or recording a video of the food preparation process.",1540,685216,0.0022,1960,10,15000,0,64,1
20bc995f-c3de-4789-bd7a-34cf1a313b0c,What happens right before serving potato balls?,Interacting with a group of people,"A person in a red shirt is seen holding a small container, possibly containing a sauce or condiment, and is about to serve the potato balls.",1540,685216,0.0022,1960,10,15000,0,64,1
20bc995f-c3de-4789-bd7a-34cf1a313b0c,What event happens before interacting with a group of people?,Being at a stall,"Before interacting with a group of people, a person is seen holding a smartphone, possibly taking a photo or recording a video.",1540,685216,0.0022,1960,10,15000,0,64,1
20bc995f-c3de-4789-bd7a-34cf1a313b0c,Did the serving of potato balls happen before the gruel in foam plates?,No,"Yes, the serving of potato balls happened before the gruel in foam plates.",1540,685216,0.0022,1960,10,15000,0,64,1
20bc995f-c3de-4789-bd7a-34cf1a313b0c,"In the video, is the food tent scene before the interaction with the group of people?",No,"Yes, the food tent scene is before the interaction with the group of people.",1540,685216,0.0022,1960,10,15000,0,64,1
20bc995f-c3de-4789-bd7a-34cf1a313b0c,What do we see happening just before the food stand scene?,Serving at a stall,"Just before the food stand scene, we see a person wearing a black shirt and glasses, holding a smartphone, possibly taking a photo or recording a video.",1540,685216,0.0022,1960,10,15000,0,64,1
20bc995f-c3de-4789-bd7a-34cf1a313b0c,What's the setting of the video clip?,Inside a food kiosk.,"The setting of the video clip is a bustling street food stall in a dimly lit area, likely in a market or street food area.",1587,706776,0.0022,2156,11,15000,0,64,1
20bc995f-c3de-4789-bd7a-34cf1a313b0c,What is the primary activity occurring?,Food preparation and sales.,The primary activity is the preparation and serving of food at a street food stall.,1587,706776,0.0022,2156,11,15000,0,64,1
20bc995f-c3de-4789-bd7a-34cf1a313b0c,Are there any customers present in the video?,"Yes, a group of people.","Yes, there are two customers present in the video.",1587,706776,0.0022,2156,11,15000,0,64,1
20bc995f-c3de-4789-bd7a-34cf1a313b0c,What can be seen in the kiosk besides the food?,Food ingredients and cooking utensils.,"Besides the food, the kiosk has a QR code, a bowl of chickpeas, a plate of fried food, a bowl of carrots, and a small container of spices.",1587,706776,0.0022,2156,11,15000,0,64,1
20bc995f-c3de-4789-bd7a-34cf1a313b0c,What type of food is being sold?,It is not specified.,"The food being sold appears to be a variety of snacks and street food items, including a bowl of chickpeas, a plate of fried snacks, and a bowl of carrots.",1587,706776,0.0022,2156,11,15000,0,64,1
20bc995f-c3de-4789-bd7a-34cf1a313b0c,Is the food seller working alone?,It's not clear from the clip.,"Yes, the food seller is working alone.",1587,706776,0.0022,2156,11,15000,0,64,1
20bc995f-c3de-4789-bd7a-34cf1a313b0c,Does the video show the exchange of goods for payment?,It is not confirmed.,"Yes, the video shows the exchange of goods for payment, with a person in a red shirt holding a small container and a QR code, and another person in a blue shirt holding a bowl of food.",1587,706776,0.0022,2156,11,15000,0,64,1
20bc995f-c3de-4789-bd7a-34cf1a313b0c,Does the video show the food being cooked?,No.,"Yes, the video shows the food being cooked, with the person holding a plate of food and a spoon.",1587,706776,0.0022,2156,11,15000,0,64,1
20bc995f-c3de-4789-bd7a-34cf1a313b0c,Does the video show the food being packaged?,"No, it shows it being prepared.","Yes, the video shows the food being packaged, with a hand holding a small container of food.",1587,706776,0.0022,2156,11,15000,0,64,1
20bc995f-c3de-4789-bd7a-34cf1a313b0c,Is there any indication of the kiosk's location being outdoors?,No.,"Yes, there is a glimpse of a street or outdoor area in the background, suggesting the kiosk is located outdoors.",1587,706776,0.0022,2156,11,15000,0,64,1
20bc995f-c3de-4789-bd7a-34cf1a313b0c,"In the video, is the gruel served after the interaction with the group of people?",Yes,"No, the gruel is not served after the interaction with the group of people.",1587,706776,0.0022,2156,11,15000,0,64,1
20bc995f-c3de-4789-bd7a-34cf1a313b0c,Was I at the kiosk before serving potato balls and gruel?,No,"Yes, you were at the kiosk before serving potato balls and gruel.",1587,706776,0.0022,2156,11,15000,0,64,1
20bc995f-c3de-4789-bd7a-34cf1a313b0c,Did I sell food before I prepared it in the kiosk?,No,"Yes, you sold food before you prepared it in the kiosk.",1587,706776,0.0022,2156,11,15000,0,64,1
20bc995f-c3de-4789-bd7a-34cf1a313b0c,Is the food sold to the group of people after I prepared it?,Yes,"Yes, the food is sold to the group of people after I prepared it.",1587,706776,0.0022,2156,11,15000,0,64,1
20bc995f-c3de-4789-bd7a-34cf1a313b0c,What event took place before serving food to a group of people?,Prepared food in the kiosk,"A group of people gathered around a food stall, likely preparing to serve food to each other.",1587,706776,0.0022,2156,11,15000,0,64,1
20bc995f-c3de-4789-bd7a-34cf1a313b0c,Did I serve gruel before serving potato balls?,No,"Yes, you served gruel before serving potato balls.",1587,706776,0.0022,2156,11,15000,0,64,1
