frame_idx,num_frames,seconds,fps,local_window_full,model,n_local,sample_fps,n_frame_tokens,prune_method,prune_threshold,tokens_kept,tokens_seen,keep_rate,vision_method,vision_threshold,vision_patches_kept,vision_patches_seen,vision_keep_rate,video_hours,kv_cache_bytes,gpu_weights_bytes,gpu_peak_bytes
0,1,0.05261120689101517,19.007357160072637,False,llava_ov_0.5b,15000,2.0,196,rlt,0.5,39997,235200,0.17005527210884352,none,,,,,0.16666666666666666,491323392,2016203264,3054490112
1,1,0.012265076860785484,81.53230602225167,False,llava_ov_0.5b,15000,2.0,196,rlt,0.5,39997,235200,0.17005527210884352,none,,,,,0.16666666666666666,491323392,2016203264,3054490112
2,1,0.012512677116319537,79.91894865534088,False,llava_ov_0.5b,15000,2.0,196,rlt,0.5,39997,235200,0.17005527210884352,none,,,,,0.16666666666666666,491323392,2016203264,3054490112
3,1,0.011951614869758487,83.67070148238533,False,llava_ov_0.5b,15000,2.0,196,rlt,0.5,39997,235200,0.17005527210884352,none,,,,,0.16666666666666666,491323392,2016203264,3054490112
4,1,0.011924570892006159,83.860459974318,False,llava_ov_0.5b,15000,2.0,196,rlt,0.5,39997,235200,0.17005527210884352,none,,,,,0.16666666666666666,491323392,2016203264,3054490112
5,1,0.05473017506301403,18.271456264275454,False,llava_ov_0.5b,15000,2.0,196,rlt,0.5,39997,235200,0.17005527210884352,none,,,,,0.16666666666666666,491323392,2016203264,3054490112
6,1,0.011998516973108053,83.34363340413424,False,llava_ov_0.5b,15000,2.0,196,rlt,0.5,39997,235200,0.17005527210884352,none,,,,,0.16666666666666666,491323392,2016203264,3054490112
7,1,0.011805779999122024,84.70427198155211,False,llava_ov_0.5b,15000,2.0,196,rlt,0.5,39997,235200,0.17005527210884352,none,,,,,0.16666666666666666,491323392,2016203264,3054490112
8,1,0.05238900613039732,19.08797424999778,False,llava_ov_0.5b,15000,2.0,196,rlt,0.5,39997,235200,0.17005527210884352,none,,,,,0.16666666666666666,491323392,2016203264,3054490112
9,1,0.011947449995204806,83.69986904329853,False,llava_ov_0.5b,15000,2.0,196,rlt,0.5,39997,235200,0.17005527210884352,none,,,,,0.16666666666666666,491323392,2016203264,3054490112
10,1,0.012312667910009623,81.2171665238406,False,llava_ov_0.5b,15000,2.0,196,rlt,0.5,39997,235200,0.17005527210884352,none,,,,,0.16666666666666666,491323392,2016203264,3054490112
11,1,0.012815536931157112,78.0302850650605,False,llava_ov_0.5b,15000,2.0,196,rlt,0.5,39997,235200,0.17005527210884352,none,,,,,0.16666666666666666,491323392,2016203264,3054490112
12,1,0.05221476685255766,19.15167030858851,False,llava_ov_0.5b,15000,2.0,196,rlt,0.5,39997,235200,0.17005527210884352,none,,,,,0.16666666666666666,491323392,2016203264,3054490112
13,1,0.011931383982300758,83.8125737536751,False,llava_ov_0.5b,15000,2.0,196,rlt,0.5,39997,235200,0.17005527210884352,none,,,,,0.16666666666666666,491323392,2016203264,3054490112
14,1,0.011683630989864469,85.58983083833257,False,llava_ov_0.5b,15000,2.0,196,rlt,0.5,39997,235200,0.17005527210884352,none,,,,,0.16666666666666666,491323392,2016203264,3054490112
15,1,0.05220618494786322,19.15481855260388,False,llava_ov_0.5b,15000,2.0,196,rlt,0.5,39997,235200,0.17005527210884352,none,,,,,0.16666666666666666,491323392,2016203264,3054490112
16,1,0.012990207877010107,76.98106215604035,False,llava_ov_0.5b,15000,2.0,196,rlt,0.5,39997,235200,0.17005527210884352,none,,,,,0.16666666666666666,491323392,2016203264,3054490112
17,1,0.012075124075636268,82.81488403234545,False,llava_ov_0.5b,15000,2.0,196,rlt,0.5,39997,235200,0.17005527210884352,none,,,,,0.16666666666666666,491323392,2016203264,3054490112
18,1,0.01236598682589829,80.8669792454965,False,llava_ov_0.5b,15000,2.0,196,rlt,0.5,39997,235200,0.17005527210884352,none,,,,,0.16666666666666666,491323392,2016203264,3054490112
19,1,0.011798969935625792,84.75316111965007,False,llava_ov_0.5b,15000,2.0,196,rlt,0.5,39997,235200,0.17005527210884352,none,,,,,0.16666666666666666,491323392,2016203264,3054490112
20,1,0.011785136070102453,84.85264778035834,False,llava_ov_0.5b,15000,2.0,196,rlt,0.5,39997,235200,0.17005527210884352,none,,,,,0.16666666666666666,491323392,2016203264,3054490112
21,1,0.05262462701648474,19.002509978583763,False,llava_ov_0.5b,15000,2.0,196,rlt,0.5,39997,235200,0.17005527210884352,none,,,,,0.16666666666666666,491323392,2016203264,3054490112
22,1,0.011927200015634298,83.84197453628593,False,llava_ov_0.5b,15000,2.0,196,rlt,0.5,39997,235200,0.17005527210884352,none,,,,,0.16666666666666666,491323392,2016203264,3054490112
23,1,0.01196463592350483,83.57964307425976,False,llava_ov_0.5b,15000,2.0,196,rlt,0.5,39997,235200,0.17005527210884352,none,,,,,0.16666666666666666,491323392,2016203264,3054490112
24,1,0.01178041915409267,84.88662304113238,False,llava_ov_0.5b,15000,2.0,196,rlt,0.5,39997,235200,0.17005527210884352,none,,,,,0.16666666666666666,491323392,2016203264,3054490112
25,1,0.011774325044825673,84.93055832864565,False,llava_ov_0.5b,15000,2.0,196,rlt,0.5,39997,235200,0.17005527210884352,none,,,,,0.16666666666666666,491323392,2016203264,3054490112
26,1,0.011705807177349925,85.42768429800752,False,llava_ov_0.5b,15000,2.0,196,rlt,0.5,39997,235200,0.17005527210884352,none,,,,,0.16666666666666666,491323392,2016203264,3054490112
27,1,0.05222716392017901,19.147124311179187,False,llava_ov_0.5b,15000,2.0,196,rlt,0.5,39997,235200,0.17005527210884352,none,,,,,0.16666666666666666,491323392,2016203264,3054490112
28,1,0.011941899079829454,83.73877499007313,False,llava_ov_0.5b,15000,2.0,196,rlt,0.5,39997,235200,0.17005527210884352,none,,,,,0.16666666666666666,491323392,2016203264,3054490112
29,1,0.011719767935574055,85.32592159650287,False,llava_ov_0.5b,15000,2.0,196,rlt,0.5,39997,235200,0.17005527210884352,none,,,,,0.16666666666666666,491323392,2016203264,3054490112
30,1,0.01165264006704092,85.81746233014307,False,llava_ov_0.5b,15000,2.0,196,rlt,0.5,39997,235200,0.17005527210884352,none,,,,,0.16666666666666666,491323392,2016203264,3054490112
31,1,0.012290355050936341,81.36461443592022,False,llava_ov_0.5b,15000,2.0,196,rlt,0.5,39997,235200,0.17005527210884352,none,,,,,0.16666666666666666,491323392,2016203264,3054490112
32,1,0.012849685968831182,77.82291352688682,False,llava_ov_0.5b,15000,2.0,196,rlt,0.5,39997,235200,0.17005527210884352,none,,,,,0.16666666666666666,491323392,2016203264,3054490112
33,1,0.011900787008926272,84.02805623274685,False,llava_ov_0.5b,15000,2.0,196,rlt,0.5,39997,235200,0.17005527210884352,none,,,,,0.16666666666666666,491323392,2016203264,3054490112
34,1,0.011825634865090251,84.56205619471984,False,llava_ov_0.5b,15000,2.0,196,rlt,0.5,39997,235200,0.17005527210884352,none,,,,,0.16666666666666666,491323392,2016203264,3054490112
35,1,0.011704498901963234,85.43723301407348,False,llava_ov_0.5b,15000,2.0,196,rlt,0.5,39997,235200,0.17005527210884352,none,,,,,0.16666666666666666,491323392,2016203264,3054490112
36,1,0.05216914811171591,19.16841727717276,False,llava_ov_0.5b,15000,2.0,196,rlt,0.5,39997,235200,0.17005527210884352,none,,,,,0.16666666666666666,491323392,2016203264,3054490112
37,1,0.012073626043274999,82.82515926994436,False,llava_ov_0.5b,15000,2.0,196,rlt,0.5,39997,235200,0.17005527210884352,none,,,,,0.16666666666666666,491323392,2016203264,3054490112
38,1,0.011716457083821297,85.35003310692383,False,llava_ov_0.5b,15000,2.0,196,rlt,0.5,39997,235200,0.17005527210884352,none,,,,,0.16666666666666666,491323392,2016203264,3054490112
39,1,0.011631176108494401,85.97582829733675,False,llava_ov_0.5b,15000,2.0,196,rlt,0.5,39997,235200,0.17005527210884352,none,,,,,0.16666666666666666,491323392,2016203264,3054490112
40,1,0.01166055304929614,85.75922563641717,False,llava_ov_0.5b,15000,2.0,196,rlt,0.5,39997,235200,0.17005527210884352,none,,,,,0.16666666666666666,491323392,2016203264,3054490112
41,1,0.011688655940815806,85.55303578644006,False,llava_ov_0.5b,15000,2.0,196,rlt,0.5,39997,235200,0.17005527210884352,none,,,,,0.16666666666666666,491323392,2016203264,3054490112
42,1,0.054905262077227235,18.21319054252843,False,llava_ov_0.5b,15000,2.0,196,rlt,0.5,39997,235200,0.17005527210884352,none,,,,,0.16666666666666666,491323392,2016203264,3054490112
43,1,0.011959383031353354,83.61635356760017,False,llava_ov_0.5b,15000,2.0,196,rlt,0.5,39997,235200,0.17005527210884352,none,,,,,0.16666666666666666,491323392,2016203264,3054490112
44,1,0.011923450976610184,83.868336605037,False,llava_ov_0.5b,15000,2.0,196,rlt,0.5,39997,235200,0.17005527210884352,none,,,,,0.16666666666666666,491323392,2016203264,3054490112
45,1,0.011649491032585502,85.84066009431992,False,llava_ov_0.5b,15000,2.0,196,rlt,0.5,39997,235200,0.17005527210884352,none,,,,,0.16666666666666666,491323392,2016203264,3054490112
46,1,0.011652708984911442,85.81695477805668,False,llava_ov_0.5b,15000,2.0,196,rlt,0.5,39997,235200,0.17005527210884352,none,,,,,0.16666666666666666,491323392,2016203264,3054490112
47,1,0.012222508899867535,81.8162627814358,False,llava_ov_0.5b,15000,2.0,196,rlt,0.5,39997,235200,0.17005527210884352,none,,,,,0.16666666666666666,491323392,2016203264,3054490112
48,1,0.012833073968067765,77.92365278095306,False,llava_ov_0.5b,15000,2.0,196,rlt,0.5,39997,235200,0.17005527210884352,none,,,,,0.16666666666666666,491323392,2016203264,3054490112
49,1,0.052216938929632306,19.15087365323354,False,llava_ov_0.5b,15000,2.0,196,rlt,0.5,39997,235200,0.17005527210884352,none,,,,,0.16666666666666666,491323392,2016203264,3054490112
50,1,0.011908681131899357,83.97235503445766,False,llava_ov_0.5b,15000,2.0,196,rlt,0.5,39997,235200,0.17005527210884352,none,,,,,0.16666666666666666,491323392,2016203264,3054490112
51,1,0.011724777054041624,85.28946822535035,False,llava_ov_0.5b,15000,2.0,196,rlt,0.5,39997,235200,0.17005527210884352,none,,,,,0.16666666666666666,491323392,2016203264,3054490112
52,1,0.011593122035264969,86.25804135918804,False,llava_ov_0.5b,15000,2.0,196,rlt,0.5,39997,235200,0.17005527210884352,none,,,,,0.16666666666666666,491323392,2016203264,3054490112
53,1,0.011582800885662436,86.33490378288658,False,llava_ov_0.5b,15000,2.0,196,rlt,0.5,39997,235200,0.17005527210884352,none,,,,,0.16666666666666666,491323392,2016203264,3054490112
54,1,0.05269366898573935,18.977611907620876,False,llava_ov_0.5b,15000,2.0,196,rlt,0.5,39997,235200,0.17005527210884352,none,,,,,0.16666666666666666,491323392,2016203264,3054490112
55,1,0.011877208016812801,84.19487126810007,False,llava_ov_0.5b,15000,2.0,196,rlt,0.5,39997,235200,0.17005527210884352,none,,,,,0.16666666666666666,491323392,2016203264,3054490112
56,1,0.011688241036608815,85.55607271170174,False,llava_ov_0.5b,15000,2.0,196,rlt,0.5,39997,235200,0.17005527210884352,none,,,,,0.16666666666666666,491323392,2016203264,3054490112
57,1,0.011663791025057435,85.73541808591138,False,llava_ov_0.5b,15000,2.0,196,rlt,0.5,39997,235200,0.17005527210884352,none,,,,,0.16666666666666666,491323392,2016203264,3054490112
58,1,0.0560694329906255,17.835029652737784,False,llava_ov_0.5b,15000,2.0,196,rlt,0.5,39997,235200,0.17005527210884352,none,,,,,0.16666666666666666,491323392,2016203264,3054490112
59,1,0.012222327990457416,81.8174737890155,False,llava_ov_0.5b,15000,2.0,196,rlt,0.5,39997,235200,0.17005527210884352,none,,,,,0.16666666666666666,491323392,2016203264,3054490112
60,1,0.012611360987648368,79.29358306208229,False,llava_ov_0.5b,15000,2.0,196,rlt,0.5,39997,235200,0.17005527210884352,none,,,,,0.16666666666666666,491323392,2016203264,3054490112
61,1,0.012037997832521796,83.07029241178337,False,llava_ov_0.5b,15000,2.0,196,rlt,0.5,39997,235200,0.17005527210884352,none,,,,,0.16666666666666666,491323392,2016203264,3054490112
62,1,0.012119847116991878,82.50929160632829,False,llava_ov_0.5b,15000,2.0,196,rlt,0.5,39997,235200,0.17005527210884352,none,,,,,0.16666666666666666,491323392,2016203264,3054490112
63,1,0.011786795919761062,84.84069859252061,False,llava_ov_0.5b,15000,2.0,196,rlt,0.5,39997,235200,0.17005527210884352,none,,,,,0.16666666666666666,491323392,2016203264,3054490112
64,1,0.011657467810437083,85.78192247759732,False,llava_ov_0.5b,15000,2.0,196,rlt,0.5,39997,235200,0.17005527210884352,none,,,,,0.16666666666666666,491323392,2016203264,3054490112
65,1,0.05138636799529195,19.46041409448554,False,llava_ov_0.5b,15000,2.0,196,rlt,0.5,39997,235200,0.17005527210884352,none,,,,,0.16666666666666666,491323392,2016203264,3054490112
66,1,0.011976147070527077,83.4993085932427,False,llava_ov_0.5b,15000,2.0,196,rlt,0.5,39997,235200,0.17005527210884352,none,,,,,0.16666666666666666,491323392,2016203264,3054490112
67,1,0.012558503076434135,79.62732452377121,False,llava_ov_0.5b,15000,2.0,196,rlt,0.5,39997,235200,0.17005527210884352,none,,,,,0.16666666666666666,491323392,2016203264,3054490112
68,1,0.01253233989700675,79.7935587622262,False,llava_ov_0.5b,15000,2.0,196,rlt,0.5,39997,235200,0.17005527210884352,none,,,,,0.16666666666666666,491323392,2016203264,3054490112
69,1,0.011838432867079973,84.47063992572663,False,llava_ov_0.5b,15000,2.0,196,rlt,0.5,39997,235200,0.17005527210884352,none,,,,,0.16666666666666666,491323392,2016203264,3054490112
70,1,0.011685057077556849,85.57938513802137,False,llava_ov_0.5b,15000,2.0,196,rlt,0.5,39997,235200,0.17005527210884352,none,,,,,0.16666666666666666,491323392,2016203264,3054490112
71,1,0.05494483094662428,18.20007419754266,False,llava_ov_0.5b,15000,2.0,196,rlt,0.5,39997,235200,0.17005527210884352,none,,,,,0.16666666666666666,491323392,2016203264,3054490112
72,1,0.012090879026800394,82.70697256861312,False,llava_ov_0.5b,15000,2.0,196,rlt,0.5,39997,235200,0.17005527210884352,none,,,,,0.16666666666666666,491323392,2016203264,3054490112
73,1,0.011772291036322713,84.9452325732144,False,llava_ov_0.5b,15000,2.0,196,rlt,0.5,39997,235200,0.17005527210884352,none,,,,,0.16666666666666666,491323392,2016203264,3054490112
74,1,0.011685465928167105,85.57639088994824,False,llava_ov_0.5b,15000,2.0,196,rlt,0.5,39997,235200,0.17005527210884352,none,,,,,0.16666666666666666,491323392,2016203264,3054490112
75,1,0.011829589959234,84.53378379522066,False,llava_ov_0.5b,15000,2.0,196,rlt,0.5,39997,235200,0.17005527210884352,none,,,,,0.16666666666666666,491323392,2016203264,3054490112
76,1,0.012423254083842039,80.49420813992867,False,llava_ov_0.5b,15000,2.0,196,rlt,0.5,39997,235200,0.17005527210884352,none,,,,,0.16666666666666666,491323392,2016203264,3054490112
77,1,0.012223334982991219,81.81073343661946,False,llava_ov_0.5b,15000,2.0,196,rlt,0.5,39997,235200,0.17005527210884352,none,,,,,0.16666666666666666,491323392,2016203264,3054490112
78,1,0.05312904994934797,18.82209452179885,False,llava_ov_0.5b,15000,2.0,196,rlt,0.5,39997,235200,0.17005527210884352,none,,,,,0.16666666666666666,491323392,2016203264,3054490112
79,1,0.01191835105419159,83.90422428850239,False,llava_ov_0.5b,15000,2.0,196,rlt,0.5,39997,235200,0.17005527210884352,none,,,,,0.16666666666666666,491323392,2016203264,3054490112
80,1,0.011973031796514988,83.5210343541451,False,llava_ov_0.5b,15000,2.0,196,rlt,0.5,39997,235200,0.17005527210884352,none,,,,,0.16666666666666666,491323392,2016203264,3054490112
81,1,0.012410609051585197,80.576222798048,False,llava_ov_0.5b,15000,2.0,196,rlt,0.5,39997,235200,0.17005527210884352,none,,,,,0.16666666666666666,491323392,2016203264,3054490112
82,1,0.01234438200481236,81.00851056052525,False,llava_ov_0.5b,15000,2.0,196,rlt,0.5,39997,235200,0.17005527210884352,none,,,,,0.16666666666666666,491323392,2016203264,3054490112
83,1,0.013812900055199862,72.39609321748117,False,llava_ov_0.5b,15000,2.0,196,rlt,0.5,39997,235200,0.17005527210884352,none,,,,,0.16666666666666666,491323392,2016203264,3054490112
84,1,0.05533318500965834,18.07233760040112,False,llava_ov_0.5b,15000,2.0,196,rlt,0.5,39997,235200,0.17005527210884352,none,,,,,0.16666666666666666,491323392,2016203264,3054490112
85,1,0.012931925943121314,77.32800237167419,False,llava_ov_0.5b,15000,2.0,196,rlt,0.5,39997,235200,0.17005527210884352,none,,,,,0.16666666666666666,491323392,2016203264,3054490112
86,1,0.011912476038560271,83.94560431962547,False,llava_ov_0.5b,15000,2.0,196,rlt,0.5,39997,235200,0.17005527210884352,none,,,,,0.16666666666666666,491323392,2016203264,3054490112
87,1,0.011796463979408145,84.77116547344997,False,llava_ov_0.5b,15000,2.0,196,rlt,0.5,39997,235200,0.17005527210884352,none,,,,,0.16666666666666666,491323392,2016203264,3054490112
88,1,0.011728663928806782,85.26120332801923,False,llava_ov_0.5b,15000,2.0,196,rlt,0.5,39997,235200,0.17005527210884352,none,,,,,0.16666666666666666,491323392,2016203264,3054490112
89,1,0.011655617039650679,85.79554360769991,False,llava_ov_0.5b,15000,2.0,196,rlt,0.5,39997,235200,0.17005527210884352,none,,,,,0.16666666666666666,491323392,2016203264,3054490112
90,1,0.051560319028794765,19.394759746182572,False,llava_ov_0.5b,15000,2.0,196,rlt,0.5,39997,235200,0.17005527210884352,none,,,,,0.16666666666666666,491323392,2016203264,3054490112
91,1,0.011944462079554796,83.72080662482817,False,llava_ov_0.5b,15000,2.0,196,rlt,0.5,39997,235200,0.17005527210884352,none,,,,,0.16666666666666666,491323392,2016203264,3054490112
92,1,0.0118379897903651,84.47380152446969,False,llava_ov_0.5b,15000,2.0,196,rlt,0.5,39997,235200,0.17005527210884352,none,,,,,0.16666666666666666,491323392,2016203264,3054490112
93,1,0.011831930838525295,84.51705927353423,False,llava_ov_0.5b,15000,2.0,196,rlt,0.5,39997,235200,0.17005527210884352,none,,,,,0.16666666666666666,491323392,2016203264,3054490112
94,1,0.011863210937008262,84.29421050589413,False,llava_ov_0.5b,15000,2.0,196,rlt,0.5,39997,235200,0.17005527210884352,none,,,,,0.16666666666666666,491323392,2016203264,3054490112
95,1,0.011685814941301942,85.57383503187565,False,llava_ov_0.5b,15000,2.0,196,rlt,0.5,39997,235200,0.17005527210884352,none,,,,,0.16666666666666666,491323392,2016203264,3054490112
96,1,0.05380743206478655,18.584793245586507,False,llava_ov_0.5b,15000,2.0,196,rlt,0.5,39997,235200,0.17005527210884352,none,,,,,0.16666666666666666,491323392,2016203264,3054490112
97,1,0.01198311010375619,83.45078959814806,False,llava_ov_0.5b,15000,2.0,196,rlt,0.5,39997,235200,0.17005527210884352,none,,,,,0.16666666666666666,491323392,2016203264,3054490112
98,1,0.012698772130534053,78.74777102232675,False,llava_ov_0.5b,15000,2.0,196,rlt,0.5,39997,235200,0.17005527210884352,none,,,,,0.16666666666666666,491323392,2016203264,3054490112
99,1,0.012486510211601853,80.08642791729342,False,llava_ov_0.5b,15000,2.0,196,rlt,0.5,39997,235200,0.17005527210884352,none,,,,,0.16666666666666666,491323392,2016203264,3054490112
100,1,0.011965060140937567,83.57667978438103,False,llava_ov_0.5b,15000,2.0,196,rlt,0.5,39997,235200,0.17005527210884352,none,,,,,0.16666666666666666,491323392,2016203264,3054490112
101,1,0.011835662182420492,84.4904141895246,False,llava_ov_0.5b,15000,2.0,196,rlt,0.5,39997,235200,0.17005527210884352,none,,,,,0.16666666666666666,491323392,2016203264,3054490112
102,1,0.05137411504983902,19.465055486208975,False,llava_ov_0.5b,15000,2.0,196,rlt,0.5,39997,235200,0.17005527210884352,none,,,,,0.16666666666666666,491323392,2016203264,3054490112
103,1,0.01191992498934269,83.89314537583712,False,llava_ov_0.5b,15000,2.0,196,rlt,0.5,39997,235200,0.17005527210884352,none,,,,,0.16666666666666666,491323392,2016203264,3054490112
104,1,0.011771636083722115,84.94995877274916,False,llava_ov_0.5b,15000,2.0,196,rlt,0.5,39997,235200,0.17005527210884352,none,,,,,0.16666666666666666,491323392,2016203264,3054490112
105,1,0.05161041393876076,19.375934500090768,False,llava_ov_0.5b,15000,2.0,196,rlt,0.5,39997,235200,0.17005527210884352,none,,,,,0.16666666666666666,491323392,2016203264,3054490112
106,1,0.01198385888710618,83.44557537104615,False,llava_ov_0.5b,15000,2.0,196,rlt,0.5,39997,235200,0.17005527210884352,none,,,,,0.16666666666666666,491323392,2016203264,3054490112
107,1,0.011818448081612587,84.61347827519106,False,llava_ov_0.5b,15000,2.0,196,rlt,0.5,39997,235200,0.17005527210884352,none,,,,,0.16666666666666666,491323392,2016203264,3054490112
108,1,0.011673293076455593,85.66562952291042,False,llava_ov_0.5b,15000,2.0,196,rlt,0.5,39997,235200,0.17005527210884352,none,,,,,0.16666666666666666,491323392,2016203264,3054490112
109,1,0.011591900140047073,86.26713376741866,False,llava_ov_0.5b,15000,2.0,196,rlt,0.5,39997,235200,0.17005527210884352,none,,,,,0.16666666666666666,491323392,2016203264,3054490112
110,1,0.011633405927568674,85.95934898396477,False,llava_ov_0.5b,15000,2.0,196,rlt,0.5,39997,235200,0.17005527210884352,none,,,,,0.16666666666666666,491323392,2016203264,3054490112
111,1,0.012000835034996271,83.327534882685,False,llava_ov_0.5b,15000,2.0,196,rlt,0.5,39997,235200,0.17005527210884352,none,,,,,0.16666666666666666,491323392,2016203264,3054490112
112,1,0.012798951007425785,78.13140306731489,False,llava_ov_0.5b,15000,2.0,196,rlt,0.5,39997,235200,0.17005527210884352,none,,,,,0.16666666666666666,491323392,2016203264,3054490112
113,1,0.012005107942968607,83.29787659974353,False,llava_ov_0.5b,15000,2.0,196,rlt,0.5,39997,235200,0.17005527210884352,none,,,,,0.16666666666666666,491323392,2016203264,3054490112
114,1,0.05394289596006274,18.538122253213135,False,llava_ov_0.5b,15000,2.0,196,rlt,0.5,39997,235200,0.17005527210884352,none,,,,,0.16666666666666666,491323392,2016203264,3054490112
115,1,0.011831172043457627,84.52247979548041,False,llava_ov_0.5b,15000,2.0,196,rlt,0.5,39997,235200,0.17005527210884352,none,,,,,0.16666666666666666,491323392,2016203264,3054490112
116,1,0.011708758072927594,85.40615441633815,False,llava_ov_0.5b,15000,2.0,196,rlt,0.5,39997,235200,0.17005527210884352,none,,,,,0.16666666666666666,491323392,2016203264,3054490112
117,1,0.011650098953396082,85.83618079127932,False,llava_ov_0.5b,15000,2.0,196,rlt,0.5,39997,235200,0.17005527210884352,none,,,,,0.16666666666666666,491323392,2016203264,3054490112
118,1,0.011757087893784046,85.05507563047976,False,llava_ov_0.5b,15000,2.0,196,rlt,0.5,39997,235200,0.17005527210884352,none,,,,,0.16666666666666666,491323392,2016203264,3054490112
119,1,0.011635940056294203,85.94062836023913,False,llava_ov_0.5b,15000,2.0,196,rlt,0.5,39997,235200,0.17005527210884352,none,,,,,0.16666666666666666,491323392,2016203264,3054490112
120,1,0.05170403583906591,19.340849969866998,False,llava_ov_0.5b,15000,2.0,196,rlt,0.5,39997,235200,0.17005527210884352,none,,,,,0.16666666666666666,491323392,2016203264,3054490112
121,1,0.011890573892742395,84.10023006630203,False,llava_ov_0.5b,15000,2.0,196,rlt,0.5,39997,235200,0.17005527210884352,none,,,,,0.16666666666666666,491323392,2016203264,3054490112
122,1,0.011740776943042874,85.17323894757756,False,llava_ov_0.5b,15000,2.0,196,rlt,0.5,39997,235200,0.17005527210884352,none,,,,,0.16666666666666666,491323392,2016203264,3054490112
123,1,0.01168327801860869,85.59241664944011,False,llava_ov_0.5b,15000,2.0,196,rlt,0.5,39997,235200,0.17005527210884352,none,,,,,0.16666666666666666,491323392,2016203264,3054490112
124,1,0.011532813077792525,86.70911366157408,False,llava_ov_0.5b,15000,2.0,196,rlt,0.5,39997,235200,0.17005527210884352,none,,,,,0.16666666666666666,491323392,2016203264,3054490112
125,1,0.051896515069529414,19.269116599837766,False,llava_ov_0.5b,15000,2.0,196,rlt,0.5,39997,235200,0.17005527210884352,none,,,,,0.16666666666666666,491323392,2016203264,3054490112
126,1,0.011900318088009953,84.03136727979901,False,llava_ov_0.5b,15000,2.0,196,rlt,0.5,39997,235200,0.17005527210884352,none,,,,,0.16666666666666666,491323392,2016203264,3054490112
127,1,0.011724331881850958,85.29270666143296,False,llava_ov_0.5b,15000,2.0,196,rlt,0.5,39997,235200,0.17005527210884352,none,,,,,0.16666666666666666,491323392,2016203264,3054490112
128,1,0.011774662882089615,84.92812151090078,False,llava_ov_0.5b,15000,2.0,196,rlt,0.5,39997,235200,0.17005527210884352,none,,,,,0.16666666666666666,491323392,2016203264,3054490112
129,1,0.011689698090776801,85.5454086354037,False,llava_ov_0.5b,15000,2.0,196,rlt,0.5,39997,235200,0.17005527210884352,none,,,,,0.16666666666666666,491323392,2016203264,3054490112
130,1,0.05134226498194039,19.477130593123412,False,llava_ov_0.5b,15000,2.0,196,rlt,0.5,39997,235200,0.17005527210884352,none,,,,,0.16666666666666666,491323392,2016203264,3054490112
131,1,0.011897505028173327,84.0512357533783,False,llava_ov_0.5b,15000,2.0,196,rlt,0.5,39997,235200,0.17005527210884352,none,,,,,0.16666666666666666,491323392,2016203264,3054490112
132,1,0.011771451914682984,84.95128784858404,False,llava_ov_0.5b,15000,2.0,196,rlt,0.5,39997,235200,0.17005527210884352,none,,,,,0.16666666666666666,491323392,2016203264,3054490112
133,1,0.011791886063292623,84.80407583931253,False,llava_ov_0.5b,15000,2.0,196,rlt,0.5,39997,235200,0.17005527210884352,none,,,,,0.16666666666666666,491323392,2016203264,3054490112
134,1,0.011634760070592165,85.94934437260844,False,llava_ov_0.5b,15000,2.0,196,rlt,0.5,39997,235200,0.17005527210884352,none,,,,,0.16666666666666666,491323392,2016203264,3054490112
135,1,0.053127493942156434,18.822645786544513,False,llava_ov_0.5b,15000,2.0,196,rlt,0.5,39997,235200,0.17005527210884352,none,,,,,0.16666666666666666,491323392,2016203264,3054490112
136,1,0.013216564897447824,75.66262548244319,False,llava_ov_0.5b,15000,2.0,196,rlt,0.5,39997,235200,0.17005527210884352,none,,,,,0.16666666666666666,491323392,2016203264,3054490112
137,1,0.012349219992756844,80.97677428910713,False,llava_ov_0.5b,15000,2.0,196,rlt,0.5,39997,235200,0.17005527210884352,none,,,,,0.16666666666666666,491323392,2016203264,3054490112
138,1,0.051983042154461145,19.23704266919632,False,llava_ov_0.5b,15000,2.0,196,rlt,0.5,39997,235200,0.17005527210884352,none,,,,,0.16666666666666666,491323392,2016203264,3054490112
139,1,0.012092027114704251,82.6991198840409,False,llava_ov_0.5b,15000,2.0,196,rlt,0.5,39997,235200,0.17005527210884352,none,,,,,0.16666666666666666,491323392,2016203264,3054490112
140,1,0.012246826896443963,81.65380375306553,False,llava_ov_0.5b,15000,2.0,196,rlt,0.5,39997,235200,0.17005527210884352,none,,,,,0.16666666666666666,491323392,2016203264,3054490112
141,1,0.012019730871543288,83.19653831580372,False,llava_ov_0.5b,15000,2.0,196,rlt,0.5,39997,235200,0.17005527210884352,none,,,,,0.16666666666666666,491323392,2016203264,3054490112
142,1,0.011882088147103786,84.1602913241934,False,llava_ov_0.5b,15000,2.0,196,rlt,0.5,39997,235200,0.17005527210884352,none,,,,,0.16666666666666666,491323392,2016203264,3054490112
143,1,0.05116277211345732,19.54546164508882,False,llava_ov_0.5b,15000,2.0,196,rlt,0.5,39997,235200,0.17005527210884352,none,,,,,0.16666666666666666,491323392,2016203264,3054490112
144,1,0.011846025940030813,84.41649588329358,False,llava_ov_0.5b,15000,2.0,196,rlt,0.5,39997,235200,0.17005527210884352,none,,,,,0.16666666666666666,491323392,2016203264,3054490112
145,1,0.01198529894463718,83.43554921902468,False,llava_ov_0.5b,15000,2.0,196,rlt,0.5,39997,235200,0.17005527210884352,none,,,,,0.16666666666666666,491323392,2016203264,3054490112
146,1,0.012599183013662696,79.37022574523989,False,llava_ov_0.5b,15000,2.0,196,rlt,0.5,39997,235200,0.17005527210884352,none,,,,,0.16666666666666666,491323392,2016203264,3054490112
147,1,0.05159478401765227,19.381804169542935,False,llava_ov_0.5b,15000,2.0,196,rlt,0.5,39997,235200,0.17005527210884352,none,,,,,0.16666666666666666,491323392,2016203264,3054490112
148,1,0.011862515937536955,84.29914912364136,False,llava_ov_0.5b,15000,2.0,196,rlt,0.5,39997,235200,0.17005527210884352,none,,,,,0.16666666666666666,491323392,2016203264,3054490112
149,1,0.01171535486355424,85.35806312713066,False,llava_ov_0.5b,15000,2.0,196,rlt,0.5,39997,235200,0.17005527210884352,none,,,,,0.16666666666666666,491323392,2016203264,3054490112
150,1,0.011660826858133078,85.75721191696881,False,llava_ov_0.5b,15000,2.0,196,rlt,0.5,39997,235200,0.17005527210884352,none,,,,,0.16666666666666666,491323392,2016203264,3054490112
151,1,0.05103619187138975,19.59393840590578,False,llava_ov_0.5b,15000,2.0,196,rlt,0.5,39997,235200,0.17005527210884352,none,,,,,0.16666666666666666,491323392,2016203264,3054490112
152,1,0.011911100009456277,83.95530213045775,False,llava_ov_0.5b,15000,2.0,196,rlt,0.5,39997,235200,0.17005527210884352,none,,,,,0.16666666666666666,491323392,2016203264,3054490112
153,1,0.011693497886881232,85.51761069900955,False,llava_ov_0.5b,15000,2.0,196,rlt,0.5,39997,235200,0.17005527210884352,none,,,,,0.16666666666666666,491323392,2016203264,3054490112
154,1,0.01079678488895297,92.62016519595363,False,llava_ov_0.5b,15000,2.0,196,rlt,0.5,39997,235200,0.17005527210884352,none,,,,,0.16666666666666666,491323392,2016203264,3054490112
155,1,0.011575090931728482,86.39240986512685,False,llava_ov_0.5b,15000,2.0,196,rlt,0.5,39997,235200,0.17005527210884352,none,,,,,0.16666666666666666,491323392,2016203264,3054490112
156,1,0.05099629401229322,19.60926807267483,False,llava_ov_0.5b,15000,2.0,196,rlt,0.5,39997,235200,0.17005527210884352,none,,,,,0.16666666666666666,491323392,2016203264,3054490112
157,1,0.011887461179867387,84.12225157829333,False,llava_ov_0.5b,15000,2.0,196,rlt,0.5,39997,235200,0.17005527210884352,none,,,,,0.16666666666666666,491323392,2016203264,3054490112
158,1,0.01277470588684082,78.27968869561971,False,llava_ov_0.5b,15000,2.0,196,rlt,0.5,39997,235200,0.17005527210884352,none,,,,,0.16666666666666666,491323392,2016203264,3054490112
159,1,0.012426754226908088,80.47153598923401,False,llava_ov_0.5b,15000,2.0,196,rlt,0.5,39997,235200,0.17005527210884352,none,,,,,0.16666666666666666,491323392,2016203264,3054490112
160,1,0.01187824597582221,84.18751405177734,False,llava_ov_0.5b,15000,2.0,196,rlt,0.5,39997,235200,0.17005527210884352,none,,,,,0.16666666666666666,491323392,2016203264,3054490112
161,1,0.0117461490444839,85.13428496547209,False,llava_ov_0.5b,15000,2.0,196,rlt,0.5,39997,235200,0.17005527210884352,none,,,,,0.16666666666666666,491323392,2016203264,3054490112
162,1,0.05166235310025513,19.356454748768723,False,llava_ov_0.5b,15000,2.0,196,rlt,0.5,39997,235200,0.17005527210884352,none,,,,,0.16666666666666666,491323392,2016203264,3054490112
163,1,0.011968184961006045,83.55485842323914,False,llava_ov_0.5b,15000,2.0,196,rlt,0.5,39997,235200,0.17005527210884352,none,,,,,0.16666666666666666,491323392,2016203264,3054490112
164,1,0.01169607788324356,85.4987466723913,False,llava_ov_0.5b,15000,2.0,196,rlt,0.5,39997,235200,0.17005527210884352,none,,,,,0.16666666666666666,491323392,2016203264,3054490112
165,1,0.01164867402985692,85.84668069832519,False,llava_ov_0.5b,15000,2.0,196,rlt,0.5,39997,235200,0.17005527210884352,none,,,,,0.16666666666666666,491323392,2016203264,3054490112
166,1,0.011596834054216743,86.23043110946202,False,llava_ov_0.5b,15000,2.0,196,rlt,0.5,39997,235200,0.17005527210884352,none,,,,,0.16666666666666666,491323392,2016203264,3054490112
167,1,0.01164930290542543,85.84204635405867,False,llava_ov_0.5b,15000,2.0,196,rlt,0.5,39997,235200,0.17005527210884352,none,,,,,0.16666666666666666,491323392,2016203264,3054490112
168,1,0.05097580491565168,19.61714977634338,False,llava_ov_0.5b,15000,2.0,196,rlt,0.5,39997,235200,0.17005527210884352,none,,,,,0.16666666666666666,491323392,2016203264,3054490112
169,1,0.011885988060384989,84.13267747869585,False,llava_ov_0.5b,15000,2.0,196,rlt,0.5,39997,235200,0.17005527210884352,none,,,,,0.16666666666666666,491323392,2016203264,3054490112
170,1,0.01173568912781775,85.21016440608034,False,llava_ov_0.5b,15000,2.0,196,rlt,0.5,39997,235200,0.17005527210884352,none,,,,,0.16666666666666666,491323392,2016203264,3054490112
171,1,0.05580118903890252,17.92076508088093,False,llava_ov_0.5b,15000,2.0,196,rlt,0.5,39997,235200,0.17005527210884352,none,,,,,0.16666666666666666,491323392,2016203264,3054490112
172,1,0.012498426949605346,80.01006878962286,False,llava_ov_0.5b,15000,2.0,196,rlt,0.5,39997,235200,0.17005527210884352,none,,,,,0.16666666666666666,491323392,2016203264,3054490112
173,1,0.01188598107546568,84.13272692013109,False,llava_ov_0.5b,15000,2.0,196,rlt,0.5,39997,235200,0.17005527210884352,none,,,,,0.16666666666666666,491323392,2016203264,3054490112
174,1,0.011702904012054205,85.44887653269494,False,llava_ov_0.5b,15000,2.0,196,rlt,0.5,39997,235200,0.17005527210884352,none,,,,,0.16666666666666666,491323392,2016203264,3054490112
175,1,0.051422527991235256,19.44672965456785,False,llava_ov_0.5b,15000,2.0,196,rlt,0.5,39997,235200,0.17005527210884352,none,,,,,0.16666666666666666,491323392,2016203264,3054490112
176,1,0.01189456693828106,84.07199734036847,False,llava_ov_0.5b,15000,2.0,196,rlt,0.5,39997,235200,0.17005527210884352,none,,,,,0.16666666666666666,491323392,2016203264,3054490112
177,1,0.01169854192994535,85.4807381969756,False,llava_ov_0.5b,15000,2.0,196,rlt,0.5,39997,235200,0.17005527210884352,none,,,,,0.16666666666666666,491323392,2016203264,3054490112
178,1,0.051090422086417675,19.57314031010616,False,llava_ov_0.5b,15000,2.0,196,rlt,0.5,39997,235200,0.17005527210884352,none,,,,,0.16666666666666666,491323392,2016203264,3054490112
179,1,0.011973224114626646,83.51969281009173,False,llava_ov_0.5b,15000,2.0,196,rlt,0.5,39997,235200,0.17005527210884352,none,,,,,0.16666666666666666,491323392,2016203264,3054490112
180,1,0.011754418024793267,85.07439482675602,False,llava_ov_0.5b,15000,2.0,196,rlt,0.5,39997,235200,0.17005527210884352,none,,,,,0.16666666666666666,491323392,2016203264,3054490112
181,1,0.011655944865196943,85.79313059260113,False,llava_ov_0.5b,15000,2.0,196,rlt,0.5,39997,235200,0.17005527210884352,none,,,,,0.16666666666666666,491323392,2016203264,3054490112
182,1,0.05140677699819207,19.45268811610518,False,llava_ov_0.5b,15000,2.0,196,rlt,0.5,39997,235200,0.17005527210884352,none,,,,,0.16666666666666666,491323392,2016203264,3054490112
183,1,0.012082294095307589,82.76573903199153,False,llava_ov_0.5b,15000,2.0,196,rlt,0.5,39997,235200,0.17005527210884352,none,,,,,0.16666666666666666,491323392,2016203264,3054490112
184,1,0.012812316883355379,78.04989597932213,False,llava_ov_0.5b,15000,2.0,196,rlt,0.5,39997,235200,0.17005527210884352,none,,,,,0.16666666666666666,491323392,2016203264,3054490112
185,1,0.011980290059000254,83.47043310931733,False,llava_ov_0.5b,15000,2.0,196,rlt,0.5,39997,235200,0.17005527210884352,none,,,,,0.16666666666666666,491323392,2016203264,3054490112
186,1,0.012694115051999688,78.77666114602225,False,llava_ov_0.5b,15000,2.0,196,rlt,0.5,39997,235200,0.17005527210884352,none,,,,,0.16666666666666666,491323392,2016203264,3054490112
187,1,0.011814468074589968,84.64198249862433,False,llava_ov_0.5b,15000,2.0,196,rlt,0.5,39997,235200,0.17005527210884352,none,,,,,0.16666666666666666,491323392,2016203264,3054490112
188,1,0.0511355372145772,19.55587160067872,False,llava_ov_0.5b,15000,2.0,196,rlt,0.5,39997,235200,0.17005527210884352,none,,,,,0.16666666666666666,491323392,2016203264,3054490112
189,1,0.012119397055357695,82.51235564214178,False,llava_ov_0.5b,15000,2.0,196,rlt,0.5,39997,235200,0.17005527210884352,none,,,,,0.16666666666666666,491323392,2016203264,3054490112
190,1,0.011684997007250786,85.57982508506241,False,llava_ov_0.5b,15000,2.0,196,rlt,0.5,39997,235200,0.17005527210884352,none,,,,,0.16666666666666666,491323392,2016203264,3054490112
191,1,0.05103007098659873,19.59628863268905,False,llava_ov_0.5b,15000,2.0,196,rlt,0.5,39997,235200,0.17005527210884352,none,,,,,0.16666666666666666,491323392,2016203264,3054490112
192,1,0.01212889701128006,82.44772785769264,False,llava_ov_0.5b,15000,2.0,196,rlt,0.5,39997,235200,0.17005527210884352,none,,,,,0.16666666666666666,491323392,2016203264,3054490112
193,1,0.012431862996891141,80.43846688545972,False,llava_ov_0.5b,15000,2.0,196,rlt,0.5,39997,235200,0.17005527210884352,none,,,,,0.16666666666666666,491323392,2016203264,3054490112
194,1,0.05152545101009309,19.407884460906793,False,llava_ov_0.5b,15000,2.0,196,rlt,0.5,39997,235200,0.17005527210884352,none,,,,,0.16666666666666666,491323392,2016203264,3054490112
195,1,0.011861067963764071,84.30944018321375,False,llava_ov_0.5b,15000,2.0,196,rlt,0.5,39997,235200,0.17005527210884352,none,,,,,0.16666666666666666,491323392,2016203264,3054490112
196,1,0.011684577912092209,85.58289460889415,False,llava_ov_0.5b,15000,2.0,196,rlt,0.5,39997,235200,0.17005527210884352,none,,,,,0.16666666666666666,491323392,2016203264,3054490112
197,1,0.01185504999011755,84.35223814607335,False,llava_ov_0.5b,15000,2.0,196,rlt,0.5,39997,235200,0.17005527210884352,none,,,,,0.16666666666666666,491323392,2016203264,3054490112
198,1,0.01212634495459497,82.46507944020473,False,llava_ov_0.5b,15000,2.0,196,rlt,0.5,39997,235200,0.17005527210884352,none,,,,,0.16666666666666666,491323392,2016203264,3054490112
199,1,0.05213151499629021,19.18225472770477,False,llava_ov_0.5b,15000,2.0,196,rlt,0.5,39997,235200,0.17005527210884352,none,,,,,0.16666666666666666,491323392,2016203264,3054490112
200,1,0.011879412923008204,84.17924408227168,False,llava_ov_0.5b,15000,2.0,196,rlt,0.5,39997,235200,0.17005527210884352,none,,,,,0.16666666666666666,491323392,2016203264,3054490112
201,1,0.011652560904622078,85.81804533656995,False,llava_ov_0.5b,15000,2.0,196,rlt,0.5,39997,235200,0.17005527210884352,none,,,,,0.16666666666666666,491323392,2016203264,3054490112
202,1,0.011610212968662381,86.1310643223464,False,llava_ov_0.5b,15000,2.0,196,rlt,0.5,39997,235200,0.17005527210884352,none,,,,,0.16666666666666666,491323392,2016203264,3054490112
203,1,0.01162219513207674,86.04226556479375,False,llava_ov_0.5b,15000,2.0,196,rlt,0.5,39997,235200,0.17005527210884352,none,,,,,0.16666666666666666,491323392,2016203264,3054490112
204,1,0.010741997044533491,93.09255959150457,False,llava_ov_0.5b,15000,2.0,196,rlt,0.5,39997,235200,0.17005527210884352,none,,,,,0.16666666666666666,491323392,2016203264,3054490112
205,1,0.054364307783544064,18.39442164851214,False,llava_ov_0.5b,15000,2.0,196,rlt,0.5,39997,235200,0.17005527210884352,none,,,,,0.16666666666666666,491323392,2016203264,3054490112
206,1,0.011914437869563699,83.93178183878679,False,llava_ov_0.5b,15000,2.0,196,rlt,0.5,39997,235200,0.17005527210884352,none,,,,,0.16666666666666666,491323392,2016203264,3054490112
207,1,0.011767721036449075,84.97822109333,False,llava_ov_0.5b,15000,2.0,196,rlt,0.5,39997,235200,0.17005527210884352,none,,,,,0.16666666666666666,491323392,2016203264,3054490112
208,1,0.011655207024887204,85.79856178141785,False,llava_ov_0.5b,15000,2.0,196,rlt,0.5,39997,235200,0.17005527210884352,none,,,,,0.16666666666666666,491323392,2016203264,3054490112
209,1,0.05327985202893615,18.768820894189094,False,llava_ov_0.5b,15000,2.0,196,rlt,0.5,39997,235200,0.17005527210884352,none,,,,,0.16666666666666666,491323392,2016203264,3054490112
210,1,0.01183195412158966,84.51689295982892,False,llava_ov_0.5b,15000,2.0,196,rlt,0.5,39997,235200,0.17005527210884352,none,,,,,0.16666666666666666,491323392,2016203264,3054490112
211,1,0.011648626066744328,85.8470341712574,False,llava_ov_0.5b,15000,2.0,196,rlt,0.5,39997,235200,0.17005527210884352,none,,,,,0.16666666666666666,491323392,2016203264,3054490112
212,1,0.011674114968627691,85.65959840958732,False,llava_ov_0.5b,15000,2.0,196,rlt,0.5,39997,235200,0.17005527210884352,none,,,,,0.16666666666666666,491323392,2016203264,3054490112
213,1,0.0514326780103147,19.442891925624647,False,llava_ov_0.5b,15000,2.0,196,rlt,0.5,39997,235200,0.17005527210884352,none,,,,,0.16666666666666666,491323392,2016203264,3054490112
214,1,0.011814774945378304,84.63978405201695,False,llava_ov_0.5b,15000,2.0,196,rlt,0.5,39997,235200,0.17005527210884352,none,,,,,0.16666666666666666,491323392,2016203264,3054490112
215,1,0.011661778204143047,85.75021600434253,False,llava_ov_0.5b,15000,2.0,196,rlt,0.5,39997,235200,0.17005527210884352,none,,,,,0.16666666666666666,491323392,2016203264,3054490112
216,1,0.011517464881762862,86.8246623945373,False,llava_ov_0.5b,15000,2.0,196,rlt,0.5,39997,235200,0.17005527210884352,none,,,,,0.16666666666666666,491323392,2016203264,3054490112
217,1,0.05373167200013995,18.61099725311722,False,llava_ov_0.5b,15000,2.0,196,rlt,0.5,39997,235200,0.17005527210884352,none,,,,,0.16666666666666666,491323392,2016203264,3054490112
218,1,0.011876638978719711,84.19890524514359,False,llava_ov_0.5b,15000,2.0,196,rlt,0.5,39997,235200,0.17005527210884352,none,,,,,0.16666666666666666,491323392,2016203264,3054490112
219,1,0.011673316825181246,85.66545524086497,False,llava_ov_0.5b,15000,2.0,196,rlt,0.5,39997,235200,0.17005527210884352,none,,,,,0.16666666666666666,491323392,2016203264,3054490112
220,1,0.011660097166895866,85.76257862062212,False,llava_ov_0.5b,15000,2.0,196,rlt,0.5,39997,235200,0.17005527210884352,none,,,,,0.16666666666666666,491323392,2016203264,3054490112
221,1,0.05083789792843163,19.670364840965217,False,llava_ov_0.5b,15000,2.0,196,rlt,0.5,39997,235200,0.17005527210884352,none,,,,,0.16666666666666666,491323392,2016203264,3054490112
222,1,0.011848469031974673,84.39908964621223,False,llava_ov_0.5b,15000,2.0,196,rlt,0.5,39997,235200,0.17005527210884352,none,,,,,0.16666666666666666,491323392,2016203264,3054490112
223,1,0.011691696010529995,85.53079032326544,False,llava_ov_0.5b,15000,2.0,196,rlt,0.5,39997,235200,0.17005527210884352,none,,,,,0.16666666666666666,491323392,2016203264,3054490112
224,1,0.05062095005996525,19.754666769695284,False,llava_ov_0.5b,15000,2.0,196,rlt,0.5,39997,235200,0.17005527210884352,none,,,,,0.16666666666666666,491323392,2016203264,3054490112
225,1,0.011792817851528525,84.79737519819193,False,llava_ov_0.5b,15000,2.0,196,rlt,0.5,39997,235200,0.17005527210884352,none,,,,,0.16666666666666666,491323392,2016203264,3054490112
226,1,0.011722023133188486,85.30950576003443,False,llava_ov_0.5b,15000,2.0,196,rlt,0.5,39997,235200,0.17005527210884352,none,,,,,0.16666666666666666,491323392,2016203264,3054490112
227,1,0.01187337120063603,84.22207838885997,False,llava_ov_0.5b,15000,2.0,196,rlt,0.5,39997,235200,0.17005527210884352,none,,,,,0.16666666666666666,491323392,2016203264,3054490112
228,1,0.054321035044267774,18.409074848906528,False,llava_ov_0.5b,15000,2.0,196,rlt,0.5,39997,235200,0.17005527210884352,none,,,,,0.16666666666666666,491323392,2016203264,3054490112
229,1,0.011879288824275136,84.18012347309175,False,llava_ov_0.5b,15000,2.0,196,rlt,0.5,39997,235200,0.17005527210884352,none,,,,,0.16666666666666666,491323392,2016203264,3054490112
230,1,0.01164411404170096,85.8802993872019,False,llava_ov_0.5b,15000,2.0,196,rlt,0.5,39997,235200,0.17005527210884352,none,,,,,0.16666666666666666,491323392,2016203264,3054490112
231,1,0.05076925992034376,19.69695838720095,False,llava_ov_0.5b,15000,2.0,196,rlt,0.5,39997,235200,0.17005527210884352,none,,,,,0.16666666666666666,491323392,2016203264,3054490112
232,1,0.011814455967396498,84.64206923785808,False,llava_ov_0.5b,15000,2.0,196,rlt,0.5,39997,235200,0.17005527210884352,none,,,,,0.16666666666666666,491323392,2016203264,3054490112
233,1,0.011681546922773123,85.60510064386288,False,llava_ov_0.5b,15000,2.0,196,rlt,0.5,39997,235200,0.17005527210884352,none,,,,,0.16666666666666666,491323392,2016203264,3054490112
234,1,0.050947667099535465,19.62798410467587,False,llava_ov_0.5b,15000,2.0,196,rlt,0.5,39997,235200,0.17005527210884352,none,,,,,0.16666666666666666,491323392,2016203264,3054490112
235,1,0.011879568919539452,84.17813868272655,False,llava_ov_0.5b,15000,2.0,196,rlt,0.5,39997,235200,0.17005527210884352,none,,,,,0.16666666666666666,491323392,2016203264,3054490112
236,1,0.011590844951570034,86.2749872143312,False,llava_ov_0.5b,15000,2.0,196,rlt,0.5,39997,235200,0.17005527210884352,none,,,,,0.16666666666666666,491323392,2016203264,3054490112
237,1,0.05172264017164707,19.33389317872007,False,llava_ov_0.5b,15000,2.0,196,rlt,0.5,39997,235200,0.17005527210884352,none,,,,,0.16666666666666666,491323392,2016203264,3054490112
238,1,0.012603129027411342,79.34537509098232,False,llava_ov_0.5b,15000,2.0,196,rlt,0.5,39997,235200,0.17005527210884352,none,,,,,0.16666666666666666,491323392,2016203264,3054490112
239,1,0.01215656497515738,82.26007939278537,False,llava_ov_0.5b,15000,2.0,196,rlt,0.5,39997,235200,0.17005527210884352,none,,,,,0.16666666666666666,491323392,2016203264,3054490112
240,1,0.05471700103953481,18.27585541973449,False,llava_ov_0.5b,15000,2.0,196,rlt,0.5,39997,235200,0.17005527210884352,none,,,,,0.16666666666666666,491323392,2016203264,3054490112
241,1,0.012147227069362998,82.32331496643704,False,llava_ov_0.5b,15000,2.0,196,rlt,0.5,39997,235200,0.17005527210884352,none,,,,,0.16666666666666666,491323392,2016203264,3054490112
242,1,0.012600820045918226,79.35991438302693,False,llava_ov_0.5b,15000,2.0,196,rlt,0.5,39997,235200,0.17005527210884352,none,,,,,0.16666666666666666,491323392,2016203264,3054490112
243,1,0.051189625868573785,19.535208219091864,False,llava_ov_0.5b,15000,2.0,196,rlt,0.5,39997,235200,0.17005527210884352,none,,,,,0.16666666666666666,491323392,2016203264,3054490112
244,1,0.011835452169179916,84.49191342296561,False,llava_ov_0.5b,15000,2.0,196,rlt,0.5,39997,235200,0.17005527210884352,none,,,,,0.16666666666666666,491323392,2016203264,3054490112
245,1,0.01167205604724586,85.67470854768214,False,llava_ov_0.5b,15000,2.0,196,rlt,0.5,39997,235200,0.17005527210884352,none,,,,,0.16666666666666666,491323392,2016203264,3054490112
246,1,0.05200246209278703,19.229858736605944,False,llava_ov_0.5b,15000,2.0,196,rlt,0.5,39997,235200,0.17005527210884352,none,,,,,0.16666666666666666,491323392,2016203264,3054490112
247,1,0.011785893933847547,84.84719153361212,False,llava_ov_0.5b,15000,2.0,196,rlt,0.5,39997,235200,0.17005527210884352,none,,,,,0.16666666666666666,491323392,2016203264,3054490112
248,1,0.011864123865962029,84.28772417565389,False,llava_ov_0.5b,15000,2.0,196,rlt,0.5,39997,235200,0.17005527210884352,none,,,,,0.16666666666666666,491323392,2016203264,3054490112
249,1,0.05224527698010206,19.140486141567518,False,llava_ov_0.5b,15000,2.0,196,rlt,0.5,39997,235200,0.17005527210884352,none,,,,,0.16666666666666666,491323392,2016203264,3054490112
250,1,0.01185499900020659,84.35260095615138,False,llava_ov_0.5b,15000,2.0,196,rlt,0.5,39997,235200,0.17005527210884352,none,,,,,0.16666666666666666,491323392,2016203264,3054490112
251,1,0.011755986139178276,85.0630468734032,False,llava_ov_0.5b,15000,2.0,196,rlt,0.5,39997,235200,0.17005527210884352,none,,,,,0.16666666666666666,491323392,2016203264,3054490112
252,1,0.012246948899701238,81.65299032352416,False,llava_ov_0.5b,15000,2.0,196,rlt,0.5,39997,235200,0.17005527210884352,none,,,,,0.16666666666666666,491323392,2016203264,3054490112
253,1,0.05259701912291348,19.012484294273587,False,llava_ov_0.5b,15000,2.0,196,rlt,0.5,39997,235200,0.17005527210884352,none,,,,,0.16666666666666666,491323392,2016203264,3054490112
254,1,0.011895804898813367,84.06324822120715,False,llava_ov_0.5b,15000,2.0,196,rlt,0.5,39997,235200,0.17005527210884352,none,,,,,0.16666666666666666,491323392,2016203264,3054490112
255,1,0.0162883629091084,61.39352405027783,False,llava_ov_0.5b,15000,2.0,196,rlt,0.5,39997,235200,0.17005527210884352,none,,,,,0.16666666666666666,491323392,2016203264,3054490112
256,1,0.051206083968281746,19.528929426031162,False,llava_ov_0.5b,15000,2.0,196,rlt,0.5,39997,235200,0.17005527210884352,none,,,,,0.16666666666666666,491323392,2016203264,3054490112
257,1,0.011842465028166771,84.44187908695909,False,llava_ov_0.5b,15000,2.0,196,rlt,0.5,39997,235200,0.17005527210884352,none,,,,,0.16666666666666666,491323392,2016203264,3054490112
258,1,0.011665917001664639,85.71979381109153,False,llava_ov_0.5b,15000,2.0,196,rlt,0.5,39997,235200,0.17005527210884352,none,,,,,0.16666666666666666,491323392,2016203264,3054490112
259,1,0.011638425989076495,85.92227170053513,False,llava_ov_0.5b,15000,2.0,196,rlt,0.5,39997,235200,0.17005527210884352,none,,,,,0.16666666666666666,491323392,2016203264,3054490112
260,1,0.050915184896439314,19.64050610901216,False,llava_ov_0.5b,15000,2.0,196,rlt,0.5,39997,235200,0.17005527210884352,none,,,,,0.16666666666666666,491323392,2016203264,3054490112
261,1,0.011876019882038236,84.2032945324081,False,llava_ov_0.5b,15000,2.0,196,rlt,0.5,39997,235200,0.17005527210884352,none,,,,,0.16666666666666666,491323392,2016203264,3054490112
262,1,0.011796797160059214,84.7687712547717,False,llava_ov_0.5b,15000,2.0,196,rlt,0.5,39997,235200,0.17005527210884352,none,,,,,0.16666666666666666,491323392,2016203264,3054490112
263,1,0.052104681031778455,19.192133608688703,False,llava_ov_0.5b,15000,2.0,196,rlt,0.5,39997,235200,0.17005527210884352,none,,,,,0.16666666666666666,491323392,2016203264,3054490112
264,1,0.01249465998262167,80.03419071754338,False,llava_ov_0.5b,15000,2.0,196,rlt,0.5,39997,235200,0.17005527210884352,none,,,,,0.16666666666666666,491323392,2016203264,3054490112
265,1,0.011817801045253873,84.6181109472653,False,llava_ov_0.5b,15000,2.0,196,rlt,0.5,39997,235200,0.17005527210884352,none,,,,,0.16666666666666666,491323392,2016203264,3054490112
266,1,0.05086206994019449,19.661016572385613,False,llava_ov_0.5b,15000,2.0,196,rlt,0.5,39997,235200,0.17005527210884352,none,,,,,0.16666666666666666,491323392,2016203264,3054490112
267,1,0.011861278908327222,84.30794079868986,False,llava_ov_0.5b,15000,2.0,196,rlt,0.5,39997,235200,0.17005527210884352,none,,,,,0.16666666666666666,491323392,2016203264,3054490112
268,1,0.0116435750387609,85.88427494743222,False,llava_ov_0.5b,15000,2.0,196,rlt,0.5,39997,235200,0.17005527210884352,none,,,,,0.16666666666666666,491323392,2016203264,3054490112
269,1,0.011591218179091811,86.272209231968,False,llava_ov_0.5b,15000,2.0,196,rlt,0.5,39997,235200,0.17005527210884352,none,,,,,0.16666666666666666,491323392,2016203264,3054490112
270,1,0.01150530599988997,86.91641925991047,False,llava_ov_0.5b,15000,2.0,196,rlt,0.5,39997,235200,0.17005527210884352,none,,,,,0.16666666666666666,491323392,2016203264,3054490112
271,1,0.011507899966090918,86.89682765288121,False,llava_ov_0.5b,15000,2.0,196,rlt,0.5,39997,235200,0.17005527210884352,none,,,,,0.16666666666666666,491323392,2016203264,3054490112
272,1,0.05135657801292837,19.47170233476737,False,llava_ov_0.5b,15000,2.0,196,rlt,0.5,39997,235200,0.17005527210884352,none,,,,,0.16666666666666666,491323392,2016203264,3054490112
273,1,0.011910453904420137,83.95985644416842,False,llava_ov_0.5b,15000,2.0,196,rlt,0.5,39997,235200,0.17005527210884352,none,,,,,0.16666666666666666,491323392,2016203264,3054490112
274,1,0.01164923096075654,85.84257650730419,False,llava_ov_0.5b,15000,2.0,196,rlt,0.5,39997,235200,0.17005527210884352,none,,,,,0.16666666666666666,491323392,2016203264,3054490112
275,1,0.051260564010590315,19.50817395987688,False,llava_ov_0.5b,15000,2.0,196,rlt,0.5,39997,235200,0.17005527210884352,none,,,,,0.16666666666666666,491323392,2016203264,3054490112
276,1,0.012442880077287555,80.36724566889757,False,llava_ov_0.5b,15000,2.0,196,rlt,0.5,39997,235200,0.17005527210884352,none,,,,,0.16666666666666666,491323392,2016203264,3054490112
277,1,0.012970794923603535,77.09627712795422,False,llava_ov_0.5b,15000,2.0,196,rlt,0.5,39997,235200,0.17005527210884352,none,,,,,0.16666666666666666,491323392,2016203264,3054490112
278,1,0.011814679950475693,84.64046459081078,False,llava_ov_0.5b,15000,2.0,196,rlt,0.5,39997,235200,0.17005527210884352,none,,,,,0.16666666666666666,491323392,2016203264,3054490112
279,1,0.05114793800748885,19.551130289036962,False,llava_ov_0.5b,15000,2.0,196,rlt,0.5,39997,235200,0.17005527210884352,none,,,,,0.16666666666666666,491323392,2016203264,3054490112
280,1,0.011781963054090738,84.87549955886142,False,llava_ov_0.5b,15000,2.0,196,rlt,0.5,39997,235200,0.17005527210884352,none,,,,,0.16666666666666666,491323392,2016203264,3054490112
281,1,0.011702743824571371,85.4500461592926,False,llava_ov_0.5b,15000,2.0,196,rlt,0.5,39997,235200,0.17005527210884352,none,,,,,0.16666666666666666,491323392,2016203264,3054490112
282,1,0.011550370138138533,86.57731207228315,False,llava_ov_0.5b,15000,2.0,196,rlt,0.5,39997,235200,0.17005527210884352,none,,,,,0.16666666666666666,491323392,2016203264,3054490112
283,1,0.011583306128159165,86.33113801326438,False,llava_ov_0.5b,15000,2.0,196,rlt,0.5,39997,235200,0.17005527210884352,none,,,,,0.16666666666666666,491323392,2016203264,3054490112
284,1,0.01153791113756597,86.67080098616181,False,llava_ov_0.5b,15000,2.0,196,rlt,0.5,39997,235200,0.17005527210884352,none,,,,,0.16666666666666666,491323392,2016203264,3054490112
285,1,0.0537668177857995,18.59883179220089,False,llava_ov_0.5b,15000,2.0,196,rlt,0.5,39997,235200,0.17005527210884352,none,,,,,0.16666666666666666,491323392,2016203264,3054490112
286,1,0.01184997009113431,84.3883986465216,False,llava_ov_0.5b,15000,2.0,196,rlt,0.5,39997,235200,0.17005527210884352,none,,,,,0.16666666666666666,491323392,2016203264,3054490112
287,1,0.011635781032964587,85.94180288946345,False,llava_ov_0.5b,15000,2.0,196,rlt,0.5,39997,235200,0.17005527210884352,none,,,,,0.16666666666666666,491323392,2016203264,3054490112
288,1,0.050656445790082216,19.740824378874706,False,llava_ov_0.5b,15000,2.0,196,rlt,0.5,39997,235200,0.17005527210884352,none,,,,,0.16666666666666666,491323392,2016203264,3054490112
289,1,0.012538053095340729,79.75719933516714,False,llava_ov_0.5b,15000,2.0,196,rlt,0.5,39997,235200,0.17005527210884352,none,,,,,0.16666666666666666,491323392,2016203264,3054490112
290,1,0.05145045300014317,19.43617483790118,False,llava_ov_0.5b,15000,2.0,196,rlt,0.5,39997,235200,0.17005527210884352,none,,,,,0.16666666666666666,491323392,2016203264,3054490112
291,1,0.01184160984121263,84.44797737885914,False,llava_ov_0.5b,15000,2.0,196,rlt,0.5,39997,235200,0.17005527210884352,none,,,,,0.16666666666666666,491323392,2016203264,3054490112
292,1,0.011707630939781666,85.4143767550849,False,llava_ov_0.5b,15000,2.0,196,rlt,0.5,39997,235200,0.17005527210884352,none,,,,,0.16666666666666666,491323392,2016203264,3054490112
293,1,0.011704494943842292,85.43726190646933,False,llava_ov_0.5b,15000,2.0,196,rlt,0.5,39997,235200,0.17005527210884352,none,,,,,0.16666666666666666,491323392,2016203264,3054490112
294,1,0.051304979948326945,19.491285271082344,False,llava_ov_0.5b,15000,2.0,196,rlt,0.5,39997,235200,0.17005527210884352,none,,,,,0.16666666666666666,491323392,2016203264,3054490112
295,1,0.011800176929682493,84.74449204948547,False,llava_ov_0.5b,15000,2.0,196,rlt,0.5,39997,235200,0.17005527210884352,none,,,,,0.16666666666666666,491323392,2016203264,3054490112
296,1,0.01155778719112277,86.52175225791261,False,llava_ov_0.5b,15000,2.0,196,rlt,0.5,39997,235200,0.17005527210884352,none,,,,,0.16666666666666666,491323392,2016203264,3054490112
297,1,0.052184654865413904,19.16272135130597,False,llava_ov_0.5b,15000,2.0,196,rlt,0.5,39997,235200,0.17005527210884352,none,,,,,0.16666666666666666,491323392,2016203264,3054490112
298,1,0.012005197117105126,83.29725786636105,False,llava_ov_0.5b,15000,2.0,196,rlt,0.5,39997,235200,0.17005527210884352,none,,,,,0.16666666666666666,491323392,2016203264,3054490112
299,1,0.011636409908533096,85.93715826963864,False,llava_ov_0.5b,15000,2.0,196,rlt,0.5,39997,235200,0.17005527210884352,none,,,,,0.16666666666666666,491323392,2016203264,3054490112
300,1,0.011525266105309129,86.76589250632128,False,llava_ov_0.5b,15000,2.0,196,rlt,0.5,39997,235200,0.17005527210884352,none,,,,,0.16666666666666666,491323392,2016203264,3054490112
301,1,0.011419964954257011,87.56594297841788,False,llava_ov_0.5b,15000,2.0,196,rlt,0.5,39997,235200,0.17005527210884352,none,,,,,0.16666666666666666,491323392,2016203264,3054490112
302,1,0.011705521028488874,85.42977263175231,False,llava_ov_0.5b,15000,2.0,196,rlt,0.5,39997,235200,0.17005527210884352,none,,,,,0.16666666666666666,491323392,2016203264,3054490112
303,1,0.05151251680217683,19.412757560270123,False,llava_ov_0.5b,15000,2.0,196,rlt,0.5,39997,235200,0.17005527210884352,none,,,,,0.16666666666666666,491323392,2016203264,3054490112
304,1,0.011790625052526593,84.81314565979788,False,llava_ov_0.5b,15000,2.0,196,rlt,0.5,39997,235200,0.17005527210884352,none,,,,,0.16666666666666666,491323392,2016203264,3054490112
305,1,0.050635506166145205,19.74898792793342,False,llava_ov_0.5b,15000,2.0,196,rlt,0.5,39997,235200,0.17005527210884352,none,,,,,0.16666666666666666,491323392,2016203264,3054490112
306,1,0.011868229135870934,84.25856870066373,False,llava_ov_0.5b,15000,2.0,196,rlt,0.5,39997,235200,0.17005527210884352,none,,,,,0.16666666666666666,491323392,2016203264,3054490112
307,1,0.012268482940271497,81.50967033727402,False,llava_ov_0.5b,15000,2.0,196,rlt,0.5,39997,235200,0.17005527210884352,none,,,,,0.16666666666666666,491323392,2016203264,3054490112
308,1,0.012014791835099459,83.23073871980421,False,llava_ov_0.5b,15000,2.0,196,rlt,0.5,39997,235200,0.17005527210884352,none,,,,,0.16666666666666666,491323392,2016203264,3054490112
309,1,0.011723487870767713,85.2988471539669,False,llava_ov_0.5b,15000,2.0,196,rlt,0.5,39997,235200,0.17005527210884352,none,,,,,0.16666666666666666,491323392,2016203264,3054490112
310,1,0.051023642998188734,19.59875738460107,False,llava_ov_0.5b,15000,2.0,196,rlt,0.5,39997,235200,0.17005527210884352,none,,,,,0.16666666666666666,491323392,2016203264,3054490112
311,1,0.01181038492359221,84.67124538865946,False,llava_ov_0.5b,15000,2.0,196,rlt,0.5,39997,235200,0.17005527210884352,none,,,,,0.16666666666666666,491323392,2016203264,3054490112
312,1,0.011624934850260615,86.02198746753245,False,llava_ov_0.5b,15000,2.0,196,rlt,0.5,39997,235200,0.17005527210884352,none,,,,,0.16666666666666666,491323392,2016203264,3054490112
313,1,0.011679647956043482,85.61901897758511,False,llava_ov_0.5b,15000,2.0,196,rlt,0.5,39997,235200,0.17005527210884352,none,,,,,0.16666666666666666,491323392,2016203264,3054490112
314,1,0.05107127013616264,19.580480323553147,False,llava_ov_0.5b,15000,2.0,196,rlt,0.5,39997,235200,0.17005527210884352,none,,,,,0.16666666666666666,491323392,2016203264,3054490112
315,1,0.011847720947116613,84.40441874547784,False,llava_ov_0.5b,15000,2.0,196,rlt,0.5,39997,235200,0.17005527210884352,none,,,,,0.16666666666666666,491323392,2016203264,3054490112
316,1,0.011763387126848102,85.00952907667687,False,llava_ov_0.5b,15000,2.0,196,rlt,0.5,39997,235200,0.17005527210884352,none,,,,,0.16666666666666666,491323392,2016203264,3054490112
317,1,0.05412233900278807,18.476658962364613,False,llava_ov_0.5b,15000,2.0,196,rlt,0.5,39997,235200,0.17005527210884352,none,,,,,0.16666666666666666,491323392,2016203264,3054490112
318,1,0.011904339073225856,84.0029836052896,False,llava_ov_0.5b,15000,2.0,196,rlt,0.5,39997,235200,0.17005527210884352,none,,,,,0.16666666666666666,491323392,2016203264,3054490112
319,1,0.0534542859531939,18.707573811305394,False,llava_ov_0.5b,15000,2.0,196,rlt,0.5,39997,235200,0.17005527210884352,none,,,,,0.16666666666666666,491323392,2016203264,3054490112
320,1,0.011881056008860469,84.1676025476385,False,llava_ov_0.5b,15000,2.0,196,rlt,0.5,39997,235200,0.17005527210884352,none,,,,,0.16666666666666666,491323392,2016203264,3054490112
321,1,0.011734368046745658,85.21975755459061,False,llava_ov_0.5b,15000,2.0,196,rlt,0.5,39997,235200,0.17005527210884352,none,,,,,0.16666666666666666,491323392,2016203264,3054490112
322,1,0.011753565166145563,85.08056796931324,False,llava_ov_0.5b,15000,2.0,196,rlt,0.5,39997,235200,0.17005527210884352,none,,,,,0.16666666666666666,491323392,2016203264,3054490112
323,1,0.011661789147183299,85.75013553915375,False,llava_ov_0.5b,15000,2.0,196,rlt,0.5,39997,235200,0.17005527210884352,none,,,,,0.16666666666666666,491323392,2016203264,3054490112
324,1,0.011669034138321877,85.69689557389623,False,llava_ov_0.5b,15000,2.0,196,rlt,0.5,39997,235200,0.17005527210884352,none,,,,,0.16666666666666666,491323392,2016203264,3054490112
325,1,0.050992237171158195,19.610828147104943,False,llava_ov_0.5b,15000,2.0,196,rlt,0.5,39997,235200,0.17005527210884352,none,,,,,0.16666666666666666,491323392,2016203264,3054490112
326,1,0.01200235984288156,83.31694875763009,False,llava_ov_0.5b,15000,2.0,196,rlt,0.5,39997,235200,0.17005527210884352,none,,,,,0.16666666666666666,491323392,2016203264,3054490112
327,1,0.011717929039150476,85.33931180662772,False,llava_ov_0.5b,15000,2.0,196,rlt,0.5,39997,235200,0.17005527210884352,none,,,,,0.16666666666666666,491323392,2016203264,3054490112
328,1,0.011636597104370594,85.9357758140831,False,llava_ov_0.5b,15000,2.0,196,rlt,0.5,39997,235200,0.17005527210884352,none,,,,,0.16666666666666666,491323392,2016203264,3054490112
329,1,0.01170566608197987,85.42871400880267,False,llava_ov_0.5b,15000,2.0,196,rlt,0.5,39997,235200,0.17005527210884352,none,,,,,0.16666666666666666,491323392,2016203264,3054490112
330,1,0.01158047397620976,86.35225138922127,False,llava_ov_0.5b,15000,2.0,196,rlt,0.5,39997,235200,0.17005527210884352,none,,,,,0.16666666666666666,491323392,2016203264,3054490112
331,1,0.05079096998088062,19.688539131590375,False,llava_ov_0.5b,15000,2.0,196,rlt,0.5,39997,235200,0.17005527210884352,none,,,,,0.16666666666666666,491323392,2016203264,3054490112
332,1,0.01201858907006681,83.20444223278874,False,llava_ov_0.5b,15000,2.0,196,rlt,0.5,39997,235200,0.17005527210884352,none,,,,,0.16666666666666666,491323392,2016203264,3054490112
333,1,0.012695160927250981,78.77017122748208,False,llava_ov_0.5b,15000,2.0,196,rlt,0.5,39997,235200,0.17005527210884352,none,,,,,0.16666666666666666,491323392,2016203264,3054490112
334,1,0.012259633978828788,81.56850373566651,False,llava_ov_0.5b,15000,2.0,196,rlt,0.5,39997,235200,0.17005527210884352,none,,,,,0.16666666666666666,491323392,2016203264,3054490112
335,1,0.011858207173645496,84.32977981886414,False,llava_ov_0.5b,15000,2.0,196,rlt,0.5,39997,235200,0.17005527210884352,none,,,,,0.16666666666666666,491323392,2016203264,3054490112
336,1,0.051177029963582754,19.540016306370134,False,llava_ov_0.5b,15000,2.0,196,rlt,0.5,39997,235200,0.17005527210884352,none,,,,,0.16666666666666666,491323392,2016203264,3054490112
337,1,0.011798921972513199,84.75350564480405,False,llava_ov_0.5b,15000,2.0,196,rlt,0.5,39997,235200,0.17005527210884352,none,,,,,0.16666666666666666,491323392,2016203264,3054490112
338,1,0.011605088831856847,86.16909482458458,False,llava_ov_0.5b,15000,2.0,196,rlt,0.5,39997,235200,0.17005527210884352,none,,,,,0.16666666666666666,491323392,2016203264,3054490112
339,1,0.011659517884254456,85.76683958351705,False,llava_ov_0.5b,15000,2.0,196,rlt,0.5,39997,235200,0.17005527210884352,none,,,,,0.16666666666666666,491323392,2016203264,3054490112
340,1,0.01162620191462338,86.01261248888211,False,llava_ov_0.5b,15000,2.0,196,rlt,0.5,39997,235200,0.17005527210884352,none,,,,,0.16666666666666666,491323392,2016203264,3054490112
341,1,0.01163002010434866,85.98437414790739,False,llava_ov_0.5b,15000,2.0,196,rlt,0.5,39997,235200,0.17005527210884352,none,,,,,0.16666666666666666,491323392,2016203264,3054490112
342,1,0.011532383970916271,86.71234000896243,False,llava_ov_0.5b,15000,2.0,196,rlt,0.5,39997,235200,0.17005527210884352,none,,,,,0.16666666666666666,491323392,2016203264,3054490112
343,1,0.4827802951913327,2.0713355742982134,True,llava_ov_0.5b,15000,2.0,196,rlt,0.5,39997,235200,0.17005527210884352,none,,,,,0.16666666666666666,491323392,2016203264,3054490112
344,1,0.012004844844341278,83.29970215911369,True,llava_ov_0.5b,15000,2.0,196,rlt,0.5,39997,235200,0.17005527210884352,none,,,,,0.16666666666666666,491323392,2016203264,3054490112
345,1,0.01166197401471436,85.74877621389497,True,llava_ov_0.5b,15000,2.0,196,rlt,0.5,39997,235200,0.17005527210884352,none,,,,,0.16666666666666666,491323392,2016203264,3054490112
346,1,0.06181731214746833,16.176698165304394,True,llava_ov_0.5b,15000,2.0,196,rlt,0.5,39997,235200,0.17005527210884352,none,,,,,0.16666666666666666,491323392,2016203264,3054490112
347,1,0.011928024934604764,83.83617618863865,True,llava_ov_0.5b,15000,2.0,196,rlt,0.5,39997,235200,0.17005527210884352,none,,,,,0.16666666666666666,491323392,2016203264,3054490112
348,1,0.011729006189852953,85.25871534325937,True,llava_ov_0.5b,15000,2.0,196,rlt,0.5,39997,235200,0.17005527210884352,none,,,,,0.16666666666666666,491323392,2016203264,3054490112
349,1,0.011729364050552249,85.2561141158303,True,llava_ov_0.5b,15000,2.0,196,rlt,0.5,39997,235200,0.17005527210884352,none,,,,,0.16666666666666666,491323392,2016203264,3054490112
350,1,0.05861575878225267,17.060258551199954,True,llava_ov_0.5b,15000,2.0,196,rlt,0.5,39997,235200,0.17005527210884352,none,,,,,0.16666666666666666,491323392,2016203264,3054490112
351,1,0.011867525056004524,84.26356761674056,True,llava_ov_0.5b,15000,2.0,196,rlt,0.5,39997,235200,0.17005527210884352,none,,,,,0.16666666666666666,491323392,2016203264,3054490112
352,1,0.011702463962137699,85.45208968260127,True,llava_ov_0.5b,15000,2.0,196,rlt,0.5,39997,235200,0.17005527210884352,none,,,,,0.16666666666666666,491323392,2016203264,3054490112
353,1,0.06220427202060819,16.076066281568274,True,llava_ov_0.5b,15000,2.0,196,rlt,0.5,39997,235200,0.17005527210884352,none,,,,,0.16666666666666666,491323392,2016203264,3054490112
354,1,0.012015046086162329,83.22897746948264,True,llava_ov_0.5b,15000,2.0,196,rlt,0.5,39997,235200,0.17005527210884352,none,,,,,0.16666666666666666,491323392,2016203264,3054490112
355,1,0.011617275886237621,86.0786994982746,True,llava_ov_0.5b,15000,2.0,196,rlt,0.5,39997,235200,0.17005527210884352,none,,,,,0.16666666666666666,491323392,2016203264,3054490112
356,1,0.0625565240625292,15.985542914763561,True,llava_ov_0.5b,15000,2.0,196,rlt,0.5,39997,235200,0.17005527210884352,none,,,,,0.16666666666666666,491323392,2016203264,3054490112
357,1,0.011908177053555846,83.97590962097718,True,llava_ov_0.5b,15000,2.0,196,rlt,0.5,39997,235200,0.17005527210884352,none,,,,,0.16666666666666666,491323392,2016203264,3054490112
358,1,0.011738219996914268,85.19179230435952,True,llava_ov_0.5b,15000,2.0,196,rlt,0.5,39997,235200,0.17005527210884352,none,,,,,0.16666666666666666,491323392,2016203264,3054490112
359,1,0.011832067975774407,84.51607969523604,True,llava_ov_0.5b,15000,2.0,196,rlt,0.5,39997,235200,0.17005527210884352,none,,,,,0.16666666666666666,491323392,2016203264,3054490112
360,1,0.061226821038872004,16.332711433198774,True,llava_ov_0.5b,15000,2.0,196,rlt,0.5,39997,235200,0.17005527210884352,none,,,,,0.16666666666666666,491323392,2016203264,3054490112
361,1,0.011890697991475463,84.09935234390008,True,llava_ov_0.5b,15000,2.0,196,rlt,0.5,39997,235200,0.17005527210884352,none,,,,,0.16666666666666666,491323392,2016203264,3054490112
362,1,0.011820934945717454,84.5956774647749,True,llava_ov_0.5b,15000,2.0,196,rlt,0.5,39997,235200,0.17005527210884352,none,,,,,0.16666666666666666,491323392,2016203264,3054490112
363,1,0.011745964176952839,85.13562487804403,True,llava_ov_0.5b,15000,2.0,196,rlt,0.5,39997,235200,0.17005527210884352,none,,,,,0.16666666666666666,491323392,2016203264,3054490112
364,1,0.011687372112646699,85.56243357032481,True,llava_ov_0.5b,15000,2.0,196,rlt,0.5,39997,235200,0.17005527210884352,none,,,,,0.16666666666666666,491323392,2016203264,3054490112
365,1,0.058561233803629875,17.076142954112687,True,llava_ov_0.5b,15000,2.0,196,rlt,0.5,39997,235200,0.17005527210884352,none,,,,,0.16666666666666666,491323392,2016203264,3054490112
366,1,0.01183592714369297,84.48852277135481,True,llava_ov_0.5b,15000,2.0,196,rlt,0.5,39997,235200,0.17005527210884352,none,,,,,0.16666666666666666,491323392,2016203264,3054490112
367,1,0.011602416867390275,86.18893903136662,True,llava_ov_0.5b,15000,2.0,196,rlt,0.5,39997,235200,0.17005527210884352,none,,,,,0.16666666666666666,491323392,2016203264,3054490112
368,1,0.011555284028872848,86.5404950238635,True,llava_ov_0.5b,15000,2.0,196,rlt,0.5,39997,235200,0.17005527210884352,none,,,,,0.16666666666666666,491323392,2016203264,3054490112
369,1,0.012818000046536326,78.0152907137974,True,llava_ov_0.5b,15000,2.0,196,rlt,0.5,39997,235200,0.17005527210884352,none,,,,,0.16666666666666666,491323392,2016203264,3054490112
370,1,0.062022977974265814,16.123056851847934,True,llava_ov_0.5b,15000,2.0,196,rlt,0.5,39997,235200,0.17005527210884352,none,,,,,0.16666666666666666,491323392,2016203264,3054490112
371,1,0.01569386082701385,63.71918363636178,True,llava_ov_0.5b,15000,2.0,196,rlt,0.5,39997,235200,0.17005527210884352,none,,,,,0.16666666666666666,491323392,2016203264,3054490112
372,1,0.012021202826872468,83.18635118314262,True,llava_ov_0.5b,15000,2.0,196,rlt,0.5,39997,235200,0.17005527210884352,none,,,,,0.16666666666666666,491323392,2016203264,3054490112
373,1,0.011640034150332212,85.910400870384,True,llava_ov_0.5b,15000,2.0,196,rlt,0.5,39997,235200,0.17005527210884352,none,,,,,0.16666666666666666,491323392,2016203264,3054490112
374,1,0.011628282023593783,85.99722624296521,True,llava_ov_0.5b,15000,2.0,196,rlt,0.5,39997,235200,0.17005527210884352,none,,,,,0.16666666666666666,491323392,2016203264,3054490112
375,1,0.059123151935637,16.913847913396534,True,llava_ov_0.5b,15000,2.0,196,rlt,0.5,39997,235200,0.17005527210884352,none,,,,,0.16666666666666666,491323392,2016203264,3054490112
376,1,0.011845044093206525,84.42349324588238,True,llava_ov_0.5b,15000,2.0,196,rlt,0.5,39997,235200,0.17005527210884352,none,,,,,0.16666666666666666,491323392,2016203264,3054490112
377,1,0.011649216990917921,85.84267945044118,True,llava_ov_0.5b,15000,2.0,196,rlt,0.5,39997,235200,0.17005527210884352,none,,,,,0.16666666666666666,491323392,2016203264,3054490112
378,1,0.05999038787558675,16.669337129039512,True,llava_ov_0.5b,15000,2.0,196,rlt,0.5,39997,235200,0.17005527210884352,none,,,,,0.16666666666666666,491323392,2016203264,3054490112
379,1,0.012304641073569655,81.27014790768648,True,llava_ov_0.5b,15000,2.0,196,rlt,0.5,39997,235200,0.17005527210884352,none,,,,,0.16666666666666666,491323392,2016203264,3054490112
380,1,0.012290460988879204,81.36391311154492,True,llava_ov_0.5b,15000,2.0,196,rlt,0.5,39997,235200,0.17005527210884352,none,,,,,0.16666666666666666,491323392,2016203264,3054490112
381,1,0.05868883500806987,17.039016021744125,True,llava_ov_0.5b,15000,2.0,196,rlt,0.5,39997,235200,0.17005527210884352,none,,,,,0.16666666666666666,491323392,2016203264,3054490112
382,1,0.01188427209854126,84.14482533791409,True,llava_ov_0.5b,15000,2.0,196,rlt,0.5,39997,235200,0.17005527210884352,none,,,,,0.16666666666666666,491323392,2016203264,3054490112
383,1,0.011741525959223509,85.16780557082991,True,llava_ov_0.5b,15000,2.0,196,rlt,0.5,39997,235200,0.17005527210884352,none,,,,,0.16666666666666666,491323392,2016203264,3054490112
384,1,0.01164653105661273,85.86247657255974,True,llava_ov_0.5b,15000,2.0,196,rlt,0.5,39997,235200,0.17005527210884352,none,,,,,0.16666666666666666,491323392,2016203264,3054490112
385,1,0.011582858860492706,86.33447165715205,True,llava_ov_0.5b,15000,2.0,196,rlt,0.5,39997,235200,0.17005527210884352,none,,,,,0.16666666666666666,491323392,2016203264,3054490112
386,1,0.05925239995121956,16.87695352126269,True,llava_ov_0.5b,15000,2.0,196,rlt,0.5,39997,235200,0.17005527210884352,none,,,,,0.16666666666666666,491323392,2016203264,3054490112
387,1,0.012228989973664284,81.77290210831376,True,llava_ov_0.5b,15000,2.0,196,rlt,0.5,39997,235200,0.17005527210884352,none,,,,,0.16666666666666666,491323392,2016203264,3054490112
388,1,0.011852237861603498,84.37225203179555,True,llava_ov_0.5b,15000,2.0,196,rlt,0.5,39997,235200,0.17005527210884352,none,,,,,0.16666666666666666,491323392,2016203264,3054490112
389,1,0.011671926826238632,85.6756570604939,True,llava_ov_0.5b,15000,2.0,196,rlt,0.5,39997,235200,0.17005527210884352,none,,,,,0.16666666666666666,491323392,2016203264,3054490112
390,1,0.011570309055969119,86.42811485524669,True,llava_ov_0.5b,15000,2.0,196,rlt,0.5,39997,235200,0.17005527210884352,none,,,,,0.16666666666666666,491323392,2016203264,3054490112
391,1,0.05877371784299612,17.014407743803584,True,llava_ov_0.5b,15000,2.0,196,rlt,0.5,39997,235200,0.17005527210884352,none,,,,,0.16666666666666666,491323392,2016203264,3054490112
392,1,0.012372924946248531,80.82163306932527,True,llava_ov_0.5b,15000,2.0,196,rlt,0.5,39997,235200,0.17005527210884352,none,,,,,0.16666666666666666,491323392,2016203264,3054490112
393,1,0.012126134941354394,82.46650765774076,True,llava_ov_0.5b,15000,2.0,196,rlt,0.5,39997,235200,0.17005527210884352,none,,,,,0.16666666666666666,491323392,2016203264,3054490112
394,1,0.012214477872475982,81.87005702907636,True,llava_ov_0.5b,15000,2.0,196,rlt,0.5,39997,235200,0.17005527210884352,none,,,,,0.16666666666666666,491323392,2016203264,3054490112
395,1,0.011905153980478644,83.99723360485214,True,llava_ov_0.5b,15000,2.0,196,rlt,0.5,39997,235200,0.17005527210884352,none,,,,,0.16666666666666666,491323392,2016203264,3054490112
396,1,0.05992505489848554,16.687510786498628,True,llava_ov_0.5b,15000,2.0,196,rlt,0.5,39997,235200,0.17005527210884352,none,,,,,0.16666666666666666,491323392,2016203264,3054490112
397,1,0.012232631910592318,81.74855642750873,True,llava_ov_0.5b,15000,2.0,196,rlt,0.5,39997,235200,0.17005527210884352,none,,,,,0.16666666666666666,491323392,2016203264,3054490112
398,1,0.01257731020450592,79.50825603726798,True,llava_ov_0.5b,15000,2.0,196,rlt,0.5,39997,235200,0.17005527210884352,none,,,,,0.16666666666666666,491323392,2016203264,3054490112
399,1,0.011985088000074029,83.43701773352213,True,llava_ov_0.5b,15000,2.0,196,rlt,0.5,39997,235200,0.17005527210884352,none,,,,,0.16666666666666666,491323392,2016203264,3054490112
400,1,0.011720540001988411,85.32030092729073,True,llava_ov_0.5b,15000,2.0,196,rlt,0.5,39997,235200,0.17005527210884352,none,,,,,0.16666666666666666,491323392,2016203264,3054490112
401,1,0.05861985287629068,17.05906703843774,True,llava_ov_0.5b,15000,2.0,196,rlt,0.5,39997,235200,0.17005527210884352,none,,,,,0.16666666666666666,491323392,2016203264,3054490112
402,1,0.012157484889030457,82.25385506358204,True,llava_ov_0.5b,15000,2.0,196,rlt,0.5,39997,235200,0.17005527210884352,none,,,,,0.16666666666666666,491323392,2016203264,3054490112
403,1,0.012982286047190428,77.02803623067724,True,llava_ov_0.5b,15000,2.0,196,rlt,0.5,39997,235200,0.17005527210884352,none,,,,,0.16666666666666666,491323392,2016203264,3054490112
404,1,0.012395723024383187,80.67298680625046,True,llava_ov_0.5b,15000,2.0,196,rlt,0.5,39997,235200,0.17005527210884352,none,,,,,0.16666666666666666,491323392,2016203264,3054490112
405,1,0.0600623800419271,16.649356873669355,True,llava_ov_0.5b,15000,2.0,196,rlt,0.5,39997,235200,0.17005527210884352,none,,,,,0.16666666666666666,491323392,2016203264,3054490112
406,1,0.012326402124017477,81.12667345579632,True,llava_ov_0.5b,15000,2.0,196,rlt,0.5,39997,235200,0.17005527210884352,none,,,,,0.16666666666666666,491323392,2016203264,3054490112
407,1,0.011810100171715021,84.67328688667537,True,llava_ov_0.5b,15000,2.0,196,rlt,0.5,39997,235200,0.17005527210884352,none,,,,,0.16666666666666666,491323392,2016203264,3054490112
408,1,0.060286486987024546,16.58746511826489,True,llava_ov_0.5b,15000,2.0,196,rlt,0.5,39997,235200,0.17005527210884352,none,,,,,0.16666666666666666,491323392,2016203264,3054490112
409,1,0.012503505917266011,79.97756842095835,True,llava_ov_0.5b,15000,2.0,196,rlt,0.5,39997,235200,0.17005527210884352,none,,,,,0.16666666666666666,491323392,2016203264,3054490112
410,1,0.011904591927304864,84.00119937806173,True,llava_ov_0.5b,15000,2.0,196,rlt,0.5,39997,235200,0.17005527210884352,none,,,,,0.16666666666666666,491323392,2016203264,3054490112
411,1,0.011765219969674945,84.99628588139593,True,llava_ov_0.5b,15000,2.0,196,rlt,0.5,39997,235200,0.17005527210884352,none,,,,,0.16666666666666666,491323392,2016203264,3054490112
412,1,0.05961810308508575,16.773428677742736,True,llava_ov_0.5b,15000,2.0,196,rlt,0.5,39997,235200,0.17005527210884352,none,,,,,0.16666666666666666,491323392,2016203264,3054490112
413,1,0.011907595209777355,83.98001295667974,True,llava_ov_0.5b,15000,2.0,196,rlt,0.5,39997,235200,0.17005527210884352,none,,,,,0.16666666666666666,491323392,2016203264,3054490112
414,1,0.011653094086796045,85.81411876980258,True,llava_ov_0.5b,15000,2.0,196,rlt,0.5,39997,235200,0.17005527210884352,none,,,,,0.16666666666666666,491323392,2016203264,3054490112
415,1,0.011575204087421298,86.39156531906801,True,llava_ov_0.5b,15000,2.0,196,rlt,0.5,39997,235200,0.17005527210884352,none,,,,,0.16666666666666666,491323392,2016203264,3054490112
416,1,0.011633205926045775,85.96082682256004,True,llava_ov_0.5b,15000,2.0,196,rlt,0.5,39997,235200,0.17005527210884352,none,,,,,0.16666666666666666,491323392,2016203264,3054490112
417,1,0.05817766301333904,17.188727566638743,True,llava_ov_0.5b,15000,2.0,196,rlt,0.5,39997,235200,0.17005527210884352,none,,,,,0.16666666666666666,491323392,2016203264,3054490112
418,1,0.011868817964568734,84.25438851495066,True,llava_ov_0.5b,15000,2.0,196,rlt,0.5,39997,235200,0.17005527210884352,none,,,,,0.16666666666666666,491323392,2016203264,3054490112
419,1,0.011712094070389867,85.38182787723395,True,llava_ov_0.5b,15000,2.0,196,rlt,0.5,39997,235200,0.17005527210884352,none,,,,,0.16666666666666666,491323392,2016203264,3054490112
420,1,0.062452035024762154,16.012288464315073,True,llava_ov_0.5b,15000,2.0,196,rlt,0.5,39997,235200,0.17005527210884352,none,,,,,0.16666666666666666,491323392,2016203264,3054490112
421,1,0.011915737995877862,83.92262404107413,True,llava_ov_0.5b,15000,2.0,196,rlt,0.5,39997,235200,0.17005527210884352,none,,,,,0.16666666666666666,491323392,2016203264,3054490112
422,1,0.011757947970181704,85.04885397826321,True,llava_ov_0.5b,15000,2.0,196,rlt,0.5,39997,235200,0.17005527210884352,none,,,,,0.16666666666666666,491323392,2016203264,3054490112
423,1,0.011650907108560205,85.83022683832709,True,llava_ov_0.5b,15000,2.0,196,rlt,0.5,39997,235200,0.17005527210884352,none,,,,,0.16666666666666666,491323392,2016203264,3054490112
424,1,0.0585807419847697,17.07045636704274,True,llava_ov_0.5b,15000,2.0,196,rlt,0.5,39997,235200,0.17005527210884352,none,,,,,0.16666666666666666,491323392,2016203264,3054490112
425,1,0.011887278873473406,84.1235416989763,True,llava_ov_0.5b,15000,2.0,196,rlt,0.5,39997,235200,0.17005527210884352,none,,,,,0.16666666666666666,491323392,2016203264,3054490112
426,1,0.011818574974313378,84.61256980417784,True,llava_ov_0.5b,15000,2.0,196,rlt,0.5,39997,235200,0.17005527210884352,none,,,,,0.16666666666666666,491323392,2016203264,3054490112
427,1,0.011630344903096557,85.98197287629466,True,llava_ov_0.5b,15000,2.0,196,rlt,0.5,39997,235200,0.17005527210884352,none,,,,,0.16666666666666666,491323392,2016203264,3054490112
428,1,0.0595609899610281,16.78951274406821,True,llava_ov_0.5b,15000,2.0,196,rlt,0.5,39997,235200,0.17005527210884352,none,,,,,0.16666666666666666,491323392,2016203264,3054490112
429,1,0.011851726099848747,84.37589525569292,True,llava_ov_0.5b,15000,2.0,196,rlt,0.5,39997,235200,0.17005527210884352,none,,,,,0.16666666666666666,491323392,2016203264,3054490112
430,1,0.01159083703532815,86.27504613791587,True,llava_ov_0.5b,15000,2.0,196,rlt,0.5,39997,235200,0.17005527210884352,none,,,,,0.16666666666666666,491323392,2016203264,3054490112
431,1,0.011656685033813119,85.78768295611067,True,llava_ov_0.5b,15000,2.0,196,rlt,0.5,39997,235200,0.17005527210884352,none,,,,,0.16666666666666666,491323392,2016203264,3054490112
432,1,0.011554938973858953,86.54307930680783,True,llava_ov_0.5b,15000,2.0,196,rlt,0.5,39997,235200,0.17005527210884352,none,,,,,0.16666666666666666,491323392,2016203264,3054490112
433,1,0.01156046218238771,86.50173187050373,True,llava_ov_0.5b,15000,2.0,196,rlt,0.5,39997,235200,0.17005527210884352,none,,,,,0.16666666666666666,491323392,2016203264,3054490112
434,1,0.06375670293346047,15.684625364703184,True,llava_ov_0.5b,15000,2.0,196,rlt,0.5,39997,235200,0.17005527210884352,none,,,,,0.16666666666666666,491323392,2016203264,3054490112
435,1,0.01185211818665266,84.37310396770735,True,llava_ov_0.5b,15000,2.0,196,rlt,0.5,39997,235200,0.17005527210884352,none,,,,,0.16666666666666666,491323392,2016203264,3054490112
436,1,0.01166933192871511,85.6947086695912,True,llava_ov_0.5b,15000,2.0,196,rlt,0.5,39997,235200,0.17005527210884352,none,,,,,0.16666666666666666,491323392,2016203264,3054490112
437,1,0.05957446480169892,16.785715210847894,True,llava_ov_0.5b,15000,2.0,196,rlt,0.5,39997,235200,0.17005527210884352,none,,,,,0.16666666666666666,491323392,2016203264,3054490112
438,1,0.011882012942805886,84.16082399619523,True,llava_ov_0.5b,15000,2.0,196,rlt,0.5,39997,235200,0.17005527210884352,none,,,,,0.16666666666666666,491323392,2016203264,3054490112
439,1,0.011603936087340117,86.17765493305319,True,llava_ov_0.5b,15000,2.0,196,rlt,0.5,39997,235200,0.17005527210884352,none,,,,,0.16666666666666666,491323392,2016203264,3054490112
440,1,0.011541546089574695,86.64350445243078,True,llava_ov_0.5b,15000,2.0,196,rlt,0.5,39997,235200,0.17005527210884352,none,,,,,0.16666666666666666,491323392,2016203264,3054490112
441,1,0.011998764937743545,83.34191103739192,True,llava_ov_0.5b,15000,2.0,196,rlt,0.5,39997,235200,0.17005527210884352,none,,,,,0.16666666666666666,491323392,2016203264,3054490112
442,1,0.012171734822914004,82.15755720519324,True,llava_ov_0.5b,15000,2.0,196,rlt,0.5,39997,235200,0.17005527210884352,none,,,,,0.16666666666666666,491323392,2016203264,3054490112
443,1,0.011596419848501682,86.23351112362538,True,llava_ov_0.5b,15000,2.0,196,rlt,0.5,39997,235200,0.17005527210884352,none,,,,,0.16666666666666666,491323392,2016203264,3054490112
444,1,0.01171496999450028,85.3608673747744,True,llava_ov_0.5b,15000,2.0,196,rlt,0.5,39997,235200,0.17005527210884352,none,,,,,0.16666666666666666,491323392,2016203264,3054490112
445,1,0.01158235501497984,86.33822730409034,True,llava_ov_0.5b,15000,2.0,196,rlt,0.5,39997,235200,0.17005527210884352,none,,,,,0.16666666666666666,491323392,2016203264,3054490112
446,1,0.014686278998851776,68.09076690414116,True,llava_ov_0.5b,15000,2.0,196,rlt,0.5,39997,235200,0.17005527210884352,none,,,,,0.16666666666666666,491323392,2016203264,3054490112
447,1,0.011880365898832679,84.17249169895149,True,llava_ov_0.5b,15000,2.0,196,rlt,0.5,39997,235200,0.17005527210884352,none,,,,,0.16666666666666666,491323392,2016203264,3054490112
448,1,0.05863330187276006,17.055154119924833,True,llava_ov_0.5b,15000,2.0,196,rlt,0.5,39997,235200,0.17005527210884352,none,,,,,0.16666666666666666,491323392,2016203264,3054490112
449,1,0.011958841932937503,83.62013693364084,True,llava_ov_0.5b,15000,2.0,196,rlt,0.5,39997,235200,0.17005527210884352,none,,,,,0.16666666666666666,491323392,2016203264,3054490112
450,1,0.012522163800895214,79.85840274094718,True,llava_ov_0.5b,15000,2.0,196,rlt,0.5,39997,235200,0.17005527210884352,none,,,,,0.16666666666666666,491323392,2016203264,3054490112
451,1,0.012072548968717456,82.83254866815723,True,llava_ov_0.5b,15000,2.0,196,rlt,0.5,39997,235200,0.17005527210884352,none,,,,,0.16666666666666666,491323392,2016203264,3054490112
452,1,0.012300940928980708,81.29459411060377,True,llava_ov_0.5b,15000,2.0,196,rlt,0.5,39997,235200,0.17005527210884352,none,,,,,0.16666666666666666,491323392,2016203264,3054490112
453,1,0.011713686864823103,85.37021789468005,True,llava_ov_0.5b,15000,2.0,196,rlt,0.5,39997,235200,0.17005527210884352,none,,,,,0.16666666666666666,491323392,2016203264,3054490112
454,1,0.011735963867977262,85.2081696270895,True,llava_ov_0.5b,15000,2.0,196,rlt,0.5,39997,235200,0.17005527210884352,none,,,,,0.16666666666666666,491323392,2016203264,3054490112
455,1,0.01165140001103282,85.8265958642816,True,llava_ov_0.5b,15000,2.0,196,rlt,0.5,39997,235200,0.17005527210884352,none,,,,,0.16666666666666666,491323392,2016203264,3054490112
456,1,0.011605662992224097,86.16483182994452,True,llava_ov_0.5b,15000,2.0,196,rlt,0.5,39997,235200,0.17005527210884352,none,,,,,0.16666666666666666,491323392,2016203264,3054490112
457,1,0.01158528495579958,86.31639220055621,True,llava_ov_0.5b,15000,2.0,196,rlt,0.5,39997,235200,0.17005527210884352,none,,,,,0.16666666666666666,491323392,2016203264,3054490112
458,1,0.011512045050039887,86.86553915079885,True,llava_ov_0.5b,15000,2.0,196,rlt,0.5,39997,235200,0.17005527210884352,none,,,,,0.16666666666666666,491323392,2016203264,3054490112
459,1,0.011659564916044474,85.76649362138048,True,llava_ov_0.5b,15000,2.0,196,rlt,0.5,39997,235200,0.17005527210884352,none,,,,,0.16666666666666666,491323392,2016203264,3054490112
460,1,0.011528826085850596,86.7391001090134,True,llava_ov_0.5b,15000,2.0,196,rlt,0.5,39997,235200,0.17005527210884352,none,,,,,0.16666666666666666,491323392,2016203264,3054490112
461,1,0.011560413986444473,86.5020925005438,True,llava_ov_0.5b,15000,2.0,196,rlt,0.5,39997,235200,0.17005527210884352,none,,,,,0.16666666666666666,491323392,2016203264,3054490112
462,1,0.05965126818045974,16.764102935326612,True,llava_ov_0.5b,15000,2.0,196,rlt,0.5,39997,235200,0.17005527210884352,none,,,,,0.16666666666666666,491323392,2016203264,3054490112
463,1,0.011915505165234208,83.92426390092915,True,llava_ov_0.5b,15000,2.0,196,rlt,0.5,39997,235200,0.17005527210884352,none,,,,,0.16666666666666666,491323392,2016203264,3054490112
464,1,0.011741955997422338,85.1646863792988,True,llava_ov_0.5b,15000,2.0,196,rlt,0.5,39997,235200,0.17005527210884352,none,,,,,0.16666666666666666,491323392,2016203264,3054490112
465,1,0.011566346976906061,86.45772100704305,True,llava_ov_0.5b,15000,2.0,196,rlt,0.5,39997,235200,0.17005527210884352,none,,,,,0.16666666666666666,491323392,2016203264,3054490112
466,1,0.01149748801253736,86.97552012313965,True,llava_ov_0.5b,15000,2.0,196,rlt,0.5,39997,235200,0.17005527210884352,none,,,,,0.16666666666666666,491323392,2016203264,3054490112
467,1,0.011568079004064202,86.44477615070497,True,llava_ov_0.5b,15000,2.0,196,rlt,0.5,39997,235200,0.17005527210884352,none,,,,,0.16666666666666666,491323392,2016203264,3054490112
468,1,0.06073988415300846,16.463646810404228,True,llava_ov_0.5b,15000,2.0,196,rlt,0.5,39997,235200,0.17005527210884352,none,,,,,0.16666666666666666,491323392,2016203264,3054490112
469,1,0.011899990029633045,84.03368385266089,True,llava_ov_0.5b,15000,2.0,196,rlt,0.5,39997,235200,0.17005527210884352,none,,,,,0.16666666666666666,491323392,2016203264,3054490112
470,1,0.011753971921280026,85.07762369157493,True,llava_ov_0.5b,15000,2.0,196,rlt,0.5,39997,235200,0.17005527210884352,none,,,,,0.16666666666666666,491323392,2016203264,3054490112
471,1,0.059485187055543065,16.810907883104925,True,llava_ov_0.5b,15000,2.0,196,rlt,0.5,39997,235200,0.17005527210884352,none,,,,,0.16666666666666666,491323392,2016203264,3054490112
472,1,0.012256256071850657,81.5909845663826,True,llava_ov_0.5b,15000,2.0,196,rlt,0.5,39997,235200,0.17005527210884352,none,,,,,0.16666666666666666,491323392,2016203264,3054490112
473,1,0.01251627691090107,79.8959632419964,True,llava_ov_0.5b,15000,2.0,196,rlt,0.5,39997,235200,0.17005527210884352,none,,,,,0.16666666666666666,491323392,2016203264,3054490112
474,1,0.012642849935218692,79.09609029008081,True,llava_ov_0.5b,15000,2.0,196,rlt,0.5,39997,235200,0.17005527210884352,none,,,,,0.16666666666666666,491323392,2016203264,3054490112
475,1,0.01186229195445776,84.30074085507628,True,llava_ov_0.5b,15000,2.0,196,rlt,0.5,39997,235200,0.17005527210884352,none,,,,,0.16666666666666666,491323392,2016203264,3054490112
476,1,0.011697310023009777,85.489740635488,True,llava_ov_0.5b,15000,2.0,196,rlt,0.5,39997,235200,0.17005527210884352,none,,,,,0.16666666666666666,491323392,2016203264,3054490112
477,1,0.011658050119876862,85.77763774535588,True,llava_ov_0.5b,15000,2.0,196,rlt,0.5,39997,235200,0.17005527210884352,none,,,,,0.16666666666666666,491323392,2016203264,3054490112
478,1,0.058336235117167234,17.14200441614922,True,llava_ov_0.5b,15000,2.0,196,rlt,0.5,39997,235200,0.17005527210884352,none,,,,,0.16666666666666666,491323392,2016203264,3054490112
479,1,0.01245609880425036,80.28195791597068,True,llava_ov_0.5b,15000,2.0,196,rlt,0.5,39997,235200,0.17005527210884352,none,,,,,0.16666666666666666,491323392,2016203264,3054490112
480,1,0.012965667061507702,77.12676835338357,True,llava_ov_0.5b,15000,2.0,196,rlt,0.5,39997,235200,0.17005527210884352,none,,,,,0.16666666666666666,491323392,2016203264,3054490112
481,1,0.011903619859367609,84.00805904542099,True,llava_ov_0.5b,15000,2.0,196,rlt,0.5,39997,235200,0.17005527210884352,none,,,,,0.16666666666666666,491323392,2016203264,3054490112
482,1,0.011753157945349813,85.08351582186083,True,llava_ov_0.5b,15000,2.0,196,rlt,0.5,39997,235200,0.17005527210884352,none,,,,,0.16666666666666666,491323392,2016203264,3054490112
483,1,0.059525752905756235,16.799451517786654,True,llava_ov_0.5b,15000,2.0,196,rlt,0.5,39997,235200,0.17005527210884352,none,,,,,0.16666666666666666,491323392,2016203264,3054490112
484,1,0.011898704105988145,84.0427655896359,True,llava_ov_0.5b,15000,2.0,196,rlt,0.5,39997,235200,0.17005527210884352,none,,,,,0.16666666666666666,491323392,2016203264,3054490112
485,1,0.011725791962817311,85.28208612015437,True,llava_ov_0.5b,15000,2.0,196,rlt,0.5,39997,235200,0.17005527210884352,none,,,,,0.16666666666666666,491323392,2016203264,3054490112
486,1,0.011640788055956364,85.9048369571783,True,llava_ov_0.5b,15000,2.0,196,rlt,0.5,39997,235200,0.17005527210884352,none,,,,,0.16666666666666666,491323392,2016203264,3054490112
487,1,0.01159578887745738,86.23820341745227,True,llava_ov_0.5b,15000,2.0,196,rlt,0.5,39997,235200,0.17005527210884352,none,,,,,0.16666666666666666,491323392,2016203264,3054490112
488,1,0.011531676165759563,86.71766234376669,True,llava_ov_0.5b,15000,2.0,196,rlt,0.5,39997,235200,0.17005527210884352,none,,,,,0.16666666666666666,491323392,2016203264,3054490112
489,1,0.011606524931266904,86.15843294370501,True,llava_ov_0.5b,15000,2.0,196,rlt,0.5,39997,235200,0.17005527210884352,none,,,,,0.16666666666666666,491323392,2016203264,3054490112
490,1,0.011513794073835015,86.85234368334676,True,llava_ov_0.5b,15000,2.0,196,rlt,0.5,39997,235200,0.17005527210884352,none,,,,,0.16666666666666666,491323392,2016203264,3054490112
491,1,0.05834450386464596,17.139575002984184,True,llava_ov_0.5b,15000,2.0,196,rlt,0.5,39997,235200,0.17005527210884352,none,,,,,0.16666666666666666,491323392,2016203264,3054490112
492,1,0.011883680941537023,84.14901114558711,True,llava_ov_0.5b,15000,2.0,196,rlt,0.5,39997,235200,0.17005527210884352,none,,,,,0.16666666666666666,491323392,2016203264,3054490112
493,1,0.011649226071313024,85.84261253737405,True,llava_ov_0.5b,15000,2.0,196,rlt,0.5,39997,235200,0.17005527210884352,none,,,,,0.16666666666666666,491323392,2016203264,3054490112
494,1,0.012006290024146438,83.28967549416606,True,llava_ov_0.5b,15000,2.0,196,rlt,0.5,39997,235200,0.17005527210884352,none,,,,,0.16666666666666666,491323392,2016203264,3054490112
495,1,0.012323656119406223,81.14475041422868,True,llava_ov_0.5b,15000,2.0,196,rlt,0.5,39997,235200,0.17005527210884352,none,,,,,0.16666666666666666,491323392,2016203264,3054490112
496,1,0.05975128500722349,16.736041741681497,True,llava_ov_0.5b,15000,2.0,196,rlt,0.5,39997,235200,0.17005527210884352,none,,,,,0.16666666666666666,491323392,2016203264,3054490112
497,1,0.012034880928695202,83.09180671789314,True,llava_ov_0.5b,15000,2.0,196,rlt,0.5,39997,235200,0.17005527210884352,none,,,,,0.16666666666666666,491323392,2016203264,3054490112
498,1,0.012873621191829443,77.67822162071029,True,llava_ov_0.5b,15000,2.0,196,rlt,0.5,39997,235200,0.17005527210884352,none,,,,,0.16666666666666666,491323392,2016203264,3054490112
499,1,0.01215091091580689,82.29835663588966,True,llava_ov_0.5b,15000,2.0,196,rlt,0.5,39997,235200,0.17005527210884352,none,,,,,0.16666666666666666,491323392,2016203264,3054490112
500,1,0.01173861394636333,85.1889332564518,True,llava_ov_0.5b,15000,2.0,196,rlt,0.5,39997,235200,0.17005527210884352,none,,,,,0.16666666666666666,491323392,2016203264,3054490112
501,1,0.01172139379195869,85.31408617002843,True,llava_ov_0.5b,15000,2.0,196,rlt,0.5,39997,235200,0.17005527210884352,none,,,,,0.16666666666666666,491323392,2016203264,3054490112
502,1,0.011559920152649283,86.50578782508472,True,llava_ov_0.5b,15000,2.0,196,rlt,0.5,39997,235200,0.17005527210884352,none,,,,,0.16666666666666666,491323392,2016203264,3054490112
503,1,0.011573916068300605,86.40117952288121,True,llava_ov_0.5b,15000,2.0,196,rlt,0.5,39997,235200,0.17005527210884352,none,,,,,0.16666666666666666,491323392,2016203264,3054490112
504,1,0.011484415968880057,87.0745193059668,True,llava_ov_0.5b,15000,2.0,196,rlt,0.5,39997,235200,0.17005527210884352,none,,,,,0.16666666666666666,491323392,2016203264,3054490112
505,1,0.06078617600724101,16.451108881744386,True,llava_ov_0.5b,15000,2.0,196,rlt,0.5,39997,235200,0.17005527210884352,none,,,,,0.16666666666666666,491323392,2016203264,3054490112
506,1,0.01182992197573185,84.53141128499588,True,llava_ov_0.5b,15000,2.0,196,rlt,0.5,39997,235200,0.17005527210884352,none,,,,,0.16666666666666666,491323392,2016203264,3054490112
507,1,0.011607414111495018,86.1518328194807,True,llava_ov_0.5b,15000,2.0,196,rlt,0.5,39997,235200,0.17005527210884352,none,,,,,0.16666666666666666,491323392,2016203264,3054490112
508,1,0.01146768406033516,87.20156526275747,True,llava_ov_0.5b,15000,2.0,196,rlt,0.5,39997,235200,0.17005527210884352,none,,,,,0.16666666666666666,491323392,2016203264,3054490112
509,1,0.011701513081789017,85.45903363183801,True,llava_ov_0.5b,15000,2.0,196,rlt,0.5,39997,235200,0.17005527210884352,none,,,,,0.16666666666666666,491323392,2016203264,3054490112
510,1,0.012241665972396731,81.68822791398345,True,llava_ov_0.5b,15000,2.0,196,rlt,0.5,39997,235200,0.17005527210884352,none,,,,,0.16666666666666666,491323392,2016203264,3054490112
511,1,0.06166632007807493,16.216307357629137,True,llava_ov_0.5b,15000,2.0,196,rlt,0.5,39997,235200,0.17005527210884352,none,,,,,0.16666666666666666,491323392,2016203264,3054490112
512,1,0.01224696496501565,81.65288321282645,True,llava_ov_0.5b,15000,2.0,196,rlt,0.5,39997,235200,0.17005527210884352,none,,,,,0.16666666666666666,491323392,2016203264,3054490112
513,1,0.013344818027690053,74.93545419091016,True,llava_ov_0.5b,15000,2.0,196,rlt,0.5,39997,235200,0.17005527210884352,none,,,,,0.16666666666666666,491323392,2016203264,3054490112
514,1,0.012226361082866788,81.79048477484717,True,llava_ov_0.5b,15000,2.0,196,rlt,0.5,39997,235200,0.17005527210884352,none,,,,,0.16666666666666666,491323392,2016203264,3054490112
515,1,0.012343426002189517,81.01478469775058,True,llava_ov_0.5b,15000,2.0,196,rlt,0.5,39997,235200,0.17005527210884352,none,,,,,0.16666666666666666,491323392,2016203264,3054490112
516,1,0.01267089694738388,78.9210112080082,True,llava_ov_0.5b,15000,2.0,196,rlt,0.5,39997,235200,0.17005527210884352,none,,,,,0.16666666666666666,491323392,2016203264,3054490112
517,1,0.06213557091541588,16.093841020005808,True,llava_ov_0.5b,15000,2.0,196,rlt,0.5,39997,235200,0.17005527210884352,none,,,,,0.16666666666666666,491323392,2016203264,3054490112
518,1,0.011950097978115082,83.68132226458384,True,llava_ov_0.5b,15000,2.0,196,rlt,0.5,39997,235200,0.17005527210884352,none,,,,,0.16666666666666666,491323392,2016203264,3054490112
519,1,0.011641197139397264,85.90181817432706,True,llava_ov_0.5b,15000,2.0,196,rlt,0.5,39997,235200,0.17005527210884352,none,,,,,0.16666666666666666,491323392,2016203264,3054490112
520,1,0.011573974043130875,86.40074673344353,True,llava_ov_0.5b,15000,2.0,196,rlt,0.5,39997,235200,0.17005527210884352,none,,,,,0.16666666666666666,491323392,2016203264,3054490112
521,1,0.011558440048247576,86.51686523663842,True,llava_ov_0.5b,15000,2.0,196,rlt,0.5,39997,235200,0.17005527210884352,none,,,,,0.16666666666666666,491323392,2016203264,3054490112
522,1,0.011707746889442205,85.41353083929228,True,llava_ov_0.5b,15000,2.0,196,rlt,0.5,39997,235200,0.17005527210884352,none,,,,,0.16666666666666666,491323392,2016203264,3054490112
523,1,0.011504639871418476,86.92145179479695,True,llava_ov_0.5b,15000,2.0,196,rlt,0.5,39997,235200,0.17005527210884352,none,,,,,0.16666666666666666,491323392,2016203264,3054490112
524,1,0.01159529504366219,86.24187622949573,True,llava_ov_0.5b,15000,2.0,196,rlt,0.5,39997,235200,0.17005527210884352,none,,,,,0.16666666666666666,491323392,2016203264,3054490112
525,1,0.011596109950914979,86.23581565135953,True,llava_ov_0.5b,15000,2.0,196,rlt,0.5,39997,235200,0.17005527210884352,none,,,,,0.16666666666666666,491323392,2016203264,3054490112
526,1,0.011572058079764247,86.4150519386585,True,llava_ov_0.5b,15000,2.0,196,rlt,0.5,39997,235200,0.17005527210884352,none,,,,,0.16666666666666666,491323392,2016203264,3054490112
527,1,0.011503415880724788,86.93070044312731,True,llava_ov_0.5b,15000,2.0,196,rlt,0.5,39997,235200,0.17005527210884352,none,,,,,0.16666666666666666,491323392,2016203264,3054490112
528,1,0.011466303141787648,87.21206718803839,True,llava_ov_0.5b,15000,2.0,196,rlt,0.5,39997,235200,0.17005527210884352,none,,,,,0.16666666666666666,491323392,2016203264,3054490112
529,1,0.01146635808981955,87.21164925835116,True,llava_ov_0.5b,15000,2.0,196,rlt,0.5,39997,235200,0.17005527210884352,none,,,,,0.16666666666666666,491323392,2016203264,3054490112
530,1,0.011532635893672705,86.7104458355997,True,llava_ov_0.5b,15000,2.0,196,rlt,0.5,39997,235200,0.17005527210884352,none,,,,,0.16666666666666666,491323392,2016203264,3054490112
531,1,0.01301832590252161,76.81479227726993,True,llava_ov_0.5b,15000,2.0,196,rlt,0.5,39997,235200,0.17005527210884352,none,,,,,0.16666666666666666,491323392,2016203264,3054490112
532,1,0.06596014089882374,15.160671071547588,True,llava_ov_0.5b,15000,2.0,196,rlt,0.5,39997,235200,0.17005527210884352,none,,,,,0.16666666666666666,491323392,2016203264,3054490112
533,1,0.011873641051352024,84.22016428449572,True,llava_ov_0.5b,15000,2.0,196,rlt,0.5,39997,235200,0.17005527210884352,none,,,,,0.16666666666666666,491323392,2016203264,3054490112
534,1,0.011917658848688006,83.90909764211686,True,llava_ov_0.5b,15000,2.0,196,rlt,0.5,39997,235200,0.17005527210884352,none,,,,,0.16666666666666666,491323392,2016203264,3054490112
535,1,0.01313074305653572,76.15715239376786,True,llava_ov_0.5b,15000,2.0,196,rlt,0.5,39997,235200,0.17005527210884352,none,,,,,0.16666666666666666,491323392,2016203264,3054490112
536,1,0.011933063855394721,83.80077506649042,True,llava_ov_0.5b,15000,2.0,196,rlt,0.5,39997,235200,0.17005527210884352,none,,,,,0.16666666666666666,491323392,2016203264,3054490112
537,1,0.0587939671240747,17.00854779691375,True,llava_ov_0.5b,15000,2.0,196,rlt,0.5,39997,235200,0.17005527210884352,none,,,,,0.16666666666666666,491323392,2016203264,3054490112
538,1,0.011974315857514739,83.5120780092358,True,llava_ov_0.5b,15000,2.0,196,rlt,0.5,39997,235200,0.17005527210884352,none,,,,,0.16666666666666666,491323392,2016203264,3054490112
539,1,0.011681888019666076,85.60260107925473,True,llava_ov_0.5b,15000,2.0,196,rlt,0.5,39997,235200,0.17005527210884352,none,,,,,0.16666666666666666,491323392,2016203264,3054490112
540,1,0.011591929942369461,86.26691197855824,True,llava_ov_0.5b,15000,2.0,196,rlt,0.5,39997,235200,0.17005527210884352,none,,,,,0.16666666666666666,491323392,2016203264,3054490112
541,1,0.05941511900164187,16.83073293133295,True,llava_ov_0.5b,15000,2.0,196,rlt,0.5,39997,235200,0.17005527210884352,none,,,,,0.16666666666666666,491323392,2016203264,3054490112
542,1,0.011875696945935488,84.20558427455111,True,llava_ov_0.5b,15000,2.0,196,rlt,0.5,39997,235200,0.17005527210884352,none,,,,,0.16666666666666666,491323392,2016203264,3054490112
543,1,0.011628003092482686,85.99928913387404,True,llava_ov_0.5b,15000,2.0,196,rlt,0.5,39997,235200,0.17005527210884352,none,,,,,0.16666666666666666,491323392,2016203264,3054490112
544,1,0.011555232806131244,86.54087864585443,True,llava_ov_0.5b,15000,2.0,196,rlt,0.5,39997,235200,0.17005527210884352,none,,,,,0.16666666666666666,491323392,2016203264,3054490112
545,1,0.011871224967762828,84.23730514041917,True,llava_ov_0.5b,15000,2.0,196,rlt,0.5,39997,235200,0.17005527210884352,none,,,,,0.16666666666666666,491323392,2016203264,3054490112
546,1,0.012660099193453789,78.98832265998945,True,llava_ov_0.5b,15000,2.0,196,rlt,0.5,39997,235200,0.17005527210884352,none,,,,,0.16666666666666666,491323392,2016203264,3054490112
547,1,0.01215022406540811,82.30300895001736,True,llava_ov_0.5b,15000,2.0,196,rlt,0.5,39997,235200,0.17005527210884352,none,,,,,0.16666666666666666,491323392,2016203264,3054490112
548,1,0.011751292971894145,85.0970188890469,True,llava_ov_0.5b,15000,2.0,196,rlt,0.5,39997,235200,0.17005527210884352,none,,,,,0.16666666666666666,491323392,2016203264,3054490112
549,1,0.011740213027223945,85.17733006046288,True,llava_ov_0.5b,15000,2.0,196,rlt,0.5,39997,235200,0.17005527210884352,none,,,,,0.16666666666666666,491323392,2016203264,3054490112
550,1,0.011599377961829305,86.21151955654464,True,llava_ov_0.5b,15000,2.0,196,rlt,0.5,39997,235200,0.17005527210884352,none,,,,,0.16666666666666666,491323392,2016203264,3054490112
551,1,0.011600121855735779,86.20599097461563,True,llava_ov_0.5b,15000,2.0,196,rlt,0.5,39997,235200,0.17005527210884352,none,,,,,0.16666666666666666,491323392,2016203264,3054490112
552,1,0.011575090000405908,86.39241681619173,True,llava_ov_0.5b,15000,2.0,196,rlt,0.5,39997,235200,0.17005527210884352,none,,,,,0.16666666666666666,491323392,2016203264,3054490112
553,1,0.05841587600298226,17.118633981435934,True,llava_ov_0.5b,15000,2.0,196,rlt,0.5,39997,235200,0.17005527210884352,none,,,,,0.16666666666666666,491323392,2016203264,3054490112
554,1,0.01188631309196353,84.13037686817381,True,llava_ov_0.5b,15000,2.0,196,rlt,0.5,39997,235200,0.17005527210884352,none,,,,,0.16666666666666666,491323392,2016203264,3054490112
555,1,0.011729357996955514,85.25615811705646,True,llava_ov_0.5b,15000,2.0,196,rlt,0.5,39997,235200,0.17005527210884352,none,,,,,0.16666666666666666,491323392,2016203264,3054490112
556,1,0.011626746039837599,86.00858714670677,True,llava_ov_0.5b,15000,2.0,196,rlt,0.5,39997,235200,0.17005527210884352,none,,,,,0.16666666666666666,491323392,2016203264,3054490112
557,1,0.011527611874043941,86.74823640199426,True,llava_ov_0.5b,15000,2.0,196,rlt,0.5,39997,235200,0.17005527210884352,none,,,,,0.16666666666666666,491323392,2016203264,3054490112
558,1,0.011570541886612773,86.4263756874697,True,llava_ov_0.5b,15000,2.0,196,rlt,0.5,39997,235200,0.17005527210884352,none,,,,,0.16666666666666666,491323392,2016203264,3054490112
559,1,0.011606472078710794,86.15882528458005,True,llava_ov_0.5b,15000,2.0,196,rlt,0.5,39997,235200,0.17005527210884352,none,,,,,0.16666666666666666,491323392,2016203264,3054490112
560,1,0.012975984951481223,77.06544079228829,True,llava_ov_0.5b,15000,2.0,196,rlt,0.5,39997,235200,0.17005527210884352,none,,,,,0.16666666666666666,491323392,2016203264,3054490112
561,1,0.011566164903342724,86.45908201697792,True,llava_ov_0.5b,15000,2.0,196,rlt,0.5,39997,235200,0.17005527210884352,none,,,,,0.16666666666666666,491323392,2016203264,3054490112
562,1,0.011568745132535696,86.43979865954701,True,llava_ov_0.5b,15000,2.0,196,rlt,0.5,39997,235200,0.17005527210884352,none,,,,,0.16666666666666666,491323392,2016203264,3054490112
563,1,0.011530682910233736,86.72513222200203,True,llava_ov_0.5b,15000,2.0,196,rlt,0.5,39997,235200,0.17005527210884352,none,,,,,0.16666666666666666,491323392,2016203264,3054490112
564,1,0.01188816619105637,84.11726282496905,True,llava_ov_0.5b,15000,2.0,196,rlt,0.5,39997,235200,0.17005527210884352,none,,,,,0.16666666666666666,491323392,2016203264,3054490112
565,1,0.012362431036308408,80.89023890713761,True,llava_ov_0.5b,15000,2.0,196,rlt,0.5,39997,235200,0.17005527210884352,none,,,,,0.16666666666666666,491323392,2016203264,3054490112
566,1,0.011865942971780896,84.2748024643435,True,llava_ov_0.5b,15000,2.0,196,rlt,0.5,39997,235200,0.17005527210884352,none,,,,,0.16666666666666666,491323392,2016203264,3054490112
567,1,0.05990934488363564,16.691886748926077,True,llava_ov_0.5b,15000,2.0,196,rlt,0.5,39997,235200,0.17005527210884352,none,,,,,0.16666666666666666,491323392,2016203264,3054490112
568,1,0.011959038907662034,83.61875964458233,True,llava_ov_0.5b,15000,2.0,196,rlt,0.5,39997,235200,0.17005527210884352,none,,,,,0.16666666666666666,491323392,2016203264,3054490112
569,1,0.011624950915575027,86.02186858786708,True,llava_ov_0.5b,15000,2.0,196,rlt,0.5,39997,235200,0.17005527210884352,none,,,,,0.16666666666666666,491323392,2016203264,3054490112
570,1,0.011629369808360934,85.9891822582725,True,llava_ov_0.5b,15000,2.0,196,rlt,0.5,39997,235200,0.17005527210884352,none,,,,,0.16666666666666666,491323392,2016203264,3054490112
571,1,0.011575530981644988,86.38912561209274,True,llava_ov_0.5b,15000,2.0,196,rlt,0.5,39997,235200,0.17005527210884352,none,,,,,0.16666666666666666,491323392,2016203264,3054490112
572,1,0.011598607990890741,86.21724268855152,True,llava_ov_0.5b,15000,2.0,196,rlt,0.5,39997,235200,0.17005527210884352,none,,,,,0.16666666666666666,491323392,2016203264,3054490112
573,1,0.011557799065485597,86.52166336636216,True,llava_ov_0.5b,15000,2.0,196,rlt,0.5,39997,235200,0.17005527210884352,none,,,,,0.16666666666666666,491323392,2016203264,3054490112
574,1,0.011667830869555473,85.70573324038065,True,llava_ov_0.5b,15000,2.0,196,rlt,0.5,39997,235200,0.17005527210884352,none,,,,,0.16666666666666666,491323392,2016203264,3054490112
575,1,0.012932022102177143,77.32742738134101,True,llava_ov_0.5b,15000,2.0,196,rlt,0.5,39997,235200,0.17005527210884352,none,,,,,0.16666666666666666,491323392,2016203264,3054490112
576,1,0.01375054707750678,72.72437920930473,True,llava_ov_0.5b,15000,2.0,196,rlt,0.5,39997,235200,0.17005527210884352,none,,,,,0.16666666666666666,491323392,2016203264,3054490112
577,1,0.05949273402802646,16.80877532925129,True,llava_ov_0.5b,15000,2.0,196,rlt,0.5,39997,235200,0.17005527210884352,none,,,,,0.16666666666666666,491323392,2016203264,3054490112
578,1,0.011801840038970113,84.73254989882619,True,llava_ov_0.5b,15000,2.0,196,rlt,0.5,39997,235200,0.17005527210884352,none,,,,,0.16666666666666666,491323392,2016203264,3054490112
579,1,0.01168158301152289,85.6048361779037,True,llava_ov_0.5b,15000,2.0,196,rlt,0.5,39997,235200,0.17005527210884352,none,,,,,0.16666666666666666,491323392,2016203264,3054490112
580,1,0.011958473129197955,83.62271580962855,True,llava_ov_0.5b,15000,2.0,196,rlt,0.5,39997,235200,0.17005527210884352,none,,,,,0.16666666666666666,491323392,2016203264,3054490112
581,1,0.01181092788465321,84.66735296041999,True,llava_ov_0.5b,15000,2.0,196,rlt,0.5,39997,235200,0.17005527210884352,none,,,,,0.16666666666666666,491323392,2016203264,3054490112
582,1,0.012106534792110324,82.60001868178558,True,llava_ov_0.5b,15000,2.0,196,rlt,0.5,39997,235200,0.17005527210884352,none,,,,,0.16666666666666666,491323392,2016203264,3054490112
583,1,0.012317452114075422,81.18562107964505,True,llava_ov_0.5b,15000,2.0,196,rlt,0.5,39997,235200,0.17005527210884352,none,,,,,0.16666666666666666,491323392,2016203264,3054490112
584,1,0.05979266599752009,16.72445915091786,True,llava_ov_0.5b,15000,2.0,196,rlt,0.5,39997,235200,0.17005527210884352,none,,,,,0.16666666666666666,491323392,2016203264,3054490112
585,1,0.011876598931849003,84.19918915661451,True,llava_ov_0.5b,15000,2.0,196,rlt,0.5,39997,235200,0.17005527210884352,none,,,,,0.16666666666666666,491323392,2016203264,3054490112
586,1,0.0122713060118258,81.49091865497485,True,llava_ov_0.5b,15000,2.0,196,rlt,0.5,39997,235200,0.17005527210884352,none,,,,,0.16666666666666666,491323392,2016203264,3054490112
587,1,0.012363007059320807,80.88647003125932,True,llava_ov_0.5b,15000,2.0,196,rlt,0.5,39997,235200,0.17005527210884352,none,,,,,0.16666666666666666,491323392,2016203264,3054490112
588,1,0.011877815937623382,84.19056207399765,True,llava_ov_0.5b,15000,2.0,196,rlt,0.5,39997,235200,0.17005527210884352,none,,,,,0.16666666666666666,491323392,2016203264,3054490112
589,1,0.011710623977705836,85.39254628137283,True,llava_ov_0.5b,15000,2.0,196,rlt,0.5,39997,235200,0.17005527210884352,none,,,,,0.16666666666666666,491323392,2016203264,3054490112
590,1,0.011612608097493649,86.1132995796035,True,llava_ov_0.5b,15000,2.0,196,rlt,0.5,39997,235200,0.17005527210884352,none,,,,,0.16666666666666666,491323392,2016203264,3054490112
591,1,0.05824608006514609,17.168537331294,True,llava_ov_0.5b,15000,2.0,196,rlt,0.5,39997,235200,0.17005527210884352,none,,,,,0.16666666666666666,491323392,2016203264,3054490112
592,1,0.011886505177244544,84.12901732583217,True,llava_ov_0.5b,15000,2.0,196,rlt,0.5,39997,235200,0.17005527210884352,none,,,,,0.16666666666666666,491323392,2016203264,3054490112
593,1,0.011799403931945562,84.75004379607789,True,llava_ov_0.5b,15000,2.0,196,rlt,0.5,39997,235200,0.17005527210884352,none,,,,,0.16666666666666666,491323392,2016203264,3054490112
594,1,0.0595799321308732,16.784174876255335,True,llava_ov_0.5b,15000,2.0,196,rlt,0.5,39997,235200,0.17005527210884352,none,,,,,0.16666666666666666,491323392,2016203264,3054490112
595,1,0.011893928982317448,84.07650671924199,True,llava_ov_0.5b,15000,2.0,196,rlt,0.5,39997,235200,0.17005527210884352,none,,,,,0.16666666666666666,491323392,2016203264,3054490112
596,1,0.011751902988180518,85.09260168380818,True,llava_ov_0.5b,15000,2.0,196,rlt,0.5,39997,235200,0.17005527210884352,none,,,,,0.16666666666666666,491323392,2016203264,3054490112
597,1,0.011783914873376489,84.86144127358808,True,llava_ov_0.5b,15000,2.0,196,rlt,0.5,39997,235200,0.17005527210884352,none,,,,,0.16666666666666666,491323392,2016203264,3054490112
598,1,0.06167299300432205,16.214552777257296,True,llava_ov_0.5b,15000,2.0,196,rlt,0.5,39997,235200,0.17005527210884352,none,,,,,0.16666666666666666,491323392,2016203264,3054490112
599,1,0.011917473981156945,83.91039926591225,True,llava_ov_0.5b,15000,2.0,196,rlt,0.5,39997,235200,0.17005527210884352,none,,,,,0.16666666666666666,491323392,2016203264,3054490112
600,1,0.011733552906662226,85.22567784496096,True,llava_ov_0.5b,15000,2.0,196,rlt,0.5,39997,235200,0.17005527210884352,none,,,,,0.16666666666666666,491323392,2016203264,3054490112
601,1,0.059954311000183225,16.679367727150495,True,llava_ov_0.5b,15000,2.0,196,rlt,0.5,39997,235200,0.17005527210884352,none,,,,,0.16666666666666666,491323392,2016203264,3054490112
602,1,0.01191566209308803,83.92315862834633,True,llava_ov_0.5b,15000,2.0,196,rlt,0.5,39997,235200,0.17005527210884352,none,,,,,0.16666666666666666,491323392,2016203264,3054490112
603,1,0.011748801916837692,85.11506169551286,True,llava_ov_0.5b,15000,2.0,196,rlt,0.5,39997,235200,0.17005527210884352,none,,,,,0.16666666666666666,491323392,2016203264,3054490112
604,1,0.05830181296914816,17.15212527831981,True,llava_ov_0.5b,15000,2.0,196,rlt,0.5,39997,235200,0.17005527210884352,none,,,,,0.16666666666666666,491323392,2016203264,3054490112
605,1,0.011798708001151681,84.75504266250078,True,llava_ov_0.5b,15000,2.0,196,rlt,0.5,39997,235200,0.17005527210884352,none,,,,,0.16666666666666666,491323392,2016203264,3054490112
606,1,0.01172170089557767,85.31185097695824,True,llava_ov_0.5b,15000,2.0,196,rlt,0.5,39997,235200,0.17005527210884352,none,,,,,0.16666666666666666,491323392,2016203264,3054490112
607,1,0.011636718874797225,85.93487655406004,True,llava_ov_0.5b,15000,2.0,196,rlt,0.5,39997,235200,0.17005527210884352,none,,,,,0.16666666666666666,491323392,2016203264,3054490112
608,1,0.012098614126443863,82.65409488631482,True,llava_ov_0.5b,15000,2.0,196,rlt,0.5,39997,235200,0.17005527210884352,none,,,,,0.16666666666666666,491323392,2016203264,3054490112
609,1,0.06630246411077678,15.082395705975886,True,llava_ov_0.5b,15000,2.0,196,rlt,0.5,39997,235200,0.17005527210884352,none,,,,,0.16666666666666666,491323392,2016203264,3054490112
610,1,0.011993307154625654,83.37983736323419,True,llava_ov_0.5b,15000,2.0,196,rlt,0.5,39997,235200,0.17005527210884352,none,,,,,0.16666666666666666,491323392,2016203264,3054490112
611,1,0.01167304115369916,85.66747832317051,True,llava_ov_0.5b,15000,2.0,196,rlt,0.5,39997,235200,0.17005527210884352,none,,,,,0.16666666666666666,491323392,2016203264,3054490112
612,1,0.011681776028126478,85.60342173932091,True,llava_ov_0.5b,15000,2.0,196,rlt,0.5,39997,235200,0.17005527210884352,none,,,,,0.16666666666666666,491323392,2016203264,3054490112
613,1,0.011633932124823332,85.95546108321356,True,llava_ov_0.5b,15000,2.0,196,rlt,0.5,39997,235200,0.17005527210884352,none,,,,,0.16666666666666666,491323392,2016203264,3054490112
614,1,0.011578215984627604,86.36909186421292,True,llava_ov_0.5b,15000,2.0,196,rlt,0.5,39997,235200,0.17005527210884352,none,,,,,0.16666666666666666,491323392,2016203264,3054490112
615,1,0.0587463928386569,17.022321740611957,True,llava_ov_0.5b,15000,2.0,196,rlt,0.5,39997,235200,0.17005527210884352,none,,,,,0.16666666666666666,491323392,2016203264,3054490112
616,1,0.012386749032884836,80.73143302937358,True,llava_ov_0.5b,15000,2.0,196,rlt,0.5,39997,235200,0.17005527210884352,none,,,,,0.16666666666666666,491323392,2016203264,3054490112
617,1,0.011975155910477042,83.50621966642638,True,llava_ov_0.5b,15000,2.0,196,rlt,0.5,39997,235200,0.17005527210884352,none,,,,,0.16666666666666666,491323392,2016203264,3054490112
618,1,0.011681413976475596,85.60607491642979,True,llava_ov_0.5b,15000,2.0,196,rlt,0.5,39997,235200,0.17005527210884352,none,,,,,0.16666666666666666,491323392,2016203264,3054490112
619,1,0.06004018406383693,16.655511897444605,True,llava_ov_0.5b,15000,2.0,196,rlt,0.5,39997,235200,0.17005527210884352,none,,,,,0.16666666666666666,491323392,2016203264,3054490112
620,1,0.01192900212481618,83.82930856552342,True,llava_ov_0.5b,15000,2.0,196,rlt,0.5,39997,235200,0.17005527210884352,none,,,,,0.16666666666666666,491323392,2016203264,3054490112
621,1,0.01171414484269917,85.36688024847577,True,llava_ov_0.5b,15000,2.0,196,rlt,0.5,39997,235200,0.17005527210884352,none,,,,,0.16666666666666666,491323392,2016203264,3054490112
622,1,0.012090278789401054,82.7110786623589,True,llava_ov_0.5b,15000,2.0,196,rlt,0.5,39997,235200,0.17005527210884352,none,,,,,0.16666666666666666,491323392,2016203264,3054490112
623,1,0.05948722502216697,16.810331959968984,True,llava_ov_0.5b,15000,2.0,196,rlt,0.5,39997,235200,0.17005527210884352,none,,,,,0.16666666666666666,491323392,2016203264,3054490112
624,1,0.011883610859513283,84.14950740325378,True,llava_ov_0.5b,15000,2.0,196,rlt,0.5,39997,235200,0.17005527210884352,none,,,,,0.16666666666666666,491323392,2016203264,3054490112
625,1,0.011728189885616302,85.2646495113812,True,llava_ov_0.5b,15000,2.0,196,rlt,0.5,39997,235200,0.17005527210884352,none,,,,,0.16666666666666666,491323392,2016203264,3054490112
626,1,0.011657061986625195,85.78490885159198,True,llava_ov_0.5b,15000,2.0,196,rlt,0.5,39997,235200,0.17005527210884352,none,,,,,0.16666666666666666,491323392,2016203264,3054490112
627,1,0.011668907944113016,85.69782234887728,True,llava_ov_0.5b,15000,2.0,196,rlt,0.5,39997,235200,0.17005527210884352,none,,,,,0.16666666666666666,491323392,2016203264,3054490112
628,1,0.011665286030620337,85.7244303633095,True,llava_ov_0.5b,15000,2.0,196,rlt,0.5,39997,235200,0.17005527210884352,none,,,,,0.16666666666666666,491323392,2016203264,3054490112
629,1,0.01162266405299306,86.03879415601631,True,llava_ov_0.5b,15000,2.0,196,rlt,0.5,39997,235200,0.17005527210884352,none,,,,,0.16666666666666666,491323392,2016203264,3054490112
630,1,0.011496565071865916,86.98250249086773,True,llava_ov_0.5b,15000,2.0,196,rlt,0.5,39997,235200,0.17005527210884352,none,,,,,0.16666666666666666,491323392,2016203264,3054490112
631,1,0.01158511289395392,86.31767416974276,True,llava_ov_0.5b,15000,2.0,196,rlt,0.5,39997,235200,0.17005527210884352,none,,,,,0.16666666666666666,491323392,2016203264,3054490112
632,1,0.011555599048733711,86.53813582339396,True,llava_ov_0.5b,15000,2.0,196,rlt,0.5,39997,235200,0.17005527210884352,none,,,,,0.16666666666666666,491323392,2016203264,3054490112
633,1,0.011477717198431492,87.1253388379927,True,llava_ov_0.5b,15000,2.0,196,rlt,0.5,39997,235200,0.17005527210884352,none,,,,,0.16666666666666666,491323392,2016203264,3054490112
634,1,0.06013933685608208,16.628051659317006,True,llava_ov_0.5b,15000,2.0,196,rlt,0.5,39997,235200,0.17005527210884352,none,,,,,0.16666666666666666,491323392,2016203264,3054490112
635,1,0.012002884875983,83.31330428744972,True,llava_ov_0.5b,15000,2.0,196,rlt,0.5,39997,235200,0.17005527210884352,none,,,,,0.16666666666666666,491323392,2016203264,3054490112
636,1,0.011682261945679784,85.59986110992914,True,llava_ov_0.5b,15000,2.0,196,rlt,0.5,39997,235200,0.17005527210884352,none,,,,,0.16666666666666666,491323392,2016203264,3054490112
637,1,0.011559336213395,86.51015781003035,True,llava_ov_0.5b,15000,2.0,196,rlt,0.5,39997,235200,0.17005527210884352,none,,,,,0.16666666666666666,491323392,2016203264,3054490112
638,1,0.012106572976335883,82.59975816068265,True,llava_ov_0.5b,15000,2.0,196,rlt,0.5,39997,235200,0.17005527210884352,none,,,,,0.16666666666666666,491323392,2016203264,3054490112
639,1,0.06066795997321606,16.483165091449987,True,llava_ov_0.5b,15000,2.0,196,rlt,0.5,39997,235200,0.17005527210884352,none,,,,,0.16666666666666666,491323392,2016203264,3054490112
640,1,0.011846300214529037,84.41454140876304,True,llava_ov_0.5b,15000,2.0,196,rlt,0.5,39997,235200,0.17005527210884352,none,,,,,0.16666666666666666,491323392,2016203264,3054490112
641,1,0.011803930159658194,84.71754631501115,True,llava_ov_0.5b,15000,2.0,196,rlt,0.5,39997,235200,0.17005527210884352,none,,,,,0.16666666666666666,491323392,2016203264,3054490112
642,1,0.011710891034454107,85.39059897816,True,llava_ov_0.5b,15000,2.0,196,rlt,0.5,39997,235200,0.17005527210884352,none,,,,,0.16666666666666666,491323392,2016203264,3054490112
643,1,0.011580080026760697,86.3551890564724,True,llava_ov_0.5b,15000,2.0,196,rlt,0.5,39997,235200,0.17005527210884352,none,,,,,0.16666666666666666,491323392,2016203264,3054490112
644,1,0.06631245580501854,15.08012315122734,True,llava_ov_0.5b,15000,2.0,196,rlt,0.5,39997,235200,0.17005527210884352,none,,,,,0.16666666666666666,491323392,2016203264,3054490112
645,1,0.012009513797238469,83.26731763528555,True,llava_ov_0.5b,15000,2.0,196,rlt,0.5,39997,235200,0.17005527210884352,none,,,,,0.16666666666666666,491323392,2016203264,3054490112
646,1,0.0118189319036901,84.61001452151362,True,llava_ov_0.5b,15000,2.0,196,rlt,0.5,39997,235200,0.17005527210884352,none,,,,,0.16666666666666666,491323392,2016203264,3054490112
647,1,0.011719551868736744,85.32749470290031,True,llava_ov_0.5b,15000,2.0,196,rlt,0.5,39997,235200,0.17005527210884352,none,,,,,0.16666666666666666,491323392,2016203264,3054490112
648,1,0.011747363954782486,85.12548039280664,True,llava_ov_0.5b,15000,2.0,196,rlt,0.5,39997,235200,0.17005527210884352,none,,,,,0.16666666666666666,491323392,2016203264,3054490112
649,1,0.05863922112621367,17.053432511452083,True,llava_ov_0.5b,15000,2.0,196,rlt,0.5,39997,235200,0.17005527210884352,none,,,,,0.16666666666666666,491323392,2016203264,3054490112
650,1,0.011841932078823447,84.44567941647533,True,llava_ov_0.5b,15000,2.0,196,rlt,0.5,39997,235200,0.17005527210884352,none,,,,,0.16666666666666666,491323392,2016203264,3054490112
651,1,0.011678951093927026,85.6241277112628,True,llava_ov_0.5b,15000,2.0,196,rlt,0.5,39997,235200,0.17005527210884352,none,,,,,0.16666666666666666,491323392,2016203264,3054490112
652,1,0.059833281207829714,16.713106482101825,True,llava_ov_0.5b,15000,2.0,196,rlt,0.5,39997,235200,0.17005527210884352,none,,,,,0.16666666666666666,491323392,2016203264,3054490112
653,1,0.01190681685693562,83.98550275991761,True,llava_ov_0.5b,15000,2.0,196,rlt,0.5,39997,235200,0.17005527210884352,none,,,,,0.16666666666666666,491323392,2016203264,3054490112
654,1,0.011681888019666076,85.60260107925473,True,llava_ov_0.5b,15000,2.0,196,rlt,0.5,39997,235200,0.17005527210884352,none,,,,,0.16666666666666666,491323392,2016203264,3054490112
655,1,0.011890494031831622,84.10079491423446,True,llava_ov_0.5b,15000,2.0,196,rlt,0.5,39997,235200,0.17005527210884352,none,,,,,0.16666666666666666,491323392,2016203264,3054490112
656,1,0.060796834994107485,16.448224650130577,True,llava_ov_0.5b,15000,2.0,196,rlt,0.5,39997,235200,0.17005527210884352,none,,,,,0.16666666666666666,491323392,2016203264,3054490112
657,1,0.011925985105335712,83.85051558991113,True,llava_ov_0.5b,15000,2.0,196,rlt,0.5,39997,235200,0.17005527210884352,none,,,,,0.16666666666666666,491323392,2016203264,3054490112
658,1,0.011783610098063946,84.86363615886278,True,llava_ov_0.5b,15000,2.0,196,rlt,0.5,39997,235200,0.17005527210884352,none,,,,,0.16666666666666666,491323392,2016203264,3054490112
659,1,0.011693201959133148,85.5197749508581,True,llava_ov_0.5b,15000,2.0,196,rlt,0.5,39997,235200,0.17005527210884352,none,,,,,0.16666666666666666,491323392,2016203264,3054490112
660,1,0.011663607088848948,85.73677014172186,True,llava_ov_0.5b,15000,2.0,196,rlt,0.5,39997,235200,0.17005527210884352,none,,,,,0.16666666666666666,491323392,2016203264,3054490112
661,1,0.011678996030241251,85.62379826233601,True,llava_ov_0.5b,15000,2.0,196,rlt,0.5,39997,235200,0.17005527210884352,none,,,,,0.16666666666666666,491323392,2016203264,3054490112
662,1,0.011580502148717642,86.3520413154739,True,llava_ov_0.5b,15000,2.0,196,rlt,0.5,39997,235200,0.17005527210884352,none,,,,,0.16666666666666666,491323392,2016203264,3054490112
663,1,0.05962834297679365,16.770548200361418,True,llava_ov_0.5b,15000,2.0,196,rlt,0.5,39997,235200,0.17005527210884352,none,,,,,0.16666666666666666,491323392,2016203264,3054490112
664,1,0.011919436976313591,83.89658018136332,True,llava_ov_0.5b,15000,2.0,196,rlt,0.5,39997,235200,0.17005527210884352,none,,,,,0.16666666666666666,491323392,2016203264,3054490112
665,1,0.01172237191349268,85.3069675130321,True,llava_ov_0.5b,15000,2.0,196,rlt,0.5,39997,235200,0.17005527210884352,none,,,,,0.16666666666666666,491323392,2016203264,3054490112
666,1,0.012462494894862175,80.24075503631805,True,llava_ov_0.5b,15000,2.0,196,rlt,0.5,39997,235200,0.17005527210884352,none,,,,,0.16666666666666666,491323392,2016203264,3054490112
667,1,0.012875459855422378,77.6671288815257,True,llava_ov_0.5b,15000,2.0,196,rlt,0.5,39997,235200,0.17005527210884352,none,,,,,0.16666666666666666,491323392,2016203264,3054490112
668,1,0.011798016959801316,84.76000699161908,True,llava_ov_0.5b,15000,2.0,196,rlt,0.5,39997,235200,0.17005527210884352,none,,,,,0.16666666666666666,491323392,2016203264,3054490112
669,1,0.011553885880857706,86.55096738118074,True,llava_ov_0.5b,15000,2.0,196,rlt,0.5,39997,235200,0.17005527210884352,none,,,,,0.16666666666666666,491323392,2016203264,3054490112
670,1,0.01191529305651784,83.92575786904254,True,llava_ov_0.5b,15000,2.0,196,rlt,0.5,39997,235200,0.17005527210884352,none,,,,,0.16666666666666666,491323392,2016203264,3054490112
671,1,0.012944125104695559,77.25512476986522,True,llava_ov_0.5b,15000,2.0,196,rlt,0.5,39997,235200,0.17005527210884352,none,,,,,0.16666666666666666,491323392,2016203264,3054490112
672,1,0.012166749918833375,82.19121841668348,True,llava_ov_0.5b,15000,2.0,196,rlt,0.5,39997,235200,0.17005527210884352,none,,,,,0.16666666666666666,491323392,2016203264,3054490112
673,1,0.011888157110661268,84.11732707529602,True,llava_ov_0.5b,15000,2.0,196,rlt,0.5,39997,235200,0.17005527210884352,none,,,,,0.16666666666666666,491323392,2016203264,3054490112
674,1,0.011716116918250918,85.35251115855957,True,llava_ov_0.5b,15000,2.0,196,rlt,0.5,39997,235200,0.17005527210884352,none,,,,,0.16666666666666666,491323392,2016203264,3054490112
675,1,0.011776685947552323,84.9135320796969,True,llava_ov_0.5b,15000,2.0,196,rlt,0.5,39997,235200,0.17005527210884352,none,,,,,0.16666666666666666,491323392,2016203264,3054490112
676,1,0.011767117073759437,84.98258271178341,True,llava_ov_0.5b,15000,2.0,196,rlt,0.5,39997,235200,0.17005527210884352,none,,,,,0.16666666666666666,491323392,2016203264,3054490112
677,1,0.058709226083010435,17.033097976561216,True,llava_ov_0.5b,15000,2.0,196,rlt,0.5,39997,235200,0.17005527210884352,none,,,,,0.16666666666666666,491323392,2016203264,3054490112
678,1,0.011821391992270947,84.59240677018572,True,llava_ov_0.5b,15000,2.0,196,rlt,0.5,39997,235200,0.17005527210884352,none,,,,,0.16666666666666666,491323392,2016203264,3054490112
679,1,0.011627653846517205,86.00187219191487,True,llava_ov_0.5b,15000,2.0,196,rlt,0.5,39997,235200,0.17005527210884352,none,,,,,0.16666666666666666,491323392,2016203264,3054490112
680,1,0.011700235074386,85.46836825434275,True,llava_ov_0.5b,15000,2.0,196,rlt,0.5,39997,235200,0.17005527210884352,none,,,,,0.16666666666666666,491323392,2016203264,3054490112
681,1,0.011686033802106977,85.5722323702077,True,llava_ov_0.5b,15000,2.0,196,rlt,0.5,39997,235200,0.17005527210884352,none,,,,,0.16666666666666666,491323392,2016203264,3054490112
682,1,0.0123022620100528,81.28586427299707,True,llava_ov_0.5b,15000,2.0,196,rlt,0.5,39997,235200,0.17005527210884352,none,,,,,0.16666666666666666,491323392,2016203264,3054490112
683,1,0.012109515024349093,82.57969026746814,True,llava_ov_0.5b,15000,2.0,196,rlt,0.5,39997,235200,0.17005527210884352,none,,,,,0.16666666666666666,491323392,2016203264,3054490112
684,1,0.012731170048937201,78.5473759407903,True,llava_ov_0.5b,15000,2.0,196,rlt,0.5,39997,235200,0.17005527210884352,none,,,,,0.16666666666666666,491323392,2016203264,3054490112
685,1,0.012409741058945656,80.58185865845624,True,llava_ov_0.5b,15000,2.0,196,rlt,0.5,39997,235200,0.17005527210884352,none,,,,,0.16666666666666666,491323392,2016203264,3054490112
686,1,0.012639522086828947,79.11691542847598,True,llava_ov_0.5b,15000,2.0,196,rlt,0.5,39997,235200,0.17005527210884352,none,,,,,0.16666666666666666,491323392,2016203264,3054490112
687,1,0.012513328110799193,79.91479094494332,True,llava_ov_0.5b,15000,2.0,196,rlt,0.5,39997,235200,0.17005527210884352,none,,,,,0.16666666666666666,491323392,2016203264,3054490112
688,1,0.012726659188047051,78.57521641965596,True,llava_ov_0.5b,15000,2.0,196,rlt,0.5,39997,235200,0.17005527210884352,none,,,,,0.16666666666666666,491323392,2016203264,3054490112
689,1,0.01351266005076468,74.00467385719588,True,llava_ov_0.5b,15000,2.0,196,rlt,0.5,39997,235200,0.17005527210884352,none,,,,,0.16666666666666666,491323392,2016203264,3054490112
690,1,0.011818160070106387,84.61554032674377,True,llava_ov_0.5b,15000,2.0,196,rlt,0.5,39997,235200,0.17005527210884352,none,,,,,0.16666666666666666,491323392,2016203264,3054490112
691,1,0.011748359072953463,85.11827003161271,True,llava_ov_0.5b,15000,2.0,196,rlt,0.5,39997,235200,0.17005527210884352,none,,,,,0.16666666666666666,491323392,2016203264,3054490112
692,1,0.01163942995481193,85.91486042549563,True,llava_ov_0.5b,15000,2.0,196,rlt,0.5,39997,235200,0.17005527210884352,none,,,,,0.16666666666666666,491323392,2016203264,3054490112
693,1,0.05940401507541537,16.833878968121375,True,llava_ov_0.5b,15000,2.0,196,rlt,0.5,39997,235200,0.17005527210884352,none,,,,,0.16666666666666666,491323392,2016203264,3054490112
694,1,0.011911326088011265,83.95370864764577,True,llava_ov_0.5b,15000,2.0,196,rlt,0.5,39997,235200,0.17005527210884352,none,,,,,0.16666666666666666,491323392,2016203264,3054490112
695,1,0.011704681906849146,85.43589718699123,True,llava_ov_0.5b,15000,2.0,196,rlt,0.5,39997,235200,0.17005527210884352,none,,,,,0.16666666666666666,491323392,2016203264,3054490112
696,1,0.011627259897068143,86.00478606762319,True,llava_ov_0.5b,15000,2.0,196,rlt,0.5,39997,235200,0.17005527210884352,none,,,,,0.16666666666666666,491323392,2016203264,3054490112
697,1,0.011645841877907515,85.86755775012091,True,llava_ov_0.5b,15000,2.0,196,rlt,0.5,39997,235200,0.17005527210884352,none,,,,,0.16666666666666666,491323392,2016203264,3054490112
698,1,0.011483239009976387,87.08344388993575,True,llava_ov_0.5b,15000,2.0,196,rlt,0.5,39997,235200,0.17005527210884352,none,,,,,0.16666666666666666,491323392,2016203264,3054490112
699,1,0.011550565017387271,86.57585135399717,True,llava_ov_0.5b,15000,2.0,196,rlt,0.5,39997,235200,0.17005527210884352,none,,,,,0.16666666666666666,491323392,2016203264,3054490112
700,1,0.01225161598995328,81.62188570226428,True,llava_ov_0.5b,15000,2.0,196,rlt,0.5,39997,235200,0.17005527210884352,none,,,,,0.16666666666666666,491323392,2016203264,3054490112
701,1,0.011852313997223973,84.37171005039338,True,llava_ov_0.5b,15000,2.0,196,rlt,0.5,39997,235200,0.17005527210884352,none,,,,,0.16666666666666666,491323392,2016203264,3054490112
702,1,0.011703996919095516,85.44089740560868,True,llava_ov_0.5b,15000,2.0,196,rlt,0.5,39997,235200,0.17005527210884352,none,,,,,0.16666666666666666,491323392,2016203264,3054490112
703,1,0.062163427006453276,16.086629199130037,True,llava_ov_0.5b,15000,2.0,196,rlt,0.5,39997,235200,0.17005527210884352,none,,,,,0.16666666666666666,491323392,2016203264,3054490112
704,1,0.01187279005534947,84.22620086248679,True,llava_ov_0.5b,15000,2.0,196,rlt,0.5,39997,235200,0.17005527210884352,none,,,,,0.16666666666666666,491323392,2016203264,3054490112
705,1,0.011628190986812115,85.99789951284171,True,llava_ov_0.5b,15000,2.0,196,rlt,0.5,39997,235200,0.17005527210884352,none,,,,,0.16666666666666666,491323392,2016203264,3054490112
706,1,0.011581075144931674,86.34776888030457,True,llava_ov_0.5b,15000,2.0,196,rlt,0.5,39997,235200,0.17005527210884352,none,,,,,0.16666666666666666,491323392,2016203264,3054490112
707,1,0.01148810819722712,87.04653393161544,True,llava_ov_0.5b,15000,2.0,196,rlt,0.5,39997,235200,0.17005527210884352,none,,,,,0.16666666666666666,491323392,2016203264,3054490112
708,1,0.012051921105012298,82.97432345322174,True,llava_ov_0.5b,15000,2.0,196,rlt,0.5,39997,235200,0.17005527210884352,none,,,,,0.16666666666666666,491323392,2016203264,3054490112
709,1,0.012282029027119279,81.41977174878471,True,llava_ov_0.5b,15000,2.0,196,rlt,0.5,39997,235200,0.17005527210884352,none,,,,,0.16666666666666666,491323392,2016203264,3054490112
710,1,0.05978371808305383,16.726962324604198,True,llava_ov_0.5b,15000,2.0,196,rlt,0.5,39997,235200,0.17005527210884352,none,,,,,0.16666666666666666,491323392,2016203264,3054490112
711,1,0.011899570003151894,84.03665004156666,True,llava_ov_0.5b,15000,2.0,196,rlt,0.5,39997,235200,0.17005527210884352,none,,,,,0.16666666666666666,491323392,2016203264,3054490112
712,1,0.013051650952547789,76.61865948114341,True,llava_ov_0.5b,15000,2.0,196,rlt,0.5,39997,235200,0.17005527210884352,none,,,,,0.16666666666666666,491323392,2016203264,3054490112
713,1,0.011731413891538978,85.24121723479792,True,llava_ov_0.5b,15000,2.0,196,rlt,0.5,39997,235200,0.17005527210884352,none,,,,,0.16666666666666666,491323392,2016203264,3054490112
714,1,0.011597526026889682,86.22528612407763,True,llava_ov_0.5b,15000,2.0,196,rlt,0.5,39997,235200,0.17005527210884352,none,,,,,0.16666666666666666,491323392,2016203264,3054490112
715,1,0.058515663957223296,17.089441226045558,True,llava_ov_0.5b,15000,2.0,196,rlt,0.5,39997,235200,0.17005527210884352,none,,,,,0.16666666666666666,491323392,2016203264,3054490112
716,1,0.011909587075933814,83.96596738611875,True,llava_ov_0.5b,15000,2.0,196,rlt,0.5,39997,235200,0.17005527210884352,none,,,,,0.16666666666666666,491323392,2016203264,3054490112
717,1,0.01182510913349688,84.5658157325,True,llava_ov_0.5b,15000,2.0,196,rlt,0.5,39997,235200,0.17005527210884352,none,,,,,0.16666666666666666,491323392,2016203264,3054490112
718,1,0.011792984092608094,84.79617984279359,True,llava_ov_0.5b,15000,2.0,196,rlt,0.5,39997,235200,0.17005527210884352,none,,,,,0.16666666666666666,491323392,2016203264,3054490112
719,1,0.011555431876331568,86.53938777037418,True,llava_ov_0.5b,15000,2.0,196,rlt,0.5,39997,235200,0.17005527210884352,none,,,,,0.16666666666666666,491323392,2016203264,3054490112
720,1,0.01150834490545094,86.89346801957151,True,llava_ov_0.5b,15000,2.0,196,rlt,0.5,39997,235200,0.17005527210884352,none,,,,,0.16666666666666666,491323392,2016203264,3054490112
721,1,0.011497243074700236,86.97737305393734,True,llava_ov_0.5b,15000,2.0,196,rlt,0.5,39997,235200,0.17005527210884352,none,,,,,0.16666666666666666,491323392,2016203264,3054490112
722,1,0.06277999398298562,15.928641220816555,True,llava_ov_0.5b,15000,2.0,196,rlt,0.5,39997,235200,0.17005527210884352,none,,,,,0.16666666666666666,491323392,2016203264,3054490112
723,1,0.011872377945110202,84.22912449581032,True,llava_ov_0.5b,15000,2.0,196,rlt,0.5,39997,235200,0.17005527210884352,none,,,,,0.16666666666666666,491323392,2016203264,3054490112
724,1,0.011738105909898877,85.19262031506197,True,llava_ov_0.5b,15000,2.0,196,rlt,0.5,39997,235200,0.17005527210884352,none,,,,,0.16666666666666666,491323392,2016203264,3054490112
725,1,0.011773079168051481,84.93954603768339,True,llava_ov_0.5b,15000,2.0,196,rlt,0.5,39997,235200,0.17005527210884352,none,,,,,0.16666666666666666,491323392,2016203264,3054490112
726,1,0.011796479113399982,84.77105671844654,True,llava_ov_0.5b,15000,2.0,196,rlt,0.5,39997,235200,0.17005527210884352,none,,,,,0.16666666666666666,491323392,2016203264,3054490112
727,1,0.011705873068422079,85.42720343496748,True,llava_ov_0.5b,15000,2.0,196,rlt,0.5,39997,235200,0.17005527210884352,none,,,,,0.16666666666666666,491323392,2016203264,3054490112
728,1,0.058417852967977524,17.118054656136756,True,llava_ov_0.5b,15000,2.0,196,rlt,0.5,39997,235200,0.17005527210884352,none,,,,,0.16666666666666666,491323392,2016203264,3054490112
729,1,0.011803405825048685,84.72130966452434,True,llava_ov_0.5b,15000,2.0,196,rlt,0.5,39997,235200,0.17005527210884352,none,,,,,0.16666666666666666,491323392,2016203264,3054490112
730,1,0.01179573591798544,84.77639775533287,True,llava_ov_0.5b,15000,2.0,196,rlt,0.5,39997,235200,0.17005527210884352,none,,,,,0.16666666666666666,491323392,2016203264,3054490112
731,1,0.01172413700260222,85.29412440148438,True,llava_ov_0.5b,15000,2.0,196,rlt,0.5,39997,235200,0.17005527210884352,none,,,,,0.16666666666666666,491323392,2016203264,3054490112
732,1,0.01173153892159462,85.24030876795439,True,llava_ov_0.5b,15000,2.0,196,rlt,0.5,39997,235200,0.17005527210884352,none,,,,,0.16666666666666666,491323392,2016203264,3054490112
733,1,0.06112688407301903,16.359413949604424,True,llava_ov_0.5b,15000,2.0,196,rlt,0.5,39997,235200,0.17005527210884352,none,,,,,0.16666666666666666,491323392,2016203264,3054490112
734,1,0.012784064980223775,78.22238087391948,True,llava_ov_0.5b,15000,2.0,196,rlt,0.5,39997,235200,0.17005527210884352,none,,,,,0.16666666666666666,491323392,2016203264,3054490112
735,1,0.01206498290412128,82.8844937408415,True,llava_ov_0.5b,15000,2.0,196,rlt,0.5,39997,235200,0.17005527210884352,none,,,,,0.16666666666666666,491323392,2016203264,3054490112
736,1,0.058550273068249226,17.079339644314697,True,llava_ov_0.5b,15000,2.0,196,rlt,0.5,39997,235200,0.17005527210884352,none,,,,,0.16666666666666666,491323392,2016203264,3054490112
737,1,0.012344476068392396,81.00789328438697,True,llava_ov_0.5b,15000,2.0,196,rlt,0.5,39997,235200,0.17005527210884352,none,,,,,0.16666666666666666,491323392,2016203264,3054490112
738,1,0.013892570044845343,71.9809219440313,True,llava_ov_0.5b,15000,2.0,196,rlt,0.5,39997,235200,0.17005527210884352,none,,,,,0.16666666666666666,491323392,2016203264,3054490112
739,1,0.01256943098269403,79.55809625565628,True,llava_ov_0.5b,15000,2.0,196,rlt,0.5,39997,235200,0.17005527210884352,none,,,,,0.16666666666666666,491323392,2016203264,3054490112
740,1,0.060064913937821984,16.648654504611134,True,llava_ov_0.5b,15000,2.0,196,rlt,0.5,39997,235200,0.17005527210884352,none,,,,,0.16666666666666666,491323392,2016203264,3054490112
741,1,0.01183056808076799,84.52679475515806,True,llava_ov_0.5b,15000,2.0,196,rlt,0.5,39997,235200,0.17005527210884352,none,,,,,0.16666666666666666,491323392,2016203264,3054490112
742,1,0.011640385026112199,85.9078112757231,True,llava_ov_0.5b,15000,2.0,196,rlt,0.5,39997,235200,0.17005527210884352,none,,,,,0.16666666666666666,491323392,2016203264,3054490112
743,1,0.011594842886552215,86.2452393520405,True,llava_ov_0.5b,15000,2.0,196,rlt,0.5,39997,235200,0.17005527210884352,none,,,,,0.16666666666666666,491323392,2016203264,3054490112
744,1,0.0593028599396348,16.862593153482205,True,llava_ov_0.5b,15000,2.0,196,rlt,0.5,39997,235200,0.17005527210884352,none,,,,,0.16666666666666666,491323392,2016203264,3054490112
745,1,0.01248345896601677,80.1060028892842,True,llava_ov_0.5b,15000,2.0,196,rlt,0.5,39997,235200,0.17005527210884352,none,,,,,0.16666666666666666,491323392,2016203264,3054490112
746,1,0.01188972988165915,84.10620005275133,True,llava_ov_0.5b,15000,2.0,196,rlt,0.5,39997,235200,0.17005527210884352,none,,,,,0.16666666666666666,491323392,2016203264,3054490112
747,1,0.01184396492317319,84.43118554357251,True,llava_ov_0.5b,15000,2.0,196,rlt,0.5,39997,235200,0.17005527210884352,none,,,,,0.16666666666666666,491323392,2016203264,3054490112
748,1,0.011693744920194149,85.51580411789905,True,llava_ov_0.5b,15000,2.0,196,rlt,0.5,39997,235200,0.17005527210884352,none,,,,,0.16666666666666666,491323392,2016203264,3054490112
749,1,0.011600841069594026,86.2006464876943,True,llava_ov_0.5b,15000,2.0,196,rlt,0.5,39997,235200,0.17005527210884352,none,,,,,0.16666666666666666,491323392,2016203264,3054490112
750,1,0.059731245040893555,16.741656721124333,True,llava_ov_0.5b,15000,2.0,196,rlt,0.5,39997,235200,0.17005527210884352,none,,,,,0.16666666666666666,491323392,2016203264,3054490112
751,1,0.01189825078472495,84.04596760423021,True,llava_ov_0.5b,15000,2.0,196,rlt,0.5,39997,235200,0.17005527210884352,none,,,,,0.16666666666666666,491323392,2016203264,3054490112
752,1,0.011663453187793493,85.7379014515667,True,llava_ov_0.5b,15000,2.0,196,rlt,0.5,39997,235200,0.17005527210884352,none,,,,,0.16666666666666666,491323392,2016203264,3054490112
753,1,0.011611636029556394,86.12050855319512,True,llava_ov_0.5b,15000,2.0,196,rlt,0.5,39997,235200,0.17005527210884352,none,,,,,0.16666666666666666,491323392,2016203264,3054490112
754,1,0.011584320105612278,86.32358143448816,True,llava_ov_0.5b,15000,2.0,196,rlt,0.5,39997,235200,0.17005527210884352,none,,,,,0.16666666666666666,491323392,2016203264,3054490112
755,1,0.01185857504606247,84.32716377099969,True,llava_ov_0.5b,15000,2.0,196,rlt,0.5,39997,235200,0.17005527210884352,none,,,,,0.16666666666666666,491323392,2016203264,3054490112
756,1,0.059185707941651344,16.895970915577408,True,llava_ov_0.5b,15000,2.0,196,rlt,0.5,39997,235200,0.17005527210884352,none,,,,,0.16666666666666666,491323392,2016203264,3054490112
757,1,0.011852153111249208,84.37285534650005,True,llava_ov_0.5b,15000,2.0,196,rlt,0.5,39997,235200,0.17005527210884352,none,,,,,0.16666666666666666,491323392,2016203264,3054490112
758,1,0.013194340048357844,75.79007334470352,True,llava_ov_0.5b,15000,2.0,196,rlt,0.5,39997,235200,0.17005527210884352,none,,,,,0.16666666666666666,491323392,2016203264,3054490112
759,1,0.012074001133441925,82.82258622870701,True,llava_ov_0.5b,15000,2.0,196,rlt,0.5,39997,235200,0.17005527210884352,none,,,,,0.16666666666666666,491323392,2016203264,3054490112
760,1,0.06111849402077496,16.361659691092637,True,llava_ov_0.5b,15000,2.0,196,rlt,0.5,39997,235200,0.17005527210884352,none,,,,,0.16666666666666666,491323392,2016203264,3054490112
761,1,0.011849006870761514,84.39525868345892,True,llava_ov_0.5b,15000,2.0,196,rlt,0.5,39997,235200,0.17005527210884352,none,,,,,0.16666666666666666,491323392,2016203264,3054490112
762,1,0.011745596071705222,85.13829301596444,True,llava_ov_0.5b,15000,2.0,196,rlt,0.5,39997,235200,0.17005527210884352,none,,,,,0.16666666666666666,491323392,2016203264,3054490112
763,1,0.011720177019014955,85.32294336319222,True,llava_ov_0.5b,15000,2.0,196,rlt,0.5,39997,235200,0.17005527210884352,none,,,,,0.16666666666666666,491323392,2016203264,3054490112
764,1,0.011549572926014662,86.58328809263286,True,llava_ov_0.5b,15000,2.0,196,rlt,0.5,39997,235200,0.17005527210884352,none,,,,,0.16666666666666666,491323392,2016203264,3054490112
765,1,0.06086210301145911,16.43058570966107,True,llava_ov_0.5b,15000,2.0,196,rlt,0.5,39997,235200,0.17005527210884352,none,,,,,0.16666666666666666,491323392,2016203264,3054490112
766,1,0.01190820592455566,83.97570602452559,True,llava_ov_0.5b,15000,2.0,196,rlt,0.5,39997,235200,0.17005527210884352,none,,,,,0.16666666666666666,491323392,2016203264,3054490112
767,1,0.011797349201515317,84.7648046114931,True,llava_ov_0.5b,15000,2.0,196,rlt,0.5,39997,235200,0.17005527210884352,none,,,,,0.16666666666666666,491323392,2016203264,3054490112
768,1,0.011735617881640792,85.21068171147603,True,llava_ov_0.5b,15000,2.0,196,rlt,0.5,39997,235200,0.17005527210884352,none,,,,,0.16666666666666666,491323392,2016203264,3054490112
769,1,0.011622847057878971,86.03743945181775,True,llava_ov_0.5b,15000,2.0,196,rlt,0.5,39997,235200,0.17005527210884352,none,,,,,0.16666666666666666,491323392,2016203264,3054490112
770,1,0.011593675939366221,86.2539202604852,True,llava_ov_0.5b,15000,2.0,196,rlt,0.5,39997,235200,0.17005527210884352,none,,,,,0.16666666666666666,491323392,2016203264,3054490112
771,1,0.011568822897970676,86.43921761265904,True,llava_ov_0.5b,15000,2.0,196,rlt,0.5,39997,235200,0.17005527210884352,none,,,,,0.16666666666666666,491323392,2016203264,3054490112
772,1,0.011562673142179847,86.48519141755101,True,llava_ov_0.5b,15000,2.0,196,rlt,0.5,39997,235200,0.17005527210884352,none,,,,,0.16666666666666666,491323392,2016203264,3054490112
773,1,0.06498029502108693,15.389280699256402,True,llava_ov_0.5b,15000,2.0,196,rlt,0.5,39997,235200,0.17005527210884352,none,,,,,0.16666666666666666,491323392,2016203264,3054490112
774,1,0.011879913974553347,84.17569370805123,True,llava_ov_0.5b,15000,2.0,196,rlt,0.5,39997,235200,0.17005527210884352,none,,,,,0.16666666666666666,491323392,2016203264,3054490112
775,1,0.011741671012714505,85.16675343033772,True,llava_ov_0.5b,15000,2.0,196,rlt,0.5,39997,235200,0.17005527210884352,none,,,,,0.16666666666666666,491323392,2016203264,3054490112
776,1,0.011671595973894,85.67808569082686,True,llava_ov_0.5b,15000,2.0,196,rlt,0.5,39997,235200,0.17005527210884352,none,,,,,0.16666666666666666,491323392,2016203264,3054490112
777,1,0.011605249950662255,86.16789851587254,True,llava_ov_0.5b,15000,2.0,196,rlt,0.5,39997,235200,0.17005527210884352,none,,,,,0.16666666666666666,491323392,2016203264,3054490112
778,1,0.011541632004082203,86.64285948870197,True,llava_ov_0.5b,15000,2.0,196,rlt,0.5,39997,235200,0.17005527210884352,none,,,,,0.16666666666666666,491323392,2016203264,3054490112
779,1,0.062196436105296016,16.078091649930567,True,llava_ov_0.5b,15000,2.0,196,rlt,0.5,39997,235200,0.17005527210884352,none,,,,,0.16666666666666666,491323392,2016203264,3054490112
780,1,0.01208533183671534,82.74493522486421,True,llava_ov_0.5b,15000,2.0,196,rlt,0.5,39997,235200,0.17005527210884352,none,,,,,0.16666666666666666,491323392,2016203264,3054490112
781,1,0.011740033980458975,85.17862909634485,True,llava_ov_0.5b,15000,2.0,196,rlt,0.5,39997,235200,0.17005527210884352,none,,,,,0.16666666666666666,491323392,2016203264,3054490112
782,1,0.011824432061985135,84.57065800351985,True,llava_ov_0.5b,15000,2.0,196,rlt,0.5,39997,235200,0.17005527210884352,none,,,,,0.16666666666666666,491323392,2016203264,3054490112
783,1,0.011670833919197321,85.68368009719536,True,llava_ov_0.5b,15000,2.0,196,rlt,0.5,39997,235200,0.17005527210884352,none,,,,,0.16666666666666666,491323392,2016203264,3054490112
784,1,0.011648494051769376,85.84800709479717,True,llava_ov_0.5b,15000,2.0,196,rlt,0.5,39997,235200,0.17005527210884352,none,,,,,0.16666666666666666,491323392,2016203264,3054490112
785,1,0.011594455922022462,86.2481177836559,True,llava_ov_0.5b,15000,2.0,196,rlt,0.5,39997,235200,0.17005527210884352,none,,,,,0.16666666666666666,491323392,2016203264,3054490112
786,1,0.011552074924111366,86.5645355115219,True,llava_ov_0.5b,15000,2.0,196,rlt,0.5,39997,235200,0.17005527210884352,none,,,,,0.16666666666666666,491323392,2016203264,3054490112
787,1,0.011482033878564835,87.0925839947959,True,llava_ov_0.5b,15000,2.0,196,rlt,0.5,39997,235200,0.17005527210884352,none,,,,,0.16666666666666666,491323392,2016203264,3054490112
788,1,0.05967393796890974,16.7577343483013,True,llava_ov_0.5b,15000,2.0,196,rlt,0.5,39997,235200,0.17005527210884352,none,,,,,0.16666666666666666,491323392,2016203264,3054490112
789,1,0.011955701047554612,83.64210480192104,True,llava_ov_0.5b,15000,2.0,196,rlt,0.5,39997,235200,0.17005527210884352,none,,,,,0.16666666666666666,491323392,2016203264,3054490112
790,1,0.011705205077305436,85.43207858347085,True,llava_ov_0.5b,15000,2.0,196,rlt,0.5,39997,235200,0.17005527210884352,none,,,,,0.16666666666666666,491323392,2016203264,3054490112
791,1,0.01168128289282322,85.607035560656,True,llava_ov_0.5b,15000,2.0,196,rlt,0.5,39997,235200,0.17005527210884352,none,,,,,0.16666666666666666,491323392,2016203264,3054490112
792,1,0.01159689505584538,86.22997752281573,True,llava_ov_0.5b,15000,2.0,196,rlt,0.5,39997,235200,0.17005527210884352,none,,,,,0.16666666666666666,491323392,2016203264,3054490112
793,1,0.011524633970111609,86.7706516834665,True,llava_ov_0.5b,15000,2.0,196,rlt,0.5,39997,235200,0.17005527210884352,none,,,,,0.16666666666666666,491323392,2016203264,3054490112
794,1,0.061799636110663414,16.181325051968255,True,llava_ov_0.5b,15000,2.0,196,rlt,0.5,39997,235200,0.17005527210884352,none,,,,,0.16666666666666666,491323392,2016203264,3054490112
795,1,0.011857324047014117,84.33606065205055,True,llava_ov_0.5b,15000,2.0,196,rlt,0.5,39997,235200,0.17005527210884352,none,,,,,0.16666666666666666,491323392,2016203264,3054490112
796,1,0.01169211883097887,85.52769728532424,True,llava_ov_0.5b,15000,2.0,196,rlt,0.5,39997,235200,0.17005527210884352,none,,,,,0.16666666666666666,491323392,2016203264,3054490112
797,1,0.011692079016938806,85.52798852550158,True,llava_ov_0.5b,15000,2.0,196,rlt,0.5,39997,235200,0.17005527210884352,none,,,,,0.16666666666666666,491323392,2016203264,3054490112
798,1,0.011592546943575144,86.26232051225145,True,llava_ov_0.5b,15000,2.0,196,rlt,0.5,39997,235200,0.17005527210884352,none,,,,,0.16666666666666666,491323392,2016203264,3054490112
799,1,0.011638179887086153,85.92408862055917,True,llava_ov_0.5b,15000,2.0,196,rlt,0.5,39997,235200,0.17005527210884352,none,,,,,0.16666666666666666,491323392,2016203264,3054490112
800,1,0.011507723946124315,86.8981568103039,True,llava_ov_0.5b,15000,2.0,196,rlt,0.5,39997,235200,0.17005527210884352,none,,,,,0.16666666666666666,491323392,2016203264,3054490112
801,1,0.05958486394956708,16.78278565587403,True,llava_ov_0.5b,15000,2.0,196,rlt,0.5,39997,235200,0.17005527210884352,none,,,,,0.16666666666666666,491323392,2016203264,3054490112
802,1,0.011844536056742072,84.42711434280166,True,llava_ov_0.5b,15000,2.0,196,rlt,0.5,39997,235200,0.17005527210884352,none,,,,,0.16666666666666666,491323392,2016203264,3054490112
803,1,0.010897686937823892,91.76259197987984,True,llava_ov_0.5b,15000,2.0,196,rlt,0.5,39997,235200,0.17005527210884352,none,,,,,0.16666666666666666,491323392,2016203264,3054490112
804,1,0.011606282088905573,86.16023566719083,True,llava_ov_0.5b,15000,2.0,196,rlt,0.5,39997,235200,0.17005527210884352,none,,,,,0.16666666666666666,491323392,2016203264,3054490112
805,1,0.01159037696197629,86.27847077628515,True,llava_ov_0.5b,15000,2.0,196,rlt,0.5,39997,235200,0.17005527210884352,none,,,,,0.16666666666666666,491323392,2016203264,3054490112
806,1,0.011560776038095355,86.49938349335505,True,llava_ov_0.5b,15000,2.0,196,rlt,0.5,39997,235200,0.17005527210884352,none,,,,,0.16666666666666666,491323392,2016203264,3054490112
807,1,0.011454337043687701,87.30317574783463,True,llava_ov_0.5b,15000,2.0,196,rlt,0.5,39997,235200,0.17005527210884352,none,,,,,0.16666666666666666,491323392,2016203264,3054490112
808,1,0.012156386859714985,82.26128466788903,True,llava_ov_0.5b,15000,2.0,196,rlt,0.5,39997,235200,0.17005527210884352,none,,,,,0.16666666666666666,491323392,2016203264,3054490112
809,1,0.06187222804874182,16.162340221726268,True,llava_ov_0.5b,15000,2.0,196,rlt,0.5,39997,235200,0.17005527210884352,none,,,,,0.16666666666666666,491323392,2016203264,3054490112
810,1,0.012095282087102532,82.67686464843364,True,llava_ov_0.5b,15000,2.0,196,rlt,0.5,39997,235200,0.17005527210884352,none,,,,,0.16666666666666666,491323392,2016203264,3054490112
811,1,0.012752678012475371,78.41490226772329,True,llava_ov_0.5b,15000,2.0,196,rlt,0.5,39997,235200,0.17005527210884352,none,,,,,0.16666666666666666,491323392,2016203264,3054490112
812,1,0.012584639014676213,79.46195348422783,True,llava_ov_0.5b,15000,2.0,196,rlt,0.5,39997,235200,0.17005527210884352,none,,,,,0.16666666666666666,491323392,2016203264,3054490112
813,1,0.011888924986124039,84.11189415082805,True,llava_ov_0.5b,15000,2.0,196,rlt,0.5,39997,235200,0.17005527210884352,none,,,,,0.16666666666666666,491323392,2016203264,3054490112
814,1,0.011693579144775867,85.51701644288714,True,llava_ov_0.5b,15000,2.0,196,rlt,0.5,39997,235200,0.17005527210884352,none,,,,,0.16666666666666666,491323392,2016203264,3054490112
815,1,0.05987318581901491,16.701967438692957,True,llava_ov_0.5b,15000,2.0,196,rlt,0.5,39997,235200,0.17005527210884352,none,,,,,0.16666666666666666,491323392,2016203264,3054490112
816,1,0.011882356135174632,84.15839321965443,True,llava_ov_0.5b,15000,2.0,196,rlt,0.5,39997,235200,0.17005527210884352,none,,,,,0.16666666666666666,491323392,2016203264,3054490112
817,1,0.012262593023478985,81.54882071722649,True,llava_ov_0.5b,15000,2.0,196,rlt,0.5,39997,235200,0.17005527210884352,none,,,,,0.16666666666666666,491323392,2016203264,3054490112
818,1,0.012141911080107093,82.35935788052072,True,llava_ov_0.5b,15000,2.0,196,rlt,0.5,39997,235200,0.17005527210884352,none,,,,,0.16666666666666666,491323392,2016203264,3054490112
819,1,0.01175026292912662,85.10447860032086,True,llava_ov_0.5b,15000,2.0,196,rlt,0.5,39997,235200,0.17005527210884352,none,,,,,0.16666666666666666,491323392,2016203264,3054490112
820,1,0.011698487913236022,85.48113289654896,True,llava_ov_0.5b,15000,2.0,196,rlt,0.5,39997,235200,0.17005527210884352,none,,,,,0.16666666666666666,491323392,2016203264,3054490112
821,1,0.05892399791628122,16.97101410906966,True,llava_ov_0.5b,15000,2.0,196,rlt,0.5,39997,235200,0.17005527210884352,none,,,,,0.16666666666666666,491323392,2016203264,3054490112
822,1,0.012158997124060988,82.24362501255446,True,llava_ov_0.5b,15000,2.0,196,rlt,0.5,39997,235200,0.17005527210884352,none,,,,,0.16666666666666666,491323392,2016203264,3054490112
823,1,0.012142072897404432,82.35826027809193,True,llava_ov_0.5b,15000,2.0,196,rlt,0.5,39997,235200,0.17005527210884352,none,,,,,0.16666666666666666,491323392,2016203264,3054490112
824,1,0.012184018967673182,82.07472449388126,True,llava_ov_0.5b,15000,2.0,196,rlt,0.5,39997,235200,0.17005527210884352,none,,,,,0.16666666666666666,491323392,2016203264,3054490112
825,1,0.06011144584044814,16.635766882970465,True,llava_ov_0.5b,15000,2.0,196,rlt,0.5,39997,235200,0.17005527210884352,none,,,,,0.16666666666666666,491323392,2016203264,3054490112
826,1,0.015070902882143855,66.35302528455739,True,llava_ov_0.5b,15000,2.0,196,rlt,0.5,39997,235200,0.17005527210884352,none,,,,,0.16666666666666666,491323392,2016203264,3054490112
827,1,0.019326356006786227,51.74281171519667,True,llava_ov_0.5b,15000,2.0,196,rlt,0.5,39997,235200,0.17005527210884352,none,,,,,0.16666666666666666,491323392,2016203264,3054490112
828,1,0.018937984015792608,52.80393093404706,True,llava_ov_0.5b,15000,2.0,196,rlt,0.5,39997,235200,0.17005527210884352,none,,,,,0.16666666666666666,491323392,2016203264,3054490112
829,1,0.07274205912835896,13.747205014301603,True,llava_ov_0.5b,15000,2.0,196,rlt,0.5,39997,235200,0.17005527210884352,none,,,,,0.16666666666666666,491323392,2016203264,3054490112
830,1,0.011851572897285223,84.37698596353103,True,llava_ov_0.5b,15000,2.0,196,rlt,0.5,39997,235200,0.17005527210884352,none,,,,,0.16666666666666666,491323392,2016203264,3054490112
831,1,0.011818646918982267,84.61205473478283,True,llava_ov_0.5b,15000,2.0,196,rlt,0.5,39997,235200,0.17005527210884352,none,,,,,0.16666666666666666,491323392,2016203264,3054490112
832,1,0.012453963980078697,80.29571962787072,True,llava_ov_0.5b,15000,2.0,196,rlt,0.5,39997,235200,0.17005527210884352,none,,,,,0.16666666666666666,491323392,2016203264,3054490112
833,1,0.06107491021975875,16.373335571052273,True,llava_ov_0.5b,15000,2.0,196,rlt,0.5,39997,235200,0.17005527210884352,none,,,,,0.16666666666666666,491323392,2016203264,3054490112
834,1,0.01189205702394247,84.08974141199322,True,llava_ov_0.5b,15000,2.0,196,rlt,0.5,39997,235200,0.17005527210884352,none,,,,,0.16666666666666666,491323392,2016203264,3054490112
835,1,0.011711448896676302,85.38653148918227,True,llava_ov_0.5b,15000,2.0,196,rlt,0.5,39997,235200,0.17005527210884352,none,,,,,0.16666666666666666,491323392,2016203264,3054490112
836,1,0.011641209945082664,85.90172367971145,True,llava_ov_0.5b,15000,2.0,196,rlt,0.5,39997,235200,0.17005527210884352,none,,,,,0.16666666666666666,491323392,2016203264,3054490112
837,1,0.011584788095206022,86.32009422889803,True,llava_ov_0.5b,15000,2.0,196,rlt,0.5,39997,235200,0.17005527210884352,none,,,,,0.16666666666666666,491323392,2016203264,3054490112
838,1,0.0612470309715718,16.327322061769106,True,llava_ov_0.5b,15000,2.0,196,rlt,0.5,39997,235200,0.17005527210884352,none,,,,,0.16666666666666666,491323392,2016203264,3054490112
839,1,0.011938299052417278,83.76402665147837,True,llava_ov_0.5b,15000,2.0,196,rlt,0.5,39997,235200,0.17005527210884352,none,,,,,0.16666666666666666,491323392,2016203264,3054490112
840,1,0.011776475934311748,84.91504636683513,True,llava_ov_0.5b,15000,2.0,196,rlt,0.5,39997,235200,0.17005527210884352,none,,,,,0.16666666666666666,491323392,2016203264,3054490112
841,1,0.011685488047078252,85.57622890641971,True,llava_ov_0.5b,15000,2.0,196,rlt,0.5,39997,235200,0.17005527210884352,none,,,,,0.16666666666666666,491323392,2016203264,3054490112
842,1,0.011660511838272214,85.75952872993045,True,llava_ov_0.5b,15000,2.0,196,rlt,0.5,39997,235200,0.17005527210884352,none,,,,,0.16666666666666666,491323392,2016203264,3054490112
843,1,0.06259109312668443,15.976714098537936,True,llava_ov_0.5b,15000,2.0,196,rlt,0.5,39997,235200,0.17005527210884352,none,,,,,0.16666666666666666,491323392,2016203264,3054490112
844,1,0.012632011203095317,79.16395765663685,True,llava_ov_0.5b,15000,2.0,196,rlt,0.5,39997,235200,0.17005527210884352,none,,,,,0.16666666666666666,491323392,2016203264,3054490112
845,1,0.012222614139318466,81.81555832505076,True,llava_ov_0.5b,15000,2.0,196,rlt,0.5,39997,235200,0.17005527210884352,none,,,,,0.16666666666666666,491323392,2016203264,3054490112
846,1,0.012335926992818713,81.06403358111183,True,llava_ov_0.5b,15000,2.0,196,rlt,0.5,39997,235200,0.17005527210884352,none,,,,,0.16666666666666666,491323392,2016203264,3054490112
847,1,0.012358773965388536,80.91417504685805,True,llava_ov_0.5b,15000,2.0,196,rlt,0.5,39997,235200,0.17005527210884352,none,,,,,0.16666666666666666,491323392,2016203264,3054490112
848,1,0.01228511892259121,81.39929342980079,True,llava_ov_0.5b,15000,2.0,196,rlt,0.5,39997,235200,0.17005527210884352,none,,,,,0.16666666666666666,491323392,2016203264,3054490112
849,1,0.012707415968179703,78.6942052187536,True,llava_ov_0.5b,15000,2.0,196,rlt,0.5,39997,235200,0.17005527210884352,none,,,,,0.16666666666666666,491323392,2016203264,3054490112
850,1,0.011852326104417443,84.37162386439006,True,llava_ov_0.5b,15000,2.0,196,rlt,0.5,39997,235200,0.17005527210884352,none,,,,,0.16666666666666666,491323392,2016203264,3054490112
851,1,0.06167676881887019,16.213560132126233,True,llava_ov_0.5b,15000,2.0,196,rlt,0.5,39997,235200,0.17005527210884352,none,,,,,0.16666666666666666,491323392,2016203264,3054490112
852,1,0.011907103005796671,83.98348443892485,True,llava_ov_0.5b,15000,2.0,196,rlt,0.5,39997,235200,0.17005527210884352,none,,,,,0.16666666666666666,491323392,2016203264,3054490112
853,1,0.01165773207321763,85.7799779339063,True,llava_ov_0.5b,15000,2.0,196,rlt,0.5,39997,235200,0.17005527210884352,none,,,,,0.16666666666666666,491323392,2016203264,3054490112
854,1,0.01309412601403892,76.37012191022494,True,llava_ov_0.5b,15000,2.0,196,rlt,0.5,39997,235200,0.17005527210884352,none,,,,,0.16666666666666666,491323392,2016203264,3054490112
855,1,0.011936669005081058,83.77546529725605,True,llava_ov_0.5b,15000,2.0,196,rlt,0.5,39997,235200,0.17005527210884352,none,,,,,0.16666666666666666,491323392,2016203264,3054490112
856,1,0.011673691915348172,85.66270270378081,True,llava_ov_0.5b,15000,2.0,196,rlt,0.5,39997,235200,0.17005527210884352,none,,,,,0.16666666666666666,491323392,2016203264,3054490112
857,1,0.01282317703589797,77.98379428128771,True,llava_ov_0.5b,15000,2.0,196,rlt,0.5,39997,235200,0.17005527210884352,none,,,,,0.16666666666666666,491323392,2016203264,3054490112
858,1,0.011606212938204408,86.16074901644097,True,llava_ov_0.5b,15000,2.0,196,rlt,0.5,39997,235200,0.17005527210884352,none,,,,,0.16666666666666666,491323392,2016203264,3054490112
859,1,0.011608568020164967,86.14326920106974,True,llava_ov_0.5b,15000,2.0,196,rlt,0.5,39997,235200,0.17005527210884352,none,,,,,0.16666666666666666,491323392,2016203264,3054490112
860,1,0.011610219022259116,86.13101941339777,True,llava_ov_0.5b,15000,2.0,196,rlt,0.5,39997,235200,0.17005527210884352,none,,,,,0.16666666666666666,491323392,2016203264,3054490112
861,1,0.011550431838259101,86.57684959341933,True,llava_ov_0.5b,15000,2.0,196,rlt,0.5,39997,235200,0.17005527210884352,none,,,,,0.16666666666666666,491323392,2016203264,3054490112
862,1,0.011535143945366144,86.69159264386262,True,llava_ov_0.5b,15000,2.0,196,rlt,0.5,39997,235200,0.17005527210884352,none,,,,,0.16666666666666666,491323392,2016203264,3054490112
863,1,0.011600079014897346,86.20630934632038,True,llava_ov_0.5b,15000,2.0,196,rlt,0.5,39997,235200,0.17005527210884352,none,,,,,0.16666666666666666,491323392,2016203264,3054490112
864,1,0.06480167084373534,15.431700864803773,True,llava_ov_0.5b,15000,2.0,196,rlt,0.5,39997,235200,0.17005527210884352,none,,,,,0.16666666666666666,491323392,2016203264,3054490112
865,1,0.011910689063370228,83.95819878090595,True,llava_ov_0.5b,15000,2.0,196,rlt,0.5,39997,235200,0.17005527210884352,none,,,,,0.16666666666666666,491323392,2016203264,3054490112
866,1,0.011699988041073084,85.47017283175644,True,llava_ov_0.5b,15000,2.0,196,rlt,0.5,39997,235200,0.17005527210884352,none,,,,,0.16666666666666666,491323392,2016203264,3054490112
867,1,0.012036480940878391,83.08076130489204,True,llava_ov_0.5b,15000,2.0,196,rlt,0.5,39997,235200,0.17005527210884352,none,,,,,0.16666666666666666,491323392,2016203264,3054490112
868,1,0.01255657896399498,79.6395262489427,True,llava_ov_0.5b,15000,2.0,196,rlt,0.5,39997,235200,0.17005527210884352,none,,,,,0.16666666666666666,491323392,2016203264,3054490112
869,1,0.011871582828462124,84.23476586479266,True,llava_ov_0.5b,15000,2.0,196,rlt,0.5,39997,235200,0.17005527210884352,none,,,,,0.16666666666666666,491323392,2016203264,3054490112
870,1,0.011697084177285433,85.49139125987483,True,llava_ov_0.5b,15000,2.0,196,rlt,0.5,39997,235200,0.17005527210884352,none,,,,,0.16666666666666666,491323392,2016203264,3054490112
871,1,0.011630498105660081,85.98084028003422,True,llava_ov_0.5b,15000,2.0,196,rlt,0.5,39997,235200,0.17005527210884352,none,,,,,0.16666666666666666,491323392,2016203264,3054490112
872,1,0.011625590967014432,86.0171326203824,True,llava_ov_0.5b,15000,2.0,196,rlt,0.5,39997,235200,0.17005527210884352,none,,,,,0.16666666666666666,491323392,2016203264,3054490112
873,1,0.011580910068005323,86.34899970104321,True,llava_ov_0.5b,15000,2.0,196,rlt,0.5,39997,235200,0.17005527210884352,none,,,,,0.16666666666666666,491323392,2016203264,3054490112
874,1,0.011530044954270124,86.72993071285923,True,llava_ov_0.5b,15000,2.0,196,rlt,0.5,39997,235200,0.17005527210884352,none,,,,,0.16666666666666666,491323392,2016203264,3054490112
875,1,0.011495406972244382,86.99126550408319,True,llava_ov_0.5b,15000,2.0,196,rlt,0.5,39997,235200,0.17005527210884352,none,,,,,0.16666666666666666,491323392,2016203264,3054490112
876,1,0.058893920155242085,16.979681389251027,True,llava_ov_0.5b,15000,2.0,196,rlt,0.5,39997,235200,0.17005527210884352,none,,,,,0.16666666666666666,491323392,2016203264,3054490112
877,1,0.011817639926448464,84.619264609844,True,llava_ov_0.5b,15000,2.0,196,rlt,0.5,39997,235200,0.17005527210884352,none,,,,,0.16666666666666666,491323392,2016203264,3054490112
878,1,0.01167016290128231,85.68860678800984,True,llava_ov_0.5b,15000,2.0,196,rlt,0.5,39997,235200,0.17005527210884352,none,,,,,0.16666666666666666,491323392,2016203264,3054490112
879,1,0.011996966088190675,83.3544074934378,True,llava_ov_0.5b,15000,2.0,196,rlt,0.5,39997,235200,0.17005527210884352,none,,,,,0.16666666666666666,491323392,2016203264,3054490112
880,1,0.011817110003903508,84.62305924796107,True,llava_ov_0.5b,15000,2.0,196,rlt,0.5,39997,235200,0.17005527210884352,none,,,,,0.16666666666666666,491323392,2016203264,3054490112
881,1,0.011648651212453842,85.8468488549882,True,llava_ov_0.5b,15000,2.0,196,rlt,0.5,39997,235200,0.17005527210884352,none,,,,,0.16666666666666666,491323392,2016203264,3054490112
882,1,0.011654000030830503,85.80744785949145,True,llava_ov_0.5b,15000,2.0,196,rlt,0.5,39997,235200,0.17005527210884352,none,,,,,0.16666666666666666,491323392,2016203264,3054490112
883,1,0.06015520403161645,16.623665667801887,True,llava_ov_0.5b,15000,2.0,196,rlt,0.5,39997,235200,0.17005527210884352,none,,,,,0.16666666666666666,491323392,2016203264,3054490112
884,1,0.012234020046889782,81.73928080608523,True,llava_ov_0.5b,15000,2.0,196,rlt,0.5,39997,235200,0.17005527210884352,none,,,,,0.16666666666666666,491323392,2016203264,3054490112
885,1,0.01219936995767057,81.97144635090211,True,llava_ov_0.5b,15000,2.0,196,rlt,0.5,39997,235200,0.17005527210884352,none,,,,,0.16666666666666666,491323392,2016203264,3054490112
886,1,0.012185159139335155,82.06704471933239,True,llava_ov_0.5b,15000,2.0,196,rlt,0.5,39997,235200,0.17005527210884352,none,,,,,0.16666666666666666,491323392,2016203264,3054490112
887,1,0.01176834013313055,84.973750646854,True,llava_ov_0.5b,15000,2.0,196,rlt,0.5,39997,235200,0.17005527210884352,none,,,,,0.16666666666666666,491323392,2016203264,3054490112
888,1,0.011727435979992151,85.27013080319277,True,llava_ov_0.5b,15000,2.0,196,rlt,0.5,39997,235200,0.17005527210884352,none,,,,,0.16666666666666666,491323392,2016203264,3054490112
889,1,0.011577156139537692,86.37699862964212,True,llava_ov_0.5b,15000,2.0,196,rlt,0.5,39997,235200,0.17005527210884352,none,,,,,0.16666666666666666,491323392,2016203264,3054490112
890,1,0.011522976914420724,86.78312969181813,True,llava_ov_0.5b,15000,2.0,196,rlt,0.5,39997,235200,0.17005527210884352,none,,,,,0.16666666666666666,491323392,2016203264,3054490112
891,1,0.011511206859722733,86.87186427853723,True,llava_ov_0.5b,15000,2.0,196,rlt,0.5,39997,235200,0.17005527210884352,none,,,,,0.16666666666666666,491323392,2016203264,3054490112
892,1,0.060566009022295475,16.510911254394877,True,llava_ov_0.5b,15000,2.0,196,rlt,0.5,39997,235200,0.17005527210884352,none,,,,,0.16666666666666666,491323392,2016203264,3054490112
893,1,0.011906231055036187,83.98963495480062,True,llava_ov_0.5b,15000,2.0,196,rlt,0.5,39997,235200,0.17005527210884352,none,,,,,0.16666666666666666,491323392,2016203264,3054490112
894,1,0.011728279991075397,85.26399444427891,True,llava_ov_0.5b,15000,2.0,196,rlt,0.5,39997,235200,0.17005527210884352,none,,,,,0.16666666666666666,491323392,2016203264,3054490112
895,1,0.011758153792470694,85.04736522840412,True,llava_ov_0.5b,15000,2.0,196,rlt,0.5,39997,235200,0.17005527210884352,none,,,,,0.16666666666666666,491323392,2016203264,3054490112
896,1,0.011731690028682351,85.23921085156009,True,llava_ov_0.5b,15000,2.0,196,rlt,0.5,39997,235200,0.17005527210884352,none,,,,,0.16666666666666666,491323392,2016203264,3054490112
897,1,0.011717244982719421,85.34429394237287,True,llava_ov_0.5b,15000,2.0,196,rlt,0.5,39997,235200,0.17005527210884352,none,,,,,0.16666666666666666,491323392,2016203264,3054490112
898,1,0.06049038912169635,16.531551780699747,True,llava_ov_0.5b,15000,2.0,196,rlt,0.5,39997,235200,0.17005527210884352,none,,,,,0.16666666666666666,491323392,2016203264,3054490112
899,1,0.011932146968320012,83.8072144648412,True,llava_ov_0.5b,15000,2.0,196,rlt,0.5,39997,235200,0.17005527210884352,none,,,,,0.16666666666666666,491323392,2016203264,3054490112
900,1,0.01171489292755723,85.36142892502887,True,llava_ov_0.5b,15000,2.0,196,rlt,0.5,39997,235200,0.17005527210884352,none,,,,,0.16666666666666666,491323392,2016203264,3054490112
901,1,0.011698839021846652,85.47856741447416,True,llava_ov_0.5b,15000,2.0,196,rlt,0.5,39997,235200,0.17005527210884352,none,,,,,0.16666666666666666,491323392,2016203264,3054490112
902,1,0.011666944017633796,85.71224808215139,True,llava_ov_0.5b,15000,2.0,196,rlt,0.5,39997,235200,0.17005527210884352,none,,,,,0.16666666666666666,491323392,2016203264,3054490112
903,1,0.011686259880661964,85.57057691783552,True,llava_ov_0.5b,15000,2.0,196,rlt,0.5,39997,235200,0.17005527210884352,none,,,,,0.16666666666666666,491323392,2016203264,3054490112
904,1,0.0118073639459908,84.692908982411,True,llava_ov_0.5b,15000,2.0,196,rlt,0.5,39997,235200,0.17005527210884352,none,,,,,0.16666666666666666,491323392,2016203264,3054490112
905,1,0.012980920961126685,77.03613657263995,True,llava_ov_0.5b,15000,2.0,196,rlt,0.5,39997,235200,0.17005527210884352,none,,,,,0.16666666666666666,491323392,2016203264,3054490112
906,1,0.013140690047293901,76.09950439443877,True,llava_ov_0.5b,15000,2.0,196,rlt,0.5,39997,235200,0.17005527210884352,none,,,,,0.16666666666666666,491323392,2016203264,3054490112
907,1,0.012285129865631461,81.39922092297716,True,llava_ov_0.5b,15000,2.0,196,rlt,0.5,39997,235200,0.17005527210884352,none,,,,,0.16666666666666666,491323392,2016203264,3054490112
908,1,0.060570949921384454,16.5095644248259,True,llava_ov_0.5b,15000,2.0,196,rlt,0.5,39997,235200,0.17005527210884352,none,,,,,0.16666666666666666,491323392,2016203264,3054490112
909,1,0.012074470985680819,82.81936336473089,True,llava_ov_0.5b,15000,2.0,196,rlt,0.5,39997,235200,0.17005527210884352,none,,,,,0.16666666666666666,491323392,2016203264,3054490112
910,1,0.011750072939321399,85.10585467546493,True,llava_ov_0.5b,15000,2.0,196,rlt,0.5,39997,235200,0.17005527210884352,none,,,,,0.16666666666666666,491323392,2016203264,3054490112
911,1,0.011188577162101865,89.37686941885843,True,llava_ov_0.5b,15000,2.0,196,rlt,0.5,39997,235200,0.17005527210884352,none,,,,,0.16666666666666666,491323392,2016203264,3054490112
912,1,0.01164608309045434,85.86577926956794,True,llava_ov_0.5b,15000,2.0,196,rlt,0.5,39997,235200,0.17005527210884352,none,,,,,0.16666666666666666,491323392,2016203264,3054490112
913,1,0.01174843218177557,85.11774035272744,True,llava_ov_0.5b,15000,2.0,196,rlt,0.5,39997,235200,0.17005527210884352,none,,,,,0.16666666666666666,491323392,2016203264,3054490112
914,1,0.011590597918257117,86.27682601471611,True,llava_ov_0.5b,15000,2.0,196,rlt,0.5,39997,235200,0.17005527210884352,none,,,,,0.16666666666666666,491323392,2016203264,3054490112
915,1,0.011539043858647346,86.66229301577714,True,llava_ov_0.5b,15000,2.0,196,rlt,0.5,39997,235200,0.17005527210884352,none,,,,,0.16666666666666666,491323392,2016203264,3054490112
916,1,0.011778504820540547,84.90041947056802,True,llava_ov_0.5b,15000,2.0,196,rlt,0.5,39997,235200,0.17005527210884352,none,,,,,0.16666666666666666,491323392,2016203264,3054490112
917,1,0.013028498040512204,76.75481831370685,True,llava_ov_0.5b,15000,2.0,196,rlt,0.5,39997,235200,0.17005527210884352,none,,,,,0.16666666666666666,491323392,2016203264,3054490112
918,1,0.011583470972254872,86.3299094369239,True,llava_ov_0.5b,15000,2.0,196,rlt,0.5,39997,235200,0.17005527210884352,none,,,,,0.16666666666666666,491323392,2016203264,3054490112
919,1,0.011597621021792293,86.22457986176379,True,llava_ov_0.5b,15000,2.0,196,rlt,0.5,39997,235200,0.17005527210884352,none,,,,,0.16666666666666666,491323392,2016203264,3054490112
920,1,0.06013256008736789,16.62992559350672,True,llava_ov_0.5b,15000,2.0,196,rlt,0.5,39997,235200,0.17005527210884352,none,,,,,0.16666666666666666,491323392,2016203264,3054490112
921,1,0.011861526872962713,84.30617834533683,True,llava_ov_0.5b,15000,2.0,196,rlt,0.5,39997,235200,0.17005527210884352,none,,,,,0.16666666666666666,491323392,2016203264,3054490112
922,1,0.012165720807388425,82.19817106050017,True,llava_ov_0.5b,15000,2.0,196,rlt,0.5,39997,235200,0.17005527210884352,none,,,,,0.16666666666666666,491323392,2016203264,3054490112
923,1,0.012742902850732207,78.47505483748861,True,llava_ov_0.5b,15000,2.0,196,rlt,0.5,39997,235200,0.17005527210884352,none,,,,,0.16666666666666666,491323392,2016203264,3054490112
924,1,0.01192316203378141,83.87036904864169,True,llava_ov_0.5b,15000,2.0,196,rlt,0.5,39997,235200,0.17005527210884352,none,,,,,0.16666666666666666,491323392,2016203264,3054490112
925,1,0.011795890983194113,84.77528331049548,True,llava_ov_0.5b,15000,2.0,196,rlt,0.5,39997,235200,0.17005527210884352,none,,,,,0.16666666666666666,491323392,2016203264,3054490112
926,1,0.05954646412283182,16.79360839859795,True,llava_ov_0.5b,15000,2.0,196,rlt,0.5,39997,235200,0.17005527210884352,none,,,,,0.16666666666666666,491323392,2016203264,3054490112
927,1,0.0118941820692271,84.07471772163493,True,llava_ov_0.5b,15000,2.0,196,rlt,0.5,39997,235200,0.17005527210884352,none,,,,,0.16666666666666666,491323392,2016203264,3054490112
928,1,0.01176014682278037,85.03295197496325,True,llava_ov_0.5b,15000,2.0,196,rlt,0.5,39997,235200,0.17005527210884352,none,,,,,0.16666666666666666,491323392,2016203264,3054490112
929,1,0.011725399876013398,85.28493787625067,True,llava_ov_0.5b,15000,2.0,196,rlt,0.5,39997,235200,0.17005527210884352,none,,,,,0.16666666666666666,491323392,2016203264,3054490112
930,1,0.011636181036010385,85.9388485711342,True,llava_ov_0.5b,15000,2.0,196,rlt,0.5,39997,235200,0.17005527210884352,none,,,,,0.16666666666666666,491323392,2016203264,3054490112
931,1,0.011662754928693175,85.74303465296695,True,llava_ov_0.5b,15000,2.0,196,rlt,0.5,39997,235200,0.17005527210884352,none,,,,,0.16666666666666666,491323392,2016203264,3054490112
932,1,0.011567282024770975,86.45073214766711,True,llava_ov_0.5b,15000,2.0,196,rlt,0.5,39997,235200,0.17005527210884352,none,,,,,0.16666666666666666,491323392,2016203264,3054490112
933,1,0.05986765492707491,16.703510455154873,True,llava_ov_0.5b,15000,2.0,196,rlt,0.5,39997,235200,0.17005527210884352,none,,,,,0.16666666666666666,491323392,2016203264,3054490112
934,1,0.011867833090946078,84.26138051797307,True,llava_ov_0.5b,15000,2.0,196,rlt,0.5,39997,235200,0.17005527210884352,none,,,,,0.16666666666666666,491323392,2016203264,3054490112
935,1,0.01179453800432384,84.78500808029982,True,llava_ov_0.5b,15000,2.0,196,rlt,0.5,39997,235200,0.17005527210884352,none,,,,,0.16666666666666666,491323392,2016203264,3054490112
936,1,0.011827725218608975,84.54711125911726,True,llava_ov_0.5b,15000,2.0,196,rlt,0.5,39997,235200,0.17005527210884352,none,,,,,0.16666666666666666,491323392,2016203264,3054490112
937,1,0.012027560966089368,83.14237631548163,True,llava_ov_0.5b,15000,2.0,196,rlt,0.5,39997,235200,0.17005527210884352,none,,,,,0.16666666666666666,491323392,2016203264,3054490112
938,1,0.012765222927555442,78.3378406844244,True,llava_ov_0.5b,15000,2.0,196,rlt,0.5,39997,235200,0.17005527210884352,none,,,,,0.16666666666666666,491323392,2016203264,3054490112
939,1,0.011812858982011676,84.65351203487444,True,llava_ov_0.5b,15000,2.0,196,rlt,0.5,39997,235200,0.17005527210884352,none,,,,,0.16666666666666666,491323392,2016203264,3054490112
940,1,0.01176192588172853,85.02009025183895,True,llava_ov_0.5b,15000,2.0,196,rlt,0.5,39997,235200,0.17005527210884352,none,,,,,0.16666666666666666,491323392,2016203264,3054490112
941,1,0.01164781698025763,85.85299732086635,True,llava_ov_0.5b,15000,2.0,196,rlt,0.5,39997,235200,0.17005527210884352,none,,,,,0.16666666666666666,491323392,2016203264,3054490112
942,1,0.05891318595968187,16.974128689702255,True,llava_ov_0.5b,15000,2.0,196,rlt,0.5,39997,235200,0.17005527210884352,none,,,,,0.16666666666666666,491323392,2016203264,3054490112
943,1,0.011860782979056239,84.31146592647376,True,llava_ov_0.5b,15000,2.0,196,rlt,0.5,39997,235200,0.17005527210884352,none,,,,,0.16666666666666666,491323392,2016203264,3054490112
944,1,0.011700819013640285,85.4641028832465,True,llava_ov_0.5b,15000,2.0,196,rlt,0.5,39997,235200,0.17005527210884352,none,,,,,0.16666666666666666,491323392,2016203264,3054490112
945,1,0.01197577198036015,83.50192385425885,True,llava_ov_0.5b,15000,2.0,196,rlt,0.5,39997,235200,0.17005527210884352,none,,,,,0.16666666666666666,491323392,2016203264,3054490112
946,1,0.01278870995156467,78.1939698208303,True,llava_ov_0.5b,15000,2.0,196,rlt,0.5,39997,235200,0.17005527210884352,none,,,,,0.16666666666666666,491323392,2016203264,3054490112
947,1,0.01297810091637075,77.05287595187264,True,llava_ov_0.5b,15000,2.0,196,rlt,0.5,39997,235200,0.17005527210884352,none,,,,,0.16666666666666666,491323392,2016203264,3054490112
948,1,0.01221489510498941,81.86726053763087,True,llava_ov_0.5b,15000,2.0,196,rlt,0.5,39997,235200,0.17005527210884352,none,,,,,0.16666666666666666,491323392,2016203264,3054490112
949,1,0.016000233124941587,62.4990893689651,True,llava_ov_0.5b,15000,2.0,196,rlt,0.5,39997,235200,0.17005527210884352,none,,,,,0.16666666666666666,491323392,2016203264,3054490112
950,1,0.06031426484696567,16.5798257267544,True,llava_ov_0.5b,15000,2.0,196,rlt,0.5,39997,235200,0.17005527210884352,none,,,,,0.16666666666666666,491323392,2016203264,3054490112
951,1,0.011935221962630749,83.78562234795515,True,llava_ov_0.5b,15000,2.0,196,rlt,0.5,39997,235200,0.17005527210884352,none,,,,,0.16666666666666666,491323392,2016203264,3054490112
952,1,0.011661740019917488,85.75049677767345,True,llava_ov_0.5b,15000,2.0,196,rlt,0.5,39997,235200,0.17005527210884352,none,,,,,0.16666666666666666,491323392,2016203264,3054490112
953,1,0.01159735000692308,86.22659481718206,True,llava_ov_0.5b,15000,2.0,196,rlt,0.5,39997,235200,0.17005527210884352,none,,,,,0.16666666666666666,491323392,2016203264,3054490112
954,1,0.011645053047686815,85.87337437665353,True,llava_ov_0.5b,15000,2.0,196,rlt,0.5,39997,235200,0.17005527210884352,none,,,,,0.16666666666666666,491323392,2016203264,3054490112
955,1,0.011552468175068498,86.56158881771347,True,llava_ov_0.5b,15000,2.0,196,rlt,0.5,39997,235200,0.17005527210884352,none,,,,,0.16666666666666666,491323392,2016203264,3054490112
956,1,0.011781726032495499,84.87720706133149,True,llava_ov_0.5b,15000,2.0,196,rlt,0.5,39997,235200,0.17005527210884352,none,,,,,0.16666666666666666,491323392,2016203264,3054490112
957,1,0.012377435807138681,80.79217824933096,True,llava_ov_0.5b,15000,2.0,196,rlt,0.5,39997,235200,0.17005527210884352,none,,,,,0.16666666666666666,491323392,2016203264,3054490112
958,1,0.05883311107754707,16.99723134956971,True,llava_ov_0.5b,15000,2.0,196,rlt,0.5,39997,235200,0.17005527210884352,none,,,,,0.16666666666666666,491323392,2016203264,3054490112
959,1,0.011849879985675216,84.38904032858179,True,llava_ov_0.5b,15000,2.0,196,rlt,0.5,39997,235200,0.17005527210884352,none,,,,,0.16666666666666666,491323392,2016203264,3054490112
960,1,0.011619684053584933,86.06085977797973,True,llava_ov_0.5b,15000,2.0,196,rlt,0.5,39997,235200,0.17005527210884352,none,,,,,0.16666666666666666,491323392,2016203264,3054490112
961,1,0.011604896979406476,86.17051937423957,True,llava_ov_0.5b,15000,2.0,196,rlt,0.5,39997,235200,0.17005527210884352,none,,,,,0.16666666666666666,491323392,2016203264,3054490112
962,1,0.011606096988543868,86.16160979759852,True,llava_ov_0.5b,15000,2.0,196,rlt,0.5,39997,235200,0.17005527210884352,none,,,,,0.16666666666666666,491323392,2016203264,3054490112
963,1,0.0116305579431355,85.98039792151265,True,llava_ov_0.5b,15000,2.0,196,rlt,0.5,39997,235200,0.17005527210884352,none,,,,,0.16666666666666666,491323392,2016203264,3054490112
964,1,0.05975731904618442,16.734351807636042,True,llava_ov_0.5b,15000,2.0,196,rlt,0.5,39997,235200,0.17005527210884352,none,,,,,0.16666666666666666,491323392,2016203264,3054490112
965,1,0.012397519079968333,80.6612995349836,True,llava_ov_0.5b,15000,2.0,196,rlt,0.5,39997,235200,0.17005527210884352,none,,,,,0.16666666666666666,491323392,2016203264,3054490112
966,1,0.011742951115593314,85.1574693751482,True,llava_ov_0.5b,15000,2.0,196,rlt,0.5,39997,235200,0.17005527210884352,none,,,,,0.16666666666666666,491323392,2016203264,3054490112
967,1,0.011774932965636253,84.92617350080731,True,llava_ov_0.5b,15000,2.0,196,rlt,0.5,39997,235200,0.17005527210884352,none,,,,,0.16666666666666666,491323392,2016203264,3054490112
968,1,0.011547957081347704,86.59540323501922,True,llava_ov_0.5b,15000,2.0,196,rlt,0.5,39997,235200,0.17005527210884352,none,,,,,0.16666666666666666,491323392,2016203264,3054490112
969,1,0.011500893859192729,86.94976340475435,True,llava_ov_0.5b,15000,2.0,196,rlt,0.5,39997,235200,0.17005527210884352,none,,,,,0.16666666666666666,491323392,2016203264,3054490112
970,1,0.011517034843564034,86.82790436800853,True,llava_ov_0.5b,15000,2.0,196,rlt,0.5,39997,235200,0.17005527210884352,none,,,,,0.16666666666666666,491323392,2016203264,3054490112
971,1,0.012625781120732427,79.20302042603362,True,llava_ov_0.5b,15000,2.0,196,rlt,0.5,39997,235200,0.17005527210884352,none,,,,,0.16666666666666666,491323392,2016203264,3054490112
972,1,0.05967676383443177,16.75694082163063,True,llava_ov_0.5b,15000,2.0,196,rlt,0.5,39997,235200,0.17005527210884352,none,,,,,0.16666666666666666,491323392,2016203264,3054490112
973,1,0.011887070024386048,84.12501970195542,True,llava_ov_0.5b,15000,2.0,196,rlt,0.5,39997,235200,0.17005527210884352,none,,,,,0.16666666666666666,491323392,2016203264,3054490112
974,1,0.012184037826955318,82.07459745304246,True,llava_ov_0.5b,15000,2.0,196,rlt,0.5,39997,235200,0.17005527210884352,none,,,,,0.16666666666666666,491323392,2016203264,3054490112
975,1,0.01181851583532989,84.6129931992503,True,llava_ov_0.5b,15000,2.0,196,rlt,0.5,39997,235200,0.17005527210884352,none,,,,,0.16666666666666666,491323392,2016203264,3054490112
976,1,0.011666311183944345,85.71689750366345,True,llava_ov_0.5b,15000,2.0,196,rlt,0.5,39997,235200,0.17005527210884352,none,,,,,0.16666666666666666,491323392,2016203264,3054490112
977,1,0.011622481048107147,86.04014890287658,True,llava_ov_0.5b,15000,2.0,196,rlt,0.5,39997,235200,0.17005527210884352,none,,,,,0.16666666666666666,491323392,2016203264,3054490112
978,1,0.011630431981757283,85.98132911731336,True,llava_ov_0.5b,15000,2.0,196,rlt,0.5,39997,235200,0.17005527210884352,none,,,,,0.16666666666666666,491323392,2016203264,3054490112
979,1,0.011655271053314209,85.79809044557975,True,llava_ov_0.5b,15000,2.0,196,rlt,0.5,39997,235200,0.17005527210884352,none,,,,,0.16666666666666666,491323392,2016203264,3054490112
980,1,0.011631482979282737,85.97356001647742,True,llava_ov_0.5b,15000,2.0,196,rlt,0.5,39997,235200,0.17005527210884352,none,,,,,0.16666666666666666,491323392,2016203264,3054490112
981,1,0.05982049508020282,16.716678768025496,True,llava_ov_0.5b,15000,2.0,196,rlt,0.5,39997,235200,0.17005527210884352,none,,,,,0.16666666666666666,491323392,2016203264,3054490112
982,1,0.011894583003595471,84.07188378926121,True,llava_ov_0.5b,15000,2.0,196,rlt,0.5,39997,235200,0.17005527210884352,none,,,,,0.16666666666666666,491323392,2016203264,3054490112
983,1,0.011642344994470477,85.89334884638355,True,llava_ov_0.5b,15000,2.0,196,rlt,0.5,39997,235200,0.17005527210884352,none,,,,,0.16666666666666666,491323392,2016203264,3054490112
984,1,0.011557983933016658,86.52027947048703,True,llava_ov_0.5b,15000,2.0,196,rlt,0.5,39997,235200,0.17005527210884352,none,,,,,0.16666666666666666,491323392,2016203264,3054490112
985,1,0.011651261942461133,85.82761291767567,True,llava_ov_0.5b,15000,2.0,196,rlt,0.5,39997,235200,0.17005527210884352,none,,,,,0.16666666666666666,491323392,2016203264,3054490112
986,1,0.013137044152244925,76.12062412297783,True,llava_ov_0.5b,15000,2.0,196,rlt,0.5,39997,235200,0.17005527210884352,none,,,,,0.16666666666666666,491323392,2016203264,3054490112
987,1,0.013342759106308222,74.94701748210515,True,llava_ov_0.5b,15000,2.0,196,rlt,0.5,39997,235200,0.17005527210884352,none,,,,,0.16666666666666666,491323392,2016203264,3054490112
988,1,0.05948206619359553,16.811789905638324,True,llava_ov_0.5b,15000,2.0,196,rlt,0.5,39997,235200,0.17005527210884352,none,,,,,0.16666666666666666,491323392,2016203264,3054490112
989,1,0.01203415379859507,83.09682730801937,True,llava_ov_0.5b,15000,2.0,196,rlt,0.5,39997,235200,0.17005527210884352,none,,,,,0.16666666666666666,491323392,2016203264,3054490112
990,1,0.011725880904123187,85.28143925190035,True,llava_ov_0.5b,15000,2.0,196,rlt,0.5,39997,235200,0.17005527210884352,none,,,,,0.16666666666666666,491323392,2016203264,3054490112
991,1,0.05954338889569044,16.794475735195796,True,llava_ov_0.5b,15000,2.0,196,rlt,0.5,39997,235200,0.17005527210884352,none,,,,,0.16666666666666666,491323392,2016203264,3054490112
992,1,0.011902451980859041,84.0163019861918,True,llava_ov_0.5b,15000,2.0,196,rlt,0.5,39997,235200,0.17005527210884352,none,,,,,0.16666666666666666,491323392,2016203264,3054490112
993,1,0.01168795907869935,85.55813664871944,True,llava_ov_0.5b,15000,2.0,196,rlt,0.5,39997,235200,0.17005527210884352,none,,,,,0.16666666666666666,491323392,2016203264,3054490112
994,1,0.011619718046858907,86.06060800849849,True,llava_ov_0.5b,15000,2.0,196,rlt,0.5,39997,235200,0.17005527210884352,none,,,,,0.16666666666666666,491323392,2016203264,3054490112
995,1,0.011628655949607491,85.9944609534822,True,llava_ov_0.5b,15000,2.0,196,rlt,0.5,39997,235200,0.17005527210884352,none,,,,,0.16666666666666666,491323392,2016203264,3054490112
996,1,0.011661659926176071,85.75108572282866,True,llava_ov_0.5b,15000,2.0,196,rlt,0.5,39997,235200,0.17005527210884352,none,,,,,0.16666666666666666,491323392,2016203264,3054490112
997,1,0.011485232040286064,87.06833231512951,True,llava_ov_0.5b,15000,2.0,196,rlt,0.5,39997,235200,0.17005527210884352,none,,,,,0.16666666666666666,491323392,2016203264,3054490112
998,1,0.011594962095841765,86.24435265369468,True,llava_ov_0.5b,15000,2.0,196,rlt,0.5,39997,235200,0.17005527210884352,none,,,,,0.16666666666666666,491323392,2016203264,3054490112
999,1,0.011545004090294242,86.61755268156978,True,llava_ov_0.5b,15000,2.0,196,rlt,0.5,39997,235200,0.17005527210884352,none,,,,,0.16666666666666666,491323392,2016203264,3054490112
1000,1,0.011540845967829227,86.64876065303683,True,llava_ov_0.5b,15000,2.0,196,rlt,0.5,39997,235200,0.17005527210884352,none,,,,,0.16666666666666666,491323392,2016203264,3054490112
1001,1,0.012010839069262147,83.25812994690573,True,llava_ov_0.5b,15000,2.0,196,rlt,0.5,39997,235200,0.17005527210884352,none,,,,,0.16666666666666666,491323392,2016203264,3054490112
1002,1,0.059017902007326484,16.94401132517147,True,llava_ov_0.5b,15000,2.0,196,rlt,0.5,39997,235200,0.17005527210884352,none,,,,,0.16666666666666666,491323392,2016203264,3054490112
1003,1,0.011906623840332031,83.9868642370845,True,llava_ov_0.5b,15000,2.0,196,rlt,0.5,39997,235200,0.17005527210884352,none,,,,,0.16666666666666666,491323392,2016203264,3054490112
1004,1,0.011698856018483639,85.47844322727344,True,llava_ov_0.5b,15000,2.0,196,rlt,0.5,39997,235200,0.17005527210884352,none,,,,,0.16666666666666666,491323392,2016203264,3054490112
1005,1,0.01167094986885786,85.68282883883741,True,llava_ov_0.5b,15000,2.0,196,rlt,0.5,39997,235200,0.17005527210884352,none,,,,,0.16666666666666666,491323392,2016203264,3054490112
1006,1,0.011599175864830613,86.21302165372448,True,llava_ov_0.5b,15000,2.0,196,rlt,0.5,39997,235200,0.17005527210884352,none,,,,,0.16666666666666666,491323392,2016203264,3054490112
1007,1,0.05954011296853423,16.79539977575253,True,llava_ov_0.5b,15000,2.0,196,rlt,0.5,39997,235200,0.17005527210884352,none,,,,,0.16666666666666666,491323392,2016203264,3054490112
1008,1,0.01193330087698996,83.79911059883027,True,llava_ov_0.5b,15000,2.0,196,rlt,0.5,39997,235200,0.17005527210884352,none,,,,,0.16666666666666666,491323392,2016203264,3054490112
1009,1,0.01241041999310255,80.57745028417885,True,llava_ov_0.5b,15000,2.0,196,rlt,0.5,39997,235200,0.17005527210884352,none,,,,,0.16666666666666666,491323392,2016203264,3054490112
1010,1,0.01189239602535963,84.08734437262062,True,llava_ov_0.5b,15000,2.0,196,rlt,0.5,39997,235200,0.17005527210884352,none,,,,,0.16666666666666666,491323392,2016203264,3054490112
1011,1,0.011749983066692948,85.1065056284759,True,llava_ov_0.5b,15000,2.0,196,rlt,0.5,39997,235200,0.17005527210884352,none,,,,,0.16666666666666666,491323392,2016203264,3054490112
1012,1,0.06085408106446266,16.432751633217517,True,llava_ov_0.5b,15000,2.0,196,rlt,0.5,39997,235200,0.17005527210884352,none,,,,,0.16666666666666666,491323392,2016203264,3054490112
1013,1,0.012276873923838139,81.45396020222128,True,llava_ov_0.5b,15000,2.0,196,rlt,0.5,39997,235200,0.17005527210884352,none,,,,,0.16666666666666666,491323392,2016203264,3054490112
1014,1,0.012416742043569684,80.53642384540593,True,llava_ov_0.5b,15000,2.0,196,rlt,0.5,39997,235200,0.17005527210884352,none,,,,,0.16666666666666666,491323392,2016203264,3054490112
1015,1,0.012185398954898119,82.06542959334406,True,llava_ov_0.5b,15000,2.0,196,rlt,0.5,39997,235200,0.17005527210884352,none,,,,,0.16666666666666666,491323392,2016203264,3054490112
1016,1,0.011856670957058668,84.34070605667495,True,llava_ov_0.5b,15000,2.0,196,rlt,0.5,39997,235200,0.17005527210884352,none,,,,,0.16666666666666666,491323392,2016203264,3054490112
1017,1,0.011794810881838202,84.78304654632593,True,llava_ov_0.5b,15000,2.0,196,rlt,0.5,39997,235200,0.17005527210884352,none,,,,,0.16666666666666666,491323392,2016203264,3054490112
1018,1,0.06229820102453232,16.051827878724964,True,llava_ov_0.5b,15000,2.0,196,rlt,0.5,39997,235200,0.17005527210884352,none,,,,,0.16666666666666666,491323392,2016203264,3054490112
1019,1,0.012022138806059957,83.1798747404192,True,llava_ov_0.5b,15000,2.0,196,rlt,0.5,39997,235200,0.17005527210884352,none,,,,,0.16666666666666666,491323392,2016203264,3054490112
1020,1,0.011927040992304683,83.8430924019796,True,llava_ov_0.5b,15000,2.0,196,rlt,0.5,39997,235200,0.17005527210884352,none,,,,,0.16666666666666666,491323392,2016203264,3054490112
1021,1,0.011739213019609451,85.18458591130232,True,llava_ov_0.5b,15000,2.0,196,rlt,0.5,39997,235200,0.17005527210884352,none,,,,,0.16666666666666666,491323392,2016203264,3054490112
1022,1,0.011678813956677914,85.62513314361026,True,llava_ov_0.5b,15000,2.0,196,rlt,0.5,39997,235200,0.17005527210884352,none,,,,,0.16666666666666666,491323392,2016203264,3054490112
1023,1,0.011769483098760247,84.9654986212042,True,llava_ov_0.5b,15000,2.0,196,rlt,0.5,39997,235200,0.17005527210884352,none,,,,,0.16666666666666666,491323392,2016203264,3054490112
1024,1,0.011589564150199294,86.28452175078594,True,llava_ov_0.5b,15000,2.0,196,rlt,0.5,39997,235200,0.17005527210884352,none,,,,,0.16666666666666666,491323392,2016203264,3054490112
1025,1,0.011524102883413434,86.77465049702857,True,llava_ov_0.5b,15000,2.0,196,rlt,0.5,39997,235200,0.17005527210884352,none,,,,,0.16666666666666666,491323392,2016203264,3054490112
1026,1,0.011520975036546588,86.79820907760164,True,llava_ov_0.5b,15000,2.0,196,rlt,0.5,39997,235200,0.17005527210884352,none,,,,,0.16666666666666666,491323392,2016203264,3054490112
1027,1,0.011575586860999465,86.38870858195587,True,llava_ov_0.5b,15000,2.0,196,rlt,0.5,39997,235200,0.17005527210884352,none,,,,,0.16666666666666666,491323392,2016203264,3054490112
1028,1,0.011559338076040149,86.5101438699825,True,llava_ov_0.5b,15000,2.0,196,rlt,0.5,39997,235200,0.17005527210884352,none,,,,,0.16666666666666666,491323392,2016203264,3054490112
1029,1,0.011897291988134384,84.0527408251674,True,llava_ov_0.5b,15000,2.0,196,rlt,0.5,39997,235200,0.17005527210884352,none,,,,,0.16666666666666666,491323392,2016203264,3054490112
1030,1,0.011481049004942179,87.10005501845136,True,llava_ov_0.5b,15000,2.0,196,rlt,0.5,39997,235200,0.17005527210884352,none,,,,,0.16666666666666666,491323392,2016203264,3054490112
1031,1,0.05848108883947134,17.09954482456657,True,llava_ov_0.5b,15000,2.0,196,rlt,0.5,39997,235200,0.17005527210884352,none,,,,,0.16666666666666666,491323392,2016203264,3054490112
1032,1,0.011893871938809752,84.07690995368766,True,llava_ov_0.5b,15000,2.0,196,rlt,0.5,39997,235200,0.17005527210884352,none,,,,,0.16666666666666666,491323392,2016203264,3054490112
1033,1,0.01198816392570734,83.41560944588075,True,llava_ov_0.5b,15000,2.0,196,rlt,0.5,39997,235200,0.17005527210884352,none,,,,,0.16666666666666666,491323392,2016203264,3054490112
1034,1,0.012802768032997847,78.1081089200867,True,llava_ov_0.5b,15000,2.0,196,rlt,0.5,39997,235200,0.17005527210884352,none,,,,,0.16666666666666666,491323392,2016203264,3054490112
1035,1,0.012140498962253332,82.36893748017712,True,llava_ov_0.5b,15000,2.0,196,rlt,0.5,39997,235200,0.17005527210884352,none,,,,,0.16666666666666666,491323392,2016203264,3054490112
1036,1,0.013373047113418579,74.77727338570394,True,llava_ov_0.5b,15000,2.0,196,rlt,0.5,39997,235200,0.17005527210884352,none,,,,,0.16666666666666666,491323392,2016203264,3054490112
1037,1,0.012276438996195793,81.45684593959851,True,llava_ov_0.5b,15000,2.0,196,rlt,0.5,39997,235200,0.17005527210884352,none,,,,,0.16666666666666666,491323392,2016203264,3054490112
1038,1,0.012686886126175523,78.82154770324648,True,llava_ov_0.5b,15000,2.0,196,rlt,0.5,39997,235200,0.17005527210884352,none,,,,,0.16666666666666666,491323392,2016203264,3054490112
1039,1,0.011972966836765409,83.52148750043293,True,llava_ov_0.5b,15000,2.0,196,rlt,0.5,39997,235200,0.17005527210884352,none,,,,,0.16666666666666666,491323392,2016203264,3054490112
1040,1,0.011762476060539484,85.01611351667526,True,llava_ov_0.5b,15000,2.0,196,rlt,0.5,39997,235200,0.17005527210884352,none,,,,,0.16666666666666666,491323392,2016203264,3054490112
1041,1,0.011771876132115722,84.94822649992268,True,llava_ov_0.5b,15000,2.0,196,rlt,0.5,39997,235200,0.17005527210884352,none,,,,,0.16666666666666666,491323392,2016203264,3054490112
1042,1,0.011612410889938474,86.11476199713583,True,llava_ov_0.5b,15000,2.0,196,rlt,0.5,39997,235200,0.17005527210884352,none,,,,,0.16666666666666666,491323392,2016203264,3054490112
1043,1,0.06049942900426686,16.529081620414512,True,llava_ov_0.5b,15000,2.0,196,rlt,0.5,39997,235200,0.17005527210884352,none,,,,,0.16666666666666666,491323392,2016203264,3054490112
1044,1,0.011864580912515521,84.28447724985683,True,llava_ov_0.5b,15000,2.0,196,rlt,0.5,39997,235200,0.17005527210884352,none,,,,,0.16666666666666666,491323392,2016203264,3054490112
1045,1,0.01170251495204866,85.45171735285317,True,llava_ov_0.5b,15000,2.0,196,rlt,0.5,39997,235200,0.17005527210884352,none,,,,,0.16666666666666666,491323392,2016203264,3054490112
1046,1,0.011591698974370956,86.26863087205616,True,llava_ov_0.5b,15000,2.0,196,rlt,0.5,39997,235200,0.17005527210884352,none,,,,,0.16666666666666666,491323392,2016203264,3054490112
1047,1,0.0115915781352669,86.26953019947656,True,llava_ov_0.5b,15000,2.0,196,rlt,0.5,39997,235200,0.17005527210884352,none,,,,,0.16666666666666666,491323392,2016203264,3054490112
1048,1,0.011524914065375924,86.76854285658239,True,llava_ov_0.5b,15000,2.0,196,rlt,0.5,39997,235200,0.17005527210884352,none,,,,,0.16666666666666666,491323392,2016203264,3054490112
1049,1,0.011490195989608765,87.03071739632263,True,llava_ov_0.5b,15000,2.0,196,rlt,0.5,39997,235200,0.17005527210884352,none,,,,,0.16666666666666666,491323392,2016203264,3054490112
1050,1,0.011425431119278073,87.52404960130607,True,llava_ov_0.5b,15000,2.0,196,rlt,0.5,39997,235200,0.17005527210884352,none,,,,,0.16666666666666666,491323392,2016203264,3054490112
1051,1,0.011496568797156215,86.98247430549534,True,llava_ov_0.5b,15000,2.0,196,rlt,0.5,39997,235200,0.17005527210884352,none,,,,,0.16666666666666666,491323392,2016203264,3054490112
1052,1,0.011603732127696276,86.17916968396383,True,llava_ov_0.5b,15000,2.0,196,rlt,0.5,39997,235200,0.17005527210884352,none,,,,,0.16666666666666666,491323392,2016203264,3054490112
1053,1,0.01145312306471169,87.31242948756118,True,llava_ov_0.5b,15000,2.0,196,rlt,0.5,39997,235200,0.17005527210884352,none,,,,,0.16666666666666666,491323392,2016203264,3054490112
1054,1,0.01163051906041801,85.9806853679718,True,llava_ov_0.5b,15000,2.0,196,rlt,0.5,39997,235200,0.17005527210884352,none,,,,,0.16666666666666666,491323392,2016203264,3054490112
1055,1,0.01144296396523714,87.38994573765368,True,llava_ov_0.5b,15000,2.0,196,rlt,0.5,39997,235200,0.17005527210884352,none,,,,,0.16666666666666666,491323392,2016203264,3054490112
1056,1,0.012443182989954948,80.36528923566209,True,llava_ov_0.5b,15000,2.0,196,rlt,0.5,39997,235200,0.17005527210884352,none,,,,,0.16666666666666666,491323392,2016203264,3054490112
1057,1,0.05977889010682702,16.72831325929545,True,llava_ov_0.5b,15000,2.0,196,rlt,0.5,39997,235200,0.17005527210884352,none,,,,,0.16666666666666666,491323392,2016203264,3054490112
1058,1,0.011858277954161167,84.32927646539873,True,llava_ov_0.5b,15000,2.0,196,rlt,0.5,39997,235200,0.17005527210884352,none,,,,,0.16666666666666666,491323392,2016203264,3054490112
1059,1,0.011658868053928018,85.77161996983811,True,llava_ov_0.5b,15000,2.0,196,rlt,0.5,39997,235200,0.17005527210884352,none,,,,,0.16666666666666666,491323392,2016203264,3054490112
1060,1,0.011584857944399118,86.31957377461549,True,llava_ov_0.5b,15000,2.0,196,rlt,0.5,39997,235200,0.17005527210884352,none,,,,,0.16666666666666666,491323392,2016203264,3054490112
1061,1,0.011599413119256496,86.21125825235703,True,llava_ov_0.5b,15000,2.0,196,rlt,0.5,39997,235200,0.17005527210884352,none,,,,,0.16666666666666666,491323392,2016203264,3054490112
1062,1,0.011574700940400362,86.3953207213845,True,llava_ov_0.5b,15000,2.0,196,rlt,0.5,39997,235200,0.17005527210884352,none,,,,,0.16666666666666666,491323392,2016203264,3054490112
1063,1,0.011538465972989798,86.66663335844498,True,llava_ov_0.5b,15000,2.0,196,rlt,0.5,39997,235200,0.17005527210884352,none,,,,,0.16666666666666666,491323392,2016203264,3054490112
1064,1,0.011498586041852832,86.96721460883762,True,llava_ov_0.5b,15000,2.0,196,rlt,0.5,39997,235200,0.17005527210884352,none,,,,,0.16666666666666666,491323392,2016203264,3054490112
1065,1,0.011481737019494176,87.09483576414945,True,llava_ov_0.5b,15000,2.0,196,rlt,0.5,39997,235200,0.17005527210884352,none,,,,,0.16666666666666666,491323392,2016203264,3054490112
1066,1,0.011448925826698542,87.34443869555263,True,llava_ov_0.5b,15000,2.0,196,rlt,0.5,39997,235200,0.17005527210884352,none,,,,,0.16666666666666666,491323392,2016203264,3054490112
1067,1,0.011473480146378279,87.1575134346365,True,llava_ov_0.5b,15000,2.0,196,rlt,0.5,39997,235200,0.17005527210884352,none,,,,,0.16666666666666666,491323392,2016203264,3054490112
1068,1,0.011429567821323872,87.49237203302857,True,llava_ov_0.5b,15000,2.0,196,rlt,0.5,39997,235200,0.17005527210884352,none,,,,,0.16666666666666666,491323392,2016203264,3054490112
1069,1,0.011425143107771873,87.52625595733299,True,llava_ov_0.5b,15000,2.0,196,rlt,0.5,39997,235200,0.17005527210884352,none,,,,,0.16666666666666666,491323392,2016203264,3054490112
1070,1,0.011390075786039233,87.79572838538051,True,llava_ov_0.5b,15000,2.0,196,rlt,0.5,39997,235200,0.17005527210884352,none,,,,,0.16666666666666666,491323392,2016203264,3054490112
1071,1,0.06076682708226144,16.456347122522576,True,llava_ov_0.5b,15000,2.0,196,rlt,0.5,39997,235200,0.17005527210884352,none,,,,,0.16666666666666666,491323392,2016203264,3054490112
1072,1,0.012685167836025357,78.83222460486813,True,llava_ov_0.5b,15000,2.0,196,rlt,0.5,39997,235200,0.17005527210884352,none,,,,,0.16666666666666666,491323392,2016203264,3054490112
1073,1,0.011767101008445024,84.9826987362749,True,llava_ov_0.5b,15000,2.0,196,rlt,0.5,39997,235200,0.17005527210884352,none,,,,,0.16666666666666666,491323392,2016203264,3054490112
1074,1,0.011612467002123594,86.11434588508438,True,llava_ov_0.5b,15000,2.0,196,rlt,0.5,39997,235200,0.17005527210884352,none,,,,,0.16666666666666666,491323392,2016203264,3054490112
1075,1,0.011534621007740498,86.69552292432786,True,llava_ov_0.5b,15000,2.0,196,rlt,0.5,39997,235200,0.17005527210884352,none,,,,,0.16666666666666666,491323392,2016203264,3054490112
1076,1,0.011569576105102897,86.43359021243123,True,llava_ov_0.5b,15000,2.0,196,rlt,0.5,39997,235200,0.17005527210884352,none,,,,,0.16666666666666666,491323392,2016203264,3054490112
1077,1,0.011576581979170442,86.38128264450457,True,llava_ov_0.5b,15000,2.0,196,rlt,0.5,39997,235200,0.17005527210884352,none,,,,,0.16666666666666666,491323392,2016203264,3054490112
1078,1,0.011474976083263755,87.14615113302932,True,llava_ov_0.5b,15000,2.0,196,rlt,0.5,39997,235200,0.17005527210884352,none,,,,,0.16666666666666666,491323392,2016203264,3054490112
1079,1,0.06287318794056773,15.905030948093042,True,llava_ov_0.5b,15000,2.0,196,rlt,0.5,39997,235200,0.17005527210884352,none,,,,,0.16666666666666666,491323392,2016203264,3054490112
1080,1,0.012524771969765425,79.8417729611351,True,llava_ov_0.5b,15000,2.0,196,rlt,0.5,39997,235200,0.17005527210884352,none,,,,,0.16666666666666666,491323392,2016203264,3054490112
1081,1,0.0119076541159302,83.97959751469337,True,llava_ov_0.5b,15000,2.0,196,rlt,0.5,39997,235200,0.17005527210884352,none,,,,,0.16666666666666666,491323392,2016203264,3054490112
1082,1,0.01215271302498877,82.2861527252203,True,llava_ov_0.5b,15000,2.0,196,rlt,0.5,39997,235200,0.17005527210884352,none,,,,,0.16666666666666666,491323392,2016203264,3054490112
1083,1,0.0122316749766469,81.75495195132568,True,llava_ov_0.5b,15000,2.0,196,rlt,0.5,39997,235200,0.17005527210884352,none,,,,,0.16666666666666666,491323392,2016203264,3054490112
1084,1,0.011810461059212685,84.67069955918068,True,llava_ov_0.5b,15000,2.0,196,rlt,0.5,39997,235200,0.17005527210884352,none,,,,,0.16666666666666666,491323392,2016203264,3054490112
1085,1,0.011676618130877614,85.64123522679935,True,llava_ov_0.5b,15000,2.0,196,rlt,0.5,39997,235200,0.17005527210884352,none,,,,,0.16666666666666666,491323392,2016203264,3054490112
1086,1,0.011636025970801711,85.93999381827616,True,llava_ov_0.5b,15000,2.0,196,rlt,0.5,39997,235200,0.17005527210884352,none,,,,,0.16666666666666666,491323392,2016203264,3054490112
1087,1,0.01156678213737905,86.45446833207086,True,llava_ov_0.5b,15000,2.0,196,rlt,0.5,39997,235200,0.17005527210884352,none,,,,,0.16666666666666666,491323392,2016203264,3054490112
1088,1,0.01157337799668312,86.40519650240367,True,llava_ov_0.5b,15000,2.0,196,rlt,0.5,39997,235200,0.17005527210884352,none,,,,,0.16666666666666666,491323392,2016203264,3054490112
1089,1,0.011609507026150823,86.1363017178477,True,llava_ov_0.5b,15000,2.0,196,rlt,0.5,39997,235200,0.17005527210884352,none,,,,,0.16666666666666666,491323392,2016203264,3054490112
1090,1,0.011769274016842246,84.96700803881062,True,llava_ov_0.5b,15000,2.0,196,rlt,0.5,39997,235200,0.17005527210884352,none,,,,,0.16666666666666666,491323392,2016203264,3054490112
1091,1,0.012090269010514021,82.71114556097746,True,llava_ov_0.5b,15000,2.0,196,rlt,0.5,39997,235200,0.17005527210884352,none,,,,,0.16666666666666666,491323392,2016203264,3054490112
1092,1,0.060741459019482136,16.463219951289965,True,llava_ov_0.5b,15000,2.0,196,rlt,0.5,39997,235200,0.17005527210884352,none,,,,,0.16666666666666666,491323392,2016203264,3054490112
1093,1,0.011904897866770625,83.99904066302287,True,llava_ov_0.5b,15000,2.0,196,rlt,0.5,39997,235200,0.17005527210884352,none,,,,,0.16666666666666666,491323392,2016203264,3054490112
1094,1,0.011607224121689796,86.15324297317166,True,llava_ov_0.5b,15000,2.0,196,rlt,0.5,39997,235200,0.17005527210884352,none,,,,,0.16666666666666666,491323392,2016203264,3054490112
1095,1,0.01159710600040853,86.22840905004861,True,llava_ov_0.5b,15000,2.0,196,rlt,0.5,39997,235200,0.17005527210884352,none,,,,,0.16666666666666666,491323392,2016203264,3054490112
1096,1,0.011534241959452629,86.69837198798075,True,llava_ov_0.5b,15000,2.0,196,rlt,0.5,39997,235200,0.17005527210884352,none,,,,,0.16666666666666666,491323392,2016203264,3054490112
1097,1,0.012018163921311498,83.20738563290237,True,llava_ov_0.5b,15000,2.0,196,rlt,0.5,39997,235200,0.17005527210884352,none,,,,,0.16666666666666666,491323392,2016203264,3054490112
1098,1,0.012500823009759188,79.99473308431904,True,llava_ov_0.5b,15000,2.0,196,rlt,0.5,39997,235200,0.17005527210884352,none,,,,,0.16666666666666666,491323392,2016203264,3054490112
1099,1,0.011853481875732541,84.36339722653858,True,llava_ov_0.5b,15000,2.0,196,rlt,0.5,39997,235200,0.17005527210884352,none,,,,,0.16666666666666666,491323392,2016203264,3054490112
1100,1,0.011735974811017513,85.2080901759621,True,llava_ov_0.5b,15000,2.0,196,rlt,0.5,39997,235200,0.17005527210884352,none,,,,,0.16666666666666666,491323392,2016203264,3054490112
1101,1,0.011679599992930889,85.61937057820926,True,llava_ov_0.5b,15000,2.0,196,rlt,0.5,39997,235200,0.17005527210884352,none,,,,,0.16666666666666666,491323392,2016203264,3054490112
1102,1,0.058506563073024154,17.092099543633488,True,llava_ov_0.5b,15000,2.0,196,rlt,0.5,39997,235200,0.17005527210884352,none,,,,,0.16666666666666666,491323392,2016203264,3054490112
1103,1,0.011786041082814336,84.8461322146702,True,llava_ov_0.5b,15000,2.0,196,rlt,0.5,39997,235200,0.17005527210884352,none,,,,,0.16666666666666666,491323392,2016203264,3054490112
1104,1,0.011660453164950013,85.75996025659495,True,llava_ov_0.5b,15000,2.0,196,rlt,0.5,39997,235200,0.17005527210884352,none,,,,,0.16666666666666666,491323392,2016203264,3054490112
1105,1,0.01164919207803905,85.84286303298155,True,llava_ov_0.5b,15000,2.0,196,rlt,0.5,39997,235200,0.17005527210884352,none,,,,,0.16666666666666666,491323392,2016203264,3054490112
1106,1,0.011614116141572595,86.10211813023908,True,llava_ov_0.5b,15000,2.0,196,rlt,0.5,39997,235200,0.17005527210884352,none,,,,,0.16666666666666666,491323392,2016203264,3054490112
1107,1,0.011652498040348291,85.81850831790487,True,llava_ov_0.5b,15000,2.0,196,rlt,0.5,39997,235200,0.17005527210884352,none,,,,,0.16666666666666666,491323392,2016203264,3054490112
1108,1,0.01157044107094407,86.42712873852497,True,llava_ov_0.5b,15000,2.0,196,rlt,0.5,39997,235200,0.17005527210884352,none,,,,,0.16666666666666666,491323392,2016203264,3054490112
1109,1,0.011542696971446276,86.63486553218438,True,llava_ov_0.5b,15000,2.0,196,rlt,0.5,39997,235200,0.17005527210884352,none,,,,,0.16666666666666666,491323392,2016203264,3054490112
1110,1,0.011538119055330753,86.66923917187245,True,llava_ov_0.5b,15000,2.0,196,rlt,0.5,39997,235200,0.17005527210884352,none,,,,,0.16666666666666666,491323392,2016203264,3054490112
1111,1,0.05971061089076102,16.747442122631664,True,llava_ov_0.5b,15000,2.0,196,rlt,0.5,39997,235200,0.17005527210884352,none,,,,,0.16666666666666666,491323392,2016203264,3054490112
1112,1,0.012861575931310654,77.75096965882433,True,llava_ov_0.5b,15000,2.0,196,rlt,0.5,39997,235200,0.17005527210884352,none,,,,,0.16666666666666666,491323392,2016203264,3054490112
1113,1,0.012420552084222436,80.51171906201165,True,llava_ov_0.5b,15000,2.0,196,rlt,0.5,39997,235200,0.17005527210884352,none,,,,,0.16666666666666666,491323392,2016203264,3054490112
1114,1,0.011839665938168764,84.4618425234614,True,llava_ov_0.5b,15000,2.0,196,rlt,0.5,39997,235200,0.17005527210884352,none,,,,,0.16666666666666666,491323392,2016203264,3054490112
1115,1,0.011725251097232103,85.28602003551659,True,llava_ov_0.5b,15000,2.0,196,rlt,0.5,39997,235200,0.17005527210884352,none,,,,,0.16666666666666666,491323392,2016203264,3054490112
1116,1,0.011625949060544372,86.01448318690433,True,llava_ov_0.5b,15000,2.0,196,rlt,0.5,39997,235200,0.17005527210884352,none,,,,,0.16666666666666666,491323392,2016203264,3054490112
1117,1,0.011617593932896852,86.07634298254816,True,llava_ov_0.5b,15000,2.0,196,rlt,0.5,39997,235200,0.17005527210884352,none,,,,,0.16666666666666666,491323392,2016203264,3054490112
1118,1,0.011771126883104444,84.95363357567226,True,llava_ov_0.5b,15000,2.0,196,rlt,0.5,39997,235200,0.17005527210884352,none,,,,,0.16666666666666666,491323392,2016203264,3054490112
1119,1,0.01161561394110322,86.09101551329819,True,llava_ov_0.5b,15000,2.0,196,rlt,0.5,39997,235200,0.17005527210884352,none,,,,,0.16666666666666666,491323392,2016203264,3054490112
1120,1,0.05854149884544313,17.08189950243886,True,llava_ov_0.5b,15000,2.0,196,rlt,0.5,39997,235200,0.17005527210884352,none,,,,,0.16666666666666666,491323392,2016203264,3054490112
1121,1,0.011850517941638827,84.3844973633033,True,llava_ov_0.5b,15000,2.0,196,rlt,0.5,39997,235200,0.17005527210884352,none,,,,,0.16666666666666666,491323392,2016203264,3054490112
1122,1,0.011894112918525934,84.0752065202297,True,llava_ov_0.5b,15000,2.0,196,rlt,0.5,39997,235200,0.17005527210884352,none,,,,,0.16666666666666666,491323392,2016203264,3054490112
1123,1,0.013030319008976221,76.74409193751343,True,llava_ov_0.5b,15000,2.0,196,rlt,0.5,39997,235200,0.17005527210884352,none,,,,,0.16666666666666666,491323392,2016203264,3054490112
1124,1,0.013222756097093225,75.62719849455827,True,llava_ov_0.5b,15000,2.0,196,rlt,0.5,39997,235200,0.17005527210884352,none,,,,,0.16666666666666666,491323392,2016203264,3054490112
1125,1,0.01213141088373959,82.43064302935746,True,llava_ov_0.5b,15000,2.0,196,rlt,0.5,39997,235200,0.17005527210884352,none,,,,,0.16666666666666666,491323392,2016203264,3054490112
1126,1,0.011904611019417644,84.00106466048301,True,llava_ov_0.5b,15000,2.0,196,rlt,0.5,39997,235200,0.17005527210884352,none,,,,,0.16666666666666666,491323392,2016203264,3054490112
1127,1,0.011705914977937937,85.42689758850065,True,llava_ov_0.5b,15000,2.0,196,rlt,0.5,39997,235200,0.17005527210884352,none,,,,,0.16666666666666666,491323392,2016203264,3054490112
1128,1,0.011608133092522621,86.14649677338296,True,llava_ov_0.5b,15000,2.0,196,rlt,0.5,39997,235200,0.17005527210884352,none,,,,,0.16666666666666666,491323392,2016203264,3054490112
1129,1,0.011595231015235186,86.24235245387365,True,llava_ov_0.5b,15000,2.0,196,rlt,0.5,39997,235200,0.17005527210884352,none,,,,,0.16666666666666666,491323392,2016203264,3054490112
1130,1,0.01172710582613945,85.27253141785614,True,llava_ov_0.5b,15000,2.0,196,rlt,0.5,39997,235200,0.17005527210884352,none,,,,,0.16666666666666666,491323392,2016203264,3054490112
1131,1,0.012903772061690688,77.49671919336254,True,llava_ov_0.5b,15000,2.0,196,rlt,0.5,39997,235200,0.17005527210884352,none,,,,,0.16666666666666666,491323392,2016203264,3054490112
1132,1,0.012324827956035733,81.13703522411268,True,llava_ov_0.5b,15000,2.0,196,rlt,0.5,39997,235200,0.17005527210884352,none,,,,,0.16666666666666666,491323392,2016203264,3054490112
1133,1,0.011898139957338572,84.0467504656656,True,llava_ov_0.5b,15000,2.0,196,rlt,0.5,39997,235200,0.17005527210884352,none,,,,,0.16666666666666666,491323392,2016203264,3054490112
1134,1,0.011617569951340556,86.07652066554672,True,llava_ov_0.5b,15000,2.0,196,rlt,0.5,39997,235200,0.17005527210884352,none,,,,,0.16666666666666666,491323392,2016203264,3054490112
1135,1,0.011609270004555583,86.13806032658306,True,llava_ov_0.5b,15000,2.0,196,rlt,0.5,39997,235200,0.17005527210884352,none,,,,,0.16666666666666666,491323392,2016203264,3054490112
1136,1,0.011611079098656774,86.12463936411258,True,llava_ov_0.5b,15000,2.0,196,rlt,0.5,39997,235200,0.17005527210884352,none,,,,,0.16666666666666666,491323392,2016203264,3054490112
1137,1,0.05963465990498662,16.768771744372444,True,llava_ov_0.5b,15000,2.0,196,rlt,0.5,39997,235200,0.17005527210884352,none,,,,,0.16666666666666666,491323392,2016203264,3054490112
1138,1,0.011898282915353775,84.04574064292761,True,llava_ov_0.5b,15000,2.0,196,rlt,0.5,39997,235200,0.17005527210884352,none,,,,,0.16666666666666666,491323392,2016203264,3054490112
1139,1,0.013108853017911315,76.28432469520007,True,llava_ov_0.5b,15000,2.0,196,rlt,0.5,39997,235200,0.17005527210884352,none,,,,,0.16666666666666666,491323392,2016203264,3054490112
1140,1,0.01168522099032998,85.5781846853853,True,llava_ov_0.5b,15000,2.0,196,rlt,0.5,39997,235200,0.17005527210884352,none,,,,,0.16666666666666666,491323392,2016203264,3054490112
1141,1,0.011580809019505978,86.34975314036038,True,llava_ov_0.5b,15000,2.0,196,rlt,0.5,39997,235200,0.17005527210884352,none,,,,,0.16666666666666666,491323392,2016203264,3054490112
1142,1,0.011625217041000724,86.01989936816851,True,llava_ov_0.5b,15000,2.0,196,rlt,0.5,39997,235200,0.17005527210884352,none,,,,,0.16666666666666666,491323392,2016203264,3054490112
1143,1,0.011597980046644807,86.22191071015777,True,llava_ov_0.5b,15000,2.0,196,rlt,0.5,39997,235200,0.17005527210884352,none,,,,,0.16666666666666666,491323392,2016203264,3054490112
1144,1,0.011647262144833803,85.8570870617482,True,llava_ov_0.5b,15000,2.0,196,rlt,0.5,39997,235200,0.17005527210884352,none,,,,,0.16666666666666666,491323392,2016203264,3054490112
1145,1,0.0583930010907352,17.125340046251928,True,llava_ov_0.5b,15000,2.0,196,rlt,0.5,39997,235200,0.17005527210884352,none,,,,,0.16666666666666666,491323392,2016203264,3054490112
1146,1,0.012638323940336704,79.12441592103696,True,llava_ov_0.5b,15000,2.0,196,rlt,0.5,39997,235200,0.17005527210884352,none,,,,,0.16666666666666666,491323392,2016203264,3054490112
1147,1,0.012010894948616624,83.25774259770516,True,llava_ov_0.5b,15000,2.0,196,rlt,0.5,39997,235200,0.17005527210884352,none,,,,,0.16666666666666666,491323392,2016203264,3054490112
1148,1,0.011767507996410131,84.97975954680177,True,llava_ov_0.5b,15000,2.0,196,rlt,0.5,39997,235200,0.17005527210884352,none,,,,,0.16666666666666666,491323392,2016203264,3054490112
1149,1,0.011710386956110597,85.39427465103448,True,llava_ov_0.5b,15000,2.0,196,rlt,0.5,39997,235200,0.17005527210884352,none,,,,,0.16666666666666666,491323392,2016203264,3054490112
1150,1,0.011666007107123733,85.71913173182963,True,llava_ov_0.5b,15000,2.0,196,rlt,0.5,39997,235200,0.17005527210884352,none,,,,,0.16666666666666666,491323392,2016203264,3054490112
1151,1,0.011589578120037913,86.28441774520164,True,llava_ov_0.5b,15000,2.0,196,rlt,0.5,39997,235200,0.17005527210884352,none,,,,,0.16666666666666666,491323392,2016203264,3054490112
1152,1,0.059969038935378194,16.675271402591363,True,llava_ov_0.5b,15000,2.0,196,rlt,0.5,39997,235200,0.17005527210884352,none,,,,,0.16666666666666666,491323392,2016203264,3054490112
1153,1,0.011883968021720648,84.14697836381528,True,llava_ov_0.5b,15000,2.0,196,rlt,0.5,39997,235200,0.17005527210884352,none,,,,,0.16666666666666666,491323392,2016203264,3054490112
1154,1,0.011682681972160935,85.59678354533098,True,llava_ov_0.5b,15000,2.0,196,rlt,0.5,39997,235200,0.17005527210884352,none,,,,,0.16666666666666666,491323392,2016203264,3054490112
1155,1,0.013050941983237863,76.62282165412752,True,llava_ov_0.5b,15000,2.0,196,rlt,0.5,39997,235200,0.17005527210884352,none,,,,,0.16666666666666666,491323392,2016203264,3054490112
1156,1,0.011726862983778119,85.27429725948956,True,llava_ov_0.5b,15000,2.0,196,rlt,0.5,39997,235200,0.17005527210884352,none,,,,,0.16666666666666666,491323392,2016203264,3054490112
1157,1,0.012040942907333374,83.04997438290015,True,llava_ov_0.5b,15000,2.0,196,rlt,0.5,39997,235200,0.17005527210884352,none,,,,,0.16666666666666666,491323392,2016203264,3054490112
1158,1,0.011819759849458933,84.60408779335533,True,llava_ov_0.5b,15000,2.0,196,rlt,0.5,39997,235200,0.17005527210884352,none,,,,,0.16666666666666666,491323392,2016203264,3054490112
1159,1,0.059108432149514556,16.918059972737964,True,llava_ov_0.5b,15000,2.0,196,rlt,0.5,39997,235200,0.17005527210884352,none,,,,,0.16666666666666666,491323392,2016203264,3054490112
1160,1,0.011853235773742199,84.36514881575572,True,llava_ov_0.5b,15000,2.0,196,rlt,0.5,39997,235200,0.17005527210884352,none,,,,,0.16666666666666666,491323392,2016203264,3054490112
1161,1,0.011984625831246376,83.4402353549324,True,llava_ov_0.5b,15000,2.0,196,rlt,0.5,39997,235200,0.17005527210884352,none,,,,,0.16666666666666666,491323392,2016203264,3054490112
1162,1,0.012124642031267285,82.47666177864704,True,llava_ov_0.5b,15000,2.0,196,rlt,0.5,39997,235200,0.17005527210884352,none,,,,,0.16666666666666666,491323392,2016203264,3054490112
1163,1,0.01219769986346364,81.98266978148465,True,llava_ov_0.5b,15000,2.0,196,rlt,0.5,39997,235200,0.17005527210884352,none,,,,,0.16666666666666666,491323392,2016203264,3054490112
1164,1,0.012118428014218807,82.51895368167216,True,llava_ov_0.5b,15000,2.0,196,rlt,0.5,39997,235200,0.17005527210884352,none,,,,,0.16666666666666666,491323392,2016203264,3054490112
1165,1,0.011795675847679377,84.77682948508077,True,llava_ov_0.5b,15000,2.0,196,rlt,0.5,39997,235200,0.17005527210884352,none,,,,,0.16666666666666666,491323392,2016203264,3054490112
1166,1,0.06312748789787292,15.840959830649224,True,llava_ov_0.5b,15000,2.0,196,rlt,0.5,39997,235200,0.17005527210884352,none,,,,,0.16666666666666666,491323392,2016203264,3054490112
1167,1,0.012407212052494287,80.59828394719543,True,llava_ov_0.5b,15000,2.0,196,rlt,0.5,39997,235200,0.17005527210884352,none,,,,,0.16666666666666666,491323392,2016203264,3054490112
1168,1,0.012377707986161113,80.79040167356099,True,llava_ov_0.5b,15000,2.0,196,rlt,0.5,39997,235200,0.17005527210884352,none,,,,,0.16666666666666666,491323392,2016203264,3054490112
1169,1,0.011861514998599887,84.3062627428316,True,llava_ov_0.5b,15000,2.0,196,rlt,0.5,39997,235200,0.17005527210884352,none,,,,,0.16666666666666666,491323392,2016203264,3054490112
1170,1,0.01186082512140274,84.3111663619009,True,llava_ov_0.5b,15000,2.0,196,rlt,0.5,39997,235200,0.17005527210884352,none,,,,,0.16666666666666666,491323392,2016203264,3054490112
1171,1,0.01167351403273642,85.66400804382185,True,llava_ov_0.5b,15000,2.0,196,rlt,0.5,39997,235200,0.17005527210884352,none,,,,,0.16666666666666666,491323392,2016203264,3054490112
1172,1,0.0118596819229424,84.31929342603304,True,llava_ov_0.5b,15000,2.0,196,rlt,0.5,39997,235200,0.17005527210884352,none,,,,,0.16666666666666666,491323392,2016203264,3054490112
1173,1,0.011646411148831248,85.86336058557859,True,llava_ov_0.5b,15000,2.0,196,rlt,0.5,39997,235200,0.17005527210884352,none,,,,,0.16666666666666666,491323392,2016203264,3054490112
1174,1,0.05848702695220709,17.097808729740255,True,llava_ov_0.5b,15000,2.0,196,rlt,0.5,39997,235200,0.17005527210884352,none,,,,,0.16666666666666666,491323392,2016203264,3054490112
1175,1,0.011836864985525608,84.48182869558984,True,llava_ov_0.5b,15000,2.0,196,rlt,0.5,39997,235200,0.17005527210884352,none,,,,,0.16666666666666666,491323392,2016203264,3054490112
1176,1,0.011706310091540217,85.42401424362306,True,llava_ov_0.5b,15000,2.0,196,rlt,0.5,39997,235200,0.17005527210884352,none,,,,,0.16666666666666666,491323392,2016203264,3054490112
1177,1,0.011623954866081476,86.02923974851149,True,llava_ov_0.5b,15000,2.0,196,rlt,0.5,39997,235200,0.17005527210884352,none,,,,,0.16666666666666666,491323392,2016203264,3054490112
1178,1,0.011596904834732413,86.22990481089639,True,llava_ov_0.5b,15000,2.0,196,rlt,0.5,39997,235200,0.17005527210884352,none,,,,,0.16666666666666666,491323392,2016203264,3054490112
1179,1,0.01162200910039246,86.0436428298986,True,llava_ov_0.5b,15000,2.0,196,rlt,0.5,39997,235200,0.17005527210884352,none,,,,,0.16666666666666666,491323392,2016203264,3054490112
1180,1,0.05989024112932384,16.6972111172612,True,llava_ov_0.5b,15000,2.0,196,rlt,0.5,39997,235200,0.17005527210884352,none,,,,,0.16666666666666666,491323392,2016203264,3054490112
1181,1,0.011892257956787944,84.08832062284802,True,llava_ov_0.5b,15000,2.0,196,rlt,0.5,39997,235200,0.17005527210884352,none,,,,,0.16666666666666666,491323392,2016203264,3054490112
1182,1,0.012600571848452091,79.36147756046836,True,llava_ov_0.5b,15000,2.0,196,rlt,0.5,39997,235200,0.17005527210884352,none,,,,,0.16666666666666666,491323392,2016203264,3054490112
1183,1,0.012485935119912028,80.09011663093166,True,llava_ov_0.5b,15000,2.0,196,rlt,0.5,39997,235200,0.17005527210884352,none,,,,,0.16666666666666666,491323392,2016203264,3054490112
1184,1,0.05965316598303616,16.763569603068085,True,llava_ov_0.5b,15000,2.0,196,rlt,0.5,39997,235200,0.17005527210884352,none,,,,,0.16666666666666666,491323392,2016203264,3054490112
1185,1,0.01190938986837864,83.96735777834951,True,llava_ov_0.5b,15000,2.0,196,rlt,0.5,39997,235200,0.17005527210884352,none,,,,,0.16666666666666666,491323392,2016203264,3054490112
1186,1,0.011660974007099867,85.75612975306719,True,llava_ov_0.5b,15000,2.0,196,rlt,0.5,39997,235200,0.17005527210884352,none,,,,,0.16666666666666666,491323392,2016203264,3054490112
1187,1,0.011580065125599504,86.35530017783296,True,llava_ov_0.5b,15000,2.0,196,rlt,0.5,39997,235200,0.17005527210884352,none,,,,,0.16666666666666666,491323392,2016203264,3054490112
1188,1,0.011541907908394933,86.64078832864854,True,llava_ov_0.5b,15000,2.0,196,rlt,0.5,39997,235200,0.17005527210884352,none,,,,,0.16666666666666666,491323392,2016203264,3054490112
1189,1,0.06186722498387098,16.163647234229494,True,llava_ov_0.5b,15000,2.0,196,rlt,0.5,39997,235200,0.17005527210884352,none,,,,,0.16666666666666666,491323392,2016203264,3054490112
1190,1,0.011938874842599034,83.75998686508593,True,llava_ov_0.5b,15000,2.0,196,rlt,0.5,39997,235200,0.17005527210884352,none,,,,,0.16666666666666666,491323392,2016203264,3054490112
1191,1,0.011704818112775683,85.43490299165869,True,llava_ov_0.5b,15000,2.0,196,rlt,0.5,39997,235200,0.17005527210884352,none,,,,,0.16666666666666666,491323392,2016203264,3054490112
1192,1,0.01167595898732543,85.64606993614204,True,llava_ov_0.5b,15000,2.0,196,rlt,0.5,39997,235200,0.17005527210884352,none,,,,,0.16666666666666666,491323392,2016203264,3054490112
1193,1,0.011612528003752232,86.11389351886865,True,llava_ov_0.5b,15000,2.0,196,rlt,0.5,39997,235200,0.17005527210884352,none,,,,,0.16666666666666666,491323392,2016203264,3054490112
1194,1,0.011523528955876827,86.77897229476869,True,llava_ov_0.5b,15000,2.0,196,rlt,0.5,39997,235200,0.17005527210884352,none,,,,,0.16666666666666666,491323392,2016203264,3054490112
1195,1,0.06107706297188997,16.372758468432554,True,llava_ov_0.5b,15000,2.0,196,rlt,0.5,39997,235200,0.17005527210884352,none,,,,,0.16666666666666666,491323392,2016203264,3054490112
1196,1,0.011861878912895918,84.3036762846084,True,llava_ov_0.5b,15000,2.0,196,rlt,0.5,39997,235200,0.17005527210884352,none,,,,,0.16666666666666666,491323392,2016203264,3054490112
1197,1,0.011729539139196277,85.25484148463495,True,llava_ov_0.5b,15000,2.0,196,rlt,0.5,39997,235200,0.17005527210884352,none,,,,,0.16666666666666666,491323392,2016203264,3054490112
1198,1,0.01167499995790422,85.6531052338873,True,llava_ov_0.5b,15000,2.0,196,rlt,0.5,39997,235200,0.17005527210884352,none,,,,,0.16666666666666666,491323392,2016203264,3054490112
1199,1,0.05965815903618932,16.76216658635726,True,llava_ov_0.5b,15000,2.0,196,rlt,0.5,39997,235200,0.17005527210884352,none,,,,,0.16666666666666666,491323392,2016203264,3054490112
