frame_idx,num_frames,seconds,fps,local_window_full,model,n_local,sample_fps,n_frame_tokens,prune_method,prune_threshold,tokens_kept,tokens_seen,keep_rate,vision_method,vision_threshold,vision_patches_kept,vision_patches_seen,vision_keep_rate,video_hours,kv_cache_bytes,gpu_weights_bytes,gpu_peak_bytes
0,1,0.05263019702397287,19.000498887444856,False,llava_ov_0.5b,15000,2.0,196,rlt,0.6,18622,235200,0.07917517006802721,none,,,,,0.16666666666666666,228802560,2016203264,3054350336
1,1,0.01212039589881897,82.50555578778095,False,llava_ov_0.5b,15000,2.0,196,rlt,0.6,18622,235200,0.07917517006802721,none,,,,,0.16666666666666666,228802560,2016203264,3054350336
2,1,0.018840134842321277,53.07817637024889,False,llava_ov_0.5b,15000,2.0,196,rlt,0.6,18622,235200,0.07917517006802721,none,,,,,0.16666666666666666,228802560,2016203264,3054350336
3,1,0.0120165238622576,83.21874208071729,False,llava_ov_0.5b,15000,2.0,196,rlt,0.6,18622,235200,0.07917517006802721,none,,,,,0.16666666666666666,228802560,2016203264,3054350336
4,1,0.011904684826731682,84.00054386610255,False,llava_ov_0.5b,15000,2.0,196,rlt,0.6,18622,235200,0.07917517006802721,none,,,,,0.16666666666666666,228802560,2016203264,3054350336
5,1,0.011726062977686524,85.28011506529478,False,llava_ov_0.5b,15000,2.0,196,rlt,0.6,18622,235200,0.07917517006802721,none,,,,,0.16666666666666666,228802560,2016203264,3054350336
6,1,0.011797672137618065,84.76248435582468,False,llava_ov_0.5b,15000,2.0,196,rlt,0.6,18622,235200,0.07917517006802721,none,,,,,0.16666666666666666,228802560,2016203264,3054350336
7,1,0.011891477974131703,84.09383612157919,False,llava_ov_0.5b,15000,2.0,196,rlt,0.6,18622,235200,0.07917517006802721,none,,,,,0.16666666666666666,228802560,2016203264,3054350336
8,1,0.011895413976162672,84.06601081760661,False,llava_ov_0.5b,15000,2.0,196,rlt,0.6,18622,235200,0.07917517006802721,none,,,,,0.16666666666666666,228802560,2016203264,3054350336
9,1,0.011819749837741256,84.60415945580614,False,llava_ov_0.5b,15000,2.0,196,rlt,0.6,18622,235200,0.07917517006802721,none,,,,,0.16666666666666666,228802560,2016203264,3054350336
10,1,0.012333906022831798,81.07731631397702,False,llava_ov_0.5b,15000,2.0,196,rlt,0.6,18622,235200,0.07917517006802721,none,,,,,0.16666666666666666,228802560,2016203264,3054350336
11,1,0.05417827400378883,18.457583198941837,False,llava_ov_0.5b,15000,2.0,196,rlt,0.6,18622,235200,0.07917517006802721,none,,,,,0.16666666666666666,228802560,2016203264,3054350336
12,1,0.012175590032711625,82.13154330207766,False,llava_ov_0.5b,15000,2.0,196,rlt,0.6,18622,235200,0.07917517006802721,none,,,,,0.16666666666666666,228802560,2016203264,3054350336
13,1,0.01197657617740333,83.49631690956375,False,llava_ov_0.5b,15000,2.0,196,rlt,0.6,18622,235200,0.07917517006802721,none,,,,,0.16666666666666666,228802560,2016203264,3054350336
14,1,0.011876212200149894,84.20193098161202,False,llava_ov_0.5b,15000,2.0,196,rlt,0.6,18622,235200,0.07917517006802721,none,,,,,0.16666666666666666,228802560,2016203264,3054350336
15,1,0.012067676987498999,82.86598995282256,False,llava_ov_0.5b,15000,2.0,196,rlt,0.6,18622,235200,0.07917517006802721,none,,,,,0.16666666666666666,228802560,2016203264,3054350336
16,1,0.011945600155740976,83.7128304114052,False,llava_ov_0.5b,15000,2.0,196,rlt,0.6,18622,235200,0.07917517006802721,none,,,,,0.16666666666666666,228802560,2016203264,3054350336
17,1,0.012224985053762794,81.79969101002742,False,llava_ov_0.5b,15000,2.0,196,rlt,0.6,18622,235200,0.07917517006802721,none,,,,,0.16666666666666666,228802560,2016203264,3054350336
18,1,0.013103157049044967,76.31748564540679,False,llava_ov_0.5b,15000,2.0,196,rlt,0.6,18622,235200,0.07917517006802721,none,,,,,0.16666666666666666,228802560,2016203264,3054350336
19,1,0.012600973946973681,79.3589451266317,False,llava_ov_0.5b,15000,2.0,196,rlt,0.6,18622,235200,0.07917517006802721,none,,,,,0.16666666666666666,228802560,2016203264,3054350336
20,1,0.012242436176165938,81.68308869331415,False,llava_ov_0.5b,15000,2.0,196,rlt,0.6,18622,235200,0.07917517006802721,none,,,,,0.16666666666666666,228802560,2016203264,3054350336
21,1,0.05261571682058275,19.005727954062767,False,llava_ov_0.5b,15000,2.0,196,rlt,0.6,18622,235200,0.07917517006802721,none,,,,,0.16666666666666666,228802560,2016203264,3054350336
22,1,0.012013434898108244,83.24013976697623,False,llava_ov_0.5b,15000,2.0,196,rlt,0.6,18622,235200,0.07917517006802721,none,,,,,0.16666666666666666,228802560,2016203264,3054350336
23,1,0.011859555030241609,84.32019561020812,False,llava_ov_0.5b,15000,2.0,196,rlt,0.6,18622,235200,0.07917517006802721,none,,,,,0.16666666666666666,228802560,2016203264,3054350336
24,1,0.011913139838725328,83.94092687045946,False,llava_ov_0.5b,15000,2.0,196,rlt,0.6,18622,235200,0.07917517006802721,none,,,,,0.16666666666666666,228802560,2016203264,3054350336
25,1,0.01212510815821588,82.47349111870872,False,llava_ov_0.5b,15000,2.0,196,rlt,0.6,18622,235200,0.07917517006802721,none,,,,,0.16666666666666666,228802560,2016203264,3054350336
26,1,0.0120578040368855,82.93384076743524,False,llava_ov_0.5b,15000,2.0,196,rlt,0.6,18622,235200,0.07917517006802721,none,,,,,0.16666666666666666,228802560,2016203264,3054350336
27,1,0.012057471089065075,82.9361308530858,False,llava_ov_0.5b,15000,2.0,196,rlt,0.6,18622,235200,0.07917517006802721,none,,,,,0.16666666666666666,228802560,2016203264,3054350336
28,1,0.012034167069941759,83.0967356683739,False,llava_ov_0.5b,15000,2.0,196,rlt,0.6,18622,235200,0.07917517006802721,none,,,,,0.16666666666666666,228802560,2016203264,3054350336
29,1,0.011880086967721581,84.1744679746048,False,llava_ov_0.5b,15000,2.0,196,rlt,0.6,18622,235200,0.07917517006802721,none,,,,,0.16666666666666666,228802560,2016203264,3054350336
30,1,0.011924227001145482,83.86287848293533,False,llava_ov_0.5b,15000,2.0,196,rlt,0.6,18622,235200,0.07917517006802721,none,,,,,0.16666666666666666,228802560,2016203264,3054350336
31,1,0.011893639108166099,84.07855584868102,False,llava_ov_0.5b,15000,2.0,196,rlt,0.6,18622,235200,0.07917517006802721,none,,,,,0.16666666666666666,228802560,2016203264,3054350336
32,1,0.01185575989075005,84.34718729249967,False,llava_ov_0.5b,15000,2.0,196,rlt,0.6,18622,235200,0.07917517006802721,none,,,,,0.16666666666666666,228802560,2016203264,3054350336
33,1,0.011939242016524076,83.75741094920315,False,llava_ov_0.5b,15000,2.0,196,rlt,0.6,18622,235200,0.07917517006802721,none,,,,,0.16666666666666666,228802560,2016203264,3054350336
34,1,0.011726531898602843,85.27670488144453,False,llava_ov_0.5b,15000,2.0,196,rlt,0.6,18622,235200,0.07917517006802721,none,,,,,0.16666666666666666,228802560,2016203264,3054350336
35,1,0.05381686519831419,18.58153566386704,False,llava_ov_0.5b,15000,2.0,196,rlt,0.6,18622,235200,0.07917517006802721,none,,,,,0.16666666666666666,228802560,2016203264,3054350336
36,1,0.012189737055450678,82.03622403428686,False,llava_ov_0.5b,15000,2.0,196,rlt,0.6,18622,235200,0.07917517006802721,none,,,,,0.16666666666666666,228802560,2016203264,3054350336
37,1,0.012053938116878271,82.9604391779456,False,llava_ov_0.5b,15000,2.0,196,rlt,0.6,18622,235200,0.07917517006802721,none,,,,,0.16666666666666666,228802560,2016203264,3054350336
38,1,0.012046952033415437,83.00854832211775,False,llava_ov_0.5b,15000,2.0,196,rlt,0.6,18622,235200,0.07917517006802721,none,,,,,0.16666666666666666,228802560,2016203264,3054350336
39,1,0.01193942897953093,83.75609936743285,False,llava_ov_0.5b,15000,2.0,196,rlt,0.6,18622,235200,0.07917517006802721,none,,,,,0.16666666666666666,228802560,2016203264,3054350336
40,1,0.011960590025410056,83.60791548539981,False,llava_ov_0.5b,15000,2.0,196,rlt,0.6,18622,235200,0.07917517006802721,none,,,,,0.16666666666666666,228802560,2016203264,3054350336
41,1,0.012008402962237597,83.27502026244996,False,llava_ov_0.5b,15000,2.0,196,rlt,0.6,18622,235200,0.07917517006802721,none,,,,,0.16666666666666666,228802560,2016203264,3054350336
42,1,0.012046128045767546,83.01422633070499,False,llava_ov_0.5b,15000,2.0,196,rlt,0.6,18622,235200,0.07917517006802721,none,,,,,0.16666666666666666,228802560,2016203264,3054350336
43,1,0.012021024944260716,83.18758214352073,False,llava_ov_0.5b,15000,2.0,196,rlt,0.6,18622,235200,0.07917517006802721,none,,,,,0.16666666666666666,228802560,2016203264,3054350336
44,1,0.012010576901957393,83.25994730836182,False,llava_ov_0.5b,15000,2.0,196,rlt,0.6,18622,235200,0.07917517006802721,none,,,,,0.16666666666666666,228802560,2016203264,3054350336
45,1,0.011823272099718451,84.57895509516466,False,llava_ov_0.5b,15000,2.0,196,rlt,0.6,18622,235200,0.07917517006802721,none,,,,,0.16666666666666666,228802560,2016203264,3054350336
46,1,0.011155718006193638,89.64012889576462,False,llava_ov_0.5b,15000,2.0,196,rlt,0.6,18622,235200,0.07917517006802721,none,,,,,0.16666666666666666,228802560,2016203264,3054350336
47,1,0.011939632939174771,83.75466859780337,False,llava_ov_0.5b,15000,2.0,196,rlt,0.6,18622,235200,0.07917517006802721,none,,,,,0.16666666666666666,228802560,2016203264,3054350336
48,1,0.011791466036811471,84.80709666449668,False,llava_ov_0.5b,15000,2.0,196,rlt,0.6,18622,235200,0.07917517006802721,none,,,,,0.16666666666666666,228802560,2016203264,3054350336
49,1,0.05225263605825603,19.137790462573186,False,llava_ov_0.5b,15000,2.0,196,rlt,0.6,18622,235200,0.07917517006802721,none,,,,,0.16666666666666666,228802560,2016203264,3054350336
50,1,0.012041415786370635,83.04671292323233,False,llava_ov_0.5b,15000,2.0,196,rlt,0.6,18622,235200,0.07917517006802721,none,,,,,0.16666666666666666,228802560,2016203264,3054350336
51,1,0.011848713038489223,84.39735157325623,False,llava_ov_0.5b,15000,2.0,196,rlt,0.6,18622,235200,0.07917517006802721,none,,,,,0.16666666666666666,228802560,2016203264,3054350336
52,1,0.01210479810833931,82.61186936369258,False,llava_ov_0.5b,15000,2.0,196,rlt,0.6,18622,235200,0.07917517006802721,none,,,,,0.16666666666666666,228802560,2016203264,3054350336
53,1,0.012808063998818398,78.07581224549273,False,llava_ov_0.5b,15000,2.0,196,rlt,0.6,18622,235200,0.07917517006802721,none,,,,,0.16666666666666666,228802560,2016203264,3054350336
54,1,0.012369167990982533,80.84618146742189,False,llava_ov_0.5b,15000,2.0,196,rlt,0.6,18622,235200,0.07917517006802721,none,,,,,0.16666666666666666,228802560,2016203264,3054350336
55,1,0.012017128057777882,83.21455802018912,False,llava_ov_0.5b,15000,2.0,196,rlt,0.6,18622,235200,0.07917517006802721,none,,,,,0.16666666666666666,228802560,2016203264,3054350336
56,1,0.012124522123485804,82.47747744737504,False,llava_ov_0.5b,15000,2.0,196,rlt,0.6,18622,235200,0.07917517006802721,none,,,,,0.16666666666666666,228802560,2016203264,3054350336
57,1,0.012107430957257748,82.59390481186715,False,llava_ov_0.5b,15000,2.0,196,rlt,0.6,18622,235200,0.07917517006802721,none,,,,,0.16666666666666666,228802560,2016203264,3054350336
58,1,0.012084956048056483,82.74750822621495,False,llava_ov_0.5b,15000,2.0,196,rlt,0.6,18622,235200,0.07917517006802721,none,,,,,0.16666666666666666,228802560,2016203264,3054350336
59,1,0.011927050072699785,83.84302856990034,False,llava_ov_0.5b,15000,2.0,196,rlt,0.6,18622,235200,0.07917517006802721,none,,,,,0.16666666666666666,228802560,2016203264,3054350336
60,1,0.012230783002451062,81.76091422761722,False,llava_ov_0.5b,15000,2.0,196,rlt,0.6,18622,235200,0.07917517006802721,none,,,,,0.16666666666666666,228802560,2016203264,3054350336
61,1,0.012027018936350942,83.1461233487843,False,llava_ov_0.5b,15000,2.0,196,rlt,0.6,18622,235200,0.07917517006802721,none,,,,,0.16666666666666666,228802560,2016203264,3054350336
62,1,0.05236595682799816,19.096375977328396,False,llava_ov_0.5b,15000,2.0,196,rlt,0.6,18622,235200,0.07917517006802721,none,,,,,0.16666666666666666,228802560,2016203264,3054350336
63,1,0.01170873991213739,85.40628688518315,False,llava_ov_0.5b,15000,2.0,196,rlt,0.6,18622,235200,0.07917517006802721,none,,,,,0.16666666666666666,228802560,2016203264,3054350336
64,1,0.012104243040084839,82.61565772335905,False,llava_ov_0.5b,15000,2.0,196,rlt,0.6,18622,235200,0.07917517006802721,none,,,,,0.16666666666666666,228802560,2016203264,3054350336
65,1,0.012000547954812646,83.32952826532929,False,llava_ov_0.5b,15000,2.0,196,rlt,0.6,18622,235200,0.07917517006802721,none,,,,,0.16666666666666666,228802560,2016203264,3054350336
66,1,0.012107791844755411,82.59144299983636,False,llava_ov_0.5b,15000,2.0,196,rlt,0.6,18622,235200,0.07917517006802721,none,,,,,0.16666666666666666,228802560,2016203264,3054350336
67,1,0.011881005018949509,84.16796377116738,False,llava_ov_0.5b,15000,2.0,196,rlt,0.6,18622,235200,0.07917517006802721,none,,,,,0.16666666666666666,228802560,2016203264,3054350336
68,1,0.011925070080906153,83.85694953702216,False,llava_ov_0.5b,15000,2.0,196,rlt,0.6,18622,235200,0.07917517006802721,none,,,,,0.16666666666666666,228802560,2016203264,3054350336
69,1,0.01203327882103622,83.1028695397492,False,llava_ov_0.5b,15000,2.0,196,rlt,0.6,18622,235200,0.07917517006802721,none,,,,,0.16666666666666666,228802560,2016203264,3054350336
70,1,0.012007571989670396,83.28078323080283,False,llava_ov_0.5b,15000,2.0,196,rlt,0.6,18622,235200,0.07917517006802721,none,,,,,0.16666666666666666,228802560,2016203264,3054350336
71,1,0.012371146120131016,80.83325427486015,False,llava_ov_0.5b,15000,2.0,196,rlt,0.6,18622,235200,0.07917517006802721,none,,,,,0.16666666666666666,228802560,2016203264,3054350336
72,1,0.013103042962029576,76.31815013488337,False,llava_ov_0.5b,15000,2.0,196,rlt,0.6,18622,235200,0.07917517006802721,none,,,,,0.16666666666666666,228802560,2016203264,3054350336
73,1,0.01211400586180389,82.54907678004794,False,llava_ov_0.5b,15000,2.0,196,rlt,0.6,18622,235200,0.07917517006802721,none,,,,,0.16666666666666666,228802560,2016203264,3054350336
74,1,0.012151540955528617,82.2940895858173,False,llava_ov_0.5b,15000,2.0,196,rlt,0.6,18622,235200,0.07917517006802721,none,,,,,0.16666666666666666,228802560,2016203264,3054350336
75,1,0.011962217977270484,83.59653718901535,False,llava_ov_0.5b,15000,2.0,196,rlt,0.6,18622,235200,0.07917517006802721,none,,,,,0.16666666666666666,228802560,2016203264,3054350336
76,1,0.0120161441154778,83.22137204662152,False,llava_ov_0.5b,15000,2.0,196,rlt,0.6,18622,235200,0.07917517006802721,none,,,,,0.16666666666666666,228802560,2016203264,3054350336
77,1,0.01203161315061152,83.11437439701707,False,llava_ov_0.5b,15000,2.0,196,rlt,0.6,18622,235200,0.07917517006802721,none,,,,,0.16666666666666666,228802560,2016203264,3054350336
78,1,0.05297165107913315,18.878022104807016,False,llava_ov_0.5b,15000,2.0,196,rlt,0.6,18622,235200,0.07917517006802721,none,,,,,0.16666666666666666,228802560,2016203264,3054350336
79,1,0.01221521501429379,81.86511648217713,False,llava_ov_0.5b,15000,2.0,196,rlt,0.6,18622,235200,0.07917517006802721,none,,,,,0.16666666666666666,228802560,2016203264,3054350336
80,1,0.012032383121550083,83.10905577873372,False,llava_ov_0.5b,15000,2.0,196,rlt,0.6,18622,235200,0.07917517006802721,none,,,,,0.16666666666666666,228802560,2016203264,3054350336
81,1,0.011928495950996876,83.83286577855853,False,llava_ov_0.5b,15000,2.0,196,rlt,0.6,18622,235200,0.07917517006802721,none,,,,,0.16666666666666666,228802560,2016203264,3054350336
82,1,0.011949833016842604,83.68317771391094,False,llava_ov_0.5b,15000,2.0,196,rlt,0.6,18622,235200,0.07917517006802721,none,,,,,0.16666666666666666,228802560,2016203264,3054350336
83,1,0.012669910909608006,78.92715324791017,False,llava_ov_0.5b,15000,2.0,196,rlt,0.6,18622,235200,0.07917517006802721,none,,,,,0.16666666666666666,228802560,2016203264,3054350336
84,1,0.012144190957769752,82.34389622803225,False,llava_ov_0.5b,15000,2.0,196,rlt,0.6,18622,235200,0.07917517006802721,none,,,,,0.16666666666666666,228802560,2016203264,3054350336
85,1,0.012117773992940784,82.52340739995239,False,llava_ov_0.5b,15000,2.0,196,rlt,0.6,18622,235200,0.07917517006802721,none,,,,,0.16666666666666666,228802560,2016203264,3054350336
86,1,0.0119994159322232,83.3373895569869,False,llava_ov_0.5b,15000,2.0,196,rlt,0.6,18622,235200,0.07917517006802721,none,,,,,0.16666666666666666,228802560,2016203264,3054350336
87,1,0.012227301020175219,81.78419737520046,False,llava_ov_0.5b,15000,2.0,196,rlt,0.6,18622,235200,0.07917517006802721,none,,,,,0.16666666666666666,228802560,2016203264,3054350336
88,1,0.011915943119674921,83.92117937764048,False,llava_ov_0.5b,15000,2.0,196,rlt,0.6,18622,235200,0.07917517006802721,none,,,,,0.16666666666666666,228802560,2016203264,3054350336
89,1,0.01192508079111576,83.85687422302452,False,llava_ov_0.5b,15000,2.0,196,rlt,0.6,18622,235200,0.07917517006802721,none,,,,,0.16666666666666666,228802560,2016203264,3054350336
90,1,0.012000460177659988,83.33013777768258,False,llava_ov_0.5b,15000,2.0,196,rlt,0.6,18622,235200,0.07917517006802721,none,,,,,0.16666666666666666,228802560,2016203264,3054350336
91,1,0.05444652703590691,18.366644383773284,False,llava_ov_0.5b,15000,2.0,196,rlt,0.6,18622,235200,0.07917517006802721,none,,,,,0.16666666666666666,228802560,2016203264,3054350336
92,1,0.012102733831852674,82.62595987760568,False,llava_ov_0.5b,15000,2.0,196,rlt,0.6,18622,235200,0.07917517006802721,none,,,,,0.16666666666666666,228802560,2016203264,3054350336
93,1,0.011990317841991782,83.40062483563689,False,llava_ov_0.5b,15000,2.0,196,rlt,0.6,18622,235200,0.07917517006802721,none,,,,,0.16666666666666666,228802560,2016203264,3054350336
94,1,0.01201128214597702,83.25505868954492,False,llava_ov_0.5b,15000,2.0,196,rlt,0.6,18622,235200,0.07917517006802721,none,,,,,0.16666666666666666,228802560,2016203264,3054350336
95,1,0.0119996580760926,83.3357078725718,False,llava_ov_0.5b,15000,2.0,196,rlt,0.6,18622,235200,0.07917517006802721,none,,,,,0.16666666666666666,228802560,2016203264,3054350336
96,1,0.01200998411513865,83.26405683913391,False,llava_ov_0.5b,15000,2.0,196,rlt,0.6,18622,235200,0.07917517006802721,none,,,,,0.16666666666666666,228802560,2016203264,3054350336
97,1,0.01194599294103682,83.71007792619771,False,llava_ov_0.5b,15000,2.0,196,rlt,0.6,18622,235200,0.07917517006802721,none,,,,,0.16666666666666666,228802560,2016203264,3054350336
98,1,0.012765709077939391,78.33485738196201,False,llava_ov_0.5b,15000,2.0,196,rlt,0.6,18622,235200,0.07917517006802721,none,,,,,0.16666666666666666,228802560,2016203264,3054350336
99,1,0.012645911891013384,79.07693874655524,False,llava_ov_0.5b,15000,2.0,196,rlt,0.6,18622,235200,0.07917517006802721,none,,,,,0.16666666666666666,228802560,2016203264,3054350336
100,1,0.012689606053754687,78.80465286029215,False,llava_ov_0.5b,15000,2.0,196,rlt,0.6,18622,235200,0.07917517006802721,none,,,,,0.16666666666666666,228802560,2016203264,3054350336
101,1,0.01201139809563756,83.2542550032699,False,llava_ov_0.5b,15000,2.0,196,rlt,0.6,18622,235200,0.07917517006802721,none,,,,,0.16666666666666666,228802560,2016203264,3054350336
102,1,0.05259641702286899,19.012701940613155,False,llava_ov_0.5b,15000,2.0,196,rlt,0.6,18622,235200,0.07917517006802721,none,,,,,0.16666666666666666,228802560,2016203264,3054350336
103,1,0.01222305791452527,81.81258789681836,False,llava_ov_0.5b,15000,2.0,196,rlt,0.6,18622,235200,0.07917517006802721,none,,,,,0.16666666666666666,228802560,2016203264,3054350336
104,1,0.01211598003283143,82.53562627952813,False,llava_ov_0.5b,15000,2.0,196,rlt,0.6,18622,235200,0.07917517006802721,none,,,,,0.16666666666666666,228802560,2016203264,3054350336
105,1,0.012086856877431273,82.73449500897229,False,llava_ov_0.5b,15000,2.0,196,rlt,0.6,18622,235200,0.07917517006802721,none,,,,,0.16666666666666666,228802560,2016203264,3054350336
106,1,0.01191190886311233,83.94960131845075,False,llava_ov_0.5b,15000,2.0,196,rlt,0.6,18622,235200,0.07917517006802721,none,,,,,0.16666666666666666,228802560,2016203264,3054350336
107,1,0.012297289911657572,81.31873015793676,False,llava_ov_0.5b,15000,2.0,196,rlt,0.6,18622,235200,0.07917517006802721,none,,,,,0.16666666666666666,228802560,2016203264,3054350336
108,1,0.01214277115650475,82.3535243406371,False,llava_ov_0.5b,15000,2.0,196,rlt,0.6,18622,235200,0.07917517006802721,none,,,,,0.16666666666666666,228802560,2016203264,3054350336
109,1,0.011958896880969405,83.6197527207826,False,llava_ov_0.5b,15000,2.0,196,rlt,0.6,18622,235200,0.07917517006802721,none,,,,,0.16666666666666666,228802560,2016203264,3054350336
110,1,0.011907533975318074,83.98044482365526,False,llava_ov_0.5b,15000,2.0,196,rlt,0.6,18622,235200,0.07917517006802721,none,,,,,0.16666666666666666,228802560,2016203264,3054350336
111,1,0.011899259174242616,84.03884522194632,False,llava_ov_0.5b,15000,2.0,196,rlt,0.6,18622,235200,0.07917517006802721,none,,,,,0.16666666666666666,228802560,2016203264,3054350336
112,1,0.012192706111818552,82.01624732270768,False,llava_ov_0.5b,15000,2.0,196,rlt,0.6,18622,235200,0.07917517006802721,none,,,,,0.16666666666666666,228802560,2016203264,3054350336
113,1,0.012019942048937082,83.19507664252254,False,llava_ov_0.5b,15000,2.0,196,rlt,0.6,18622,235200,0.07917517006802721,none,,,,,0.16666666666666666,228802560,2016203264,3054350336
114,1,0.01183768780902028,84.47595646491058,False,llava_ov_0.5b,15000,2.0,196,rlt,0.6,18622,235200,0.07917517006802721,none,,,,,0.16666666666666666,228802560,2016203264,3054350336
115,1,0.05554388300515711,18.00378270109694,False,llava_ov_0.5b,15000,2.0,196,rlt,0.6,18622,235200,0.07917517006802721,none,,,,,0.16666666666666666,228802560,2016203264,3054350336
116,1,0.012025409145280719,83.15725377148124,False,llava_ov_0.5b,15000,2.0,196,rlt,0.6,18622,235200,0.07917517006802721,none,,,,,0.16666666666666666,228802560,2016203264,3054350336
117,1,0.012097527040168643,82.6615222003306,False,llava_ov_0.5b,15000,2.0,196,rlt,0.6,18622,235200,0.07917517006802721,none,,,,,0.16666666666666666,228802560,2016203264,3054350336
118,1,0.011978874914348125,83.48029403013585,False,llava_ov_0.5b,15000,2.0,196,rlt,0.6,18622,235200,0.07917517006802721,none,,,,,0.16666666666666666,228802560,2016203264,3054350336
119,1,0.011978353839367628,83.48392553853567,False,llava_ov_0.5b,15000,2.0,196,rlt,0.6,18622,235200,0.07917517006802721,none,,,,,0.16666666666666666,228802560,2016203264,3054350336
120,1,0.01199987018480897,83.3342348374679,False,llava_ov_0.5b,15000,2.0,196,rlt,0.6,18622,235200,0.07917517006802721,none,,,,,0.16666666666666666,228802560,2016203264,3054350336
121,1,0.012015515007078648,83.22572935166528,False,llava_ov_0.5b,15000,2.0,196,rlt,0.6,18622,235200,0.07917517006802721,none,,,,,0.16666666666666666,228802560,2016203264,3054350336
122,1,0.012026026146486402,83.15298734754258,False,llava_ov_0.5b,15000,2.0,196,rlt,0.6,18622,235200,0.07917517006802721,none,,,,,0.16666666666666666,228802560,2016203264,3054350336
123,1,0.012205232866108418,81.93207052827378,False,llava_ov_0.5b,15000,2.0,196,rlt,0.6,18622,235200,0.07917517006802721,none,,,,,0.16666666666666666,228802560,2016203264,3054350336
124,1,0.011948187137022614,83.6947051909995,False,llava_ov_0.5b,15000,2.0,196,rlt,0.6,18622,235200,0.07917517006802721,none,,,,,0.16666666666666666,228802560,2016203264,3054350336
125,1,0.052601899951696396,19.0107201625471,False,llava_ov_0.5b,15000,2.0,196,rlt,0.6,18622,235200,0.07917517006802721,none,,,,,0.16666666666666666,228802560,2016203264,3054350336
126,1,0.012062738882377744,82.89991267745035,False,llava_ov_0.5b,15000,2.0,196,rlt,0.6,18622,235200,0.07917517006802721,none,,,,,0.16666666666666666,228802560,2016203264,3054350336
127,1,0.011985254939645529,83.4358555604972,False,llava_ov_0.5b,15000,2.0,196,rlt,0.6,18622,235200,0.07917517006802721,none,,,,,0.16666666666666666,228802560,2016203264,3054350336
128,1,0.011999792885035276,83.33477165652432,False,llava_ov_0.5b,15000,2.0,196,rlt,0.6,18622,235200,0.07917517006802721,none,,,,,0.16666666666666666,228802560,2016203264,3054350336
129,1,0.011991032864898443,83.39565167295281,False,llava_ov_0.5b,15000,2.0,196,rlt,0.6,18622,235200,0.07917517006802721,none,,,,,0.16666666666666666,228802560,2016203264,3054350336
130,1,0.012020637048408389,83.19026653686433,False,llava_ov_0.5b,15000,2.0,196,rlt,0.6,18622,235200,0.07917517006802721,none,,,,,0.16666666666666666,228802560,2016203264,3054350336
131,1,0.012004610849544406,83.30132584330725,False,llava_ov_0.5b,15000,2.0,196,rlt,0.6,18622,235200,0.07917517006802721,none,,,,,0.16666666666666666,228802560,2016203264,3054350336
132,1,0.012103771092370152,82.61887905583157,False,llava_ov_0.5b,15000,2.0,196,rlt,0.6,18622,235200,0.07917517006802721,none,,,,,0.16666666666666666,228802560,2016203264,3054350336
133,1,0.013164622010663152,75.96116312264907,False,llava_ov_0.5b,15000,2.0,196,rlt,0.6,18622,235200,0.07917517006802721,none,,,,,0.16666666666666666,228802560,2016203264,3054350336
134,1,0.012574783992022276,79.52422885629068,False,llava_ov_0.5b,15000,2.0,196,rlt,0.6,18622,235200,0.07917517006802721,none,,,,,0.16666666666666666,228802560,2016203264,3054350336
135,1,0.05217960802838206,19.164574779022292,False,llava_ov_0.5b,15000,2.0,196,rlt,0.6,18622,235200,0.07917517006802721,none,,,,,0.16666666666666666,228802560,2016203264,3054350336
136,1,0.012083641020581126,82.75651339664739,False,llava_ov_0.5b,15000,2.0,196,rlt,0.6,18622,235200,0.07917517006802721,none,,,,,0.16666666666666666,228802560,2016203264,3054350336
137,1,0.01200210815295577,83.31869595373784,False,llava_ov_0.5b,15000,2.0,196,rlt,0.6,18622,235200,0.07917517006802721,none,,,,,0.16666666666666666,228802560,2016203264,3054350336
138,1,0.01191334892064333,83.93945368856025,False,llava_ov_0.5b,15000,2.0,196,rlt,0.6,18622,235200,0.07917517006802721,none,,,,,0.16666666666666666,228802560,2016203264,3054350336
139,1,0.011851008981466293,84.3810009395734,False,llava_ov_0.5b,15000,2.0,196,rlt,0.6,18622,235200,0.07917517006802721,none,,,,,0.16666666666666666,228802560,2016203264,3054350336
140,1,0.01186342816799879,84.29266699632971,False,llava_ov_0.5b,15000,2.0,196,rlt,0.6,18622,235200,0.07917517006802721,none,,,,,0.16666666666666666,228802560,2016203264,3054350336
141,1,0.011804562993347645,84.71300467145976,False,llava_ov_0.5b,15000,2.0,196,rlt,0.6,18622,235200,0.07917517006802721,none,,,,,0.16666666666666666,228802560,2016203264,3054350336
142,1,0.011724627111107111,85.2905589681968,False,llava_ov_0.5b,15000,2.0,196,rlt,0.6,18622,235200,0.07917517006802721,none,,,,,0.16666666666666666,228802560,2016203264,3054350336
143,1,0.0521252250764519,19.184569438948287,False,llava_ov_0.5b,15000,2.0,196,rlt,0.6,18622,235200,0.07917517006802721,none,,,,,0.16666666666666666,228802560,2016203264,3054350336
144,1,0.012169208843261003,82.17461076393428,False,llava_ov_0.5b,15000,2.0,196,rlt,0.6,18622,235200,0.07917517006802721,none,,,,,0.16666666666666666,228802560,2016203264,3054350336
145,1,0.012006320059299469,83.28946713572343,False,llava_ov_0.5b,15000,2.0,196,rlt,0.6,18622,235200,0.07917517006802721,none,,,,,0.16666666666666666,228802560,2016203264,3054350336
146,1,0.011965541867539287,83.57331502995693,False,llava_ov_0.5b,15000,2.0,196,rlt,0.6,18622,235200,0.07917517006802721,none,,,,,0.16666666666666666,228802560,2016203264,3054350336
147,1,0.012007818790152669,83.27907153463013,False,llava_ov_0.5b,15000,2.0,196,rlt,0.6,18622,235200,0.07917517006802721,none,,,,,0.16666666666666666,228802560,2016203264,3054350336
148,1,0.01198093593120575,83.46593335795937,False,llava_ov_0.5b,15000,2.0,196,rlt,0.6,18622,235200,0.07917517006802721,none,,,,,0.16666666666666666,228802560,2016203264,3054350336
149,1,0.01234827609732747,80.98296410917062,False,llava_ov_0.5b,15000,2.0,196,rlt,0.6,18622,235200,0.07917517006802721,none,,,,,0.16666666666666666,228802560,2016203264,3054350336
150,1,0.012856150977313519,77.78377850140686,False,llava_ov_0.5b,15000,2.0,196,rlt,0.6,18622,235200,0.07917517006802721,none,,,,,0.16666666666666666,228802560,2016203264,3054350336
151,1,0.012113979086279869,82.5492592382454,False,llava_ov_0.5b,15000,2.0,196,rlt,0.6,18622,235200,0.07917517006802721,none,,,,,0.16666666666666666,228802560,2016203264,3054350336
152,1,0.012040993897244334,83.04962269176609,False,llava_ov_0.5b,15000,2.0,196,rlt,0.6,18622,235200,0.07917517006802721,none,,,,,0.16666666666666666,228802560,2016203264,3054350336
153,1,0.012035812018439174,83.085378740377,False,llava_ov_0.5b,15000,2.0,196,rlt,0.6,18622,235200,0.07917517006802721,none,,,,,0.16666666666666666,228802560,2016203264,3054350336
154,1,0.05514507507905364,18.133985647248505,False,llava_ov_0.5b,15000,2.0,196,rlt,0.6,18622,235200,0.07917517006802721,none,,,,,0.16666666666666666,228802560,2016203264,3054350336
155,1,0.012118774000555277,82.51659779728382,False,llava_ov_0.5b,15000,2.0,196,rlt,0.6,18622,235200,0.07917517006802721,none,,,,,0.16666666666666666,228802560,2016203264,3054350336
156,1,0.012115783989429474,82.5369617741996,False,llava_ov_0.5b,15000,2.0,196,rlt,0.6,18622,235200,0.07917517006802721,none,,,,,0.16666666666666666,228802560,2016203264,3054350336
157,1,0.011999782174825668,83.33484603561381,False,llava_ov_0.5b,15000,2.0,196,rlt,0.6,18622,235200,0.07917517006802721,none,,,,,0.16666666666666666,228802560,2016203264,3054350336
158,1,0.011921807192265987,83.87990041046194,False,llava_ov_0.5b,15000,2.0,196,rlt,0.6,18622,235200,0.07917517006802721,none,,,,,0.16666666666666666,228802560,2016203264,3054350336
159,1,0.011888780165463686,84.11291874207164,False,llava_ov_0.5b,15000,2.0,196,rlt,0.6,18622,235200,0.07917517006802721,none,,,,,0.16666666666666666,228802560,2016203264,3054350336
160,1,0.012161620892584324,82.22588163472194,False,llava_ov_0.5b,15000,2.0,196,rlt,0.6,18622,235200,0.07917517006802721,none,,,,,0.16666666666666666,228802560,2016203264,3054350336
161,1,0.05268914601765573,18.979240993295043,False,llava_ov_0.5b,15000,2.0,196,rlt,0.6,18622,235200,0.07917517006802721,none,,,,,0.16666666666666666,228802560,2016203264,3054350336
162,1,0.012131579918786883,82.42949448417734,False,llava_ov_0.5b,15000,2.0,196,rlt,0.6,18622,235200,0.07917517006802721,none,,,,,0.16666666666666666,228802560,2016203264,3054350336
163,1,0.011989715043455362,83.40481791065204,False,llava_ov_0.5b,15000,2.0,196,rlt,0.6,18622,235200,0.07917517006802721,none,,,,,0.16666666666666666,228802560,2016203264,3054350336
164,1,0.01188541785813868,84.13671373911673,False,llava_ov_0.5b,15000,2.0,196,rlt,0.6,18622,235200,0.07917517006802721,none,,,,,0.16666666666666666,228802560,2016203264,3054350336
165,1,0.012209936045110226,81.90051088764507,False,llava_ov_0.5b,15000,2.0,196,rlt,0.6,18622,235200,0.07917517006802721,none,,,,,0.16666666666666666,228802560,2016203264,3054350336
166,1,0.012672967044636607,78.90811965957217,False,llava_ov_0.5b,15000,2.0,196,rlt,0.6,18622,235200,0.07917517006802721,none,,,,,0.16666666666666666,228802560,2016203264,3054350336
167,1,0.012301594950258732,81.29027203736436,False,llava_ov_0.5b,15000,2.0,196,rlt,0.6,18622,235200,0.07917517006802721,none,,,,,0.16666666666666666,228802560,2016203264,3054350336
168,1,0.012579664122313261,79.49337838251527,False,llava_ov_0.5b,15000,2.0,196,rlt,0.6,18622,235200,0.07917517006802721,none,,,,,0.16666666666666666,228802560,2016203264,3054350336
169,1,0.012471065856516361,80.18560815132587,False,llava_ov_0.5b,15000,2.0,196,rlt,0.6,18622,235200,0.07917517006802721,none,,,,,0.16666666666666666,228802560,2016203264,3054350336
170,1,0.0518683809787035,19.279568421666898,False,llava_ov_0.5b,15000,2.0,196,rlt,0.6,18622,235200,0.07917517006802721,none,,,,,0.16666666666666666,228802560,2016203264,3054350336
171,1,0.012029223842546344,83.13088301367249,False,llava_ov_0.5b,15000,2.0,196,rlt,0.6,18622,235200,0.07917517006802721,none,,,,,0.16666666666666666,228802560,2016203264,3054350336
172,1,0.011936907889321446,83.77378876271491,False,llava_ov_0.5b,15000,2.0,196,rlt,0.6,18622,235200,0.07917517006802721,none,,,,,0.16666666666666666,228802560,2016203264,3054350336
173,1,0.012630174867808819,79.17546751856554,False,llava_ov_0.5b,15000,2.0,196,rlt,0.6,18622,235200,0.07917517006802721,none,,,,,0.16666666666666666,228802560,2016203264,3054350336
174,1,0.012308466015383601,81.24489264138691,False,llava_ov_0.5b,15000,2.0,196,rlt,0.6,18622,235200,0.07917517006802721,none,,,,,0.16666666666666666,228802560,2016203264,3054350336
175,1,0.012019755085930228,83.1963707122913,False,llava_ov_0.5b,15000,2.0,196,rlt,0.6,18622,235200,0.07917517006802721,none,,,,,0.16666666666666666,228802560,2016203264,3054350336
176,1,0.012041422072798014,83.04666956729591,False,llava_ov_0.5b,15000,2.0,196,rlt,0.6,18622,235200,0.07917517006802721,none,,,,,0.16666666666666666,228802560,2016203264,3054350336
177,1,0.012023672927170992,83.16926167712103,False,llava_ov_0.5b,15000,2.0,196,rlt,0.6,18622,235200,0.07917517006802721,none,,,,,0.16666666666666666,228802560,2016203264,3054350336
178,1,0.012024442898109555,83.16393603209815,False,llava_ov_0.5b,15000,2.0,196,rlt,0.6,18622,235200,0.07917517006802721,none,,,,,0.16666666666666666,228802560,2016203264,3054350336
179,1,0.052097677951678634,19.194713455895574,False,llava_ov_0.5b,15000,2.0,196,rlt,0.6,18622,235200,0.07917517006802721,none,,,,,0.16666666666666666,228802560,2016203264,3054350336
180,1,0.012185947969555855,82.06173229184134,False,llava_ov_0.5b,15000,2.0,196,rlt,0.6,18622,235200,0.07917517006802721,none,,,,,0.16666666666666666,228802560,2016203264,3054350336
181,1,0.012127683032304049,82.45598086100519,False,llava_ov_0.5b,15000,2.0,196,rlt,0.6,18622,235200,0.07917517006802721,none,,,,,0.16666666666666666,228802560,2016203264,3054350336
182,1,0.0119365518912673,83.77628724854732,False,llava_ov_0.5b,15000,2.0,196,rlt,0.6,18622,235200,0.07917517006802721,none,,,,,0.16666666666666666,228802560,2016203264,3054350336
183,1,0.012035274878144264,83.089086882093,False,llava_ov_0.5b,15000,2.0,196,rlt,0.6,18622,235200,0.07917517006802721,none,,,,,0.16666666666666666,228802560,2016203264,3054350336
184,1,0.011987450998276472,83.42057040681773,False,llava_ov_0.5b,15000,2.0,196,rlt,0.6,18622,235200,0.07917517006802721,none,,,,,0.16666666666666666,228802560,2016203264,3054350336
185,1,0.012009221827611327,83.26934204019972,False,llava_ov_0.5b,15000,2.0,196,rlt,0.6,18622,235200,0.07917517006802721,none,,,,,0.16666666666666666,228802560,2016203264,3054350336
186,1,0.011995342094451189,83.36569246012421,False,llava_ov_0.5b,15000,2.0,196,rlt,0.6,18622,235200,0.07917517006802721,none,,,,,0.16666666666666666,228802560,2016203264,3054350336
187,1,0.012068114010617137,82.86298912325756,False,llava_ov_0.5b,15000,2.0,196,rlt,0.6,18622,235200,0.07917517006802721,none,,,,,0.16666666666666666,228802560,2016203264,3054350336
188,1,0.011974734952673316,83.50915522992462,False,llava_ov_0.5b,15000,2.0,196,rlt,0.6,18622,235200,0.07917517006802721,none,,,,,0.16666666666666666,228802560,2016203264,3054350336
189,1,0.052724467823281884,18.96652619333644,False,llava_ov_0.5b,15000,2.0,196,rlt,0.6,18622,235200,0.07917517006802721,none,,,,,0.16666666666666666,228802560,2016203264,3054350336
190,1,0.012542224954813719,79.73067008467257,False,llava_ov_0.5b,15000,2.0,196,rlt,0.6,18622,235200,0.07917517006802721,none,,,,,0.16666666666666666,228802560,2016203264,3054350336
191,1,0.011907818960025907,83.97843495580189,False,llava_ov_0.5b,15000,2.0,196,rlt,0.6,18622,235200,0.07917517006802721,none,,,,,0.16666666666666666,228802560,2016203264,3054350336
192,1,0.011897833785042167,84.04891327841456,False,llava_ov_0.5b,15000,2.0,196,rlt,0.6,18622,235200,0.07917517006802721,none,,,,,0.16666666666666666,228802560,2016203264,3054350336
193,1,0.011808263137936592,84.68645966969387,False,llava_ov_0.5b,15000,2.0,196,rlt,0.6,18622,235200,0.07917517006802721,none,,,,,0.16666666666666666,228802560,2016203264,3054350336
194,1,0.012041609967127442,83.04537372742631,False,llava_ov_0.5b,15000,2.0,196,rlt,0.6,18622,235200,0.07917517006802721,none,,,,,0.16666666666666666,228802560,2016203264,3054350336
195,1,0.011954480782151222,83.65064265217288,False,llava_ov_0.5b,15000,2.0,196,rlt,0.6,18622,235200,0.07917517006802721,none,,,,,0.16666666666666666,228802560,2016203264,3054350336
196,1,0.051939893048256636,19.25302385722885,False,llava_ov_0.5b,15000,2.0,196,rlt,0.6,18622,235200,0.07917517006802721,none,,,,,0.16666666666666666,228802560,2016203264,3054350336
197,1,0.011879475088790059,84.1788035688243,False,llava_ov_0.5b,15000,2.0,196,rlt,0.6,18622,235200,0.07917517006802721,none,,,,,0.16666666666666666,228802560,2016203264,3054350336
198,1,0.011957824928686023,83.6272487650381,False,llava_ov_0.5b,15000,2.0,196,rlt,0.6,18622,235200,0.07917517006802721,none,,,,,0.16666666666666666,228802560,2016203264,3054350336
199,1,0.012084692949429154,82.74930974123237,False,llava_ov_0.5b,15000,2.0,196,rlt,0.6,18622,235200,0.07917517006802721,none,,,,,0.16666666666666666,228802560,2016203264,3054350336
200,1,0.011982436059042811,83.45548393269563,False,llava_ov_0.5b,15000,2.0,196,rlt,0.6,18622,235200,0.07917517006802721,none,,,,,0.16666666666666666,228802560,2016203264,3054350336
201,1,0.011995069216936827,83.36758895797097,False,llava_ov_0.5b,15000,2.0,196,rlt,0.6,18622,235200,0.07917517006802721,none,,,,,0.16666666666666666,228802560,2016203264,3054350336
202,1,0.011968146078288555,83.55512988048355,False,llava_ov_0.5b,15000,2.0,196,rlt,0.6,18622,235200,0.07917517006802721,none,,,,,0.16666666666666666,228802560,2016203264,3054350336
203,1,0.012015443993732333,83.22622123007974,False,llava_ov_0.5b,15000,2.0,196,rlt,0.6,18622,235200,0.07917517006802721,none,,,,,0.16666666666666666,228802560,2016203264,3054350336
204,1,0.011966225923970342,83.56853751163378,False,llava_ov_0.5b,15000,2.0,196,rlt,0.6,18622,235200,0.07917517006802721,none,,,,,0.16666666666666666,228802560,2016203264,3054350336
205,1,0.011994997970759869,83.3680841328772,False,llava_ov_0.5b,15000,2.0,196,rlt,0.6,18622,235200,0.07917517006802721,none,,,,,0.16666666666666666,228802560,2016203264,3054350336
206,1,0.011956451926380396,83.63685198228637,False,llava_ov_0.5b,15000,2.0,196,rlt,0.6,18622,235200,0.07917517006802721,none,,,,,0.16666666666666666,228802560,2016203264,3054350336
207,1,0.012002094183117151,83.3187929325416,False,llava_ov_0.5b,15000,2.0,196,rlt,0.6,18622,235200,0.07917517006802721,none,,,,,0.16666666666666666,228802560,2016203264,3054350336
208,1,0.012107096845284104,82.5961841041616,False,llava_ov_0.5b,15000,2.0,196,rlt,0.6,18622,235200,0.07917517006802721,none,,,,,0.16666666666666666,228802560,2016203264,3054350336
209,1,0.05767932115122676,17.337235945931923,False,llava_ov_0.5b,15000,2.0,196,rlt,0.6,18622,235200,0.07917517006802721,none,,,,,0.16666666666666666,228802560,2016203264,3054350336
210,1,0.012419548118487,80.51822743143605,False,llava_ov_0.5b,15000,2.0,196,rlt,0.6,18622,235200,0.07917517006802721,none,,,,,0.16666666666666666,228802560,2016203264,3054350336
211,1,0.012156723998486996,82.2590033404113,False,llava_ov_0.5b,15000,2.0,196,rlt,0.6,18622,235200,0.07917517006802721,none,,,,,0.16666666666666666,228802560,2016203264,3054350336
212,1,0.01202588900923729,83.15393558279833,False,llava_ov_0.5b,15000,2.0,196,rlt,0.6,18622,235200,0.07917517006802721,none,,,,,0.16666666666666666,228802560,2016203264,3054350336
213,1,0.011948856990784407,83.69001325995056,False,llava_ov_0.5b,15000,2.0,196,rlt,0.6,18622,235200,0.07917517006802721,none,,,,,0.16666666666666666,228802560,2016203264,3054350336
214,1,0.011931599117815495,83.81106255127735,False,llava_ov_0.5b,15000,2.0,196,rlt,0.6,18622,235200,0.07917517006802721,none,,,,,0.16666666666666666,228802560,2016203264,3054350336
215,1,0.011984325014054775,83.44232977887673,False,llava_ov_0.5b,15000,2.0,196,rlt,0.6,18622,235200,0.07917517006802721,none,,,,,0.16666666666666666,228802560,2016203264,3054350336
216,1,0.012018069857731462,83.20803688428224,False,llava_ov_0.5b,15000,2.0,196,rlt,0.6,18622,235200,0.07917517006802721,none,,,,,0.16666666666666666,228802560,2016203264,3054350336
217,1,0.011906833155080676,83.98538780005475,False,llava_ov_0.5b,15000,2.0,196,rlt,0.6,18622,235200,0.07917517006802721,none,,,,,0.16666666666666666,228802560,2016203264,3054350336
218,1,0.011849335161969066,84.39292047452093,False,llava_ov_0.5b,15000,2.0,196,rlt,0.6,18622,235200,0.07917517006802721,none,,,,,0.16666666666666666,228802560,2016203264,3054350336
219,1,0.05244718189351261,19.066801378010624,False,llava_ov_0.5b,15000,2.0,196,rlt,0.6,18622,235200,0.07917517006802721,none,,,,,0.16666666666666666,228802560,2016203264,3054350336
220,1,0.0121012928429991,82.63579875091817,False,llava_ov_0.5b,15000,2.0,196,rlt,0.6,18622,235200,0.07917517006802721,none,,,,,0.16666666666666666,228802560,2016203264,3054350336
221,1,0.011950162006542087,83.6808739038477,False,llava_ov_0.5b,15000,2.0,196,rlt,0.6,18622,235200,0.07917517006802721,none,,,,,0.16666666666666666,228802560,2016203264,3054350336
222,1,0.011917704017832875,83.9087796192677,False,llava_ov_0.5b,15000,2.0,196,rlt,0.6,18622,235200,0.07917517006802721,none,,,,,0.16666666666666666,228802560,2016203264,3054350336
223,1,0.011938897194340825,83.75983005147339,False,llava_ov_0.5b,15000,2.0,196,rlt,0.6,18622,235200,0.07917517006802721,none,,,,,0.16666666666666666,228802560,2016203264,3054350336
224,1,0.012395989149808884,80.67125486435405,False,llava_ov_0.5b,15000,2.0,196,rlt,0.6,18622,235200,0.07917517006802721,none,,,,,0.16666666666666666,228802560,2016203264,3054350336
225,1,0.012908128090202808,77.47056684067104,False,llava_ov_0.5b,15000,2.0,196,rlt,0.6,18622,235200,0.07917517006802721,none,,,,,0.16666666666666666,228802560,2016203264,3054350336
226,1,0.012143891071900725,82.34592965955211,False,llava_ov_0.5b,15000,2.0,196,rlt,0.6,18622,235200,0.07917517006802721,none,,,,,0.16666666666666666,228802560,2016203264,3054350336
227,1,0.05136236804537475,19.469507307696095,False,llava_ov_0.5b,15000,2.0,196,rlt,0.6,18622,235200,0.07917517006802721,none,,,,,0.16666666666666666,228802560,2016203264,3054350336
228,1,0.012097379891201854,82.66252767074604,False,llava_ov_0.5b,15000,2.0,196,rlt,0.6,18622,235200,0.07917517006802721,none,,,,,0.16666666666666666,228802560,2016203264,3054350336
229,1,0.011994368862360716,83.37245681497086,False,llava_ov_0.5b,15000,2.0,196,rlt,0.6,18622,235200,0.07917517006802721,none,,,,,0.16666666666666666,228802560,2016203264,3054350336
230,1,0.011948824161663651,83.69024319634549,False,llava_ov_0.5b,15000,2.0,196,rlt,0.6,18622,235200,0.07917517006802721,none,,,,,0.16666666666666666,228802560,2016203264,3054350336
231,1,0.011975758010521531,83.50202126006812,False,llava_ov_0.5b,15000,2.0,196,rlt,0.6,18622,235200,0.07917517006802721,none,,,,,0.16666666666666666,228802560,2016203264,3054350336
232,1,0.011947526829317212,83.69933077247158,False,llava_ov_0.5b,15000,2.0,196,rlt,0.6,18622,235200,0.07917517006802721,none,,,,,0.16666666666666666,228802560,2016203264,3054350336
233,1,0.05146565893664956,19.430432266123834,False,llava_ov_0.5b,15000,2.0,196,rlt,0.6,18622,235200,0.07917517006802721,none,,,,,0.16666666666666666,228802560,2016203264,3054350336
234,1,0.012354064965620637,80.94501710836377,False,llava_ov_0.5b,15000,2.0,196,rlt,0.6,18622,235200,0.07917517006802721,none,,,,,0.16666666666666666,228802560,2016203264,3054350336
235,1,0.012029294855892658,83.13039226153319,False,llava_ov_0.5b,15000,2.0,196,rlt,0.6,18622,235200,0.07917517006802721,none,,,,,0.16666666666666666,228802560,2016203264,3054350336
236,1,0.012112463125959039,82.5595908611546,False,llava_ov_0.5b,15000,2.0,196,rlt,0.6,18622,235200,0.07917517006802721,none,,,,,0.16666666666666666,228802560,2016203264,3054350336
237,1,0.011972415028139949,83.52533700590911,False,llava_ov_0.5b,15000,2.0,196,rlt,0.6,18622,235200,0.07917517006802721,none,,,,,0.16666666666666666,228802560,2016203264,3054350336
238,1,0.012315816944465041,81.19640008529184,False,llava_ov_0.5b,15000,2.0,196,rlt,0.6,18622,235200,0.07917517006802721,none,,,,,0.16666666666666666,228802560,2016203264,3054350336
239,1,0.05301750311627984,18.861695500951168,False,llava_ov_0.5b,15000,2.0,196,rlt,0.6,18622,235200,0.07917517006802721,none,,,,,0.16666666666666666,228802560,2016203264,3054350336
240,1,0.012100471183657646,82.6414099767086,False,llava_ov_0.5b,15000,2.0,196,rlt,0.6,18622,235200,0.07917517006802721,none,,,,,0.16666666666666666,228802560,2016203264,3054350336
241,1,0.011939954943954945,83.75240984525557,False,llava_ov_0.5b,15000,2.0,196,rlt,0.6,18622,235200,0.07917517006802721,none,,,,,0.16666666666666666,228802560,2016203264,3054350336
242,1,0.012458901153877378,80.26390029499404,False,llava_ov_0.5b,15000,2.0,196,rlt,0.6,18622,235200,0.07917517006802721,none,,,,,0.16666666666666666,228802560,2016203264,3054350336
243,1,0.012826330959796906,77.96461849724749,False,llava_ov_0.5b,15000,2.0,196,rlt,0.6,18622,235200,0.07917517006802721,none,,,,,0.16666666666666666,228802560,2016203264,3054350336
244,1,0.012152750045061111,82.28590206266942,False,llava_ov_0.5b,15000,2.0,196,rlt,0.6,18622,235200,0.07917517006802721,none,,,,,0.16666666666666666,228802560,2016203264,3054350336
245,1,0.011918064905330539,83.90623880163083,False,llava_ov_0.5b,15000,2.0,196,rlt,0.6,18622,235200,0.07917517006802721,none,,,,,0.16666666666666666,228802560,2016203264,3054350336
246,1,0.011707870988175273,85.41262549014941,False,llava_ov_0.5b,15000,2.0,196,rlt,0.6,18622,235200,0.07917517006802721,none,,,,,0.16666666666666666,228802560,2016203264,3054350336
247,1,0.05163433402776718,19.366958416898225,False,llava_ov_0.5b,15000,2.0,196,rlt,0.6,18622,235200,0.07917517006802721,none,,,,,0.16666666666666666,228802560,2016203264,3054350336
248,1,0.012258026981726289,81.579197165315,False,llava_ov_0.5b,15000,2.0,196,rlt,0.6,18622,235200,0.07917517006802721,none,,,,,0.16666666666666666,228802560,2016203264,3054350336
249,1,0.012311900034546852,81.22223192147659,False,llava_ov_0.5b,15000,2.0,196,rlt,0.6,18622,235200,0.07917517006802721,none,,,,,0.16666666666666666,228802560,2016203264,3054350336
250,1,0.012028174940496683,83.13813233902854,False,llava_ov_0.5b,15000,2.0,196,rlt,0.6,18622,235200,0.07917517006802721,none,,,,,0.16666666666666666,228802560,2016203264,3054350336
251,1,0.011865671025589108,84.27673393636428,False,llava_ov_0.5b,15000,2.0,196,rlt,0.6,18622,235200,0.07917517006802721,none,,,,,0.16666666666666666,228802560,2016203264,3054350336
252,1,0.011910480912774801,83.95966605575363,False,llava_ov_0.5b,15000,2.0,196,rlt,0.6,18622,235200,0.07917517006802721,none,,,,,0.16666666666666666,228802560,2016203264,3054350336
253,1,0.011908943997696042,83.97050151495083,False,llava_ov_0.5b,15000,2.0,196,rlt,0.6,18622,235200,0.07917517006802721,none,,,,,0.16666666666666666,228802560,2016203264,3054350336
254,1,0.011947403894737363,83.70019200911787,False,llava_ov_0.5b,15000,2.0,196,rlt,0.6,18622,235200,0.07917517006802721,none,,,,,0.16666666666666666,228802560,2016203264,3054350336
255,1,0.011979117058217525,83.47860657342959,False,llava_ov_0.5b,15000,2.0,196,rlt,0.6,18622,235200,0.07917517006802721,none,,,,,0.16666666666666666,228802560,2016203264,3054350336
256,1,0.051749570993706584,19.323831691698718,False,llava_ov_0.5b,15000,2.0,196,rlt,0.6,18622,235200,0.07917517006802721,none,,,,,0.16666666666666666,228802560,2016203264,3054350336
257,1,0.012011380167677999,83.25437926700116,False,llava_ov_0.5b,15000,2.0,196,rlt,0.6,18622,235200,0.07917517006802721,none,,,,,0.16666666666666666,228802560,2016203264,3054350336
258,1,0.01257760589942336,79.50638682722969,False,llava_ov_0.5b,15000,2.0,196,rlt,0.6,18622,235200,0.07917517006802721,none,,,,,0.16666666666666666,228802560,2016203264,3054350336
259,1,0.012954340083524585,77.19420623145494,False,llava_ov_0.5b,15000,2.0,196,rlt,0.6,18622,235200,0.07917517006802721,none,,,,,0.16666666666666666,228802560,2016203264,3054350336
260,1,0.011902277125045657,84.01753626587349,False,llava_ov_0.5b,15000,2.0,196,rlt,0.6,18622,235200,0.07917517006802721,none,,,,,0.16666666666666666,228802560,2016203264,3054350336
261,1,0.01184243499301374,84.44209325108683,False,llava_ov_0.5b,15000,2.0,196,rlt,0.6,18622,235200,0.07917517006802721,none,,,,,0.16666666666666666,228802560,2016203264,3054350336
262,1,0.011839516926556826,84.46290555630132,False,llava_ov_0.5b,15000,2.0,196,rlt,0.6,18622,235200,0.07917517006802721,none,,,,,0.16666666666666666,228802560,2016203264,3054350336
263,1,0.05069949594326317,19.724061973300103,False,llava_ov_0.5b,15000,2.0,196,rlt,0.6,18622,235200,0.07917517006802721,none,,,,,0.16666666666666666,228802560,2016203264,3054350336
264,1,0.011919183190912008,83.89836652250362,False,llava_ov_0.5b,15000,2.0,196,rlt,0.6,18622,235200,0.07917517006802721,none,,,,,0.16666666666666666,228802560,2016203264,3054350336
265,1,0.011661151889711618,85.75482160405426,False,llava_ov_0.5b,15000,2.0,196,rlt,0.6,18622,235200,0.07917517006802721,none,,,,,0.16666666666666666,228802560,2016203264,3054350336
266,1,0.011769518023356795,84.96524649654167,False,llava_ov_0.5b,15000,2.0,196,rlt,0.6,18622,235200,0.07917517006802721,none,,,,,0.16666666666666666,228802560,2016203264,3054350336
267,1,0.011884052073583007,84.14638322082872,False,llava_ov_0.5b,15000,2.0,196,rlt,0.6,18622,235200,0.07917517006802721,none,,,,,0.16666666666666666,228802560,2016203264,3054350336
268,1,0.011857606004923582,84.33405525405165,False,llava_ov_0.5b,15000,2.0,196,rlt,0.6,18622,235200,0.07917517006802721,none,,,,,0.16666666666666666,228802560,2016203264,3054350336
269,1,0.011845913017168641,84.41730059562903,False,llava_ov_0.5b,15000,2.0,196,rlt,0.6,18622,235200,0.07917517006802721,none,,,,,0.16666666666666666,228802560,2016203264,3054350336
270,1,0.011902002152055502,84.01947733031604,False,llava_ov_0.5b,15000,2.0,196,rlt,0.6,18622,235200,0.07917517006802721,none,,,,,0.16666666666666666,228802560,2016203264,3054350336
271,1,0.011909151915460825,83.96903550300416,False,llava_ov_0.5b,15000,2.0,196,rlt,0.6,18622,235200,0.07917517006802721,none,,,,,0.16666666666666666,228802560,2016203264,3054350336
272,1,0.011889100074768066,84.11065545005164,False,llava_ov_0.5b,15000,2.0,196,rlt,0.6,18622,235200,0.07917517006802721,none,,,,,0.16666666666666666,228802560,2016203264,3054350336
273,1,0.05114634009078145,19.55174110650077,False,llava_ov_0.5b,15000,2.0,196,rlt,0.6,18622,235200,0.07917517006802721,none,,,,,0.16666666666666666,228802560,2016203264,3054350336
274,1,0.011976874899119139,83.49423438275596,False,llava_ov_0.5b,15000,2.0,196,rlt,0.6,18622,235200,0.07917517006802721,none,,,,,0.16666666666666666,228802560,2016203264,3054350336
275,1,0.013031273847445846,76.7384686797908,False,llava_ov_0.5b,15000,2.0,196,rlt,0.6,18622,235200,0.07917517006802721,none,,,,,0.16666666666666666,228802560,2016203264,3054350336
276,1,0.013306798879057169,75.14955393019763,False,llava_ov_0.5b,15000,2.0,196,rlt,0.6,18622,235200,0.07917517006802721,none,,,,,0.16666666666666666,228802560,2016203264,3054350336
277,1,0.012186926091089845,82.0551460249787,False,llava_ov_0.5b,15000,2.0,196,rlt,0.6,18622,235200,0.07917517006802721,none,,,,,0.16666666666666666,228802560,2016203264,3054350336
278,1,0.012032057158648968,83.11130730302199,False,llava_ov_0.5b,15000,2.0,196,rlt,0.6,18622,235200,0.07917517006802721,none,,,,,0.16666666666666666,228802560,2016203264,3054350336
279,1,0.011068650986999273,90.34524633350115,False,llava_ov_0.5b,15000,2.0,196,rlt,0.6,18622,235200,0.07917517006802721,none,,,,,0.16666666666666666,228802560,2016203264,3054350336
280,1,0.011801054934039712,84.73818701712307,False,llava_ov_0.5b,15000,2.0,196,rlt,0.6,18622,235200,0.07917517006802721,none,,,,,0.16666666666666666,228802560,2016203264,3054350336
281,1,0.01176868099719286,84.97128949612335,False,llava_ov_0.5b,15000,2.0,196,rlt,0.6,18622,235200,0.07917517006802721,none,,,,,0.16666666666666666,228802560,2016203264,3054350336
282,1,0.050557264825329185,19.779551038904305,False,llava_ov_0.5b,15000,2.0,196,rlt,0.6,18622,235200,0.07917517006802721,none,,,,,0.16666666666666666,228802560,2016203264,3054350336
283,1,0.01214109594002366,82.36488739895842,False,llava_ov_0.5b,15000,2.0,196,rlt,0.6,18622,235200,0.07917517006802721,none,,,,,0.16666666666666666,228802560,2016203264,3054350336
284,1,0.011783694149926305,84.86303083538994,False,llava_ov_0.5b,15000,2.0,196,rlt,0.6,18622,235200,0.07917517006802721,none,,,,,0.16666666666666666,228802560,2016203264,3054350336
285,1,0.011780151166021824,84.88855413709446,False,llava_ov_0.5b,15000,2.0,196,rlt,0.6,18622,235200,0.07917517006802721,none,,,,,0.16666666666666666,228802560,2016203264,3054350336
286,1,0.011789295822381973,84.82270824874038,False,llava_ov_0.5b,15000,2.0,196,rlt,0.6,18622,235200,0.07917517006802721,none,,,,,0.16666666666666666,228802560,2016203264,3054350336
287,1,0.011743491049855947,85.15355406280712,False,llava_ov_0.5b,15000,2.0,196,rlt,0.6,18622,235200,0.07917517006802721,none,,,,,0.16666666666666666,228802560,2016203264,3054350336
288,1,0.011813516030088067,84.64880374759565,False,llava_ov_0.5b,15000,2.0,196,rlt,0.6,18622,235200,0.07917517006802721,none,,,,,0.16666666666666666,228802560,2016203264,3054350336
289,1,0.05093993991613388,19.630961513625117,False,llava_ov_0.5b,15000,2.0,196,rlt,0.6,18622,235200,0.07917517006802721,none,,,,,0.16666666666666666,228802560,2016203264,3054350336
290,1,0.011911066947504878,83.95553516802954,False,llava_ov_0.5b,15000,2.0,196,rlt,0.6,18622,235200,0.07917517006802721,none,,,,,0.16666666666666666,228802560,2016203264,3054350336
291,1,0.012086072936654091,82.73986142903752,False,llava_ov_0.5b,15000,2.0,196,rlt,0.6,18622,235200,0.07917517006802721,none,,,,,0.16666666666666666,228802560,2016203264,3054350336
292,1,0.012447285931557417,80.33879879506223,False,llava_ov_0.5b,15000,2.0,196,rlt,0.6,18622,235200,0.07917517006802721,none,,,,,0.16666666666666666,228802560,2016203264,3054350336
293,1,0.012067754985764623,82.86545435995518,False,llava_ov_0.5b,15000,2.0,196,rlt,0.6,18622,235200,0.07917517006802721,none,,,,,0.16666666666666666,228802560,2016203264,3054350336
294,1,0.05262314807623625,19.00304403209172,False,llava_ov_0.5b,15000,2.0,196,rlt,0.6,18622,235200,0.07917517006802721,none,,,,,0.16666666666666666,228802560,2016203264,3054350336
295,1,0.012003625044599175,83.3081670149246,False,llava_ov_0.5b,15000,2.0,196,rlt,0.6,18622,235200,0.07917517006802721,none,,,,,0.16666666666666666,228802560,2016203264,3054350336
296,1,0.011946039041504264,83.70975488408236,False,llava_ov_0.5b,15000,2.0,196,rlt,0.6,18622,235200,0.07917517006802721,none,,,,,0.16666666666666666,228802560,2016203264,3054350336
297,1,0.011892861919477582,84.08405031275491,False,llava_ov_0.5b,15000,2.0,196,rlt,0.6,18622,235200,0.07917517006802721,none,,,,,0.16666666666666666,228802560,2016203264,3054350336
298,1,0.011903800070285797,84.00678725243334,False,llava_ov_0.5b,15000,2.0,196,rlt,0.6,18622,235200,0.07917517006802721,none,,,,,0.16666666666666666,228802560,2016203264,3054350336
299,1,0.01199820195324719,83.34582164033006,False,llava_ov_0.5b,15000,2.0,196,rlt,0.6,18622,235200,0.07917517006802721,none,,,,,0.16666666666666666,228802560,2016203264,3054350336
300,1,0.011856133118271828,84.34453206829056,False,llava_ov_0.5b,15000,2.0,196,rlt,0.6,18622,235200,0.07917517006802721,none,,,,,0.16666666666666666,228802560,2016203264,3054350336
301,1,0.011824198998510838,84.57232495207006,False,llava_ov_0.5b,15000,2.0,196,rlt,0.6,18622,235200,0.07917517006802721,none,,,,,0.16666666666666666,228802560,2016203264,3054350336
302,1,0.012261267052963376,81.55763965342506,False,llava_ov_0.5b,15000,2.0,196,rlt,0.6,18622,235200,0.07917517006802721,none,,,,,0.16666666666666666,228802560,2016203264,3054350336
303,1,0.012445415137335658,80.35087531954215,False,llava_ov_0.5b,15000,2.0,196,rlt,0.6,18622,235200,0.07917517006802721,none,,,,,0.16666666666666666,228802560,2016203264,3054350336
304,1,0.056783563923090696,17.610729776567545,False,llava_ov_0.5b,15000,2.0,196,rlt,0.6,18622,235200,0.07917517006802721,none,,,,,0.16666666666666666,228802560,2016203264,3054350336
305,1,0.012748854933306575,78.43841703677128,False,llava_ov_0.5b,15000,2.0,196,rlt,0.6,18622,235200,0.07917517006802721,none,,,,,0.16666666666666666,228802560,2016203264,3054350336
306,1,0.012010005069896579,83.2639115620799,False,llava_ov_0.5b,15000,2.0,196,rlt,0.6,18622,235200,0.07917517006802721,none,,,,,0.16666666666666666,228802560,2016203264,3054350336
307,1,0.012302561197429895,81.28388747287094,False,llava_ov_0.5b,15000,2.0,196,rlt,0.6,18622,235200,0.07917517006802721,none,,,,,0.16666666666666666,228802560,2016203264,3054350336
308,1,0.012478702934458852,80.13653384107631,False,llava_ov_0.5b,15000,2.0,196,rlt,0.6,18622,235200,0.07917517006802721,none,,,,,0.16666666666666666,228802560,2016203264,3054350336
309,1,0.012819756055250764,78.00460443164332,False,llava_ov_0.5b,15000,2.0,196,rlt,0.6,18622,235200,0.07917517006802721,none,,,,,0.16666666666666666,228802560,2016203264,3054350336
310,1,0.01173456315882504,85.21834059480474,False,llava_ov_0.5b,15000,2.0,196,rlt,0.6,18622,235200,0.07917517006802721,none,,,,,0.16666666666666666,228802560,2016203264,3054350336
311,1,0.012692824006080627,78.78467388509758,False,llava_ov_0.5b,15000,2.0,196,rlt,0.6,18622,235200,0.07917517006802721,none,,,,,0.16666666666666666,228802560,2016203264,3054350336
312,1,0.01200731610879302,83.28255797877219,False,llava_ov_0.5b,15000,2.0,196,rlt,0.6,18622,235200,0.07917517006802721,none,,,,,0.16666666666666666,228802560,2016203264,3054350336
313,1,0.05157304694876075,19.389973235312773,False,llava_ov_0.5b,15000,2.0,196,rlt,0.6,18622,235200,0.07917517006802721,none,,,,,0.16666666666666666,228802560,2016203264,3054350336
314,1,0.012011046055704355,83.25669515895947,False,llava_ov_0.5b,15000,2.0,196,rlt,0.6,18622,235200,0.07917517006802721,none,,,,,0.16666666666666666,228802560,2016203264,3054350336
315,1,0.01279962481930852,78.12728998833448,False,llava_ov_0.5b,15000,2.0,196,rlt,0.6,18622,235200,0.07917517006802721,none,,,,,0.16666666666666666,228802560,2016203264,3054350336
316,1,0.012450481997802854,80.31817564785611,False,llava_ov_0.5b,15000,2.0,196,rlt,0.6,18622,235200,0.07917517006802721,none,,,,,0.16666666666666666,228802560,2016203264,3054350336
317,1,0.011975723085924983,83.50226477558552,False,llava_ov_0.5b,15000,2.0,196,rlt,0.6,18622,235200,0.07917517006802721,none,,,,,0.16666666666666666,228802560,2016203264,3054350336
318,1,0.05157609307207167,19.388828048735967,False,llava_ov_0.5b,15000,2.0,196,rlt,0.6,18622,235200,0.07917517006802721,none,,,,,0.16666666666666666,228802560,2016203264,3054350336
319,1,0.012086545117199421,82.73662906176372,False,llava_ov_0.5b,15000,2.0,196,rlt,0.6,18622,235200,0.07917517006802721,none,,,,,0.16666666666666666,228802560,2016203264,3054350336
320,1,0.011886866996064782,84.12645656177158,False,llava_ov_0.5b,15000,2.0,196,rlt,0.6,18622,235200,0.07917517006802721,none,,,,,0.16666666666666666,228802560,2016203264,3054350336
321,1,0.011947825085371733,83.69724136858562,False,llava_ov_0.5b,15000,2.0,196,rlt,0.6,18622,235200,0.07917517006802721,none,,,,,0.16666666666666666,228802560,2016203264,3054350336
322,1,0.011940164025872946,83.75094327289946,False,llava_ov_0.5b,15000,2.0,196,rlt,0.6,18622,235200,0.07917517006802721,none,,,,,0.16666666666666666,228802560,2016203264,3054350336
323,1,0.011869479902088642,84.24968981362296,False,llava_ov_0.5b,15000,2.0,196,rlt,0.6,18622,235200,0.07917517006802721,none,,,,,0.16666666666666666,228802560,2016203264,3054350336
324,1,0.011800098000094295,84.74505889629128,False,llava_ov_0.5b,15000,2.0,196,rlt,0.6,18622,235200,0.07917517006802721,none,,,,,0.16666666666666666,228802560,2016203264,3054350336
325,1,0.011704613920301199,85.43639344357517,False,llava_ov_0.5b,15000,2.0,196,rlt,0.6,18622,235200,0.07917517006802721,none,,,,,0.16666666666666666,228802560,2016203264,3054350336
326,1,0.011703061172738671,85.44772903771695,False,llava_ov_0.5b,15000,2.0,196,rlt,0.6,18622,235200,0.07917517006802721,none,,,,,0.16666666666666666,228802560,2016203264,3054350336
327,1,0.05084940115921199,19.665914980374115,False,llava_ov_0.5b,15000,2.0,196,rlt,0.6,18622,235200,0.07917517006802721,none,,,,,0.16666666666666666,228802560,2016203264,3054350336
328,1,0.012203221907839179,81.9455720425451,False,llava_ov_0.5b,15000,2.0,196,rlt,0.6,18622,235200,0.07917517006802721,none,,,,,0.16666666666666666,228802560,2016203264,3054350336
329,1,0.011833986965939403,84.50237463318165,False,llava_ov_0.5b,15000,2.0,196,rlt,0.6,18622,235200,0.07917517006802721,none,,,,,0.16666666666666666,228802560,2016203264,3054350336
330,1,0.01196933793835342,83.5468097860028,False,llava_ov_0.5b,15000,2.0,196,rlt,0.6,18622,235200,0.07917517006802721,none,,,,,0.16666666666666666,228802560,2016203264,3054350336
331,1,0.01279783295467496,78.13822883464869,False,llava_ov_0.5b,15000,2.0,196,rlt,0.6,18622,235200,0.07917517006802721,none,,,,,0.16666666666666666,228802560,2016203264,3054350336
332,1,0.01284622703678906,77.84386786378579,False,llava_ov_0.5b,15000,2.0,196,rlt,0.6,18622,235200,0.07917517006802721,none,,,,,0.16666666666666666,228802560,2016203264,3054350336
333,1,0.011907716980203986,83.97915416216664,False,llava_ov_0.5b,15000,2.0,196,rlt,0.6,18622,235200,0.07917517006802721,none,,,,,0.16666666666666666,228802560,2016203264,3054350336
334,1,0.011994922067970037,83.36861167862803,False,llava_ov_0.5b,15000,2.0,196,rlt,0.6,18622,235200,0.07917517006802721,none,,,,,0.16666666666666666,228802560,2016203264,3054350336
335,1,0.011814490193501115,84.6418240331756,False,llava_ov_0.5b,15000,2.0,196,rlt,0.6,18622,235200,0.07917517006802721,none,,,,,0.16666666666666666,228802560,2016203264,3054350336
336,1,0.011793571058660746,84.79195953677139,False,llava_ov_0.5b,15000,2.0,196,rlt,0.6,18622,235200,0.07917517006802721,none,,,,,0.16666666666666666,228802560,2016203264,3054350336
337,1,0.011839519022032619,84.46289060721651,False,llava_ov_0.5b,15000,2.0,196,rlt,0.6,18622,235200,0.07917517006802721,none,,,,,0.16666666666666666,228802560,2016203264,3054350336
338,1,0.011907646898180246,83.97964841843121,False,llava_ov_0.5b,15000,2.0,196,rlt,0.6,18622,235200,0.07917517006802721,none,,,,,0.16666666666666666,228802560,2016203264,3054350336
339,1,0.011973414104431868,83.51836754980835,False,llava_ov_0.5b,15000,2.0,196,rlt,0.6,18622,235200,0.07917517006802721,none,,,,,0.16666666666666666,228802560,2016203264,3054350336
340,1,0.05141827999614179,19.448336274084543,False,llava_ov_0.5b,15000,2.0,196,rlt,0.6,18622,235200,0.07917517006802721,none,,,,,0.16666666666666666,228802560,2016203264,3054350336
341,1,0.012050790945068002,82.98210503844709,False,llava_ov_0.5b,15000,2.0,196,rlt,0.6,18622,235200,0.07917517006802721,none,,,,,0.16666666666666666,228802560,2016203264,3054350336
342,1,0.011817666003480554,84.6190778877554,False,llava_ov_0.5b,15000,2.0,196,rlt,0.6,18622,235200,0.07917517006802721,none,,,,,0.16666666666666666,228802560,2016203264,3054350336
343,1,0.011885357089340687,84.13714392282283,False,llava_ov_0.5b,15000,2.0,196,rlt,0.6,18622,235200,0.07917517006802721,none,,,,,0.16666666666666666,228802560,2016203264,3054350336
344,1,0.011905029881745577,83.99810919696532,False,llava_ov_0.5b,15000,2.0,196,rlt,0.6,18622,235200,0.07917517006802721,none,,,,,0.16666666666666666,228802560,2016203264,3054350336
345,1,0.011025879997760057,90.69570866027502,False,llava_ov_0.5b,15000,2.0,196,rlt,0.6,18622,235200,0.07917517006802721,none,,,,,0.16666666666666666,228802560,2016203264,3054350336
346,1,0.011778464075177908,84.9007131674675,False,llava_ov_0.5b,15000,2.0,196,rlt,0.6,18622,235200,0.07917517006802721,none,,,,,0.16666666666666666,228802560,2016203264,3054350336
347,1,0.05203397502191365,19.218212707732956,False,llava_ov_0.5b,15000,2.0,196,rlt,0.6,18622,235200,0.07917517006802721,none,,,,,0.16666666666666666,228802560,2016203264,3054350336
348,1,0.013430515071377158,74.45730820340464,False,llava_ov_0.5b,15000,2.0,196,rlt,0.6,18622,235200,0.07917517006802721,none,,,,,0.16666666666666666,228802560,2016203264,3054350336
349,1,0.012123254127800465,82.48610393366646,False,llava_ov_0.5b,15000,2.0,196,rlt,0.6,18622,235200,0.07917517006802721,none,,,,,0.16666666666666666,228802560,2016203264,3054350336
350,1,0.012073053047060966,82.82909021454499,False,llava_ov_0.5b,15000,2.0,196,rlt,0.6,18622,235200,0.07917517006802721,none,,,,,0.16666666666666666,228802560,2016203264,3054350336
351,1,0.012018688023090363,83.20375718870439,False,llava_ov_0.5b,15000,2.0,196,rlt,0.6,18622,235200,0.07917517006802721,none,,,,,0.16666666666666666,228802560,2016203264,3054350336
352,1,0.01207810384221375,82.79445292604089,False,llava_ov_0.5b,15000,2.0,196,rlt,0.6,18622,235200,0.07917517006802721,none,,,,,0.16666666666666666,228802560,2016203264,3054350336
353,1,0.05253351596184075,19.035466819437314,False,llava_ov_0.5b,15000,2.0,196,rlt,0.6,18622,235200,0.07917517006802721,none,,,,,0.16666666666666666,228802560,2016203264,3054350336
354,1,0.012203196994960308,81.94573933478098,False,llava_ov_0.5b,15000,2.0,196,rlt,0.6,18622,235200,0.07917517006802721,none,,,,,0.16666666666666666,228802560,2016203264,3054350336
355,1,0.012087940936908126,82.72707529093717,False,llava_ov_0.5b,15000,2.0,196,rlt,0.6,18622,235200,0.07917517006802721,none,,,,,0.16666666666666666,228802560,2016203264,3054350336
356,1,0.012047654949128628,83.00370522085106,False,llava_ov_0.5b,15000,2.0,196,rlt,0.6,18622,235200,0.07917517006802721,none,,,,,0.16666666666666666,228802560,2016203264,3054350336
357,1,0.011963175144046545,83.58984867806173,False,llava_ov_0.5b,15000,2.0,196,rlt,0.6,18622,235200,0.07917517006802721,none,,,,,0.16666666666666666,228802560,2016203264,3054350336
358,1,0.012011305894702673,83.25489407783948,False,llava_ov_0.5b,15000,2.0,196,rlt,0.6,18622,235200,0.07917517006802721,none,,,,,0.16666666666666666,228802560,2016203264,3054350336
359,1,0.011967377038672566,83.56049924461317,False,llava_ov_0.5b,15000,2.0,196,rlt,0.6,18622,235200,0.07917517006802721,none,,,,,0.16666666666666666,228802560,2016203264,3054350336
360,1,0.051324448082596064,19.48389193373706,False,llava_ov_0.5b,15000,2.0,196,rlt,0.6,18622,235200,0.07917517006802721,none,,,,,0.16666666666666666,228802560,2016203264,3054350336
361,1,0.01205316698178649,82.96574680422975,False,llava_ov_0.5b,15000,2.0,196,rlt,0.6,18622,235200,0.07917517006802721,none,,,,,0.16666666666666666,228802560,2016203264,3054350336
362,1,0.011951746884733438,83.66977728396756,False,llava_ov_0.5b,15000,2.0,196,rlt,0.6,18622,235200,0.07917517006802721,none,,,,,0.16666666666666666,228802560,2016203264,3054350336
363,1,0.012433697935193777,80.42659595014644,False,llava_ov_0.5b,15000,2.0,196,rlt,0.6,18622,235200,0.07917517006802721,none,,,,,0.16666666666666666,228802560,2016203264,3054350336
364,1,0.012982612010091543,77.02610223756882,False,llava_ov_0.5b,15000,2.0,196,rlt,0.6,18622,235200,0.07917517006802721,none,,,,,0.16666666666666666,228802560,2016203264,3054350336
365,1,0.011758507927879691,85.04480382489493,False,llava_ov_0.5b,15000,2.0,196,rlt,0.6,18622,235200,0.07917517006802721,none,,,,,0.16666666666666666,228802560,2016203264,3054350336
366,1,0.011830297065898776,84.52873114087161,False,llava_ov_0.5b,15000,2.0,196,rlt,0.6,18622,235200,0.07917517006802721,none,,,,,0.16666666666666666,228802560,2016203264,3054350336
367,1,0.011730159865692258,85.25033004236765,False,llava_ov_0.5b,15000,2.0,196,rlt,0.6,18622,235200,0.07917517006802721,none,,,,,0.16666666666666666,228802560,2016203264,3054350336
368,1,0.011681878007948399,85.60267444323557,False,llava_ov_0.5b,15000,2.0,196,rlt,0.6,18622,235200,0.07917517006802721,none,,,,,0.16666666666666666,228802560,2016203264,3054350336
369,1,0.01096604997292161,91.19053829494604,False,llava_ov_0.5b,15000,2.0,196,rlt,0.6,18622,235200,0.07917517006802721,none,,,,,0.16666666666666666,228802560,2016203264,3054350336
370,1,0.011774074053391814,84.93236881858452,False,llava_ov_0.5b,15000,2.0,196,rlt,0.6,18622,235200,0.07917517006802721,none,,,,,0.16666666666666666,228802560,2016203264,3054350336
371,1,0.05106752482242882,19.581916364209622,False,llava_ov_0.5b,15000,2.0,196,rlt,0.6,18622,235200,0.07917517006802721,none,,,,,0.16666666666666666,228802560,2016203264,3054350336
372,1,0.011923293117433786,83.86944698506473,False,llava_ov_0.5b,15000,2.0,196,rlt,0.6,18622,235200,0.07917517006802721,none,,,,,0.16666666666666666,228802560,2016203264,3054350336
373,1,0.011852630879729986,84.36945435550263,False,llava_ov_0.5b,15000,2.0,196,rlt,0.6,18622,235200,0.07917517006802721,none,,,,,0.16666666666666666,228802560,2016203264,3054350336
374,1,0.011799960164353251,84.74604880624268,False,llava_ov_0.5b,15000,2.0,196,rlt,0.6,18622,235200,0.07917517006802721,none,,,,,0.16666666666666666,228802560,2016203264,3054350336
375,1,0.012359792832285166,80.90750496949171,False,llava_ov_0.5b,15000,2.0,196,rlt,0.6,18622,235200,0.07917517006802721,none,,,,,0.16666666666666666,228802560,2016203264,3054350336
376,1,0.012571732047945261,79.54353435041922,False,llava_ov_0.5b,15000,2.0,196,rlt,0.6,18622,235200,0.07917517006802721,none,,,,,0.16666666666666666,228802560,2016203264,3054350336
377,1,0.011908269952982664,83.97525450365946,False,llava_ov_0.5b,15000,2.0,196,rlt,0.6,18622,235200,0.07917517006802721,none,,,,,0.16666666666666666,228802560,2016203264,3054350336
378,1,0.011800708016380668,84.74067815353885,False,llava_ov_0.5b,15000,2.0,196,rlt,0.6,18622,235200,0.07917517006802721,none,,,,,0.16666666666666666,228802560,2016203264,3054350336
379,1,0.05103855510242283,19.593031150533676,False,llava_ov_0.5b,15000,2.0,196,rlt,0.6,18622,235200,0.07917517006802721,none,,,,,0.16666666666666666,228802560,2016203264,3054350336
380,1,0.012529395055025816,79.81231301337873,False,llava_ov_0.5b,15000,2.0,196,rlt,0.6,18622,235200,0.07917517006802721,none,,,,,0.16666666666666666,228802560,2016203264,3054350336
381,1,0.012567800935357809,79.5684149632443,False,llava_ov_0.5b,15000,2.0,196,rlt,0.6,18622,235200,0.07917517006802721,none,,,,,0.16666666666666666,228802560,2016203264,3054350336
382,1,0.012514506001025438,79.907269205677,False,llava_ov_0.5b,15000,2.0,196,rlt,0.6,18622,235200,0.07917517006802721,none,,,,,0.16666666666666666,228802560,2016203264,3054350336
383,1,0.012480832170695066,80.12286250815832,False,llava_ov_0.5b,15000,2.0,196,rlt,0.6,18622,235200,0.07917517006802721,none,,,,,0.16666666666666666,228802560,2016203264,3054350336
384,1,0.012294756015762687,81.3354895955588,False,llava_ov_0.5b,15000,2.0,196,rlt,0.6,18622,235200,0.07917517006802721,none,,,,,0.16666666666666666,228802560,2016203264,3054350336
385,1,0.012129286071285605,82.44508325740297,False,llava_ov_0.5b,15000,2.0,196,rlt,0.6,18622,235200,0.07917517006802721,none,,,,,0.16666666666666666,228802560,2016203264,3054350336
386,1,0.012121691135689616,82.49673983654995,False,llava_ov_0.5b,15000,2.0,196,rlt,0.6,18622,235200,0.07917517006802721,none,,,,,0.16666666666666666,228802560,2016203264,3054350336
387,1,0.01192466402426362,83.85980501968504,False,llava_ov_0.5b,15000,2.0,196,rlt,0.6,18622,235200,0.07917517006802721,none,,,,,0.16666666666666666,228802560,2016203264,3054350336
388,1,0.01219313102774322,82.01338915531085,False,llava_ov_0.5b,15000,2.0,196,rlt,0.6,18622,235200,0.07917517006802721,none,,,,,0.16666666666666666,228802560,2016203264,3054350336
389,1,0.05305288406088948,18.849116644672645,False,llava_ov_0.5b,15000,2.0,196,rlt,0.6,18622,235200,0.07917517006802721,none,,,,,0.16666666666666666,228802560,2016203264,3054350336
390,1,0.012211777968332171,81.88815769441764,False,llava_ov_0.5b,15000,2.0,196,rlt,0.6,18622,235200,0.07917517006802721,none,,,,,0.16666666666666666,228802560,2016203264,3054350336
391,1,0.011983145028352737,83.45054638276918,False,llava_ov_0.5b,15000,2.0,196,rlt,0.6,18622,235200,0.07917517006802721,none,,,,,0.16666666666666666,228802560,2016203264,3054350336
392,1,0.011984199983999133,83.44320032502492,False,llava_ov_0.5b,15000,2.0,196,rlt,0.6,18622,235200,0.07917517006802721,none,,,,,0.16666666666666666,228802560,2016203264,3054350336
393,1,0.012007734039798379,83.2796593167041,False,llava_ov_0.5b,15000,2.0,196,rlt,0.6,18622,235200,0.07917517006802721,none,,,,,0.16666666666666666,228802560,2016203264,3054350336
394,1,0.011871448950842023,84.23571580359376,False,llava_ov_0.5b,15000,2.0,196,rlt,0.6,18622,235200,0.07917517006802721,none,,,,,0.16666666666666666,228802560,2016203264,3054350336
395,1,0.012794782873243093,78.15685579872056,False,llava_ov_0.5b,15000,2.0,196,rlt,0.6,18622,235200,0.07917517006802721,none,,,,,0.16666666666666666,228802560,2016203264,3054350336
396,1,0.012393966084346175,80.68442282273305,False,llava_ov_0.5b,15000,2.0,196,rlt,0.6,18622,235200,0.07917517006802721,none,,,,,0.16666666666666666,228802560,2016203264,3054350336
397,1,0.011981225805357099,83.46391398056079,False,llava_ov_0.5b,15000,2.0,196,rlt,0.6,18622,235200,0.07917517006802721,none,,,,,0.16666666666666666,228802560,2016203264,3054350336
398,1,0.011841194937005639,84.45093635565775,False,llava_ov_0.5b,15000,2.0,196,rlt,0.6,18622,235200,0.07917517006802721,none,,,,,0.16666666666666666,228802560,2016203264,3054350336
399,1,0.052397282095626,19.08495937203349,False,llava_ov_0.5b,15000,2.0,196,rlt,0.6,18622,235200,0.07917517006802721,none,,,,,0.16666666666666666,228802560,2016203264,3054350336
400,1,0.012108877999708056,82.58403462518244,False,llava_ov_0.5b,15000,2.0,196,rlt,0.6,18622,235200,0.07917517006802721,none,,,,,0.16666666666666666,228802560,2016203264,3054350336
401,1,0.011979014845564961,83.47931886654553,False,llava_ov_0.5b,15000,2.0,196,rlt,0.6,18622,235200,0.07917517006802721,none,,,,,0.16666666666666666,228802560,2016203264,3054350336
402,1,0.011962407035753131,83.59521599718262,False,llava_ov_0.5b,15000,2.0,196,rlt,0.6,18622,235200,0.07917517006802721,none,,,,,0.16666666666666666,228802560,2016203264,3054350336
403,1,0.011993077117949724,83.38143665426166,False,llava_ov_0.5b,15000,2.0,196,rlt,0.6,18622,235200,0.07917517006802721,none,,,,,0.16666666666666666,228802560,2016203264,3054350336
404,1,0.012024015886709094,83.16688945041759,False,llava_ov_0.5b,15000,2.0,196,rlt,0.6,18622,235200,0.07917517006802721,none,,,,,0.16666666666666666,228802560,2016203264,3054350336
405,1,0.013313923962414265,75.1093368734146,False,llava_ov_0.5b,15000,2.0,196,rlt,0.6,18622,235200,0.07917517006802721,none,,,,,0.16666666666666666,228802560,2016203264,3054350336
406,1,0.012687621871009469,78.8169769060462,False,llava_ov_0.5b,15000,2.0,196,rlt,0.6,18622,235200,0.07917517006802721,none,,,,,0.16666666666666666,228802560,2016203264,3054350336
407,1,0.05112598789855838,19.559524247905973,False,llava_ov_0.5b,15000,2.0,196,rlt,0.6,18622,235200,0.07917517006802721,none,,,,,0.16666666666666666,228802560,2016203264,3054350336
408,1,0.012192704016342759,82.01626141827342,False,llava_ov_0.5b,15000,2.0,196,rlt,0.6,18622,235200,0.07917517006802721,none,,,,,0.16666666666666666,228802560,2016203264,3054350336
409,1,0.013269182993099093,75.36259018509807,False,llava_ov_0.5b,15000,2.0,196,rlt,0.6,18622,235200,0.07917517006802721,none,,,,,0.16666666666666666,228802560,2016203264,3054350336
410,1,0.01123678800649941,88.99340268959381,False,llava_ov_0.5b,15000,2.0,196,rlt,0.6,18622,235200,0.07917517006802721,none,,,,,0.16666666666666666,228802560,2016203264,3054350336
411,1,0.011945966864004731,83.71026065819531,False,llava_ov_0.5b,15000,2.0,196,rlt,0.6,18622,235200,0.07917517006802721,none,,,,,0.16666666666666666,228802560,2016203264,3054350336
412,1,0.011980295879766345,83.47039255423658,False,llava_ov_0.5b,15000,2.0,196,rlt,0.6,18622,235200,0.07917517006802721,none,,,,,0.16666666666666666,228802560,2016203264,3054350336
413,1,0.011924904072657228,83.85811692128522,False,llava_ov_0.5b,15000,2.0,196,rlt,0.6,18622,235200,0.07917517006802721,none,,,,,0.16666666666666666,228802560,2016203264,3054350336
414,1,0.011965662939473987,83.57246941170818,False,llava_ov_0.5b,15000,2.0,196,rlt,0.6,18622,235200,0.07917517006802721,none,,,,,0.16666666666666666,228802560,2016203264,3054350336
415,1,0.01194694614969194,83.70339896658743,False,llava_ov_0.5b,15000,2.0,196,rlt,0.6,18622,235200,0.07917517006802721,none,,,,,0.16666666666666666,228802560,2016203264,3054350336
416,1,0.05145540297962725,19.43430508932036,False,llava_ov_0.5b,15000,2.0,196,rlt,0.6,18622,235200,0.07917517006802721,none,,,,,0.16666666666666666,228802560,2016203264,3054350336
417,1,0.012019732035696507,83.1965302579271,False,llava_ov_0.5b,15000,2.0,196,rlt,0.6,18622,235200,0.07917517006802721,none,,,,,0.16666666666666666,228802560,2016203264,3054350336
418,1,0.011987152975052595,83.42264439948156,False,llava_ov_0.5b,15000,2.0,196,rlt,0.6,18622,235200,0.07917517006802721,none,,,,,0.16666666666666666,228802560,2016203264,3054350336
419,1,0.01195942796766758,83.61603938779588,False,llava_ov_0.5b,15000,2.0,196,rlt,0.6,18622,235200,0.07917517006802721,none,,,,,0.16666666666666666,228802560,2016203264,3054350336
420,1,0.012122827116400003,82.48900940335773,False,llava_ov_0.5b,15000,2.0,196,rlt,0.6,18622,235200,0.07917517006802721,none,,,,,0.16666666666666666,228802560,2016203264,3054350336
421,1,0.013169097946956754,75.93534530822515,False,llava_ov_0.5b,15000,2.0,196,rlt,0.6,18622,235200,0.07917517006802721,none,,,,,0.16666666666666666,228802560,2016203264,3054350336
422,1,0.012550052022561431,79.68094460503302,False,llava_ov_0.5b,15000,2.0,196,rlt,0.6,18622,235200,0.07917517006802721,none,,,,,0.16666666666666666,228802560,2016203264,3054350336
423,1,0.012251942185685039,81.61971260102607,False,llava_ov_0.5b,15000,2.0,196,rlt,0.6,18622,235200,0.07917517006802721,none,,,,,0.16666666666666666,228802560,2016203264,3054350336
424,1,0.0514654410071671,19.430514543939097,False,llava_ov_0.5b,15000,2.0,196,rlt,0.6,18622,235200,0.07917517006802721,none,,,,,0.16666666666666666,228802560,2016203264,3054350336
425,1,0.012033930979669094,83.09836591962053,False,llava_ov_0.5b,15000,2.0,196,rlt,0.6,18622,235200,0.07917517006802721,none,,,,,0.16666666666666666,228802560,2016203264,3054350336
426,1,0.011982338037341833,83.45616664156809,False,llava_ov_0.5b,15000,2.0,196,rlt,0.6,18622,235200,0.07917517006802721,none,,,,,0.16666666666666666,228802560,2016203264,3054350336
427,1,0.011985030956566334,83.43741485724925,False,llava_ov_0.5b,15000,2.0,196,rlt,0.6,18622,235200,0.07917517006802721,none,,,,,0.16666666666666666,228802560,2016203264,3054350336
428,1,0.011379085946828127,87.88052086720954,False,llava_ov_0.5b,15000,2.0,196,rlt,0.6,18622,235200,0.07917517006802721,none,,,,,0.16666666666666666,228802560,2016203264,3054350336
429,1,0.012045662151649594,83.01743709979903,False,llava_ov_0.5b,15000,2.0,196,rlt,0.6,18622,235200,0.07917517006802721,none,,,,,0.16666666666666666,228802560,2016203264,3054350336
430,1,0.0119644480291754,83.58095564137118,False,llava_ov_0.5b,15000,2.0,196,rlt,0.6,18622,235200,0.07917517006802721,none,,,,,0.16666666666666666,228802560,2016203264,3054350336
431,1,0.01187507202848792,84.21001553515059,False,llava_ov_0.5b,15000,2.0,196,rlt,0.6,18622,235200,0.07917517006802721,none,,,,,0.16666666666666666,228802560,2016203264,3054350336
432,1,0.011955450056120753,83.64386077528187,False,llava_ov_0.5b,15000,2.0,196,rlt,0.6,18622,235200,0.07917517006802721,none,,,,,0.16666666666666666,228802560,2016203264,3054350336
433,1,0.0515367379412055,19.403633989035683,False,llava_ov_0.5b,15000,2.0,196,rlt,0.6,18622,235200,0.07917517006802721,none,,,,,0.16666666666666666,228802560,2016203264,3054350336
434,1,0.012271559098735452,81.48923799772493,False,llava_ov_0.5b,15000,2.0,196,rlt,0.6,18622,235200,0.07917517006802721,none,,,,,0.16666666666666666,228802560,2016203264,3054350336
435,1,0.01193481613881886,83.78847134036921,False,llava_ov_0.5b,15000,2.0,196,rlt,0.6,18622,235200,0.07917517006802721,none,,,,,0.16666666666666666,228802560,2016203264,3054350336
436,1,0.012015356915071607,83.22682439384202,False,llava_ov_0.5b,15000,2.0,196,rlt,0.6,18622,235200,0.07917517006802721,none,,,,,0.16666666666666666,228802560,2016203264,3054350336
437,1,0.012654842110350728,79.0211360426278,False,llava_ov_0.5b,15000,2.0,196,rlt,0.6,18622,235200,0.07917517006802721,none,,,,,0.16666666666666666,228802560,2016203264,3054350336
438,1,0.012214526999741793,81.86972774476976,False,llava_ov_0.5b,15000,2.0,196,rlt,0.6,18622,235200,0.07917517006802721,none,,,,,0.16666666666666666,228802560,2016203264,3054350336
439,1,0.011918401112779975,83.90387188158239,False,llava_ov_0.5b,15000,2.0,196,rlt,0.6,18622,235200,0.07917517006802721,none,,,,,0.16666666666666666,228802560,2016203264,3054350336
440,1,0.011974003864452243,83.51425398890545,False,llava_ov_0.5b,15000,2.0,196,rlt,0.6,18622,235200,0.07917517006802721,none,,,,,0.16666666666666666,228802560,2016203264,3054350336
441,1,0.012038656044751406,83.06575055244463,False,llava_ov_0.5b,15000,2.0,196,rlt,0.6,18622,235200,0.07917517006802721,none,,,,,0.16666666666666666,228802560,2016203264,3054350336
442,1,0.012093113968148828,82.69168740440446,False,llava_ov_0.5b,15000,2.0,196,rlt,0.6,18622,235200,0.07917517006802721,none,,,,,0.16666666666666666,228802560,2016203264,3054350336
443,1,0.011921891011297703,83.87931067750547,False,llava_ov_0.5b,15000,2.0,196,rlt,0.6,18622,235200,0.07917517006802721,none,,,,,0.16666666666666666,228802560,2016203264,3054350336
444,1,0.011884939856827259,84.1400976400864,False,llava_ov_0.5b,15000,2.0,196,rlt,0.6,18622,235200,0.07917517006802721,none,,,,,0.16666666666666666,228802560,2016203264,3054350336
445,1,0.01187843200750649,84.18619556588422,False,llava_ov_0.5b,15000,2.0,196,rlt,0.6,18622,235200,0.07917517006802721,none,,,,,0.16666666666666666,228802560,2016203264,3054350336
446,1,0.01189201814122498,84.09001635587745,False,llava_ov_0.5b,15000,2.0,196,rlt,0.6,18622,235200,0.07917517006802721,none,,,,,0.16666666666666666,228802560,2016203264,3054350336
447,1,0.05135219101794064,19.47336579369389,False,llava_ov_0.5b,15000,2.0,196,rlt,0.6,18622,235200,0.07917517006802721,none,,,,,0.16666666666666666,228802560,2016203264,3054350336
448,1,0.012231723871082067,81.75462514847761,False,llava_ov_0.5b,15000,2.0,196,rlt,0.6,18622,235200,0.07917517006802721,none,,,,,0.16666666666666666,228802560,2016203264,3054350336
449,1,0.012483932776376605,80.1029625770097,False,llava_ov_0.5b,15000,2.0,196,rlt,0.6,18622,235200,0.07917517006802721,none,,,,,0.16666666666666666,228802560,2016203264,3054350336
450,1,0.012042788090184331,83.03724955644334,False,llava_ov_0.5b,15000,2.0,196,rlt,0.6,18622,235200,0.07917517006802721,none,,,,,0.16666666666666666,228802560,2016203264,3054350336
451,1,0.01218502689152956,82.06793541794738,False,llava_ov_0.5b,15000,2.0,196,rlt,0.6,18622,235200,0.07917517006802721,none,,,,,0.16666666666666666,228802560,2016203264,3054350336
452,1,0.011989058926701546,83.40938234716994,False,llava_ov_0.5b,15000,2.0,196,rlt,0.6,18622,235200,0.07917517006802721,none,,,,,0.16666666666666666,228802560,2016203264,3054350336
453,1,0.011950741987675428,83.67681278963941,False,llava_ov_0.5b,15000,2.0,196,rlt,0.6,18622,235200,0.07917517006802721,none,,,,,0.16666666666666666,228802560,2016203264,3054350336
454,1,0.011865019099786878,84.28136453804463,False,llava_ov_0.5b,15000,2.0,196,rlt,0.6,18622,235200,0.07917517006802721,none,,,,,0.16666666666666666,228802560,2016203264,3054350336
455,1,0.011892123147845268,84.08927384688157,False,llava_ov_0.5b,15000,2.0,196,rlt,0.6,18622,235200,0.07917517006802721,none,,,,,0.16666666666666666,228802560,2016203264,3054350336
456,1,0.012039108201861382,83.06263082222226,False,llava_ov_0.5b,15000,2.0,196,rlt,0.6,18622,235200,0.07917517006802721,none,,,,,0.16666666666666666,228802560,2016203264,3054350336
457,1,0.012566403020173311,79.57726633426152,False,llava_ov_0.5b,15000,2.0,196,rlt,0.6,18622,235200,0.07917517006802721,none,,,,,0.16666666666666666,228802560,2016203264,3054350336
458,1,0.012455052928999066,80.2886993496192,False,llava_ov_0.5b,15000,2.0,196,rlt,0.6,18622,235200,0.07917517006802721,none,,,,,0.16666666666666666,228802560,2016203264,3054350336
459,1,0.012142417021095753,82.35592619349507,False,llava_ov_0.5b,15000,2.0,196,rlt,0.6,18622,235200,0.07917517006802721,none,,,,,0.16666666666666666,228802560,2016203264,3054350336
460,1,0.012120726983994246,82.50330209735172,False,llava_ov_0.5b,15000,2.0,196,rlt,0.6,18622,235200,0.07917517006802721,none,,,,,0.16666666666666666,228802560,2016203264,3054350336
461,1,0.011813679011538625,84.6476359331655,False,llava_ov_0.5b,15000,2.0,196,rlt,0.6,18622,235200,0.07917517006802721,none,,,,,0.16666666666666666,228802560,2016203264,3054350336
462,1,0.011993590043857694,83.37787070787303,False,llava_ov_0.5b,15000,2.0,196,rlt,0.6,18622,235200,0.07917517006802721,none,,,,,0.16666666666666666,228802560,2016203264,3054350336
463,1,0.05128565593622625,19.49862942658861,False,llava_ov_0.5b,15000,2.0,196,rlt,0.6,18622,235200,0.07917517006802721,none,,,,,0.16666666666666666,228802560,2016203264,3054350336
464,1,0.012730726972222328,78.55010968202673,False,llava_ov_0.5b,15000,2.0,196,rlt,0.6,18622,235200,0.07917517006802721,none,,,,,0.16666666666666666,228802560,2016203264,3054350336
465,1,0.013009608956053853,76.86626119032294,False,llava_ov_0.5b,15000,2.0,196,rlt,0.6,18622,235200,0.07917517006802721,none,,,,,0.16666666666666666,228802560,2016203264,3054350336
466,1,0.012075328035280108,82.81348523852364,False,llava_ov_0.5b,15000,2.0,196,rlt,0.6,18622,235200,0.07917517006802721,none,,,,,0.16666666666666666,228802560,2016203264,3054350336
467,1,0.012002247851341963,83.31772617811677,False,llava_ov_0.5b,15000,2.0,196,rlt,0.6,18622,235200,0.07917517006802721,none,,,,,0.16666666666666666,228802560,2016203264,3054350336
468,1,0.01207443606108427,82.81960291487114,False,llava_ov_0.5b,15000,2.0,196,rlt,0.6,18622,235200,0.07917517006802721,none,,,,,0.16666666666666666,228802560,2016203264,3054350336
469,1,0.011865091975778341,84.28084687766618,False,llava_ov_0.5b,15000,2.0,196,rlt,0.6,18622,235200,0.07917517006802721,none,,,,,0.16666666666666666,228802560,2016203264,3054350336
470,1,0.011780608911067247,84.88525572396804,False,llava_ov_0.5b,15000,2.0,196,rlt,0.6,18622,235200,0.07917517006802721,none,,,,,0.16666666666666666,228802560,2016203264,3054350336
471,1,0.011804668931290507,84.71224443654755,False,llava_ov_0.5b,15000,2.0,196,rlt,0.6,18622,235200,0.07917517006802721,none,,,,,0.16666666666666666,228802560,2016203264,3054350336
472,1,0.011706853983923793,85.42004550267991,False,llava_ov_0.5b,15000,2.0,196,rlt,0.6,18622,235200,0.07917517006802721,none,,,,,0.16666666666666666,228802560,2016203264,3054350336
473,1,0.013404555153101683,74.6015058745616,False,llava_ov_0.5b,15000,2.0,196,rlt,0.6,18622,235200,0.07917517006802721,none,,,,,0.16666666666666666,228802560,2016203264,3054350336
474,1,0.011688312981277704,85.55554609136462,False,llava_ov_0.5b,15000,2.0,196,rlt,0.6,18622,235200,0.07917517006802721,none,,,,,0.16666666666666666,228802560,2016203264,3054350336
475,1,0.011749774916097522,85.10801331436332,False,llava_ov_0.5b,15000,2.0,196,rlt,0.6,18622,235200,0.07917517006802721,none,,,,,0.16666666666666666,228802560,2016203264,3054350336
476,1,0.05091484892182052,19.640635711901936,False,llava_ov_0.5b,15000,2.0,196,rlt,0.6,18622,235200,0.07917517006802721,none,,,,,0.16666666666666666,228802560,2016203264,3054350336
477,1,0.012000271817669272,83.33144575338652,False,llava_ov_0.5b,15000,2.0,196,rlt,0.6,18622,235200,0.07917517006802721,none,,,,,0.16666666666666666,228802560,2016203264,3054350336
478,1,0.012001587077975273,83.32231341596072,False,llava_ov_0.5b,15000,2.0,196,rlt,0.6,18622,235200,0.07917517006802721,none,,,,,0.16666666666666666,228802560,2016203264,3054350336
479,1,0.011801456799730659,84.73530149454284,False,llava_ov_0.5b,15000,2.0,196,rlt,0.6,18622,235200,0.07917517006802721,none,,,,,0.16666666666666666,228802560,2016203264,3054350336
480,1,0.011832637945190072,84.51200861820476,False,llava_ov_0.5b,15000,2.0,196,rlt,0.6,18622,235200,0.07917517006802721,none,,,,,0.16666666666666666,228802560,2016203264,3054350336
481,1,0.01185882487334311,84.32538726900779,False,llava_ov_0.5b,15000,2.0,196,rlt,0.6,18622,235200,0.07917517006802721,none,,,,,0.16666666666666666,228802560,2016203264,3054350336
482,1,0.011922146892175078,83.8775104051381,False,llava_ov_0.5b,15000,2.0,196,rlt,0.6,18622,235200,0.07917517006802721,none,,,,,0.16666666666666666,228802560,2016203264,3054350336
483,1,0.012069343822076917,82.85454576004597,False,llava_ov_0.5b,15000,2.0,196,rlt,0.6,18622,235200,0.07917517006802721,none,,,,,0.16666666666666666,228802560,2016203264,3054350336
484,1,0.013061876874417067,76.55867603212486,False,llava_ov_0.5b,15000,2.0,196,rlt,0.6,18622,235200,0.07917517006802721,none,,,,,0.16666666666666666,228802560,2016203264,3054350336
485,1,0.012468250934034586,80.20371143399913,False,llava_ov_0.5b,15000,2.0,196,rlt,0.6,18622,235200,0.07917517006802721,none,,,,,0.16666666666666666,228802560,2016203264,3054350336
486,1,0.012105934787541628,82.60411257370333,False,llava_ov_0.5b,15000,2.0,196,rlt,0.6,18622,235200,0.07917517006802721,none,,,,,0.16666666666666666,228802560,2016203264,3054350336
487,1,0.05185993714258075,19.282707521427515,False,llava_ov_0.5b,15000,2.0,196,rlt,0.6,18622,235200,0.07917517006802721,none,,,,,0.16666666666666666,228802560,2016203264,3054350336
488,1,0.011971296975389123,83.53313780919676,False,llava_ov_0.5b,15000,2.0,196,rlt,0.6,18622,235200,0.07917517006802721,none,,,,,0.16666666666666666,228802560,2016203264,3054350336
489,1,0.01200449001044035,83.30216436769045,False,llava_ov_0.5b,15000,2.0,196,rlt,0.6,18622,235200,0.07917517006802721,none,,,,,0.16666666666666666,228802560,2016203264,3054350336
490,1,0.011980693088844419,83.46762516862483,False,llava_ov_0.5b,15000,2.0,196,rlt,0.6,18622,235200,0.07917517006802721,none,,,,,0.16666666666666666,228802560,2016203264,3054350336
491,1,0.01206134189851582,82.90951441506294,False,llava_ov_0.5b,15000,2.0,196,rlt,0.6,18622,235200,0.07917517006802721,none,,,,,0.16666666666666666,228802560,2016203264,3054350336
492,1,0.012060052016749978,82.91838199463145,False,llava_ov_0.5b,15000,2.0,196,rlt,0.6,18622,235200,0.07917517006802721,none,,,,,0.16666666666666666,228802560,2016203264,3054350336
493,1,0.012065969873219728,82.87771397635325,False,llava_ov_0.5b,15000,2.0,196,rlt,0.6,18622,235200,0.07917517006802721,none,,,,,0.16666666666666666,228802560,2016203264,3054350336
494,1,0.012089269934222102,82.71798094020689,False,llava_ov_0.5b,15000,2.0,196,rlt,0.6,18622,235200,0.07917517006802721,none,,,,,0.16666666666666666,228802560,2016203264,3054350336
495,1,0.012003432959318161,83.30950015626227,False,llava_ov_0.5b,15000,2.0,196,rlt,0.6,18622,235200,0.07917517006802721,none,,,,,0.16666666666666666,228802560,2016203264,3054350336
496,1,0.011851279996335506,84.37907131628032,False,llava_ov_0.5b,15000,2.0,196,rlt,0.6,18622,235200,0.07917517006802721,none,,,,,0.16666666666666666,228802560,2016203264,3054350336
497,1,0.011880892096087337,84.16876375211959,False,llava_ov_0.5b,15000,2.0,196,rlt,0.6,18622,235200,0.07917517006802721,none,,,,,0.16666666666666666,228802560,2016203264,3054350336
498,1,0.011918273055925965,83.90477339355665,False,llava_ov_0.5b,15000,2.0,196,rlt,0.6,18622,235200,0.07917517006802721,none,,,,,0.16666666666666666,228802560,2016203264,3054350336
499,1,0.01194403599947691,83.72379320053918,False,llava_ov_0.5b,15000,2.0,196,rlt,0.6,18622,235200,0.07917517006802721,none,,,,,0.16666666666666666,228802560,2016203264,3054350336
500,1,0.0118159931153059,84.63105811263934,False,llava_ov_0.5b,15000,2.0,196,rlt,0.6,18622,235200,0.07917517006802721,none,,,,,0.16666666666666666,228802560,2016203264,3054350336
501,1,0.053409340092912316,18.72331690038434,False,llava_ov_0.5b,15000,2.0,196,rlt,0.6,18622,235200,0.07917517006802721,none,,,,,0.16666666666666666,228802560,2016203264,3054350336
502,1,0.012146589811891317,82.32763396859059,False,llava_ov_0.5b,15000,2.0,196,rlt,0.6,18622,235200,0.07917517006802721,none,,,,,0.16666666666666666,228802560,2016203264,3054350336
503,1,0.012115078046917915,82.54177118193644,False,llava_ov_0.5b,15000,2.0,196,rlt,0.6,18622,235200,0.07917517006802721,none,,,,,0.16666666666666666,228802560,2016203264,3054350336
504,1,0.01128987898118794,88.57490870064032,False,llava_ov_0.5b,15000,2.0,196,rlt,0.6,18622,235200,0.07917517006802721,none,,,,,0.16666666666666666,228802560,2016203264,3054350336
505,1,0.012012194143608212,83.2487377447282,False,llava_ov_0.5b,15000,2.0,196,rlt,0.6,18622,235200,0.07917517006802721,none,,,,,0.16666666666666666,228802560,2016203264,3054350336
506,1,0.01205306313931942,82.96646159081395,False,llava_ov_0.5b,15000,2.0,196,rlt,0.6,18622,235200,0.07917517006802721,none,,,,,0.16666666666666666,228802560,2016203264,3054350336
507,1,0.011926504084840417,83.84686685104008,False,llava_ov_0.5b,15000,2.0,196,rlt,0.6,18622,235200,0.07917517006802721,none,,,,,0.16666666666666666,228802560,2016203264,3054350336
508,1,0.011868106899783015,84.25943652549026,False,llava_ov_0.5b,15000,2.0,196,rlt,0.6,18622,235200,0.07917517006802721,none,,,,,0.16666666666666666,228802560,2016203264,3054350336
509,1,0.011907139094546437,83.9832298976005,False,llava_ov_0.5b,15000,2.0,196,rlt,0.6,18622,235200,0.07917517006802721,none,,,,,0.16666666666666666,228802560,2016203264,3054350336
510,1,0.012001511873677373,83.32283553318611,False,llava_ov_0.5b,15000,2.0,196,rlt,0.6,18622,235200,0.07917517006802721,none,,,,,0.16666666666666666,228802560,2016203264,3054350336
511,1,0.011911649024114013,83.95143258297773,False,llava_ov_0.5b,15000,2.0,196,rlt,0.6,18622,235200,0.07917517006802721,none,,,,,0.16666666666666666,228802560,2016203264,3054350336
512,1,0.011935831978917122,83.78134023387325,False,llava_ov_0.5b,15000,2.0,196,rlt,0.6,18622,235200,0.07917517006802721,none,,,,,0.16666666666666666,228802560,2016203264,3054350336
513,1,0.011994992149993777,83.36812458860332,False,llava_ov_0.5b,15000,2.0,196,rlt,0.6,18622,235200,0.07917517006802721,none,,,,,0.16666666666666666,228802560,2016203264,3054350336
514,1,0.011927022133022547,83.84322497660864,False,llava_ov_0.5b,15000,2.0,196,rlt,0.6,18622,235200,0.07917517006802721,none,,,,,0.16666666666666666,228802560,2016203264,3054350336
515,1,0.011949484935030341,83.6856153580699,False,llava_ov_0.5b,15000,2.0,196,rlt,0.6,18622,235200,0.07917517006802721,none,,,,,0.16666666666666666,228802560,2016203264,3054350336
516,1,0.051750415936112404,19.3235161865082,False,llava_ov_0.5b,15000,2.0,196,rlt,0.6,18622,235200,0.07917517006802721,none,,,,,0.16666666666666666,228802560,2016203264,3054350336
517,1,0.012107772985473275,82.5915716457341,False,llava_ov_0.5b,15000,2.0,196,rlt,0.6,18622,235200,0.07917517006802721,none,,,,,0.16666666666666666,228802560,2016203264,3054350336
518,1,0.011941090924665332,83.74444230505067,False,llava_ov_0.5b,15000,2.0,196,rlt,0.6,18622,235200,0.07917517006802721,none,,,,,0.16666666666666666,228802560,2016203264,3054350336
519,1,0.01239051390439272,80.70690269315442,False,llava_ov_0.5b,15000,2.0,196,rlt,0.6,18622,235200,0.07917517006802721,none,,,,,0.16666666666666666,228802560,2016203264,3054350336
520,1,0.012908976059406996,77.46547792776194,False,llava_ov_0.5b,15000,2.0,196,rlt,0.6,18622,235200,0.07917517006802721,none,,,,,0.16666666666666666,228802560,2016203264,3054350336
521,1,0.012023068964481354,83.17343957305809,False,llava_ov_0.5b,15000,2.0,196,rlt,0.6,18622,235200,0.07917517006802721,none,,,,,0.16666666666666666,228802560,2016203264,3054350336
522,1,0.011925566010177135,83.85346231337044,False,llava_ov_0.5b,15000,2.0,196,rlt,0.6,18622,235200,0.07917517006802721,none,,,,,0.16666666666666666,228802560,2016203264,3054350336
523,1,0.01188736199401319,84.12295347812476,False,llava_ov_0.5b,15000,2.0,196,rlt,0.6,18622,235200,0.07917517006802721,none,,,,,0.16666666666666666,228802560,2016203264,3054350336
524,1,0.011982965050265193,83.4517997678604,False,llava_ov_0.5b,15000,2.0,196,rlt,0.6,18622,235200,0.07917517006802721,none,,,,,0.16666666666666666,228802560,2016203264,3054350336
525,1,0.012059974949806929,82.9189118685532,False,llava_ov_0.5b,15000,2.0,196,rlt,0.6,18622,235200,0.07917517006802721,none,,,,,0.16666666666666666,228802560,2016203264,3054350336
526,1,0.012016646098345518,83.2178955605327,False,llava_ov_0.5b,15000,2.0,196,rlt,0.6,18622,235200,0.07917517006802721,none,,,,,0.16666666666666666,228802560,2016203264,3054350336
527,1,0.011722170049324632,85.3084365601414,False,llava_ov_0.5b,15000,2.0,196,rlt,0.6,18622,235200,0.07917517006802721,none,,,,,0.16666666666666666,228802560,2016203264,3054350336
528,1,0.011920038145035505,83.89234898685984,False,llava_ov_0.5b,15000,2.0,196,rlt,0.6,18622,235200,0.07917517006802721,none,,,,,0.16666666666666666,228802560,2016203264,3054350336
529,1,0.011858870042487979,84.32506608278852,False,llava_ov_0.5b,15000,2.0,196,rlt,0.6,18622,235200,0.07917517006802721,none,,,,,0.16666666666666666,228802560,2016203264,3054350336
530,1,0.011828189017251134,84.54379605715835,False,llava_ov_0.5b,15000,2.0,196,rlt,0.6,18622,235200,0.07917517006802721,none,,,,,0.16666666666666666,228802560,2016203264,3054350336
531,1,0.011901498073711991,84.02303590745423,False,llava_ov_0.5b,15000,2.0,196,rlt,0.6,18622,235200,0.07917517006802721,none,,,,,0.16666666666666666,228802560,2016203264,3054350336
532,1,0.011193403042852879,89.33833581901725,False,llava_ov_0.5b,15000,2.0,196,rlt,0.6,18622,235200,0.07917517006802721,none,,,,,0.16666666666666666,228802560,2016203264,3054350336
533,1,0.01204045582562685,83.05333406660607,False,llava_ov_0.5b,15000,2.0,196,rlt,0.6,18622,235200,0.07917517006802721,none,,,,,0.16666666666666666,228802560,2016203264,3054350336
534,1,0.0125664621591568,79.57689183596756,False,llava_ov_0.5b,15000,2.0,196,rlt,0.6,18622,235200,0.07917517006802721,none,,,,,0.16666666666666666,228802560,2016203264,3054350336
535,1,0.012160707963630557,82.23205449803861,False,llava_ov_0.5b,15000,2.0,196,rlt,0.6,18622,235200,0.07917517006802721,none,,,,,0.16666666666666666,228802560,2016203264,3054350336
536,1,0.05415901215746999,18.464147704401455,False,llava_ov_0.5b,15000,2.0,196,rlt,0.6,18622,235200,0.07917517006802721,none,,,,,0.16666666666666666,228802560,2016203264,3054350336
537,1,0.012400340987369418,80.6429436915136,False,llava_ov_0.5b,15000,2.0,196,rlt,0.6,18622,235200,0.07917517006802721,none,,,,,0.16666666666666666,228802560,2016203264,3054350336
538,1,0.012021348113194108,83.18534581844806,False,llava_ov_0.5b,15000,2.0,196,rlt,0.6,18622,235200,0.07917517006802721,none,,,,,0.16666666666666666,228802560,2016203264,3054350336
539,1,0.011970760999247432,83.53687790298939,False,llava_ov_0.5b,15000,2.0,196,rlt,0.6,18622,235200,0.07917517006802721,none,,,,,0.16666666666666666,228802560,2016203264,3054350336
540,1,0.011942940065637231,83.73147604393037,False,llava_ov_0.5b,15000,2.0,196,rlt,0.6,18622,235200,0.07917517006802721,none,,,,,0.16666666666666666,228802560,2016203264,3054350336
541,1,0.011881283950060606,84.16598780091431,False,llava_ov_0.5b,15000,2.0,196,rlt,0.6,18622,235200,0.07917517006802721,none,,,,,0.16666666666666666,228802560,2016203264,3054350336
542,1,0.011892165057361126,84.08897750548883,False,llava_ov_0.5b,15000,2.0,196,rlt,0.6,18622,235200,0.07917517006802721,none,,,,,0.16666666666666666,228802560,2016203264,3054350336
543,1,0.012461644131690264,80.24623311597992,False,llava_ov_0.5b,15000,2.0,196,rlt,0.6,18622,235200,0.07917517006802721,none,,,,,0.16666666666666666,228802560,2016203264,3054350336
544,1,0.012384930159896612,80.74328939198054,False,llava_ov_0.5b,15000,2.0,196,rlt,0.6,18622,235200,0.07917517006802721,none,,,,,0.16666666666666666,228802560,2016203264,3054350336
545,1,0.012120208935812116,82.50682849577419,False,llava_ov_0.5b,15000,2.0,196,rlt,0.6,18622,235200,0.07917517006802721,none,,,,,0.16666666666666666,228802560,2016203264,3054350336
546,1,0.012088250136002898,82.7249592578881,False,llava_ov_0.5b,15000,2.0,196,rlt,0.6,18622,235200,0.07917517006802721,none,,,,,0.16666666666666666,228802560,2016203264,3054350336
547,1,0.012096013873815536,82.67186284935721,False,llava_ov_0.5b,15000,2.0,196,rlt,0.6,18622,235200,0.07917517006802721,none,,,,,0.16666666666666666,228802560,2016203264,3054350336
548,1,0.05200912617146969,19.227394759586705,False,llava_ov_0.5b,15000,2.0,196,rlt,0.6,18622,235200,0.07917517006802721,none,,,,,0.16666666666666666,228802560,2016203264,3054350336
549,1,0.012050035875290632,82.98730479720511,False,llava_ov_0.5b,15000,2.0,196,rlt,0.6,18622,235200,0.07917517006802721,none,,,,,0.16666666666666666,228802560,2016203264,3054350336
550,1,0.011954176938161254,83.6527688332691,False,llava_ov_0.5b,15000,2.0,196,rlt,0.6,18622,235200,0.07917517006802721,none,,,,,0.16666666666666666,228802560,2016203264,3054350336
551,1,0.011940218973904848,83.75055785706138,False,llava_ov_0.5b,15000,2.0,196,rlt,0.6,18622,235200,0.07917517006802721,none,,,,,0.16666666666666666,228802560,2016203264,3054350336
552,1,0.012044892180711031,83.02274399777718,False,llava_ov_0.5b,15000,2.0,196,rlt,0.6,18622,235200,0.07917517006802721,none,,,,,0.16666666666666666,228802560,2016203264,3054350336
553,1,0.011989605147391558,83.4055823946428,False,llava_ov_0.5b,15000,2.0,196,rlt,0.6,18622,235200,0.07917517006802721,none,,,,,0.16666666666666666,228802560,2016203264,3054350336
554,1,0.012733669020235538,78.5319610876381,False,llava_ov_0.5b,15000,2.0,196,rlt,0.6,18622,235200,0.07917517006802721,none,,,,,0.16666666666666666,228802560,2016203264,3054350336
555,1,0.011975161032751203,83.50618394734501,False,llava_ov_0.5b,15000,2.0,196,rlt,0.6,18622,235200,0.07917517006802721,none,,,,,0.16666666666666666,228802560,2016203264,3054350336
556,1,0.011885615065693855,84.13531773263955,False,llava_ov_0.5b,15000,2.0,196,rlt,0.6,18622,235200,0.07917517006802721,none,,,,,0.16666666666666666,228802560,2016203264,3054350336
557,1,0.011875949101522565,84.20379638304397,False,llava_ov_0.5b,15000,2.0,196,rlt,0.6,18622,235200,0.07917517006802721,none,,,,,0.16666666666666666,228802560,2016203264,3054350336
558,1,0.012003110023215413,83.31174154580634,False,llava_ov_0.5b,15000,2.0,196,rlt,0.6,18622,235200,0.07917517006802721,none,,,,,0.16666666666666666,228802560,2016203264,3054350336
559,1,0.011867692926898599,84.2623756916949,False,llava_ov_0.5b,15000,2.0,196,rlt,0.6,18622,235200,0.07917517006802721,none,,,,,0.16666666666666666,228802560,2016203264,3054350336
560,1,0.011932196095585823,83.80686941358083,False,llava_ov_0.5b,15000,2.0,196,rlt,0.6,18622,235200,0.07917517006802721,none,,,,,0.16666666666666666,228802560,2016203264,3054350336
561,1,0.011903987964615226,84.00546127671788,False,llava_ov_0.5b,15000,2.0,196,rlt,0.6,18622,235200,0.07917517006802721,none,,,,,0.16666666666666666,228802560,2016203264,3054350336
562,1,0.01275032595731318,78.4293674803217,False,llava_ov_0.5b,15000,2.0,196,rlt,0.6,18622,235200,0.07917517006802721,none,,,,,0.16666666666666666,228802560,2016203264,3054350336
563,1,0.013036535819992423,76.70749452215912,False,llava_ov_0.5b,15000,2.0,196,rlt,0.6,18622,235200,0.07917517006802721,none,,,,,0.16666666666666666,228802560,2016203264,3054350336
564,1,0.012086684117093682,82.73567756980945,False,llava_ov_0.5b,15000,2.0,196,rlt,0.6,18622,235200,0.07917517006802721,none,,,,,0.16666666666666666,228802560,2016203264,3054350336
565,1,0.012047833995893598,83.00247167589141,False,llava_ov_0.5b,15000,2.0,196,rlt,0.6,18622,235200,0.07917517006802721,none,,,,,0.16666666666666666,228802560,2016203264,3054350336
566,1,0.012194803915917873,82.00213852513859,False,llava_ov_0.5b,15000,2.0,196,rlt,0.6,18622,235200,0.07917517006802721,none,,,,,0.16666666666666666,228802560,2016203264,3054350336
567,1,0.01205752999521792,82.93572567487747,False,llava_ov_0.5b,15000,2.0,196,rlt,0.6,18622,235200,0.07917517006802721,none,,,,,0.16666666666666666,228802560,2016203264,3054350336
568,1,0.012155669974163175,82.26613606041425,False,llava_ov_0.5b,15000,2.0,196,rlt,0.6,18622,235200,0.07917517006802721,none,,,,,0.16666666666666666,228802560,2016203264,3054350336
569,1,0.011865784181281924,84.275930248039,False,llava_ov_0.5b,15000,2.0,196,rlt,0.6,18622,235200,0.07917517006802721,none,,,,,0.16666666666666666,228802560,2016203264,3054350336
570,1,0.011852682800963521,84.36908477114638,False,llava_ov_0.5b,15000,2.0,196,rlt,0.6,18622,235200,0.07917517006802721,none,,,,,0.16666666666666666,228802560,2016203264,3054350336
571,1,0.011834027012810111,84.50208867340922,False,llava_ov_0.5b,15000,2.0,196,rlt,0.6,18622,235200,0.07917517006802721,none,,,,,0.16666666666666666,228802560,2016203264,3054350336
572,1,0.011789696058258414,84.81982869265936,False,llava_ov_0.5b,15000,2.0,196,rlt,0.6,18622,235200,0.07917517006802721,none,,,,,0.16666666666666666,228802560,2016203264,3054350336
573,1,0.011736340122297406,85.20543794569653,False,llava_ov_0.5b,15000,2.0,196,rlt,0.6,18622,235200,0.07917517006802721,none,,,,,0.16666666666666666,228802560,2016203264,3054350336
574,1,0.011821345891803503,84.59273666066773,False,llava_ov_0.5b,15000,2.0,196,rlt,0.6,18622,235200,0.07917517006802721,none,,,,,0.16666666666666666,228802560,2016203264,3054350336
575,1,0.011733772931620479,85.22407974208993,False,llava_ov_0.5b,15000,2.0,196,rlt,0.6,18622,235200,0.07917517006802721,none,,,,,0.16666666666666666,228802560,2016203264,3054350336
576,1,0.05082664219662547,19.67472090978288,False,llava_ov_0.5b,15000,2.0,196,rlt,0.6,18622,235200,0.07917517006802721,none,,,,,0.16666666666666666,228802560,2016203264,3054350336
577,1,0.012058259919285774,82.93070531682744,False,llava_ov_0.5b,15000,2.0,196,rlt,0.6,18622,235200,0.07917517006802721,none,,,,,0.16666666666666666,228802560,2016203264,3054350336
578,1,0.011671022046357393,85.6822989475979,False,llava_ov_0.5b,15000,2.0,196,rlt,0.6,18622,235200,0.07917517006802721,none,,,,,0.16666666666666666,228802560,2016203264,3054350336
579,1,0.011818349128589034,84.61418672942756,False,llava_ov_0.5b,15000,2.0,196,rlt,0.6,18622,235200,0.07917517006802721,none,,,,,0.16666666666666666,228802560,2016203264,3054350336
580,1,0.011745939962565899,85.13580038608933,False,llava_ov_0.5b,15000,2.0,196,rlt,0.6,18622,235200,0.07917517006802721,none,,,,,0.16666666666666666,228802560,2016203264,3054350336
581,1,0.011769421864300966,84.96594068339091,False,llava_ov_0.5b,15000,2.0,196,rlt,0.6,18622,235200,0.07917517006802721,none,,,,,0.16666666666666666,228802560,2016203264,3054350336
582,1,0.013029839843511581,76.7469141608802,False,llava_ov_0.5b,15000,2.0,196,rlt,0.6,18622,235200,0.07917517006802721,none,,,,,0.16666666666666666,228802560,2016203264,3054350336
583,1,0.012747861910611391,78.44452716950083,False,llava_ov_0.5b,15000,2.0,196,rlt,0.6,18622,235200,0.07917517006802721,none,,,,,0.16666666666666666,228802560,2016203264,3054350336
584,1,0.01208650809712708,82.73688247788428,False,llava_ov_0.5b,15000,2.0,196,rlt,0.6,18622,235200,0.07917517006802721,none,,,,,0.16666666666666666,228802560,2016203264,3054350336
585,1,0.012005222961306572,83.29707854848256,False,llava_ov_0.5b,15000,2.0,196,rlt,0.6,18622,235200,0.07917517006802721,none,,,,,0.16666666666666666,228802560,2016203264,3054350336
586,1,0.012721889885142446,78.60467344304506,False,llava_ov_0.5b,15000,2.0,196,rlt,0.6,18622,235200,0.07917517006802721,none,,,,,0.16666666666666666,228802560,2016203264,3054350336
587,1,0.012125120032578707,82.47341035083554,False,llava_ov_0.5b,15000,2.0,196,rlt,0.6,18622,235200,0.07917517006802721,none,,,,,0.16666666666666666,228802560,2016203264,3054350336
588,1,0.012053674086928368,82.96225638657778,False,llava_ov_0.5b,15000,2.0,196,rlt,0.6,18622,235200,0.07917517006802721,none,,,,,0.16666666666666666,228802560,2016203264,3054350336
589,1,0.012027719989418983,83.14127705664242,False,llava_ov_0.5b,15000,2.0,196,rlt,0.6,18622,235200,0.07917517006802721,none,,,,,0.16666666666666666,228802560,2016203264,3054350336
590,1,0.011868722038343549,84.25506948173204,False,llava_ov_0.5b,15000,2.0,196,rlt,0.6,18622,235200,0.07917517006802721,none,,,,,0.16666666666666666,228802560,2016203264,3054350336
591,1,0.05075420695357025,19.702800221364825,False,llava_ov_0.5b,15000,2.0,196,rlt,0.6,18622,235200,0.07917517006802721,none,,,,,0.16666666666666666,228802560,2016203264,3054350336
592,1,0.011980345007032156,83.47005027092506,False,llava_ov_0.5b,15000,2.0,196,rlt,0.6,18622,235200,0.07917517006802721,none,,,,,0.16666666666666666,228802560,2016203264,3054350336
593,1,0.011939194984734058,83.7577408928023,False,llava_ov_0.5b,15000,2.0,196,rlt,0.6,18622,235200,0.07917517006802721,none,,,,,0.16666666666666666,228802560,2016203264,3054350336
594,1,0.011717262910678983,85.34416336161674,False,llava_ov_0.5b,15000,2.0,196,rlt,0.6,18622,235200,0.07917517006802721,none,,,,,0.16666666666666666,228802560,2016203264,3054350336
595,1,0.011737240012735128,85.19890527202145,False,llava_ov_0.5b,15000,2.0,196,rlt,0.6,18622,235200,0.07917517006802721,none,,,,,0.16666666666666666,228802560,2016203264,3054350336
596,1,0.01174778095446527,85.1224587754937,False,llava_ov_0.5b,15000,2.0,196,rlt,0.6,18622,235200,0.07917517006802721,none,,,,,0.16666666666666666,228802560,2016203264,3054350336
597,1,0.011880154022946954,84.17399286814492,False,llava_ov_0.5b,15000,2.0,196,rlt,0.6,18622,235200,0.07917517006802721,none,,,,,0.16666666666666666,228802560,2016203264,3054350336
598,1,0.01181992283090949,84.60292121239293,False,llava_ov_0.5b,15000,2.0,196,rlt,0.6,18622,235200,0.07917517006802721,none,,,,,0.16666666666666666,228802560,2016203264,3054350336
599,1,0.011734171072021127,85.22118808923733,False,llava_ov_0.5b,15000,2.0,196,rlt,0.6,18622,235200,0.07917517006802721,none,,,,,0.16666666666666666,228802560,2016203264,3054350336
600,1,0.05317595321685076,18.805492699341272,False,llava_ov_0.5b,15000,2.0,196,rlt,0.6,18622,235200,0.07917517006802721,none,,,,,0.16666666666666666,228802560,2016203264,3054350336
601,1,0.012661917135119438,78.97698186843861,False,llava_ov_0.5b,15000,2.0,196,rlt,0.6,18622,235200,0.07917517006802721,none,,,,,0.16666666666666666,228802560,2016203264,3054350336
602,1,0.012427718844264746,80.46528993222991,False,llava_ov_0.5b,15000,2.0,196,rlt,0.6,18622,235200,0.07917517006802721,none,,,,,0.16666666666666666,228802560,2016203264,3054350336
603,1,0.01313884905539453,76.11016732012926,False,llava_ov_0.5b,15000,2.0,196,rlt,0.6,18622,235200,0.07917517006802721,none,,,,,0.16666666666666666,228802560,2016203264,3054350336
604,1,0.012367440853267908,80.85747179747095,False,llava_ov_0.5b,15000,2.0,196,rlt,0.6,18622,235200,0.07917517006802721,none,,,,,0.16666666666666666,228802560,2016203264,3054350336
605,1,0.012225463055074215,81.79649273774926,False,llava_ov_0.5b,15000,2.0,196,rlt,0.6,18622,235200,0.07917517006802721,none,,,,,0.16666666666666666,228802560,2016203264,3054350336
606,1,0.012553652981296182,79.65808848547195,False,llava_ov_0.5b,15000,2.0,196,rlt,0.6,18622,235200,0.07917517006802721,none,,,,,0.16666666666666666,228802560,2016203264,3054350336
607,1,0.012365367030724883,80.8710325795625,False,llava_ov_0.5b,15000,2.0,196,rlt,0.6,18622,235200,0.07917517006802721,none,,,,,0.16666666666666666,228802560,2016203264,3054350336
608,1,0.012262396048754454,81.55013066158261,False,llava_ov_0.5b,15000,2.0,196,rlt,0.6,18622,235200,0.07917517006802721,none,,,,,0.16666666666666666,228802560,2016203264,3054350336
609,1,0.012264383025467396,81.53691856520356,False,llava_ov_0.5b,15000,2.0,196,rlt,0.6,18622,235200,0.07917517006802721,none,,,,,0.16666666666666666,228802560,2016203264,3054350336
610,1,0.052987602073699236,18.872339205105433,False,llava_ov_0.5b,15000,2.0,196,rlt,0.6,18622,235200,0.07917517006802721,none,,,,,0.16666666666666666,228802560,2016203264,3054350336
611,1,0.012578288093209267,79.50207473303759,False,llava_ov_0.5b,15000,2.0,196,rlt,0.6,18622,235200,0.07917517006802721,none,,,,,0.16666666666666666,228802560,2016203264,3054350336
612,1,0.012340704910457134,81.0326482365388,False,llava_ov_0.5b,15000,2.0,196,rlt,0.6,18622,235200,0.07917517006802721,none,,,,,0.16666666666666666,228802560,2016203264,3054350336
613,1,0.012150272028520703,82.30268405947369,False,llava_ov_0.5b,15000,2.0,196,rlt,0.6,18622,235200,0.07917517006802721,none,,,,,0.16666666666666666,228802560,2016203264,3054350336
614,1,0.012365526054054499,80.8699925606572,False,llava_ov_0.5b,15000,2.0,196,rlt,0.6,18622,235200,0.07917517006802721,none,,,,,0.16666666666666666,228802560,2016203264,3054350336
615,1,0.012364803114905953,80.8747208270939,False,llava_ov_0.5b,15000,2.0,196,rlt,0.6,18622,235200,0.07917517006802721,none,,,,,0.16666666666666666,228802560,2016203264,3054350336
616,1,0.012282174080610275,81.41881017455113,False,llava_ov_0.5b,15000,2.0,196,rlt,0.6,18622,235200,0.07917517006802721,none,,,,,0.16666666666666666,228802560,2016203264,3054350336
617,1,0.012578838970512152,79.4985930215215,False,llava_ov_0.5b,15000,2.0,196,rlt,0.6,18622,235200,0.07917517006802721,none,,,,,0.16666666666666666,228802560,2016203264,3054350336
618,1,0.012442676117643714,80.36856304424738,False,llava_ov_0.5b,15000,2.0,196,rlt,0.6,18622,235200,0.07917517006802721,none,,,,,0.16666666666666666,228802560,2016203264,3054350336
619,1,0.012555972905829549,79.64337033060298,False,llava_ov_0.5b,15000,2.0,196,rlt,0.6,18622,235200,0.07917517006802721,none,,,,,0.16666666666666666,228802560,2016203264,3054350336
620,1,0.012444802094250917,80.35483348200182,False,llava_ov_0.5b,15000,2.0,196,rlt,0.6,18622,235200,0.07917517006802721,none,,,,,0.16666666666666666,228802560,2016203264,3054350336
621,1,0.05345649505034089,18.70680071819679,False,llava_ov_0.5b,15000,2.0,196,rlt,0.6,18622,235200,0.07917517006802721,none,,,,,0.16666666666666666,228802560,2016203264,3054350336
622,1,0.012601004913449287,79.35875010513497,False,llava_ov_0.5b,15000,2.0,196,rlt,0.6,18622,235200,0.07917517006802721,none,,,,,0.16666666666666666,228802560,2016203264,3054350336
623,1,0.01176835410296917,84.97364977721895,False,llava_ov_0.5b,15000,2.0,196,rlt,0.6,18622,235200,0.07917517006802721,none,,,,,0.16666666666666666,228802560,2016203264,3054350336
624,1,0.01239135512150824,80.70142370984546,False,llava_ov_0.5b,15000,2.0,196,rlt,0.6,18622,235200,0.07917517006802721,none,,,,,0.16666666666666666,228802560,2016203264,3054350336
625,1,0.012344526126980782,81.00756478730703,False,llava_ov_0.5b,15000,2.0,196,rlt,0.6,18622,235200,0.07917517006802721,none,,,,,0.16666666666666666,228802560,2016203264,3054350336
626,1,0.012293475912883878,81.34395894915077,False,llava_ov_0.5b,15000,2.0,196,rlt,0.6,18622,235200,0.07917517006802721,none,,,,,0.16666666666666666,228802560,2016203264,3054350336
627,1,0.012227239087224007,81.78461162543879,False,llava_ov_0.5b,15000,2.0,196,rlt,0.6,18622,235200,0.07917517006802721,none,,,,,0.16666666666666666,228802560,2016203264,3054350336
628,1,0.012313248123973608,81.21333948050825,False,llava_ov_0.5b,15000,2.0,196,rlt,0.6,18622,235200,0.07917517006802721,none,,,,,0.16666666666666666,228802560,2016203264,3054350336
629,1,0.012389615876600146,80.7127525146818,False,llava_ov_0.5b,15000,2.0,196,rlt,0.6,18622,235200,0.07917517006802721,none,,,,,0.16666666666666666,228802560,2016203264,3054350336
630,1,0.01221177401021123,81.88818423628058,False,llava_ov_0.5b,15000,2.0,196,rlt,0.6,18622,235200,0.07917517006802721,none,,,,,0.16666666666666666,228802560,2016203264,3054350336
631,1,0.012347935931757092,80.98519505824011,False,llava_ov_0.5b,15000,2.0,196,rlt,0.6,18622,235200,0.07917517006802721,none,,,,,0.16666666666666666,228802560,2016203264,3054350336
632,1,0.012290675193071365,81.36249508600886,False,llava_ov_0.5b,15000,2.0,196,rlt,0.6,18622,235200,0.07917517006802721,none,,,,,0.16666666666666666,228802560,2016203264,3054350336
633,1,0.012247526086866856,81.64914227635816,False,llava_ov_0.5b,15000,2.0,196,rlt,0.6,18622,235200,0.07917517006802721,none,,,,,0.16666666666666666,228802560,2016203264,3054350336
634,1,0.012350988108664751,80.96518199207534,False,llava_ov_0.5b,15000,2.0,196,rlt,0.6,18622,235200,0.07917517006802721,none,,,,,0.16666666666666666,228802560,2016203264,3054350336
635,1,0.01204171497374773,83.04464955200406,False,llava_ov_0.5b,15000,2.0,196,rlt,0.6,18622,235200,0.07917517006802721,none,,,,,0.16666666666666666,228802560,2016203264,3054350336
636,1,0.012450957903638482,80.31510569221143,False,llava_ov_0.5b,15000,2.0,196,rlt,0.6,18622,235200,0.07917517006802721,none,,,,,0.16666666666666666,228802560,2016203264,3054350336
637,1,0.05385656701400876,18.567837785499542,False,llava_ov_0.5b,15000,2.0,196,rlt,0.6,18622,235200,0.07917517006802721,none,,,,,0.16666666666666666,228802560,2016203264,3054350336
638,1,0.012532834894955158,79.790407228817,False,llava_ov_0.5b,15000,2.0,196,rlt,0.6,18622,235200,0.07917517006802721,none,,,,,0.16666666666666666,228802560,2016203264,3054350336
639,1,0.012396762147545815,80.66622462365868,False,llava_ov_0.5b,15000,2.0,196,rlt,0.6,18622,235200,0.07917517006802721,none,,,,,0.16666666666666666,228802560,2016203264,3054350336
640,1,0.012444053078070283,80.3596700951288,False,llava_ov_0.5b,15000,2.0,196,rlt,0.6,18622,235200,0.07917517006802721,none,,,,,0.16666666666666666,228802560,2016203264,3054350336
641,1,0.012378217885270715,80.7870736537879,False,llava_ov_0.5b,15000,2.0,196,rlt,0.6,18622,235200,0.07917517006802721,none,,,,,0.16666666666666666,228802560,2016203264,3054350336
642,1,0.012604068964719772,79.33945797972973,False,llava_ov_0.5b,15000,2.0,196,rlt,0.6,18622,235200,0.07917517006802721,none,,,,,0.16666666666666666,228802560,2016203264,3054350336
643,1,0.012212652014568448,81.88229704793865,False,llava_ov_0.5b,15000,2.0,196,rlt,0.6,18622,235200,0.07917517006802721,none,,,,,0.16666666666666666,228802560,2016203264,3054350336
644,1,0.012305922107771039,81.26168776645451,False,llava_ov_0.5b,15000,2.0,196,rlt,0.6,18622,235200,0.07917517006802721,none,,,,,0.16666666666666666,228802560,2016203264,3054350336
645,1,0.012459543067961931,80.25976510899247,False,llava_ov_0.5b,15000,2.0,196,rlt,0.6,18622,235200,0.07917517006802721,none,,,,,0.16666666666666666,228802560,2016203264,3054350336
646,1,0.012347718933597207,80.98661828777749,False,llava_ov_0.5b,15000,2.0,196,rlt,0.6,18622,235200,0.07917517006802721,none,,,,,0.16666666666666666,228802560,2016203264,3054350336
647,1,0.012349911965429783,80.97223711385375,False,llava_ov_0.5b,15000,2.0,196,rlt,0.6,18622,235200,0.07917517006802721,none,,,,,0.16666666666666666,228802560,2016203264,3054350336
648,1,0.052933705039322376,18.891554998032714,False,llava_ov_0.5b,15000,2.0,196,rlt,0.6,18622,235200,0.07917517006802721,none,,,,,0.16666666666666666,228802560,2016203264,3054350336
649,1,0.012609224068000913,79.30702116221032,False,llava_ov_0.5b,15000,2.0,196,rlt,0.6,18622,235200,0.07917517006802721,none,,,,,0.16666666666666666,228802560,2016203264,3054350336
650,1,0.012439442100003362,80.38945733745807,False,llava_ov_0.5b,15000,2.0,196,rlt,0.6,18622,235200,0.07917517006802721,none,,,,,0.16666666666666666,228802560,2016203264,3054350336
651,1,0.012204072205349803,81.93986262729894,False,llava_ov_0.5b,15000,2.0,196,rlt,0.6,18622,235200,0.07917517006802721,none,,,,,0.16666666666666666,228802560,2016203264,3054350336
652,1,0.012532006949186325,79.79567870132148,False,llava_ov_0.5b,15000,2.0,196,rlt,0.6,18622,235200,0.07917517006802721,none,,,,,0.16666666666666666,228802560,2016203264,3054350336
653,1,0.012504304992035031,79.97245753658265,False,llava_ov_0.5b,15000,2.0,196,rlt,0.6,18622,235200,0.07917517006802721,none,,,,,0.16666666666666666,228802560,2016203264,3054350336
654,1,0.012568499892950058,79.56399001609742,False,llava_ov_0.5b,15000,2.0,196,rlt,0.6,18622,235200,0.07917517006802721,none,,,,,0.16666666666666666,228802560,2016203264,3054350336
655,1,0.012636993080377579,79.13274887779879,False,llava_ov_0.5b,15000,2.0,196,rlt,0.6,18622,235200,0.07917517006802721,none,,,,,0.16666666666666666,228802560,2016203264,3054350336
656,1,0.012406887020915747,80.60039543474383,False,llava_ov_0.5b,15000,2.0,196,rlt,0.6,18622,235200,0.07917517006802721,none,,,,,0.16666666666666666,228802560,2016203264,3054350336
657,1,0.012348362943157554,80.98239455733828,False,llava_ov_0.5b,15000,2.0,196,rlt,0.6,18622,235200,0.07917517006802721,none,,,,,0.16666666666666666,228802560,2016203264,3054350336
658,1,0.012114158133044839,82.5480391635481,False,llava_ov_0.5b,15000,2.0,196,rlt,0.6,18622,235200,0.07917517006802721,none,,,,,0.16666666666666666,228802560,2016203264,3054350336
659,1,0.05377106787636876,18.597361731762792,False,llava_ov_0.5b,15000,2.0,196,rlt,0.6,18622,235200,0.07917517006802721,none,,,,,0.16666666666666666,228802560,2016203264,3054350336
660,1,0.012743559898808599,78.47100872445309,False,llava_ov_0.5b,15000,2.0,196,rlt,0.6,18622,235200,0.07917517006802721,none,,,,,0.16666666666666666,228802560,2016203264,3054350336
661,1,0.01219422509893775,82.00603087826474,False,llava_ov_0.5b,15000,2.0,196,rlt,0.6,18622,235200,0.07917517006802721,none,,,,,0.16666666666666666,228802560,2016203264,3054350336
662,1,0.01239016093313694,80.70920187368543,False,llava_ov_0.5b,15000,2.0,196,rlt,0.6,18622,235200,0.07917517006802721,none,,,,,0.16666666666666666,228802560,2016203264,3054350336
663,1,0.012365811038762331,80.8681288162469,False,llava_ov_0.5b,15000,2.0,196,rlt,0.6,18622,235200,0.07917517006802721,none,,,,,0.16666666666666666,228802560,2016203264,3054350336
664,1,0.012535304063931108,79.7746903385762,False,llava_ov_0.5b,15000,2.0,196,rlt,0.6,18622,235200,0.07917517006802721,none,,,,,0.16666666666666666,228802560,2016203264,3054350336
665,1,0.01195850083604455,83.62252206278765,False,llava_ov_0.5b,15000,2.0,196,rlt,0.6,18622,235200,0.07917517006802721,none,,,,,0.16666666666666666,228802560,2016203264,3054350336
666,1,0.012391526019200683,80.70031071641208,False,llava_ov_0.5b,15000,2.0,196,rlt,0.6,18622,235200,0.07917517006802721,none,,,,,0.16666666666666666,228802560,2016203264,3054350336
667,1,0.012183224083855748,82.08007938761641,False,llava_ov_0.5b,15000,2.0,196,rlt,0.6,18622,235200,0.07917517006802721,none,,,,,0.16666666666666666,228802560,2016203264,3054350336
668,1,0.012410938972607255,80.57408083362148,False,llava_ov_0.5b,15000,2.0,196,rlt,0.6,18622,235200,0.07917517006802721,none,,,,,0.16666666666666666,228802560,2016203264,3054350336
669,1,0.012425882974639535,80.4771783253503,False,llava_ov_0.5b,15000,2.0,196,rlt,0.6,18622,235200,0.07917517006802721,none,,,,,0.16666666666666666,228802560,2016203264,3054350336
670,1,0.012355958111584187,80.93261493517541,False,llava_ov_0.5b,15000,2.0,196,rlt,0.6,18622,235200,0.07917517006802721,none,,,,,0.16666666666666666,228802560,2016203264,3054350336
671,1,0.01235933299176395,80.91051520874008,False,llava_ov_0.5b,15000,2.0,196,rlt,0.6,18622,235200,0.07917517006802721,none,,,,,0.16666666666666666,228802560,2016203264,3054350336
672,1,0.012117721140384674,82.52376733338949,False,llava_ov_0.5b,15000,2.0,196,rlt,0.6,18622,235200,0.07917517006802721,none,,,,,0.16666666666666666,228802560,2016203264,3054350336
673,1,0.012339466018602252,81.04078397658853,False,llava_ov_0.5b,15000,2.0,196,rlt,0.6,18622,235200,0.07917517006802721,none,,,,,0.16666666666666666,228802560,2016203264,3054350336
674,1,0.012397723970934749,80.65996648613908,False,llava_ov_0.5b,15000,2.0,196,rlt,0.6,18622,235200,0.07917517006802721,none,,,,,0.16666666666666666,228802560,2016203264,3054350336
675,1,0.012539647053927183,79.74706111738756,False,llava_ov_0.5b,15000,2.0,196,rlt,0.6,18622,235200,0.07917517006802721,none,,,,,0.16666666666666666,228802560,2016203264,3054350336
676,1,0.012335293926298618,81.06819391372738,False,llava_ov_0.5b,15000,2.0,196,rlt,0.6,18622,235200,0.07917517006802721,none,,,,,0.16666666666666666,228802560,2016203264,3054350336
677,1,0.012134121963754296,82.4122258690896,False,llava_ov_0.5b,15000,2.0,196,rlt,0.6,18622,235200,0.07917517006802721,none,,,,,0.16666666666666666,228802560,2016203264,3054350336
678,1,0.012354549020528793,80.94184565849888,False,llava_ov_0.5b,15000,2.0,196,rlt,0.6,18622,235200,0.07917517006802721,none,,,,,0.16666666666666666,228802560,2016203264,3054350336
679,1,0.012337757973000407,81.05200330468234,False,llava_ov_0.5b,15000,2.0,196,rlt,0.6,18622,235200,0.07917517006802721,none,,,,,0.16666666666666666,228802560,2016203264,3054350336
680,1,0.01227573398500681,81.46152411101187,False,llava_ov_0.5b,15000,2.0,196,rlt,0.6,18622,235200,0.07917517006802721,none,,,,,0.16666666666666666,228802560,2016203264,3054350336
681,1,0.01233827997930348,81.04857416734127,False,llava_ov_0.5b,15000,2.0,196,rlt,0.6,18622,235200,0.07917517006802721,none,,,,,0.16666666666666666,228802560,2016203264,3054350336
682,1,0.012157716089859605,82.25229085864825,False,llava_ov_0.5b,15000,2.0,196,rlt,0.6,18622,235200,0.07917517006802721,none,,,,,0.16666666666666666,228802560,2016203264,3054350336
683,1,0.012336570071056485,81.05980789151077,False,llava_ov_0.5b,15000,2.0,196,rlt,0.6,18622,235200,0.07917517006802721,none,,,,,0.16666666666666666,228802560,2016203264,3054350336
684,1,0.05350728612393141,18.68904353855362,False,llava_ov_0.5b,15000,2.0,196,rlt,0.6,18622,235200,0.07917517006802721,none,,,,,0.16666666666666666,228802560,2016203264,3054350336
685,1,0.012582252034917474,79.47702821600322,False,llava_ov_0.5b,15000,2.0,196,rlt,0.6,18622,235200,0.07917517006802721,none,,,,,0.16666666666666666,228802560,2016203264,3054350336
686,1,0.012534948997199535,79.77695004769565,False,llava_ov_0.5b,15000,2.0,196,rlt,0.6,18622,235200,0.07917517006802721,none,,,,,0.16666666666666666,228802560,2016203264,3054350336
687,1,0.01255075796507299,79.67646279076217,False,llava_ov_0.5b,15000,2.0,196,rlt,0.6,18622,235200,0.07917517006802721,none,,,,,0.16666666666666666,228802560,2016203264,3054350336
688,1,0.012445824919268489,80.34822974665272,False,llava_ov_0.5b,15000,2.0,196,rlt,0.6,18622,235200,0.07917517006802721,none,,,,,0.16666666666666666,228802560,2016203264,3054350336
689,1,0.012473173206672072,80.172060744341,False,llava_ov_0.5b,15000,2.0,196,rlt,0.6,18622,235200,0.07917517006802721,none,,,,,0.16666666666666666,228802560,2016203264,3054350336
690,1,0.012467326130717993,80.20966079776483,False,llava_ov_0.5b,15000,2.0,196,rlt,0.6,18622,235200,0.07917517006802721,none,,,,,0.16666666666666666,228802560,2016203264,3054350336
691,1,0.012390291085466743,80.70835407353385,False,llava_ov_0.5b,15000,2.0,196,rlt,0.6,18622,235200,0.07917517006802721,none,,,,,0.16666666666666666,228802560,2016203264,3054350336
692,1,0.012476730160415173,80.14920473095526,False,llava_ov_0.5b,15000,2.0,196,rlt,0.6,18622,235200,0.07917517006802721,none,,,,,0.16666666666666666,228802560,2016203264,3054350336
693,1,0.012250734027475119,81.6277618759225,False,llava_ov_0.5b,15000,2.0,196,rlt,0.6,18622,235200,0.07917517006802721,none,,,,,0.16666666666666666,228802560,2016203264,3054350336
694,1,0.012373780133202672,80.81604725759522,False,llava_ov_0.5b,15000,2.0,196,rlt,0.6,18622,235200,0.07917517006802721,none,,,,,0.16666666666666666,228802560,2016203264,3054350336
695,1,0.012370013864710927,80.84065312592669,False,llava_ov_0.5b,15000,2.0,196,rlt,0.6,18622,235200,0.07917517006802721,none,,,,,0.16666666666666666,228802560,2016203264,3054350336
696,1,0.012276842957362533,81.45416565749024,False,llava_ov_0.5b,15000,2.0,196,rlt,0.6,18622,235200,0.07917517006802721,none,,,,,0.16666666666666666,228802560,2016203264,3054350336
697,1,0.012257724069058895,81.58121314903906,False,llava_ov_0.5b,15000,2.0,196,rlt,0.6,18622,235200,0.07917517006802721,none,,,,,0.16666666666666666,228802560,2016203264,3054350336
698,1,0.012122641084715724,82.49027526359781,False,llava_ov_0.5b,15000,2.0,196,rlt,0.6,18622,235200,0.07917517006802721,none,,,,,0.16666666666666666,228802560,2016203264,3054350336
699,1,0.01226110104471445,81.55874389690987,False,llava_ov_0.5b,15000,2.0,196,rlt,0.6,18622,235200,0.07917517006802721,none,,,,,0.16666666666666666,228802560,2016203264,3054350336
700,1,0.012290633050724864,81.36277406321419,False,llava_ov_0.5b,15000,2.0,196,rlt,0.6,18622,235200,0.07917517006802721,none,,,,,0.16666666666666666,228802560,2016203264,3054350336
701,1,0.012291876832023263,81.35454118729551,False,llava_ov_0.5b,15000,2.0,196,rlt,0.6,18622,235200,0.07917517006802721,none,,,,,0.16666666666666666,228802560,2016203264,3054350336
702,1,0.01231994410045445,81.16919945790279,False,llava_ov_0.5b,15000,2.0,196,rlt,0.6,18622,235200,0.07917517006802721,none,,,,,0.16666666666666666,228802560,2016203264,3054350336
703,1,0.012208770960569382,81.90832666364993,False,llava_ov_0.5b,15000,2.0,196,rlt,0.6,18622,235200,0.07917517006802721,none,,,,,0.16666666666666666,228802560,2016203264,3054350336
704,1,0.012289663078263402,81.36919569167763,False,llava_ov_0.5b,15000,2.0,196,rlt,0.6,18622,235200,0.07917517006802721,none,,,,,0.16666666666666666,228802560,2016203264,3054350336
705,1,0.012294571846723557,81.3367079770651,False,llava_ov_0.5b,15000,2.0,196,rlt,0.6,18622,235200,0.07917517006802721,none,,,,,0.16666666666666666,228802560,2016203264,3054350336
706,1,0.012224712176248431,81.80151692592929,False,llava_ov_0.5b,15000,2.0,196,rlt,0.6,18622,235200,0.07917517006802721,none,,,,,0.16666666666666666,228802560,2016203264,3054350336
707,1,0.012291842140257359,81.35477079752528,False,llava_ov_0.5b,15000,2.0,196,rlt,0.6,18622,235200,0.07917517006802721,none,,,,,0.16666666666666666,228802560,2016203264,3054350336
708,1,0.052634167950600386,18.99906541580645,False,llava_ov_0.5b,15000,2.0,196,rlt,0.6,18622,235200,0.07917517006802721,none,,,,,0.16666666666666666,228802560,2016203264,3054350336
709,1,0.012409924995154142,80.58066429817121,False,llava_ov_0.5b,15000,2.0,196,rlt,0.6,18622,235200,0.07917517006802721,none,,,,,0.16666666666666666,228802560,2016203264,3054350336
710,1,0.012374401092529297,80.81199183075796,False,llava_ov_0.5b,15000,2.0,196,rlt,0.6,18622,235200,0.07917517006802721,none,,,,,0.16666666666666666,228802560,2016203264,3054350336
711,1,0.012238363968208432,81.71026802256392,False,llava_ov_0.5b,15000,2.0,196,rlt,0.6,18622,235200,0.07917517006802721,none,,,,,0.16666666666666666,228802560,2016203264,3054350336
712,1,0.012366748880594969,80.8619961200255,False,llava_ov_0.5b,15000,2.0,196,rlt,0.6,18622,235200,0.07917517006802721,none,,,,,0.16666666666666666,228802560,2016203264,3054350336
713,1,0.01235958794131875,80.90884621298316,False,llava_ov_0.5b,15000,2.0,196,rlt,0.6,18622,235200,0.07917517006802721,none,,,,,0.16666666666666666,228802560,2016203264,3054350336
714,1,0.012158401077613235,82.2476568766315,False,llava_ov_0.5b,15000,2.0,196,rlt,0.6,18622,235200,0.07917517006802721,none,,,,,0.16666666666666666,228802560,2016203264,3054350336
715,1,0.012373422970995307,80.81838003470118,False,llava_ov_0.5b,15000,2.0,196,rlt,0.6,18622,235200,0.07917517006802721,none,,,,,0.16666666666666666,228802560,2016203264,3054350336
716,1,0.012235891073942184,81.72678180583198,False,llava_ov_0.5b,15000,2.0,196,rlt,0.6,18622,235200,0.07917517006802721,none,,,,,0.16666666666666666,228802560,2016203264,3054350336
717,1,0.012282531009986997,81.41644415038678,False,llava_ov_0.5b,15000,2.0,196,rlt,0.6,18622,235200,0.07917517006802721,none,,,,,0.16666666666666666,228802560,2016203264,3054350336
718,1,0.012352060060948133,80.95815556803898,False,llava_ov_0.5b,15000,2.0,196,rlt,0.6,18622,235200,0.07917517006802721,none,,,,,0.16666666666666666,228802560,2016203264,3054350336
719,1,0.012212553061544895,81.88296050469724,False,llava_ov_0.5b,15000,2.0,196,rlt,0.6,18622,235200,0.07917517006802721,none,,,,,0.16666666666666666,228802560,2016203264,3054350336
720,1,0.012301981914788485,81.28771501426758,False,llava_ov_0.5b,15000,2.0,196,rlt,0.6,18622,235200,0.07917517006802721,none,,,,,0.16666666666666666,228802560,2016203264,3054350336
721,1,0.012108623050153255,82.58577344905812,False,llava_ov_0.5b,15000,2.0,196,rlt,0.6,18622,235200,0.07917517006802721,none,,,,,0.16666666666666666,228802560,2016203264,3054350336
722,1,0.012377901934087276,80.78913577802054,False,llava_ov_0.5b,15000,2.0,196,rlt,0.6,18622,235200,0.07917517006802721,none,,,,,0.16666666666666666,228802560,2016203264,3054350336
723,1,0.05501088686287403,18.178219931133015,False,llava_ov_0.5b,15000,2.0,196,rlt,0.6,18622,235200,0.07917517006802721,none,,,,,0.16666666666666666,228802560,2016203264,3054350336
724,1,0.012591734062880278,79.41717915945696,False,llava_ov_0.5b,15000,2.0,196,rlt,0.6,18622,235200,0.07917517006802721,none,,,,,0.16666666666666666,228802560,2016203264,3054350336
725,1,0.012376094004139304,80.80093765169693,False,llava_ov_0.5b,15000,2.0,196,rlt,0.6,18622,235200,0.07917517006802721,none,,,,,0.16666666666666666,228802560,2016203264,3054350336
726,1,0.012329414952546358,81.10684925836428,False,llava_ov_0.5b,15000,2.0,196,rlt,0.6,18622,235200,0.07917517006802721,none,,,,,0.16666666666666666,228802560,2016203264,3054350336
727,1,0.012461879989132285,80.24471435064987,False,llava_ov_0.5b,15000,2.0,196,rlt,0.6,18622,235200,0.07917517006802721,none,,,,,0.16666666666666666,228802560,2016203264,3054350336
728,1,0.012546092038974166,79.70609468617968,False,llava_ov_0.5b,15000,2.0,196,rlt,0.6,18622,235200,0.07917517006802721,none,,,,,0.16666666666666666,228802560,2016203264,3054350336
729,1,0.012573561863973737,79.53195847115043,False,llava_ov_0.5b,15000,2.0,196,rlt,0.6,18622,235200,0.07917517006802721,none,,,,,0.16666666666666666,228802560,2016203264,3054350336
730,1,0.012515928130596876,79.89818969600545,False,llava_ov_0.5b,15000,2.0,196,rlt,0.6,18622,235200,0.07917517006802721,none,,,,,0.16666666666666666,228802560,2016203264,3054350336
731,1,0.012319776928052306,81.17030087801231,False,llava_ov_0.5b,15000,2.0,196,rlt,0.6,18622,235200,0.07917517006802721,none,,,,,0.16666666666666666,228802560,2016203264,3054350336
732,1,0.012960470048710704,77.15769537999736,False,llava_ov_0.5b,15000,2.0,196,rlt,0.6,18622,235200,0.07917517006802721,none,,,,,0.16666666666666666,228802560,2016203264,3054350336
733,1,0.012451841030269861,80.30940947359072,False,llava_ov_0.5b,15000,2.0,196,rlt,0.6,18622,235200,0.07917517006802721,none,,,,,0.16666666666666666,228802560,2016203264,3054350336
734,1,0.012439274927601218,80.39053769774983,False,llava_ov_0.5b,15000,2.0,196,rlt,0.6,18622,235200,0.07917517006802721,none,,,,,0.16666666666666666,228802560,2016203264,3054350336
735,1,0.05295066302642226,18.885504785860796,False,llava_ov_0.5b,15000,2.0,196,rlt,0.6,18622,235200,0.07917517006802721,none,,,,,0.16666666666666666,228802560,2016203264,3054350336
736,1,0.012601752066984773,79.35404495220088,False,llava_ov_0.5b,15000,2.0,196,rlt,0.6,18622,235200,0.07917517006802721,none,,,,,0.16666666666666666,228802560,2016203264,3054350336
737,1,0.012360852910205722,80.90056626872013,False,llava_ov_0.5b,15000,2.0,196,rlt,0.6,18622,235200,0.07917517006802721,none,,,,,0.16666666666666666,228802560,2016203264,3054350336
738,1,0.012477298965677619,80.14555095223623,False,llava_ov_0.5b,15000,2.0,196,rlt,0.6,18622,235200,0.07917517006802721,none,,,,,0.16666666666666666,228802560,2016203264,3054350336
739,1,0.01224787998944521,81.64678302381839,False,llava_ov_0.5b,15000,2.0,196,rlt,0.6,18622,235200,0.07917517006802721,none,,,,,0.16666666666666666,228802560,2016203264,3054350336
740,1,0.012702092062681913,78.72718880206735,False,llava_ov_0.5b,15000,2.0,196,rlt,0.6,18622,235200,0.07917517006802721,none,,,,,0.16666666666666666,228802560,2016203264,3054350336
741,1,0.01204486982896924,83.02289806361291,False,llava_ov_0.5b,15000,2.0,196,rlt,0.6,18622,235200,0.07917517006802721,none,,,,,0.16666666666666666,228802560,2016203264,3054350336
742,1,0.012154500931501389,82.27404857144346,False,llava_ov_0.5b,15000,2.0,196,rlt,0.6,18622,235200,0.07917517006802721,none,,,,,0.16666666666666666,228802560,2016203264,3054350336
743,1,0.012138636084273458,82.38157837976355,False,llava_ov_0.5b,15000,2.0,196,rlt,0.6,18622,235200,0.07917517006802721,none,,,,,0.16666666666666666,228802560,2016203264,3054350336
744,1,0.0535385450348258,18.67813178990051,False,llava_ov_0.5b,15000,2.0,196,rlt,0.6,18622,235200,0.07917517006802721,none,,,,,0.16666666666666666,228802560,2016203264,3054350336
745,1,0.012206311104819179,81.92483309762518,False,llava_ov_0.5b,15000,2.0,196,rlt,0.6,18622,235200,0.07917517006802721,none,,,,,0.16666666666666666,228802560,2016203264,3054350336
746,1,0.012126192916184664,82.46611338875482,False,llava_ov_0.5b,15000,2.0,196,rlt,0.6,18622,235200,0.07917517006802721,none,,,,,0.16666666666666666,228802560,2016203264,3054350336
747,1,0.012226958060637116,81.78649137755302,False,llava_ov_0.5b,15000,2.0,196,rlt,0.6,18622,235200,0.07917517006802721,none,,,,,0.16666666666666666,228802560,2016203264,3054350336
748,1,0.01202794793061912,83.13970144934993,False,llava_ov_0.5b,15000,2.0,196,rlt,0.6,18622,235200,0.07917517006802721,none,,,,,0.16666666666666666,228802560,2016203264,3054350336
749,1,0.011974913999438286,83.50790661602309,False,llava_ov_0.5b,15000,2.0,196,rlt,0.6,18622,235200,0.07917517006802721,none,,,,,0.16666666666666666,228802560,2016203264,3054350336
750,1,0.011968659004196525,83.55154906237816,False,llava_ov_0.5b,15000,2.0,196,rlt,0.6,18622,235200,0.07917517006802721,none,,,,,0.16666666666666666,228802560,2016203264,3054350336
751,1,0.012556113069877028,79.64248127066236,False,llava_ov_0.5b,15000,2.0,196,rlt,0.6,18622,235200,0.07917517006802721,none,,,,,0.16666666666666666,228802560,2016203264,3054350336
752,1,0.013253506040200591,75.45173307099236,False,llava_ov_0.5b,15000,2.0,196,rlt,0.6,18622,235200,0.07917517006802721,none,,,,,0.16666666666666666,228802560,2016203264,3054350336
753,1,0.01306287501938641,76.55282612104268,False,llava_ov_0.5b,15000,2.0,196,rlt,0.6,18622,235200,0.07917517006802721,none,,,,,0.16666666666666666,228802560,2016203264,3054350336
754,1,0.012634990969672799,79.14528806552019,False,llava_ov_0.5b,15000,2.0,196,rlt,0.6,18622,235200,0.07917517006802721,none,,,,,0.16666666666666666,228802560,2016203264,3054350336
755,1,0.011771643999963999,84.94990164526368,False,llava_ov_0.5b,15000,2.0,196,rlt,0.6,18622,235200,0.07917517006802721,none,,,,,0.16666666666666666,228802560,2016203264,3054350336
756,1,0.05107551417313516,19.578853315312934,False,llava_ov_0.5b,15000,2.0,196,rlt,0.6,18622,235200,0.07917517006802721,none,,,,,0.16666666666666666,228802560,2016203264,3054350336
757,1,0.012170937145128846,82.1629417748023,False,llava_ov_0.5b,15000,2.0,196,rlt,0.6,18622,235200,0.07917517006802721,none,,,,,0.16666666666666666,228802560,2016203264,3054350336
758,1,0.011880022939294577,84.17492164029264,False,llava_ov_0.5b,15000,2.0,196,rlt,0.6,18622,235200,0.07917517006802721,none,,,,,0.16666666666666666,228802560,2016203264,3054350336
759,1,0.011838407954201102,84.47081768669152,False,llava_ov_0.5b,15000,2.0,196,rlt,0.6,18622,235200,0.07917517006802721,none,,,,,0.16666666666666666,228802560,2016203264,3054350336
760,1,0.011699598049744964,85.47302187204617,False,llava_ov_0.5b,15000,2.0,196,rlt,0.6,18622,235200,0.07917517006802721,none,,,,,0.16666666666666666,228802560,2016203264,3054350336
761,1,0.01191571494564414,83.92278638434162,False,llava_ov_0.5b,15000,2.0,196,rlt,0.6,18622,235200,0.07917517006802721,none,,,,,0.16666666666666666,228802560,2016203264,3054350336
762,1,0.011963064083829522,83.59062469218905,False,llava_ov_0.5b,15000,2.0,196,rlt,0.6,18622,235200,0.07917517006802721,none,,,,,0.16666666666666666,228802560,2016203264,3054350336
763,1,0.011890417197719216,84.10133836109779,False,llava_ov_0.5b,15000,2.0,196,rlt,0.6,18622,235200,0.07917517006802721,none,,,,,0.16666666666666666,228802560,2016203264,3054350336
764,1,0.011724665062502027,85.29028289244806,False,llava_ov_0.5b,15000,2.0,196,rlt,0.6,18622,235200,0.07917517006802721,none,,,,,0.16666666666666666,228802560,2016203264,3054350336
765,1,0.05317582283169031,18.805538809717234,False,llava_ov_0.5b,15000,2.0,196,rlt,0.6,18622,235200,0.07917517006802721,none,,,,,0.16666666666666666,228802560,2016203264,3054350336
766,1,0.012675001984462142,78.89545115857705,False,llava_ov_0.5b,15000,2.0,196,rlt,0.6,18622,235200,0.07917517006802721,none,,,,,0.16666666666666666,228802560,2016203264,3054350336
767,1,0.012531511019915342,79.79883658170023,False,llava_ov_0.5b,15000,2.0,196,rlt,0.6,18622,235200,0.07917517006802721,none,,,,,0.16666666666666666,228802560,2016203264,3054350336
768,1,0.01264760596677661,79.06634683487547,False,llava_ov_0.5b,15000,2.0,196,rlt,0.6,18622,235200,0.07917517006802721,none,,,,,0.16666666666666666,228802560,2016203264,3054350336
769,1,0.012329315999522805,81.10750020834116,False,llava_ov_0.5b,15000,2.0,196,rlt,0.6,18622,235200,0.07917517006802721,none,,,,,0.16666666666666666,228802560,2016203264,3054350336
770,1,0.012154191033914685,82.27614632760259,False,llava_ov_0.5b,15000,2.0,196,rlt,0.6,18622,235200,0.07917517006802721,none,,,,,0.16666666666666666,228802560,2016203264,3054350336
771,1,0.012475272873416543,80.15856728319682,False,llava_ov_0.5b,15000,2.0,196,rlt,0.6,18622,235200,0.07917517006802721,none,,,,,0.16666666666666666,228802560,2016203264,3054350336
772,1,0.01275982684455812,78.37096946393794,False,llava_ov_0.5b,15000,2.0,196,rlt,0.6,18622,235200,0.07917517006802721,none,,,,,0.16666666666666666,228802560,2016203264,3054350336
773,1,0.01268642907962203,78.82438736100144,False,llava_ov_0.5b,15000,2.0,196,rlt,0.6,18622,235200,0.07917517006802721,none,,,,,0.16666666666666666,228802560,2016203264,3054350336
774,1,0.012474779970943928,80.16173450186578,False,llava_ov_0.5b,15000,2.0,196,rlt,0.6,18622,235200,0.07917517006802721,none,,,,,0.16666666666666666,228802560,2016203264,3054350336
775,1,0.012854618020355701,77.79305448177983,False,llava_ov_0.5b,15000,2.0,196,rlt,0.6,18622,235200,0.07917517006802721,none,,,,,0.16666666666666666,228802560,2016203264,3054350336
776,1,0.012609488796442747,79.30535616020447,False,llava_ov_0.5b,15000,2.0,196,rlt,0.6,18622,235200,0.07917517006802721,none,,,,,0.16666666666666666,228802560,2016203264,3054350336
777,1,0.012678480008617043,78.87380816315054,False,llava_ov_0.5b,15000,2.0,196,rlt,0.6,18622,235200,0.07917517006802721,none,,,,,0.16666666666666666,228802560,2016203264,3054350336
778,1,0.012421945109963417,80.50269029106546,False,llava_ov_0.5b,15000,2.0,196,rlt,0.6,18622,235200,0.07917517006802721,none,,,,,0.16666666666666666,228802560,2016203264,3054350336
779,1,0.01259054196998477,79.4246985065417,False,llava_ov_0.5b,15000,2.0,196,rlt,0.6,18622,235200,0.07917517006802721,none,,,,,0.16666666666666666,228802560,2016203264,3054350336
780,1,0.013273671036586165,75.33710887091476,False,llava_ov_0.5b,15000,2.0,196,rlt,0.6,18622,235200,0.07917517006802721,none,,,,,0.16666666666666666,228802560,2016203264,3054350336
781,1,0.012174586998298764,82.13830991882818,False,llava_ov_0.5b,15000,2.0,196,rlt,0.6,18622,235200,0.07917517006802721,none,,,,,0.16666666666666666,228802560,2016203264,3054350336
782,1,0.012337926775217056,81.05089438597413,False,llava_ov_0.5b,15000,2.0,196,rlt,0.6,18622,235200,0.07917517006802721,none,,,,,0.16666666666666666,228802560,2016203264,3054350336
783,1,0.012332197045907378,81.0885518839374,False,llava_ov_0.5b,15000,2.0,196,rlt,0.6,18622,235200,0.07917517006802721,none,,,,,0.16666666666666666,228802560,2016203264,3054350336
784,1,0.05464521097019315,18.299865299183516,False,llava_ov_0.5b,15000,2.0,196,rlt,0.6,18622,235200,0.07917517006802721,none,,,,,0.16666666666666666,228802560,2016203264,3054350336
785,1,0.012753125978633761,78.41214786675617,False,llava_ov_0.5b,15000,2.0,196,rlt,0.6,18622,235200,0.07917517006802721,none,,,,,0.16666666666666666,228802560,2016203264,3054350336
786,1,0.012557301903143525,79.63494130452224,False,llava_ov_0.5b,15000,2.0,196,rlt,0.6,18622,235200,0.07917517006802721,none,,,,,0.16666666666666666,228802560,2016203264,3054350336
787,1,0.012329300865530968,81.10759976631769,False,llava_ov_0.5b,15000,2.0,196,rlt,0.6,18622,235200,0.07917517006802721,none,,,,,0.16666666666666666,228802560,2016203264,3054350336
788,1,0.012634922983124852,79.14571393395873,False,llava_ov_0.5b,15000,2.0,196,rlt,0.6,18622,235200,0.07917517006802721,none,,,,,0.16666666666666666,228802560,2016203264,3054350336
789,1,0.012866879813373089,77.71891977732301,False,llava_ov_0.5b,15000,2.0,196,rlt,0.6,18622,235200,0.07917517006802721,none,,,,,0.16666666666666666,228802560,2016203264,3054350336
790,1,0.01270855194889009,78.68717097130296,False,llava_ov_0.5b,15000,2.0,196,rlt,0.6,18622,235200,0.07917517006802721,none,,,,,0.16666666666666666,228802560,2016203264,3054350336
791,1,0.012502287980169058,79.9853596066724,False,llava_ov_0.5b,15000,2.0,196,rlt,0.6,18622,235200,0.07917517006802721,none,,,,,0.16666666666666666,228802560,2016203264,3054350336
792,1,0.012546019861474633,79.70655323691334,False,llava_ov_0.5b,15000,2.0,196,rlt,0.6,18622,235200,0.07917517006802721,none,,,,,0.16666666666666666,228802560,2016203264,3054350336
793,1,0.012275536078959703,81.46283743273764,False,llava_ov_0.5b,15000,2.0,196,rlt,0.6,18622,235200,0.07917517006802721,none,,,,,0.16666666666666666,228802560,2016203264,3054350336
794,1,0.01491329213604331,67.0542755333775,False,llava_ov_0.5b,15000,2.0,196,rlt,0.6,18622,235200,0.07917517006802721,none,,,,,0.16666666666666666,228802560,2016203264,3054350336
795,1,0.012819826137274504,78.00417800460124,False,llava_ov_0.5b,15000,2.0,196,rlt,0.6,18622,235200,0.07917517006802721,none,,,,,0.16666666666666666,228802560,2016203264,3054350336
796,1,0.012777423951774836,78.2630367258884,False,llava_ov_0.5b,15000,2.0,196,rlt,0.6,18622,235200,0.07917517006802721,none,,,,,0.16666666666666666,228802560,2016203264,3054350336
797,1,0.0528978758957237,18.904350752594976,False,llava_ov_0.5b,15000,2.0,196,rlt,0.6,18622,235200,0.07917517006802721,none,,,,,0.16666666666666666,228802560,2016203264,3054350336
798,1,0.012635990977287292,79.13902453693277,False,llava_ov_0.5b,15000,2.0,196,rlt,0.6,18622,235200,0.07917517006802721,none,,,,,0.16666666666666666,228802560,2016203264,3054350336
799,1,0.01237461599521339,80.8105884163847,False,llava_ov_0.5b,15000,2.0,196,rlt,0.6,18622,235200,0.07917517006802721,none,,,,,0.16666666666666666,228802560,2016203264,3054350336
800,1,0.012555781984701753,79.6445813744156,False,llava_ov_0.5b,15000,2.0,196,rlt,0.6,18622,235200,0.07917517006802721,none,,,,,0.16666666666666666,228802560,2016203264,3054350336
801,1,0.012518891133368015,79.87927919067744,False,llava_ov_0.5b,15000,2.0,196,rlt,0.6,18622,235200,0.07917517006802721,none,,,,,0.16666666666666666,228802560,2016203264,3054350336
802,1,0.012804029043763876,78.10041640658757,False,llava_ov_0.5b,15000,2.0,196,rlt,0.6,18622,235200,0.07917517006802721,none,,,,,0.16666666666666666,228802560,2016203264,3054350336
803,1,0.012304346077144146,81.27209635768806,False,llava_ov_0.5b,15000,2.0,196,rlt,0.6,18622,235200,0.07917517006802721,none,,,,,0.16666666666666666,228802560,2016203264,3054350336
804,1,0.012416281970217824,80.53940804490739,False,llava_ov_0.5b,15000,2.0,196,rlt,0.6,18622,235200,0.07917517006802721,none,,,,,0.16666666666666666,228802560,2016203264,3054350336
805,1,0.01243251608684659,80.43424138883557,False,llava_ov_0.5b,15000,2.0,196,rlt,0.6,18622,235200,0.07917517006802721,none,,,,,0.16666666666666666,228802560,2016203264,3054350336
806,1,0.012493069050833583,80.04438268379509,False,llava_ov_0.5b,15000,2.0,196,rlt,0.6,18622,235200,0.07917517006802721,none,,,,,0.16666666666666666,228802560,2016203264,3054350336
807,1,0.012472819071263075,80.17433703531898,False,llava_ov_0.5b,15000,2.0,196,rlt,0.6,18622,235200,0.07917517006802721,none,,,,,0.16666666666666666,228802560,2016203264,3054350336
808,1,0.01236611302010715,80.8661540108854,False,llava_ov_0.5b,15000,2.0,196,rlt,0.6,18622,235200,0.07917517006802721,none,,,,,0.16666666666666666,228802560,2016203264,3054350336
809,1,0.012300315080210567,81.29873043730854,False,llava_ov_0.5b,15000,2.0,196,rlt,0.6,18622,235200,0.07917517006802721,none,,,,,0.16666666666666666,228802560,2016203264,3054350336
810,1,0.01257669203914702,79.51216400046496,False,llava_ov_0.5b,15000,2.0,196,rlt,0.6,18622,235200,0.07917517006802721,none,,,,,0.16666666666666666,228802560,2016203264,3054350336
811,1,0.012471855152398348,80.18053351170448,False,llava_ov_0.5b,15000,2.0,196,rlt,0.6,18622,235200,0.07917517006802721,none,,,,,0.16666666666666666,228802560,2016203264,3054350336
812,1,0.012474234914407134,80.16523713570992,False,llava_ov_0.5b,15000,2.0,196,rlt,0.6,18622,235200,0.07917517006802721,none,,,,,0.16666666666666666,228802560,2016203264,3054350336
813,1,0.05283745704218745,18.92596759911367,False,llava_ov_0.5b,15000,2.0,196,rlt,0.6,18622,235200,0.07917517006802721,none,,,,,0.16666666666666666,228802560,2016203264,3054350336
814,1,0.012910886202007532,77.45401704838112,False,llava_ov_0.5b,15000,2.0,196,rlt,0.6,18622,235200,0.07917517006802721,none,,,,,0.16666666666666666,228802560,2016203264,3054350336
815,1,0.012567413039505482,79.57087085914296,False,llava_ov_0.5b,15000,2.0,196,rlt,0.6,18622,235200,0.07917517006802721,none,,,,,0.16666666666666666,228802560,2016203264,3054350336
816,1,0.012563626049086452,79.59485550532712,False,llava_ov_0.5b,15000,2.0,196,rlt,0.6,18622,235200,0.07917517006802721,none,,,,,0.16666666666666666,228802560,2016203264,3054350336
817,1,0.012416873127222061,80.53557363066356,False,llava_ov_0.5b,15000,2.0,196,rlt,0.6,18622,235200,0.07917517006802721,none,,,,,0.16666666666666666,228802560,2016203264,3054350336
818,1,0.012229676125571132,81.768314200005,False,llava_ov_0.5b,15000,2.0,196,rlt,0.6,18622,235200,0.07917517006802721,none,,,,,0.16666666666666666,228802560,2016203264,3054350336
819,1,0.01257830485701561,79.50196877620161,False,llava_ov_0.5b,15000,2.0,196,rlt,0.6,18622,235200,0.07917517006802721,none,,,,,0.16666666666666666,228802560,2016203264,3054350336
820,1,0.012469836976379156,80.19351029963249,False,llava_ov_0.5b,15000,2.0,196,rlt,0.6,18622,235200,0.07917517006802721,none,,,,,0.16666666666666666,228802560,2016203264,3054350336
821,1,0.012565300101414323,79.58425122591717,False,llava_ov_0.5b,15000,2.0,196,rlt,0.6,18622,235200,0.07917517006802721,none,,,,,0.16666666666666666,228802560,2016203264,3054350336
822,1,0.012718707090243697,78.62434388217675,False,llava_ov_0.5b,15000,2.0,196,rlt,0.6,18622,235200,0.07917517006802721,none,,,,,0.16666666666666666,228802560,2016203264,3054350336
823,1,0.012124564964324236,82.47718602213247,False,llava_ov_0.5b,15000,2.0,196,rlt,0.6,18622,235200,0.07917517006802721,none,,,,,0.16666666666666666,228802560,2016203264,3054350336
824,1,0.05296340910717845,18.880959833540324,False,llava_ov_0.5b,15000,2.0,196,rlt,0.6,18622,235200,0.07917517006802721,none,,,,,0.16666666666666666,228802560,2016203264,3054350336
825,1,0.012775612995028496,78.27413059468381,False,llava_ov_0.5b,15000,2.0,196,rlt,0.6,18622,235200,0.07917517006802721,none,,,,,0.16666666666666666,228802560,2016203264,3054350336
826,1,0.012520929099991918,79.8662776551179,False,llava_ov_0.5b,15000,2.0,196,rlt,0.6,18622,235200,0.07917517006802721,none,,,,,0.16666666666666666,228802560,2016203264,3054350336
827,1,0.012641842942684889,79.10239073003535,False,llava_ov_0.5b,15000,2.0,196,rlt,0.6,18622,235200,0.07917517006802721,none,,,,,0.16666666666666666,228802560,2016203264,3054350336
828,1,0.012703506974503398,78.71842019743464,False,llava_ov_0.5b,15000,2.0,196,rlt,0.6,18622,235200,0.07917517006802721,none,,,,,0.16666666666666666,228802560,2016203264,3054350336
829,1,0.012670990079641342,78.9204311355838,False,llava_ov_0.5b,15000,2.0,196,rlt,0.6,18622,235200,0.07917517006802721,none,,,,,0.16666666666666666,228802560,2016203264,3054350336
830,1,0.012501338962465525,79.99143155804641,False,llava_ov_0.5b,15000,2.0,196,rlt,0.6,18622,235200,0.07917517006802721,none,,,,,0.16666666666666666,228802560,2016203264,3054350336
831,1,0.012392052914947271,80.69687943260813,False,llava_ov_0.5b,15000,2.0,196,rlt,0.6,18622,235200,0.07917517006802721,none,,,,,0.16666666666666666,228802560,2016203264,3054350336
832,1,0.012421464081853628,80.50580780255109,False,llava_ov_0.5b,15000,2.0,196,rlt,0.6,18622,235200,0.07917517006802721,none,,,,,0.16666666666666666,228802560,2016203264,3054350336
833,1,0.012305878102779388,81.26197835277934,False,llava_ov_0.5b,15000,2.0,196,rlt,0.6,18622,235200,0.07917517006802721,none,,,,,0.16666666666666666,228802560,2016203264,3054350336
834,1,0.05337447300553322,18.73554798182892,False,llava_ov_0.5b,15000,2.0,196,rlt,0.6,18622,235200,0.07917517006802721,none,,,,,0.16666666666666666,228802560,2016203264,3054350336
835,1,0.012637615902349353,79.12884896383807,False,llava_ov_0.5b,15000,2.0,196,rlt,0.6,18622,235200,0.07917517006802721,none,,,,,0.16666666666666666,228802560,2016203264,3054350336
836,1,0.012220087926834822,81.83247174548067,False,llava_ov_0.5b,15000,2.0,196,rlt,0.6,18622,235200,0.07917517006802721,none,,,,,0.16666666666666666,228802560,2016203264,3054350336
837,1,0.012506842846050858,79.9562297463231,False,llava_ov_0.5b,15000,2.0,196,rlt,0.6,18622,235200,0.07917517006802721,none,,,,,0.16666666666666666,228802560,2016203264,3054350336
838,1,0.012585683027282357,79.45536192451935,False,llava_ov_0.5b,15000,2.0,196,rlt,0.6,18622,235200,0.07917517006802721,none,,,,,0.16666666666666666,228802560,2016203264,3054350336
839,1,0.012686623027548194,78.82318232586904,False,llava_ov_0.5b,15000,2.0,196,rlt,0.6,18622,235200,0.07917517006802721,none,,,,,0.16666666666666666,228802560,2016203264,3054350336
840,1,0.012413769029080868,80.55571177918407,False,llava_ov_0.5b,15000,2.0,196,rlt,0.6,18622,235200,0.07917517006802721,none,,,,,0.16666666666666666,228802560,2016203264,3054350336
841,1,0.012358176987618208,80.918083711045,False,llava_ov_0.5b,15000,2.0,196,rlt,0.6,18622,235200,0.07917517006802721,none,,,,,0.16666666666666666,228802560,2016203264,3054350336
842,1,0.012322058901190758,81.15526861370252,False,llava_ov_0.5b,15000,2.0,196,rlt,0.6,18622,235200,0.07917517006802721,none,,,,,0.16666666666666666,228802560,2016203264,3054350336
843,1,0.012416148092597723,80.54027646433933,False,llava_ov_0.5b,15000,2.0,196,rlt,0.6,18622,235200,0.07917517006802721,none,,,,,0.16666666666666666,228802560,2016203264,3054350336
844,1,0.012466885847970843,80.21249349634205,False,llava_ov_0.5b,15000,2.0,196,rlt,0.6,18622,235200,0.07917517006802721,none,,,,,0.16666666666666666,228802560,2016203264,3054350336
845,1,0.012470753164961934,80.1876187245546,False,llava_ov_0.5b,15000,2.0,196,rlt,0.6,18622,235200,0.07917517006802721,none,,,,,0.16666666666666666,228802560,2016203264,3054350336
846,1,0.012747031170874834,78.44963949604664,False,llava_ov_0.5b,15000,2.0,196,rlt,0.6,18622,235200,0.07917517006802721,none,,,,,0.16666666666666666,228802560,2016203264,3054350336
847,1,0.013071093941107392,76.50469077076185,False,llava_ov_0.5b,15000,2.0,196,rlt,0.6,18622,235200,0.07917517006802721,none,,,,,0.16666666666666666,228802560,2016203264,3054350336
848,1,0.012191133806481957,82.02682505775678,False,llava_ov_0.5b,15000,2.0,196,rlt,0.6,18622,235200,0.07917517006802721,none,,,,,0.16666666666666666,228802560,2016203264,3054350336
849,1,0.05286214500665665,18.91712869150647,False,llava_ov_0.5b,15000,2.0,196,rlt,0.6,18622,235200,0.07917517006802721,none,,,,,0.16666666666666666,228802560,2016203264,3054350336
850,1,0.012608760967850685,79.30993398556448,False,llava_ov_0.5b,15000,2.0,196,rlt,0.6,18622,235200,0.07917517006802721,none,,,,,0.16666666666666666,228802560,2016203264,3054350336
851,1,0.012642460875213146,79.09852439888532,False,llava_ov_0.5b,15000,2.0,196,rlt,0.6,18622,235200,0.07917517006802721,none,,,,,0.16666666666666666,228802560,2016203264,3054350336
852,1,0.012571641011163592,79.54411036013532,False,llava_ov_0.5b,15000,2.0,196,rlt,0.6,18622,235200,0.07917517006802721,none,,,,,0.16666666666666666,228802560,2016203264,3054350336
853,1,0.012442057952284813,80.37255603815635,False,llava_ov_0.5b,15000,2.0,196,rlt,0.6,18622,235200,0.07917517006802721,none,,,,,0.16666666666666666,228802560,2016203264,3054350336
854,1,0.012853753054514527,77.79828939912437,False,llava_ov_0.5b,15000,2.0,196,rlt,0.6,18622,235200,0.07917517006802721,none,,,,,0.16666666666666666,228802560,2016203264,3054350336
855,1,0.01277988706715405,78.247952798435,False,llava_ov_0.5b,15000,2.0,196,rlt,0.6,18622,235200,0.07917517006802721,none,,,,,0.16666666666666666,228802560,2016203264,3054350336
856,1,0.012361753964796662,80.89466938492404,False,llava_ov_0.5b,15000,2.0,196,rlt,0.6,18622,235200,0.07917517006802721,none,,,,,0.16666666666666666,228802560,2016203264,3054350336
857,1,0.012643069960176945,79.09471379576267,False,llava_ov_0.5b,15000,2.0,196,rlt,0.6,18622,235200,0.07917517006802721,none,,,,,0.16666666666666666,228802560,2016203264,3054350336
858,1,0.012492094887420535,80.0506247360476,False,llava_ov_0.5b,15000,2.0,196,rlt,0.6,18622,235200,0.07917517006802721,none,,,,,0.16666666666666666,228802560,2016203264,3054350336
859,1,0.012334732105955482,81.07188639445017,False,llava_ov_0.5b,15000,2.0,196,rlt,0.6,18622,235200,0.07917517006802721,none,,,,,0.16666666666666666,228802560,2016203264,3054350336
860,1,0.012432491173967719,80.43440256719353,False,llava_ov_0.5b,15000,2.0,196,rlt,0.6,18622,235200,0.07917517006802721,none,,,,,0.16666666666666666,228802560,2016203264,3054350336
861,1,0.01249859994277358,80.00896136996354,False,llava_ov_0.5b,15000,2.0,196,rlt,0.6,18622,235200,0.07917517006802721,none,,,,,0.16666666666666666,228802560,2016203264,3054350336
862,1,0.012524294899776578,79.84481425919148,False,llava_ov_0.5b,15000,2.0,196,rlt,0.6,18622,235200,0.07917517006802721,none,,,,,0.16666666666666666,228802560,2016203264,3054350336
863,1,0.012427590088918805,80.46612358832633,False,llava_ov_0.5b,15000,2.0,196,rlt,0.6,18622,235200,0.07917517006802721,none,,,,,0.16666666666666666,228802560,2016203264,3054350336
864,1,0.012472992995753884,80.17321907744395,False,llava_ov_0.5b,15000,2.0,196,rlt,0.6,18622,235200,0.07917517006802721,none,,,,,0.16666666666666666,228802560,2016203264,3054350336
865,1,0.012462624814361334,80.23991854810936,False,llava_ov_0.5b,15000,2.0,196,rlt,0.6,18622,235200,0.07917517006802721,none,,,,,0.16666666666666666,228802560,2016203264,3054350336
866,1,0.012557114940136671,79.63612698994025,False,llava_ov_0.5b,15000,2.0,196,rlt,0.6,18622,235200,0.07917517006802721,none,,,,,0.16666666666666666,228802560,2016203264,3054350336
867,1,0.012521238066256046,79.8643069246433,False,llava_ov_0.5b,15000,2.0,196,rlt,0.6,18622,235200,0.07917517006802721,none,,,,,0.16666666666666666,228802560,2016203264,3054350336
868,1,0.012443695915862918,80.36197659934976,False,llava_ov_0.5b,15000,2.0,196,rlt,0.6,18622,235200,0.07917517006802721,none,,,,,0.16666666666666666,228802560,2016203264,3054350336
869,1,0.01227714796550572,81.45214204550055,False,llava_ov_0.5b,15000,2.0,196,rlt,0.6,18622,235200,0.07917517006802721,none,,,,,0.16666666666666666,228802560,2016203264,3054350336
870,1,0.012200925964862108,81.96099237713076,False,llava_ov_0.5b,15000,2.0,196,rlt,0.6,18622,235200,0.07917517006802721,none,,,,,0.16666666666666666,228802560,2016203264,3054350336
871,1,0.012099504936486483,82.64800958793487,False,llava_ov_0.5b,15000,2.0,196,rlt,0.6,18622,235200,0.07917517006802721,none,,,,,0.16666666666666666,228802560,2016203264,3054350336
872,1,0.01236887602135539,80.8480898566254,False,llava_ov_0.5b,15000,2.0,196,rlt,0.6,18622,235200,0.07917517006802721,none,,,,,0.16666666666666666,228802560,2016203264,3054350336
873,1,0.012375700054690242,80.80350974739501,False,llava_ov_0.5b,15000,2.0,196,rlt,0.6,18622,235200,0.07917517006802721,none,,,,,0.16666666666666666,228802560,2016203264,3054350336
874,1,0.012362438021227717,80.89019320322463,False,llava_ov_0.5b,15000,2.0,196,rlt,0.6,18622,235200,0.07917517006802721,none,,,,,0.16666666666666666,228802560,2016203264,3054350336
875,1,0.012055248022079468,82.95142482083128,False,llava_ov_0.5b,15000,2.0,196,rlt,0.6,18622,235200,0.07917517006802721,none,,,,,0.16666666666666666,228802560,2016203264,3054350336
876,1,0.5306401031557471,1.8845164435423234,True,llava_ov_0.5b,15000,2.0,196,rlt,0.6,18622,235200,0.07917517006802721,none,,,,,0.16666666666666666,228802560,2016203264,3054350336
877,1,0.012901013949885964,77.51328724118147,True,llava_ov_0.5b,15000,2.0,196,rlt,0.6,18622,235200,0.07917517006802721,none,,,,,0.16666666666666666,228802560,2016203264,3054350336
878,1,0.012807989958673716,78.07626358441894,True,llava_ov_0.5b,15000,2.0,196,rlt,0.6,18622,235200,0.07917517006802721,none,,,,,0.16666666666666666,228802560,2016203264,3054350336
879,1,0.012516779126599431,79.8927575445426,True,llava_ov_0.5b,15000,2.0,196,rlt,0.6,18622,235200,0.07917517006802721,none,,,,,0.16666666666666666,228802560,2016203264,3054350336
880,1,0.011913134949281812,83.94096132187988,True,llava_ov_0.5b,15000,2.0,196,rlt,0.6,18622,235200,0.07917517006802721,none,,,,,0.16666666666666666,228802560,2016203264,3054350336
881,1,0.012356618884950876,80.92828704281717,True,llava_ov_0.5b,15000,2.0,196,rlt,0.6,18622,235200,0.07917517006802721,none,,,,,0.16666666666666666,228802560,2016203264,3054350336
882,1,0.01269871206022799,78.74814353275809,True,llava_ov_0.5b,15000,2.0,196,rlt,0.6,18622,235200,0.07917517006802721,none,,,,,0.16666666666666666,228802560,2016203264,3054350336
883,1,0.01257632183842361,79.51450454653329,True,llava_ov_0.5b,15000,2.0,196,rlt,0.6,18622,235200,0.07917517006802721,none,,,,,0.16666666666666666,228802560,2016203264,3054350336
884,1,0.012540082912892103,79.74428932777856,True,llava_ov_0.5b,15000,2.0,196,rlt,0.6,18622,235200,0.07917517006802721,none,,,,,0.16666666666666666,228802560,2016203264,3054350336
885,1,0.012522130971774459,79.85861210476496,True,llava_ov_0.5b,15000,2.0,196,rlt,0.6,18622,235200,0.07917517006802721,none,,,,,0.16666666666666666,228802560,2016203264,3054350336
886,1,0.01220259489491582,81.94978269881331,True,llava_ov_0.5b,15000,2.0,196,rlt,0.6,18622,235200,0.07917517006802721,none,,,,,0.16666666666666666,228802560,2016203264,3054350336
887,1,0.012282836018130183,81.4144224122134,True,llava_ov_0.5b,15000,2.0,196,rlt,0.6,18622,235200,0.07917517006802721,none,,,,,0.16666666666666666,228802560,2016203264,3054350336
888,1,0.012573006097227335,79.53547403596068,True,llava_ov_0.5b,15000,2.0,196,rlt,0.6,18622,235200,0.07917517006802721,none,,,,,0.16666666666666666,228802560,2016203264,3054350336
889,1,0.012604284100234509,79.3381037786505,True,llava_ov_0.5b,15000,2.0,196,rlt,0.6,18622,235200,0.07917517006802721,none,,,,,0.16666666666666666,228802560,2016203264,3054350336
890,1,0.012510651024058461,79.9318914800646,True,llava_ov_0.5b,15000,2.0,196,rlt,0.6,18622,235200,0.07917517006802721,none,,,,,0.16666666666666666,228802560,2016203264,3054350336
891,1,0.01327028195373714,75.3563491330629,True,llava_ov_0.5b,15000,2.0,196,rlt,0.6,18622,235200,0.07917517006802721,none,,,,,0.16666666666666666,228802560,2016203264,3054350336
892,1,0.012401907006278634,80.63276071121453,True,llava_ov_0.5b,15000,2.0,196,rlt,0.6,18622,235200,0.07917517006802721,none,,,,,0.16666666666666666,228802560,2016203264,3054350336
893,1,0.012429260881617665,80.4553069989026,True,llava_ov_0.5b,15000,2.0,196,rlt,0.6,18622,235200,0.07917517006802721,none,,,,,0.16666666666666666,228802560,2016203264,3054350336
894,1,0.012612688820809126,79.28523522677762,True,llava_ov_0.5b,15000,2.0,196,rlt,0.6,18622,235200,0.07917517006802721,none,,,,,0.16666666666666666,228802560,2016203264,3054350336
895,1,0.012507223058491945,79.95379912258275,True,llava_ov_0.5b,15000,2.0,196,rlt,0.6,18622,235200,0.07917517006802721,none,,,,,0.16666666666666666,228802560,2016203264,3054350336
896,1,0.06275701709091663,15.934473089300777,True,llava_ov_0.5b,15000,2.0,196,rlt,0.6,18622,235200,0.07917517006802721,none,,,,,0.16666666666666666,228802560,2016203264,3054350336
897,1,0.012824398931115866,77.9763640675352,True,llava_ov_0.5b,15000,2.0,196,rlt,0.6,18622,235200,0.07917517006802721,none,,,,,0.16666666666666666,228802560,2016203264,3054350336
898,1,0.01222184393554926,81.82071422883533,True,llava_ov_0.5b,15000,2.0,196,rlt,0.6,18622,235200,0.07917517006802721,none,,,,,0.16666666666666666,228802560,2016203264,3054350336
899,1,0.012595055159181356,79.3962382348945,True,llava_ov_0.5b,15000,2.0,196,rlt,0.6,18622,235200,0.07917517006802721,none,,,,,0.16666666666666666,228802560,2016203264,3054350336
900,1,0.012623664923012257,79.2162978103969,True,llava_ov_0.5b,15000,2.0,196,rlt,0.6,18622,235200,0.07917517006802721,none,,,,,0.16666666666666666,228802560,2016203264,3054350336
901,1,0.012910448014736176,77.45664587770969,True,llava_ov_0.5b,15000,2.0,196,rlt,0.6,18622,235200,0.07917517006802721,none,,,,,0.16666666666666666,228802560,2016203264,3054350336
902,1,0.012638868065550923,79.12100947755327,True,llava_ov_0.5b,15000,2.0,196,rlt,0.6,18622,235200,0.07917517006802721,none,,,,,0.16666666666666666,228802560,2016203264,3054350336
903,1,0.01217239210382104,82.15312088788939,True,llava_ov_0.5b,15000,2.0,196,rlt,0.6,18622,235200,0.07917517006802721,none,,,,,0.16666666666666666,228802560,2016203264,3054350336
904,1,0.012502167141065001,79.98613270137538,True,llava_ov_0.5b,15000,2.0,196,rlt,0.6,18622,235200,0.07917517006802721,none,,,,,0.16666666666666666,228802560,2016203264,3054350336
905,1,0.0123243008274585,81.14050557513197,True,llava_ov_0.5b,15000,2.0,196,rlt,0.6,18622,235200,0.07917517006802721,none,,,,,0.16666666666666666,228802560,2016203264,3054350336
906,1,0.01262959698215127,79.17909030773082,True,llava_ov_0.5b,15000,2.0,196,rlt,0.6,18622,235200,0.07917517006802721,none,,,,,0.16666666666666666,228802560,2016203264,3054350336
907,1,0.012439985061064363,80.38594862383542,True,llava_ov_0.5b,15000,2.0,196,rlt,0.6,18622,235200,0.07917517006802721,none,,,,,0.16666666666666666,228802560,2016203264,3054350336
908,1,0.012609040131792426,79.30817806492665,True,llava_ov_0.5b,15000,2.0,196,rlt,0.6,18622,235200,0.07917517006802721,none,,,,,0.16666666666666666,228802560,2016203264,3054350336
909,1,0.012419394915923476,80.51922068424236,True,llava_ov_0.5b,15000,2.0,196,rlt,0.6,18622,235200,0.07917517006802721,none,,,,,0.16666666666666666,228802560,2016203264,3054350336
910,1,0.012592643965035677,79.41144074084579,True,llava_ov_0.5b,15000,2.0,196,rlt,0.6,18622,235200,0.07917517006802721,none,,,,,0.16666666666666666,228802560,2016203264,3054350336
911,1,0.012581258080899715,79.48330711998936,True,llava_ov_0.5b,15000,2.0,196,rlt,0.6,18622,235200,0.07917517006802721,none,,,,,0.16666666666666666,228802560,2016203264,3054350336
912,1,0.012516307178884745,79.89577003087777,True,llava_ov_0.5b,15000,2.0,196,rlt,0.6,18622,235200,0.07917517006802721,none,,,,,0.16666666666666666,228802560,2016203264,3054350336
913,1,0.012127658119425178,82.45615024373706,True,llava_ov_0.5b,15000,2.0,196,rlt,0.6,18622,235200,0.07917517006802721,none,,,,,0.16666666666666666,228802560,2016203264,3054350336
914,1,0.012472339905798435,80.17741719299171,True,llava_ov_0.5b,15000,2.0,196,rlt,0.6,18622,235200,0.07917517006802721,none,,,,,0.16666666666666666,228802560,2016203264,3054350336
915,1,0.012296881061047316,81.32143386892537,True,llava_ov_0.5b,15000,2.0,196,rlt,0.6,18622,235200,0.07917517006802721,none,,,,,0.16666666666666666,228802560,2016203264,3054350336
916,1,0.012506334809586406,79.95947775470364,True,llava_ov_0.5b,15000,2.0,196,rlt,0.6,18622,235200,0.07917517006802721,none,,,,,0.16666666666666666,228802560,2016203264,3054350336
917,1,0.012277403846383095,81.45044445162554,True,llava_ov_0.5b,15000,2.0,196,rlt,0.6,18622,235200,0.07917517006802721,none,,,,,0.16666666666666666,228802560,2016203264,3054350336
918,1,0.01243897806853056,80.39245623640946,True,llava_ov_0.5b,15000,2.0,196,rlt,0.6,18622,235200,0.07917517006802721,none,,,,,0.16666666666666666,228802560,2016203264,3054350336
919,1,0.06212983303703368,16.095327335000736,True,llava_ov_0.5b,15000,2.0,196,rlt,0.6,18622,235200,0.07917517006802721,none,,,,,0.16666666666666666,228802560,2016203264,3054350336
920,1,0.012780434917658567,78.24459859486569,True,llava_ov_0.5b,15000,2.0,196,rlt,0.6,18622,235200,0.07917517006802721,none,,,,,0.16666666666666666,228802560,2016203264,3054350336
921,1,0.012672865064814687,78.90875464116077,True,llava_ov_0.5b,15000,2.0,196,rlt,0.6,18622,235200,0.07917517006802721,none,,,,,0.16666666666666666,228802560,2016203264,3054350336
922,1,0.012586057186126709,79.45299987213427,True,llava_ov_0.5b,15000,2.0,196,rlt,0.6,18622,235200,0.07917517006802721,none,,,,,0.16666666666666666,228802560,2016203264,3054350336
923,1,0.01216192590072751,82.22381949722136,True,llava_ov_0.5b,15000,2.0,196,rlt,0.6,18622,235200,0.07917517006802721,none,,,,,0.16666666666666666,228802560,2016203264,3054350336
924,1,0.012528585968539119,79.81746723142803,True,llava_ov_0.5b,15000,2.0,196,rlt,0.6,18622,235200,0.07917517006802721,none,,,,,0.16666666666666666,228802560,2016203264,3054350336
925,1,0.012542302953079343,79.73017425436079,True,llava_ov_0.5b,15000,2.0,196,rlt,0.6,18622,235200,0.07917517006802721,none,,,,,0.16666666666666666,228802560,2016203264,3054350336
926,1,0.011896257987245917,84.06004653497837,True,llava_ov_0.5b,15000,2.0,196,rlt,0.6,18622,235200,0.07917517006802721,none,,,,,0.16666666666666666,228802560,2016203264,3054350336
927,1,0.012425367953255773,80.48051403885981,True,llava_ov_0.5b,15000,2.0,196,rlt,0.6,18622,235200,0.07917517006802721,none,,,,,0.16666666666666666,228802560,2016203264,3054350336
928,1,0.012584540992975235,79.46257241787411,True,llava_ov_0.5b,15000,2.0,196,rlt,0.6,18622,235200,0.07917517006802721,none,,,,,0.16666666666666666,228802560,2016203264,3054350336
929,1,0.012340483022853732,81.0341052411051,True,llava_ov_0.5b,15000,2.0,196,rlt,0.6,18622,235200,0.07917517006802721,none,,,,,0.16666666666666666,228802560,2016203264,3054350336
930,1,0.012549440143629909,79.68482964617347,True,llava_ov_0.5b,15000,2.0,196,rlt,0.6,18622,235200,0.07917517006802721,none,,,,,0.16666666666666666,228802560,2016203264,3054350336
931,1,0.012560995994135737,79.61152128914482,True,llava_ov_0.5b,15000,2.0,196,rlt,0.6,18622,235200,0.07917517006802721,none,,,,,0.16666666666666666,228802560,2016203264,3054350336
932,1,0.012261924101039767,81.55326943470507,True,llava_ov_0.5b,15000,2.0,196,rlt,0.6,18622,235200,0.07917517006802721,none,,,,,0.16666666666666666,228802560,2016203264,3054350336
933,1,0.012436857214197516,80.4061655430467,True,llava_ov_0.5b,15000,2.0,196,rlt,0.6,18622,235200,0.07917517006802721,none,,,,,0.16666666666666666,228802560,2016203264,3054350336
934,1,0.06339901615865529,15.773115429701809,True,llava_ov_0.5b,15000,2.0,196,rlt,0.6,18622,235200,0.07917517006802721,none,,,,,0.16666666666666666,228802560,2016203264,3054350336
935,1,0.01288201310671866,77.6276185807051,True,llava_ov_0.5b,15000,2.0,196,rlt,0.6,18622,235200,0.07917517006802721,none,,,,,0.16666666666666666,228802560,2016203264,3054350336
936,1,0.012639177031815052,79.1190753545759,True,llava_ov_0.5b,15000,2.0,196,rlt,0.6,18622,235200,0.07917517006802721,none,,,,,0.16666666666666666,228802560,2016203264,3054350336
937,1,0.012680010870099068,78.86428570484239,True,llava_ov_0.5b,15000,2.0,196,rlt,0.6,18622,235200,0.07917517006802721,none,,,,,0.16666666666666666,228802560,2016203264,3054350336
938,1,0.012302649905905128,81.28330137395942,True,llava_ov_0.5b,15000,2.0,196,rlt,0.6,18622,235200,0.07917517006802721,none,,,,,0.16666666666666666,228802560,2016203264,3054350336
939,1,0.012484217993915081,80.10113252487332,True,llava_ov_0.5b,15000,2.0,196,rlt,0.6,18622,235200,0.07917517006802721,none,,,,,0.16666666666666666,228802560,2016203264,3054350336
940,1,0.012558058137074113,79.63014576654834,True,llava_ov_0.5b,15000,2.0,196,rlt,0.6,18622,235200,0.07917517006802721,none,,,,,0.16666666666666666,228802560,2016203264,3054350336
941,1,0.012293583014979959,81.34325027792805,True,llava_ov_0.5b,15000,2.0,196,rlt,0.6,18622,235200,0.07917517006802721,none,,,,,0.16666666666666666,228802560,2016203264,3054350336
942,1,0.012570580001920462,79.55082421393648,True,llava_ov_0.5b,15000,2.0,196,rlt,0.6,18622,235200,0.07917517006802721,none,,,,,0.16666666666666666,228802560,2016203264,3054350336
943,1,0.01229156507179141,81.35660464385899,True,llava_ov_0.5b,15000,2.0,196,rlt,0.6,18622,235200,0.07917517006802721,none,,,,,0.16666666666666666,228802560,2016203264,3054350336
944,1,0.012510099913924932,79.93541273694423,True,llava_ov_0.5b,15000,2.0,196,rlt,0.6,18622,235200,0.07917517006802721,none,,,,,0.16666666666666666,228802560,2016203264,3054350336
945,1,0.011892833979800344,84.08424785029985,True,llava_ov_0.5b,15000,2.0,196,rlt,0.6,18622,235200,0.07917517006802721,none,,,,,0.16666666666666666,228802560,2016203264,3054350336
946,1,0.012669577961787581,78.92922739937168,True,llava_ov_0.5b,15000,2.0,196,rlt,0.6,18622,235200,0.07917517006802721,none,,,,,0.16666666666666666,228802560,2016203264,3054350336
947,1,0.01264793099835515,79.06431495633942,True,llava_ov_0.5b,15000,2.0,196,rlt,0.6,18622,235200,0.07917517006802721,none,,,,,0.16666666666666666,228802560,2016203264,3054350336
948,1,0.012397421058267355,80.66193729325174,True,llava_ov_0.5b,15000,2.0,196,rlt,0.6,18622,235200,0.07917517006802721,none,,,,,0.16666666666666666,228802560,2016203264,3054350336
949,1,0.01229037786833942,81.36446338041779,True,llava_ov_0.5b,15000,2.0,196,rlt,0.6,18622,235200,0.07917517006802721,none,,,,,0.16666666666666666,228802560,2016203264,3054350336
950,1,0.012280979193747044,81.42673187730485,True,llava_ov_0.5b,15000,2.0,196,rlt,0.6,18622,235200,0.07917517006802721,none,,,,,0.16666666666666666,228802560,2016203264,3054350336
951,1,0.012301312992349267,81.29213528848054,True,llava_ov_0.5b,15000,2.0,196,rlt,0.6,18622,235200,0.07917517006802721,none,,,,,0.16666666666666666,228802560,2016203264,3054350336
952,1,0.012272513005882502,81.48290407357293,True,llava_ov_0.5b,15000,2.0,196,rlt,0.6,18622,235200,0.07917517006802721,none,,,,,0.16666666666666666,228802560,2016203264,3054350336
953,1,0.012610587989911437,79.29844356187097,True,llava_ov_0.5b,15000,2.0,196,rlt,0.6,18622,235200,0.07917517006802721,none,,,,,0.16666666666666666,228802560,2016203264,3054350336
954,1,0.06371852499432862,15.694023050423827,True,llava_ov_0.5b,15000,2.0,196,rlt,0.6,18622,235200,0.07917517006802721,none,,,,,0.16666666666666666,228802560,2016203264,3054350336
955,1,0.012719524092972279,78.61929366936884,True,llava_ov_0.5b,15000,2.0,196,rlt,0.6,18622,235200,0.07917517006802721,none,,,,,0.16666666666666666,228802560,2016203264,3054350336
956,1,0.012461310951039195,80.24837867613009,True,llava_ov_0.5b,15000,2.0,196,rlt,0.6,18622,235200,0.07917517006802721,none,,,,,0.16666666666666666,228802560,2016203264,3054350336
957,1,0.012709925882518291,78.67866494606687,True,llava_ov_0.5b,15000,2.0,196,rlt,0.6,18622,235200,0.07917517006802721,none,,,,,0.16666666666666666,228802560,2016203264,3054350336
958,1,0.012502625118941069,79.98320276635606,True,llava_ov_0.5b,15000,2.0,196,rlt,0.6,18622,235200,0.07917517006802721,none,,,,,0.16666666666666666,228802560,2016203264,3054350336
959,1,0.012563219061121345,79.59743399640632,True,llava_ov_0.5b,15000,2.0,196,rlt,0.6,18622,235200,0.07917517006802721,none,,,,,0.16666666666666666,228802560,2016203264,3054350336
960,1,0.012621801113709807,79.22799535430799,True,llava_ov_0.5b,15000,2.0,196,rlt,0.6,18622,235200,0.07917517006802721,none,,,,,0.16666666666666666,228802560,2016203264,3054350336
961,1,0.012320350157096982,81.16652426667943,True,llava_ov_0.5b,15000,2.0,196,rlt,0.6,18622,235200,0.07917517006802721,none,,,,,0.16666666666666666,228802560,2016203264,3054350336
962,1,0.012437298893928528,80.40331011809698,True,llava_ov_0.5b,15000,2.0,196,rlt,0.6,18622,235200,0.07917517006802721,none,,,,,0.16666666666666666,228802560,2016203264,3054350336
963,1,0.012369225034490228,80.84580862678217,True,llava_ov_0.5b,15000,2.0,196,rlt,0.6,18622,235200,0.07917517006802721,none,,,,,0.16666666666666666,228802560,2016203264,3054350336
964,1,0.012460730038583279,80.25211981188984,True,llava_ov_0.5b,15000,2.0,196,rlt,0.6,18622,235200,0.07917517006802721,none,,,,,0.16666666666666666,228802560,2016203264,3054350336
965,1,0.012559459079056978,79.62126344019941,True,llava_ov_0.5b,15000,2.0,196,rlt,0.6,18622,235200,0.07917517006802721,none,,,,,0.16666666666666666,228802560,2016203264,3054350336
966,1,0.012409355025738478,80.58436541833811,True,llava_ov_0.5b,15000,2.0,196,rlt,0.6,18622,235200,0.07917517006802721,none,,,,,0.16666666666666666,228802560,2016203264,3054350336
967,1,0.012272567953914404,81.48253924974556,True,llava_ov_0.5b,15000,2.0,196,rlt,0.6,18622,235200,0.07917517006802721,none,,,,,0.16666666666666666,228802560,2016203264,3054350336
968,1,0.012262834934517741,81.54721198971491,True,llava_ov_0.5b,15000,2.0,196,rlt,0.6,18622,235200,0.07917517006802721,none,,,,,0.16666666666666666,228802560,2016203264,3054350336
969,1,0.06361294584348798,15.720070604187708,True,llava_ov_0.5b,15000,2.0,196,rlt,0.6,18622,235200,0.07917517006802721,none,,,,,0.16666666666666666,228802560,2016203264,3054350336
970,1,0.012823532102629542,77.98163501262994,True,llava_ov_0.5b,15000,2.0,196,rlt,0.6,18622,235200,0.07917517006802721,none,,,,,0.16666666666666666,228802560,2016203264,3054350336
971,1,0.012611184036359191,79.29469565402495,True,llava_ov_0.5b,15000,2.0,196,rlt,0.6,18622,235200,0.07917517006802721,none,,,,,0.16666666666666666,228802560,2016203264,3054350336
972,1,0.01270148903131485,78.7309265499937,True,llava_ov_0.5b,15000,2.0,196,rlt,0.6,18622,235200,0.07917517006802721,none,,,,,0.16666666666666666,228802560,2016203264,3054350336
973,1,0.012170999078080058,82.16252368312128,True,llava_ov_0.5b,15000,2.0,196,rlt,0.6,18622,235200,0.07917517006802721,none,,,,,0.16666666666666666,228802560,2016203264,3054350336
974,1,0.012666373047977686,78.94919849685463,True,llava_ov_0.5b,15000,2.0,196,rlt,0.6,18622,235200,0.07917517006802721,none,,,,,0.16666666666666666,228802560,2016203264,3054350336
975,1,0.01258851494640112,79.43748760340361,True,llava_ov_0.5b,15000,2.0,196,rlt,0.6,18622,235200,0.07917517006802721,none,,,,,0.16666666666666666,228802560,2016203264,3054350336
976,1,0.012526944046840072,79.82792900334304,True,llava_ov_0.5b,15000,2.0,196,rlt,0.6,18622,235200,0.07917517006802721,none,,,,,0.16666666666666666,228802560,2016203264,3054350336
977,1,0.01257639890536666,79.5140172894226,True,llava_ov_0.5b,15000,2.0,196,rlt,0.6,18622,235200,0.07917517006802721,none,,,,,0.16666666666666666,228802560,2016203264,3054350336
978,1,0.012431188020855188,80.44283445173137,True,llava_ov_0.5b,15000,2.0,196,rlt,0.6,18622,235200,0.07917517006802721,none,,,,,0.16666666666666666,228802560,2016203264,3054350336
979,1,0.012099260929971933,82.64967635525815,True,llava_ov_0.5b,15000,2.0,196,rlt,0.6,18622,235200,0.07917517006802721,none,,,,,0.16666666666666666,228802560,2016203264,3054350336
980,1,0.012296960921958089,81.32090573812822,True,llava_ov_0.5b,15000,2.0,196,rlt,0.6,18622,235200,0.07917517006802721,none,,,,,0.16666666666666666,228802560,2016203264,3054350336
981,1,0.012627010932192206,79.19530642446253,True,llava_ov_0.5b,15000,2.0,196,rlt,0.6,18622,235200,0.07917517006802721,none,,,,,0.16666666666666666,228802560,2016203264,3054350336
982,1,0.012689500115811825,78.8053107587701,True,llava_ov_0.5b,15000,2.0,196,rlt,0.6,18622,235200,0.07917517006802721,none,,,,,0.16666666666666666,228802560,2016203264,3054350336
983,1,0.012459301156923175,80.26132344062788,True,llava_ov_0.5b,15000,2.0,196,rlt,0.6,18622,235200,0.07917517006802721,none,,,,,0.16666666666666666,228802560,2016203264,3054350336
984,1,0.012501565972343087,79.9899790324089,True,llava_ov_0.5b,15000,2.0,196,rlt,0.6,18622,235200,0.07917517006802721,none,,,,,0.16666666666666666,228802560,2016203264,3054350336
985,1,0.01232158811762929,81.15836939633095,True,llava_ov_0.5b,15000,2.0,196,rlt,0.6,18622,235200,0.07917517006802721,none,,,,,0.16666666666666666,228802560,2016203264,3054350336
986,1,0.0124737280420959,80.1684946653667,True,llava_ov_0.5b,15000,2.0,196,rlt,0.6,18622,235200,0.07917517006802721,none,,,,,0.16666666666666666,228802560,2016203264,3054350336
987,1,0.01243881112895906,80.3935351724956,True,llava_ov_0.5b,15000,2.0,196,rlt,0.6,18622,235200,0.07917517006802721,none,,,,,0.16666666666666666,228802560,2016203264,3054350336
988,1,0.06570503395050764,15.219534027685773,True,llava_ov_0.5b,15000,2.0,196,rlt,0.6,18622,235200,0.07917517006802721,none,,,,,0.16666666666666666,228802560,2016203264,3054350336
989,1,0.012775572948157787,78.27437595620304,True,llava_ov_0.5b,15000,2.0,196,rlt,0.6,18622,235200,0.07917517006802721,none,,,,,0.16666666666666666,228802560,2016203264,3054350336
990,1,0.01267222804017365,78.91272133280651,True,llava_ov_0.5b,15000,2.0,196,rlt,0.6,18622,235200,0.07917517006802721,none,,,,,0.16666666666666666,228802560,2016203264,3054350336
991,1,0.012629501055926085,79.17969170530094,True,llava_ov_0.5b,15000,2.0,196,rlt,0.6,18622,235200,0.07917517006802721,none,,,,,0.16666666666666666,228802560,2016203264,3054350336
992,1,0.012517575174570084,79.88767681072424,True,llava_ov_0.5b,15000,2.0,196,rlt,0.6,18622,235200,0.07917517006802721,none,,,,,0.16666666666666666,228802560,2016203264,3054350336
993,1,0.012653443031013012,79.02987333558508,True,llava_ov_0.5b,15000,2.0,196,rlt,0.6,18622,235200,0.07917517006802721,none,,,,,0.16666666666666666,228802560,2016203264,3054350336
994,1,0.012281845090910792,81.42099111313921,True,llava_ov_0.5b,15000,2.0,196,rlt,0.6,18622,235200,0.07917517006802721,none,,,,,0.16666666666666666,228802560,2016203264,3054350336
995,1,0.012530786916613579,79.8034478324884,True,llava_ov_0.5b,15000,2.0,196,rlt,0.6,18622,235200,0.07917517006802721,none,,,,,0.16666666666666666,228802560,2016203264,3054350336
996,1,0.0122955699916929,81.33010512531077,True,llava_ov_0.5b,15000,2.0,196,rlt,0.6,18622,235200,0.07917517006802721,none,,,,,0.16666666666666666,228802560,2016203264,3054350336
997,1,0.012423336040228605,80.49367712197848,True,llava_ov_0.5b,15000,2.0,196,rlt,0.6,18622,235200,0.07917517006802721,none,,,,,0.16666666666666666,228802560,2016203264,3054350336
998,1,0.012487159809097648,80.08226172227249,True,llava_ov_0.5b,15000,2.0,196,rlt,0.6,18622,235200,0.07917517006802721,none,,,,,0.16666666666666666,228802560,2016203264,3054350336
999,1,0.012190549867227674,82.0307542228541,True,llava_ov_0.5b,15000,2.0,196,rlt,0.6,18622,235200,0.07917517006802721,none,,,,,0.16666666666666666,228802560,2016203264,3054350336
1000,1,0.0125408039893955,79.73970415657558,True,llava_ov_0.5b,15000,2.0,196,rlt,0.6,18622,235200,0.07917517006802721,none,,,,,0.16666666666666666,228802560,2016203264,3054350336
1001,1,0.06418069312348962,15.581009667126951,True,llava_ov_0.5b,15000,2.0,196,rlt,0.6,18622,235200,0.07917517006802721,none,,,,,0.16666666666666666,228802560,2016203264,3054350336
1002,1,0.012925951043143868,77.36374651754666,True,llava_ov_0.5b,15000,2.0,196,rlt,0.6,18622,235200,0.07917517006802721,none,,,,,0.16666666666666666,228802560,2016203264,3054350336
1003,1,0.012784464983269572,78.21993343551357,True,llava_ov_0.5b,15000,2.0,196,rlt,0.6,18622,235200,0.07917517006802721,none,,,,,0.16666666666666666,228802560,2016203264,3054350336
1004,1,0.012395472032949328,80.67462032440761,True,llava_ov_0.5b,15000,2.0,196,rlt,0.6,18622,235200,0.07917517006802721,none,,,,,0.16666666666666666,228802560,2016203264,3054350336
1005,1,0.012602861039340496,79.3470622962871,True,llava_ov_0.5b,15000,2.0,196,rlt,0.6,18622,235200,0.07917517006802721,none,,,,,0.16666666666666666,228802560,2016203264,3054350336
1006,1,0.011560519924387336,86.50129981528458,True,llava_ov_0.5b,15000,2.0,196,rlt,0.6,18622,235200,0.07917517006802721,none,,,,,0.16666666666666666,228802560,2016203264,3054350336
1007,1,0.012430144939571619,80.44958484888456,True,llava_ov_0.5b,15000,2.0,196,rlt,0.6,18622,235200,0.07917517006802721,none,,,,,0.16666666666666666,228802560,2016203264,3054350336
1008,1,0.01249925815500319,80.00474808976732,True,llava_ov_0.5b,15000,2.0,196,rlt,0.6,18622,235200,0.07917517006802721,none,,,,,0.16666666666666666,228802560,2016203264,3054350336
1009,1,0.012407001107931137,80.59965428396336,True,llava_ov_0.5b,15000,2.0,196,rlt,0.6,18622,235200,0.07917517006802721,none,,,,,0.16666666666666666,228802560,2016203264,3054350336
1010,1,0.012163957115262747,82.21008924351173,True,llava_ov_0.5b,15000,2.0,196,rlt,0.6,18622,235200,0.07917517006802721,none,,,,,0.16666666666666666,228802560,2016203264,3054350336
1011,1,0.06211641407571733,16.09880439622676,True,llava_ov_0.5b,15000,2.0,196,rlt,0.6,18622,235200,0.07917517006802721,none,,,,,0.16666666666666666,228802560,2016203264,3054350336
1012,1,0.014763355953618884,67.73527666349288,True,llava_ov_0.5b,15000,2.0,196,rlt,0.6,18622,235200,0.07917517006802721,none,,,,,0.16666666666666666,228802560,2016203264,3054350336
1013,1,0.012662747176364064,78.97180493870813,True,llava_ov_0.5b,15000,2.0,196,rlt,0.6,18622,235200,0.07917517006802721,none,,,,,0.16666666666666666,228802560,2016203264,3054350336
1014,1,0.012653532903641462,79.02931202021988,True,llava_ov_0.5b,15000,2.0,196,rlt,0.6,18622,235200,0.07917517006802721,none,,,,,0.16666666666666666,228802560,2016203264,3054350336
1015,1,0.012499192962422967,80.00516537398508,True,llava_ov_0.5b,15000,2.0,196,rlt,0.6,18622,235200,0.07917517006802721,none,,,,,0.16666666666666666,228802560,2016203264,3054350336
1016,1,0.01230407995171845,81.2738541950335,True,llava_ov_0.5b,15000,2.0,196,rlt,0.6,18622,235200,0.07917517006802721,none,,,,,0.16666666666666666,228802560,2016203264,3054350336
1017,1,0.012569600949063897,79.55702046964932,True,llava_ov_0.5b,15000,2.0,196,rlt,0.6,18622,235200,0.07917517006802721,none,,,,,0.16666666666666666,228802560,2016203264,3054350336
1018,1,0.012628126190975308,79.18831225448555,True,llava_ov_0.5b,15000,2.0,196,rlt,0.6,18622,235200,0.07917517006802721,none,,,,,0.16666666666666666,228802560,2016203264,3054350336
1019,1,0.012208253145217896,81.91180082071863,True,llava_ov_0.5b,15000,2.0,196,rlt,0.6,18622,235200,0.07917517006802721,none,,,,,0.16666666666666666,228802560,2016203264,3054350336
1020,1,0.012518705101683736,79.88046622054404,True,llava_ov_0.5b,15000,2.0,196,rlt,0.6,18622,235200,0.07917517006802721,none,,,,,0.16666666666666666,228802560,2016203264,3054350336
1021,1,0.01227352418936789,81.47619091069734,True,llava_ov_0.5b,15000,2.0,196,rlt,0.6,18622,235200,0.07917517006802721,none,,,,,0.16666666666666666,228802560,2016203264,3054350336
1022,1,0.01258170697838068,79.48047126819229,True,llava_ov_0.5b,15000,2.0,196,rlt,0.6,18622,235200,0.07917517006802721,none,,,,,0.16666666666666666,228802560,2016203264,3054350336
1023,1,0.012574789114296436,79.52419646251462,True,llava_ov_0.5b,15000,2.0,196,rlt,0.6,18622,235200,0.07917517006802721,none,,,,,0.16666666666666666,228802560,2016203264,3054350336
1024,1,0.012393474811688066,80.68762112276356,True,llava_ov_0.5b,15000,2.0,196,rlt,0.6,18622,235200,0.07917517006802721,none,,,,,0.16666666666666666,228802560,2016203264,3054350336
1025,1,0.01253620907664299,79.7689312523643,True,llava_ov_0.5b,15000,2.0,196,rlt,0.6,18622,235200,0.07917517006802721,none,,,,,0.16666666666666666,228802560,2016203264,3054350336
1026,1,0.012454235926270485,80.29396631957474,True,llava_ov_0.5b,15000,2.0,196,rlt,0.6,18622,235200,0.07917517006802721,none,,,,,0.16666666666666666,228802560,2016203264,3054350336
1027,1,0.01249538199044764,80.02956618408875,True,llava_ov_0.5b,15000,2.0,196,rlt,0.6,18622,235200,0.07917517006802721,none,,,,,0.16666666666666666,228802560,2016203264,3054350336
1028,1,0.06419703806750476,15.577042650292922,True,llava_ov_0.5b,15000,2.0,196,rlt,0.6,18622,235200,0.07917517006802721,none,,,,,0.16666666666666666,228802560,2016203264,3054350336
1029,1,0.012582477182149887,79.47560607688989,True,llava_ov_0.5b,15000,2.0,196,rlt,0.6,18622,235200,0.07917517006802721,none,,,,,0.16666666666666666,228802560,2016203264,3054350336
1030,1,0.012551253894343972,79.67331458816513,True,llava_ov_0.5b,15000,2.0,196,rlt,0.6,18622,235200,0.07917517006802721,none,,,,,0.16666666666666666,228802560,2016203264,3054350336
1031,1,0.012595453066751361,79.39372999925929,True,llava_ov_0.5b,15000,2.0,196,rlt,0.6,18622,235200,0.07917517006802721,none,,,,,0.16666666666666666,228802560,2016203264,3054350336
1032,1,0.01262976904399693,79.1780116102211,True,llava_ov_0.5b,15000,2.0,196,rlt,0.6,18622,235200,0.07917517006802721,none,,,,,0.16666666666666666,228802560,2016203264,3054350336
1033,1,0.012535197893157601,79.77536601523099,True,llava_ov_0.5b,15000,2.0,196,rlt,0.6,18622,235200,0.07917517006802721,none,,,,,0.16666666666666666,228802560,2016203264,3054350336
1034,1,0.012351531069725752,80.96162284294068,True,llava_ov_0.5b,15000,2.0,196,rlt,0.6,18622,235200,0.07917517006802721,none,,,,,0.16666666666666666,228802560,2016203264,3054350336
1035,1,0.012610338861122727,79.30001017521964,True,llava_ov_0.5b,15000,2.0,196,rlt,0.6,18622,235200,0.07917517006802721,none,,,,,0.16666666666666666,228802560,2016203264,3054350336
1036,1,0.012683563167229295,78.84219811225559,True,llava_ov_0.5b,15000,2.0,196,rlt,0.6,18622,235200,0.07917517006802721,none,,,,,0.16666666666666666,228802560,2016203264,3054350336
1037,1,0.012646962888538837,79.0703672346693,True,llava_ov_0.5b,15000,2.0,196,rlt,0.6,18622,235200,0.07917517006802721,none,,,,,0.16666666666666666,228802560,2016203264,3054350336
1038,1,0.01276018307544291,78.36878155177172,True,llava_ov_0.5b,15000,2.0,196,rlt,0.6,18622,235200,0.07917517006802721,none,,,,,0.16666666666666666,228802560,2016203264,3054350336
1039,1,0.012102521024644375,82.62741274844299,True,llava_ov_0.5b,15000,2.0,196,rlt,0.6,18622,235200,0.07917517006802721,none,,,,,0.16666666666666666,228802560,2016203264,3054350336
1040,1,0.012526785023510456,79.82894239209703,True,llava_ov_0.5b,15000,2.0,196,rlt,0.6,18622,235200,0.07917517006802721,none,,,,,0.16666666666666666,228802560,2016203264,3054350336
1041,1,0.012582774041220546,79.47373104881717,True,llava_ov_0.5b,15000,2.0,196,rlt,0.6,18622,235200,0.07917517006802721,none,,,,,0.16666666666666666,228802560,2016203264,3054350336
1042,1,0.012560726143419743,79.61323163819439,True,llava_ov_0.5b,15000,2.0,196,rlt,0.6,18622,235200,0.07917517006802721,none,,,,,0.16666666666666666,228802560,2016203264,3054350336
1043,1,0.01264589186757803,79.07706395654341,True,llava_ov_0.5b,15000,2.0,196,rlt,0.6,18622,235200,0.07917517006802721,none,,,,,0.16666666666666666,228802560,2016203264,3054350336
1044,1,0.012129186186939478,82.44576219604781,True,llava_ov_0.5b,15000,2.0,196,rlt,0.6,18622,235200,0.07917517006802721,none,,,,,0.16666666666666666,228802560,2016203264,3054350336
1045,1,0.012518109986558557,79.8842637645587,True,llava_ov_0.5b,15000,2.0,196,rlt,0.6,18622,235200,0.07917517006802721,none,,,,,0.16666666666666666,228802560,2016203264,3054350336
1046,1,0.012411971110850573,80.5673805609971,True,llava_ov_0.5b,15000,2.0,196,rlt,0.6,18622,235200,0.07917517006802721,none,,,,,0.16666666666666666,228802560,2016203264,3054350336
1047,1,0.01255606091581285,79.64281208134473,True,llava_ov_0.5b,15000,2.0,196,rlt,0.6,18622,235200,0.07917517006802721,none,,,,,0.16666666666666666,228802560,2016203264,3054350336
1048,1,0.012492642039433122,80.04711868342119,True,llava_ov_0.5b,15000,2.0,196,rlt,0.6,18622,235200,0.07917517006802721,none,,,,,0.16666666666666666,228802560,2016203264,3054350336
1049,1,0.01226581889204681,81.52737365528874,True,llava_ov_0.5b,15000,2.0,196,rlt,0.6,18622,235200,0.07917517006802721,none,,,,,0.16666666666666666,228802560,2016203264,3054350336
1050,1,0.012270963052287698,81.49319623398004,True,llava_ov_0.5b,15000,2.0,196,rlt,0.6,18622,235200,0.07917517006802721,none,,,,,0.16666666666666666,228802560,2016203264,3054350336
1051,1,0.012350596953183413,80.96774623855296,True,llava_ov_0.5b,15000,2.0,196,rlt,0.6,18622,235200,0.07917517006802721,none,,,,,0.16666666666666666,228802560,2016203264,3054350336
1052,1,0.012496064882725477,80.02519268144943,True,llava_ov_0.5b,15000,2.0,196,rlt,0.6,18622,235200,0.07917517006802721,none,,,,,0.16666666666666666,228802560,2016203264,3054350336
1053,1,0.012547265039756894,79.69864323670772,True,llava_ov_0.5b,15000,2.0,196,rlt,0.6,18622,235200,0.07917517006802721,none,,,,,0.16666666666666666,228802560,2016203264,3054350336
1054,1,0.012552890926599503,79.66292432932767,True,llava_ov_0.5b,15000,2.0,196,rlt,0.6,18622,235200,0.07917517006802721,none,,,,,0.16666666666666666,228802560,2016203264,3054350336
1055,1,0.06127897882834077,16.31880979611743,True,llava_ov_0.5b,15000,2.0,196,rlt,0.6,18622,235200,0.07917517006802721,none,,,,,0.16666666666666666,228802560,2016203264,3054350336
1056,1,0.012688475893810391,78.81167197455238,True,llava_ov_0.5b,15000,2.0,196,rlt,0.6,18622,235200,0.07917517006802721,none,,,,,0.16666666666666666,228802560,2016203264,3054350336
1057,1,0.012420570943504572,80.51159681374851,True,llava_ov_0.5b,15000,2.0,196,rlt,0.6,18622,235200,0.07917517006802721,none,,,,,0.16666666666666666,228802560,2016203264,3054350336
1058,1,0.012417281046509743,80.53292796180051,True,llava_ov_0.5b,15000,2.0,196,rlt,0.6,18622,235200,0.07917517006802721,none,,,,,0.16666666666666666,228802560,2016203264,3054350336
1059,1,0.012516418006271124,79.89506258891068,True,llava_ov_0.5b,15000,2.0,196,rlt,0.6,18622,235200,0.07917517006802721,none,,,,,0.16666666666666666,228802560,2016203264,3054350336
1060,1,0.01245757401920855,80.27245099712694,True,llava_ov_0.5b,15000,2.0,196,rlt,0.6,18622,235200,0.07917517006802721,none,,,,,0.16666666666666666,228802560,2016203264,3054350336
1061,1,0.012453604955226183,80.2980344723676,True,llava_ov_0.5b,15000,2.0,196,rlt,0.6,18622,235200,0.07917517006802721,none,,,,,0.16666666666666666,228802560,2016203264,3054350336
1062,1,0.012613595928996801,79.27953342005725,True,llava_ov_0.5b,15000,2.0,196,rlt,0.6,18622,235200,0.07917517006802721,none,,,,,0.16666666666666666,228802560,2016203264,3054350336
1063,1,0.012479116907343268,80.13387545168004,True,llava_ov_0.5b,15000,2.0,196,rlt,0.6,18622,235200,0.07917517006802721,none,,,,,0.16666666666666666,228802560,2016203264,3054350336
1064,1,0.012556072091683745,79.64274119311001,True,llava_ov_0.5b,15000,2.0,196,rlt,0.6,18622,235200,0.07917517006802721,none,,,,,0.16666666666666666,228802560,2016203264,3054350336
1065,1,0.012263258919119835,81.54439261172939,True,llava_ov_0.5b,15000,2.0,196,rlt,0.6,18622,235200,0.07917517006802721,none,,,,,0.16666666666666666,228802560,2016203264,3054350336
1066,1,0.012440286111086607,80.3840033155519,True,llava_ov_0.5b,15000,2.0,196,rlt,0.6,18622,235200,0.07917517006802721,none,,,,,0.16666666666666666,228802560,2016203264,3054350336
1067,1,0.01254661800339818,79.702753341909,True,llava_ov_0.5b,15000,2.0,196,rlt,0.6,18622,235200,0.07917517006802721,none,,,,,0.16666666666666666,228802560,2016203264,3054350336
1068,1,0.012449374189600348,80.32532276484672,True,llava_ov_0.5b,15000,2.0,196,rlt,0.6,18622,235200,0.07917517006802721,none,,,,,0.16666666666666666,228802560,2016203264,3054350336
1069,1,0.01238649501465261,80.73308864348223,True,llava_ov_0.5b,15000,2.0,196,rlt,0.6,18622,235200,0.07917517006802721,none,,,,,0.16666666666666666,228802560,2016203264,3054350336
1070,1,0.01234256406314671,81.0204423395192,True,llava_ov_0.5b,15000,2.0,196,rlt,0.6,18622,235200,0.07917517006802721,none,,,,,0.16666666666666666,228802560,2016203264,3054350336
1071,1,0.011817528866231441,84.62005985511044,True,llava_ov_0.5b,15000,2.0,196,rlt,0.6,18622,235200,0.07917517006802721,none,,,,,0.16666666666666666,228802560,2016203264,3054350336
1072,1,0.012470698915421963,80.1879675535542,True,llava_ov_0.5b,15000,2.0,196,rlt,0.6,18622,235200,0.07917517006802721,none,,,,,0.16666666666666666,228802560,2016203264,3054350336
1073,1,0.012417535064741969,80.53128054692387,True,llava_ov_0.5b,15000,2.0,196,rlt,0.6,18622,235200,0.07917517006802721,none,,,,,0.16666666666666666,228802560,2016203264,3054350336
1074,1,0.012593782972544432,79.40425860760735,True,llava_ov_0.5b,15000,2.0,196,rlt,0.6,18622,235200,0.07917517006802721,none,,,,,0.16666666666666666,228802560,2016203264,3054350336
1075,1,0.01234852010384202,80.9813638873915,True,llava_ov_0.5b,15000,2.0,196,rlt,0.6,18622,235200,0.07917517006802721,none,,,,,0.16666666666666666,228802560,2016203264,3054350336
1076,1,0.01254680217243731,79.70158341994026,True,llava_ov_0.5b,15000,2.0,196,rlt,0.6,18622,235200,0.07917517006802721,none,,,,,0.16666666666666666,228802560,2016203264,3054350336
1077,1,0.012564390199258924,79.59001464782447,True,llava_ov_0.5b,15000,2.0,196,rlt,0.6,18622,235200,0.07917517006802721,none,,,,,0.16666666666666666,228802560,2016203264,3054350336
1078,1,0.012190127046778798,82.03359949921496,True,llava_ov_0.5b,15000,2.0,196,rlt,0.6,18622,235200,0.07917517006802721,none,,,,,0.16666666666666666,228802560,2016203264,3054350336
1079,1,0.012542376993224025,79.72970359129266,True,llava_ov_0.5b,15000,2.0,196,rlt,0.6,18622,235200,0.07917517006802721,none,,,,,0.16666666666666666,228802560,2016203264,3054350336
1080,1,0.012627054937183857,79.19503043066862,True,llava_ov_0.5b,15000,2.0,196,rlt,0.6,18622,235200,0.07917517006802721,none,,,,,0.16666666666666666,228802560,2016203264,3054350336
1081,1,0.012429467169567943,80.45397170752258,True,llava_ov_0.5b,15000,2.0,196,rlt,0.6,18622,235200,0.07917517006802721,none,,,,,0.16666666666666666,228802560,2016203264,3054350336
1082,1,0.012404835084453225,80.6137278885137,True,llava_ov_0.5b,15000,2.0,196,rlt,0.6,18622,235200,0.07917517006802721,none,,,,,0.16666666666666666,228802560,2016203264,3054350336
1083,1,0.012359915999695659,80.90669872065662,True,llava_ov_0.5b,15000,2.0,196,rlt,0.6,18622,235200,0.07917517006802721,none,,,,,0.16666666666666666,228802560,2016203264,3054350336
1084,1,0.012173343915492296,82.1466974844405,True,llava_ov_0.5b,15000,2.0,196,rlt,0.6,18622,235200,0.07917517006802721,none,,,,,0.16666666666666666,228802560,2016203264,3054350336
1085,1,0.012373452074825764,80.8181899402622,True,llava_ov_0.5b,15000,2.0,196,rlt,0.6,18622,235200,0.07917517006802721,none,,,,,0.16666666666666666,228802560,2016203264,3054350336
1086,1,0.012546632904559374,79.70265868196445,True,llava_ov_0.5b,15000,2.0,196,rlt,0.6,18622,235200,0.07917517006802721,none,,,,,0.16666666666666666,228802560,2016203264,3054350336
1087,1,0.012460216879844666,80.2554248969434,True,llava_ov_0.5b,15000,2.0,196,rlt,0.6,18622,235200,0.07917517006802721,none,,,,,0.16666666666666666,228802560,2016203264,3054350336
1088,1,0.012416840996593237,80.53578202977442,True,llava_ov_0.5b,15000,2.0,196,rlt,0.6,18622,235200,0.07917517006802721,none,,,,,0.16666666666666666,228802560,2016203264,3054350336
1089,1,0.012412184150889516,80.56599771993676,True,llava_ov_0.5b,15000,2.0,196,rlt,0.6,18622,235200,0.07917517006802721,none,,,,,0.16666666666666666,228802560,2016203264,3054350336
1090,1,0.06384988385252655,15.661735615834326,True,llava_ov_0.5b,15000,2.0,196,rlt,0.6,18622,235200,0.07917517006802721,none,,,,,0.16666666666666666,228802560,2016203264,3054350336
1091,1,0.012602808885276318,79.34739065735462,True,llava_ov_0.5b,15000,2.0,196,rlt,0.6,18622,235200,0.07917517006802721,none,,,,,0.16666666666666666,228802560,2016203264,3054350336
1092,1,0.012572396080940962,79.53933312011567,True,llava_ov_0.5b,15000,2.0,196,rlt,0.6,18622,235200,0.07917517006802721,none,,,,,0.16666666666666666,228802560,2016203264,3054350336
1093,1,0.012357247062027454,80.9241730767767,True,llava_ov_0.5b,15000,2.0,196,rlt,0.6,18622,235200,0.07917517006802721,none,,,,,0.16666666666666666,228802560,2016203264,3054350336
1094,1,0.012369262985885143,80.84556057552689,True,llava_ov_0.5b,15000,2.0,196,rlt,0.6,18622,235200,0.07917517006802721,none,,,,,0.16666666666666666,228802560,2016203264,3054350336
1095,1,0.01241693994961679,80.53514022437243,True,llava_ov_0.5b,15000,2.0,196,rlt,0.6,18622,235200,0.07917517006802721,none,,,,,0.16666666666666666,228802560,2016203264,3054350336
1096,1,0.012519990094006062,79.87226766886576,True,llava_ov_0.5b,15000,2.0,196,rlt,0.6,18622,235200,0.07917517006802721,none,,,,,0.16666666666666666,228802560,2016203264,3054350336
1097,1,0.012542322976514697,79.73004696757405,True,llava_ov_0.5b,15000,2.0,196,rlt,0.6,18622,235200,0.07917517006802721,none,,,,,0.16666666666666666,228802560,2016203264,3054350336
1098,1,0.01256723701953888,79.5719853493057,True,llava_ov_0.5b,15000,2.0,196,rlt,0.6,18622,235200,0.07917517006802721,none,,,,,0.16666666666666666,228802560,2016203264,3054350336
1099,1,0.012360316002741456,80.90408042789562,True,llava_ov_0.5b,15000,2.0,196,rlt,0.6,18622,235200,0.07917517006802721,none,,,,,0.16666666666666666,228802560,2016203264,3054350336
1100,1,0.012435623910278082,80.41413983045088,True,llava_ov_0.5b,15000,2.0,196,rlt,0.6,18622,235200,0.07917517006802721,none,,,,,0.16666666666666666,228802560,2016203264,3054350336
1101,1,0.01213892106898129,82.37964431248427,True,llava_ov_0.5b,15000,2.0,196,rlt,0.6,18622,235200,0.07917517006802721,none,,,,,0.16666666666666666,228802560,2016203264,3054350336
1102,1,0.012431629002094269,80.43998094147895,True,llava_ov_0.5b,15000,2.0,196,rlt,0.6,18622,235200,0.07917517006802721,none,,,,,0.16666666666666666,228802560,2016203264,3054350336
1103,1,0.012572488049045205,79.5387512876533,True,llava_ov_0.5b,15000,2.0,196,rlt,0.6,18622,235200,0.07917517006802721,none,,,,,0.16666666666666666,228802560,2016203264,3054350336
1104,1,0.012567586963996291,79.56976966738378,True,llava_ov_0.5b,15000,2.0,196,rlt,0.6,18622,235200,0.07917517006802721,none,,,,,0.16666666666666666,228802560,2016203264,3054350336
1105,1,0.012610950972884893,79.29616110237237,True,llava_ov_0.5b,15000,2.0,196,rlt,0.6,18622,235200,0.07917517006802721,none,,,,,0.16666666666666666,228802560,2016203264,3054350336
1106,1,0.012227621860802174,81.78205143926462,True,llava_ov_0.5b,15000,2.0,196,rlt,0.6,18622,235200,0.07917517006802721,none,,,,,0.16666666666666666,228802560,2016203264,3054350336
1107,1,0.012315670028328896,81.19736869368603,True,llava_ov_0.5b,15000,2.0,196,rlt,0.6,18622,235200,0.07917517006802721,none,,,,,0.16666666666666666,228802560,2016203264,3054350336
1108,1,0.012467558030039072,80.20816888043521,True,llava_ov_0.5b,15000,2.0,196,rlt,0.6,18622,235200,0.07917517006802721,none,,,,,0.16666666666666666,228802560,2016203264,3054350336
1109,1,0.01246857107616961,80.20165212926737,True,llava_ov_0.5b,15000,2.0,196,rlt,0.6,18622,235200,0.07917517006802721,none,,,,,0.16666666666666666,228802560,2016203264,3054350336
1110,1,0.06783694913610816,14.741228972334802,True,llava_ov_0.5b,15000,2.0,196,rlt,0.6,18622,235200,0.07917517006802721,none,,,,,0.16666666666666666,228802560,2016203264,3054350336
1111,1,0.012708584079518914,78.68697202952724,True,llava_ov_0.5b,15000,2.0,196,rlt,0.6,18622,235200,0.07917517006802721,none,,,,,0.16666666666666666,228802560,2016203264,3054350336
1112,1,0.012515187030658126,79.90292095118724,True,llava_ov_0.5b,15000,2.0,196,rlt,0.6,18622,235200,0.07917517006802721,none,,,,,0.16666666666666666,228802560,2016203264,3054350336
1113,1,0.012632837984710932,79.15877661142048,True,llava_ov_0.5b,15000,2.0,196,rlt,0.6,18622,235200,0.07917517006802721,none,,,,,0.16666666666666666,228802560,2016203264,3054350336
1114,1,0.012310897000133991,81.22884952973907,True,llava_ov_0.5b,15000,2.0,196,rlt,0.6,18622,235200,0.07917517006802721,none,,,,,0.16666666666666666,228802560,2016203264,3054350336
1115,1,0.012434944976121187,80.41853035299305,True,llava_ov_0.5b,15000,2.0,196,rlt,0.6,18622,235200,0.07917517006802721,none,,,,,0.16666666666666666,228802560,2016203264,3054350336
1116,1,0.012766937958076596,78.32731726932079,True,llava_ov_0.5b,15000,2.0,196,rlt,0.6,18622,235200,0.07917517006802721,none,,,,,0.16666666666666666,228802560,2016203264,3054350336
1117,1,0.012534685898572206,79.77862453768446,True,llava_ov_0.5b,15000,2.0,196,rlt,0.6,18622,235200,0.07917517006802721,none,,,,,0.16666666666666666,228802560,2016203264,3054350336
1118,1,0.012413180898874998,80.5595284678909,True,llava_ov_0.5b,15000,2.0,196,rlt,0.6,18622,235200,0.07917517006802721,none,,,,,0.16666666666666666,228802560,2016203264,3054350336
1119,1,0.012500249082222581,79.99840590554032,True,llava_ov_0.5b,15000,2.0,196,rlt,0.6,18622,235200,0.07917517006802721,none,,,,,0.16666666666666666,228802560,2016203264,3054350336
1120,1,0.012126883957535028,82.46141411938315,True,llava_ov_0.5b,15000,2.0,196,rlt,0.6,18622,235200,0.07917517006802721,none,,,,,0.16666666666666666,228802560,2016203264,3054350336
1121,1,0.012456754921004176,80.27772933975224,True,llava_ov_0.5b,15000,2.0,196,rlt,0.6,18622,235200,0.07917517006802721,none,,,,,0.16666666666666666,228802560,2016203264,3054350336
1122,1,0.012455492978915572,80.28586276695603,True,llava_ov_0.5b,15000,2.0,196,rlt,0.6,18622,235200,0.07917517006802721,none,,,,,0.16666666666666666,228802560,2016203264,3054350336
1123,1,0.012460675090551376,80.2524737009053,True,llava_ov_0.5b,15000,2.0,196,rlt,0.6,18622,235200,0.07917517006802721,none,,,,,0.16666666666666666,228802560,2016203264,3054350336
1124,1,0.012524912832304835,79.84087501357723,True,llava_ov_0.5b,15000,2.0,196,rlt,0.6,18622,235200,0.07917517006802721,none,,,,,0.16666666666666666,228802560,2016203264,3054350336
1125,1,0.012114524142816663,82.54554518288302,True,llava_ov_0.5b,15000,2.0,196,rlt,0.6,18622,235200,0.07917517006802721,none,,,,,0.16666666666666666,228802560,2016203264,3054350336
1126,1,0.012556873029097915,79.63766119819083,True,llava_ov_0.5b,15000,2.0,196,rlt,0.6,18622,235200,0.07917517006802721,none,,,,,0.16666666666666666,228802560,2016203264,3054350336
1127,1,0.012410098919644952,80.5795349799363,True,llava_ov_0.5b,15000,2.0,196,rlt,0.6,18622,235200,0.07917517006802721,none,,,,,0.16666666666666666,228802560,2016203264,3054350336
1128,1,0.012523825978860259,79.84780383310674,True,llava_ov_0.5b,15000,2.0,196,rlt,0.6,18622,235200,0.07917517006802721,none,,,,,0.16666666666666666,228802560,2016203264,3054350336
1129,1,0.01242190902121365,80.50292417149724,True,llava_ov_0.5b,15000,2.0,196,rlt,0.6,18622,235200,0.07917517006802721,none,,,,,0.16666666666666666,228802560,2016203264,3054350336
1130,1,0.012317255837842822,81.1869147775317,True,llava_ov_0.5b,15000,2.0,196,rlt,0.6,18622,235200,0.07917517006802721,none,,,,,0.16666666666666666,228802560,2016203264,3054350336
1131,1,0.012563091004267335,79.59824534108108,True,llava_ov_0.5b,15000,2.0,196,rlt,0.6,18622,235200,0.07917517006802721,none,,,,,0.16666666666666666,228802560,2016203264,3054350336
1132,1,0.012325007002800703,81.13585653726302,True,llava_ov_0.5b,15000,2.0,196,rlt,0.6,18622,235200,0.07917517006802721,none,,,,,0.16666666666666666,228802560,2016203264,3054350336
1133,1,0.012469687033444643,80.19447459410364,True,llava_ov_0.5b,15000,2.0,196,rlt,0.6,18622,235200,0.07917517006802721,none,,,,,0.16666666666666666,228802560,2016203264,3054350336
1134,1,0.012517780065536499,79.88636920959843,True,llava_ov_0.5b,15000,2.0,196,rlt,0.6,18622,235200,0.07917517006802721,none,,,,,0.16666666666666666,228802560,2016203264,3054350336
1135,1,0.012523896992206573,79.8473510778861,True,llava_ov_0.5b,15000,2.0,196,rlt,0.6,18622,235200,0.07917517006802721,none,,,,,0.16666666666666666,228802560,2016203264,3054350336
1136,1,0.012435527984052896,80.41476013582877,True,llava_ov_0.5b,15000,2.0,196,rlt,0.6,18622,235200,0.07917517006802721,none,,,,,0.16666666666666666,228802560,2016203264,3054350336
1137,1,0.012410365045070648,80.57780704824604,True,llava_ov_0.5b,15000,2.0,196,rlt,0.6,18622,235200,0.07917517006802721,none,,,,,0.16666666666666666,228802560,2016203264,3054350336
1138,1,0.012403108878061175,80.62494732823127,True,llava_ov_0.5b,15000,2.0,196,rlt,0.6,18622,235200,0.07917517006802721,none,,,,,0.16666666666666666,228802560,2016203264,3054350336
1139,1,0.06314571690745652,15.83638683626879,True,llava_ov_0.5b,15000,2.0,196,rlt,0.6,18622,235200,0.07917517006802721,none,,,,,0.16666666666666666,228802560,2016203264,3054350336
1140,1,0.012502507073804736,79.98395794513893,True,llava_ov_0.5b,15000,2.0,196,rlt,0.6,18622,235200,0.07917517006802721,none,,,,,0.16666666666666666,228802560,2016203264,3054350336
1141,1,0.012513624038547277,79.91290108441609,True,llava_ov_0.5b,15000,2.0,196,rlt,0.6,18622,235200,0.07917517006802721,none,,,,,0.16666666666666666,228802560,2016203264,3054350336
1142,1,0.012405413202941418,80.60997111832538,True,llava_ov_0.5b,15000,2.0,196,rlt,0.6,18622,235200,0.07917517006802721,none,,,,,0.16666666666666666,228802560,2016203264,3054350336
1143,1,0.012526162201538682,79.83291162213774,True,llava_ov_0.5b,15000,2.0,196,rlt,0.6,18622,235200,0.07917517006802721,none,,,,,0.16666666666666666,228802560,2016203264,3054350336
1144,1,0.012430115137249231,80.44977773402175,True,llava_ov_0.5b,15000,2.0,196,rlt,0.6,18622,235200,0.07917517006802721,none,,,,,0.16666666666666666,228802560,2016203264,3054350336
1145,1,0.014396345941349864,69.46207072780551,True,llava_ov_0.5b,15000,2.0,196,rlt,0.6,18622,235200,0.07917517006802721,none,,,,,0.16666666666666666,228802560,2016203264,3054350336
1146,1,0.012642957037314773,79.09542024453397,True,llava_ov_0.5b,15000,2.0,196,rlt,0.6,18622,235200,0.07917517006802721,none,,,,,0.16666666666666666,228802560,2016203264,3054350336
1147,1,0.012694429140537977,78.77471203542603,True,llava_ov_0.5b,15000,2.0,196,rlt,0.6,18622,235200,0.07917517006802721,none,,,,,0.16666666666666666,228802560,2016203264,3054350336
1148,1,0.01258549909107387,79.45652315919988,True,llava_ov_0.5b,15000,2.0,196,rlt,0.6,18622,235200,0.07917517006802721,none,,,,,0.16666666666666666,228802560,2016203264,3054350336
1149,1,0.012318444903939962,81.17907802470728,True,llava_ov_0.5b,15000,2.0,196,rlt,0.6,18622,235200,0.07917517006802721,none,,,,,0.16666666666666666,228802560,2016203264,3054350336
1150,1,0.012184523977339268,82.07132275826255,True,llava_ov_0.5b,15000,2.0,196,rlt,0.6,18622,235200,0.07917517006802721,none,,,,,0.16666666666666666,228802560,2016203264,3054350336
1151,1,0.012440613936632872,80.38188509775878,True,llava_ov_0.5b,15000,2.0,196,rlt,0.6,18622,235200,0.07917517006802721,none,,,,,0.16666666666666666,228802560,2016203264,3054350336
1152,1,0.012568953912705183,79.5611159803173,True,llava_ov_0.5b,15000,2.0,196,rlt,0.6,18622,235200,0.07917517006802721,none,,,,,0.16666666666666666,228802560,2016203264,3054350336
1153,1,0.061618144856765866,16.22898583403549,True,llava_ov_0.5b,15000,2.0,196,rlt,0.6,18622,235200,0.07917517006802721,none,,,,,0.16666666666666666,228802560,2016203264,3054350336
1154,1,0.013047527987509966,76.64287066157452,True,llava_ov_0.5b,15000,2.0,196,rlt,0.6,18622,235200,0.07917517006802721,none,,,,,0.16666666666666666,228802560,2016203264,3054350336
1155,1,0.012478508055210114,80.13778534866378,True,llava_ov_0.5b,15000,2.0,196,rlt,0.6,18622,235200,0.07917517006802721,none,,,,,0.16666666666666666,228802560,2016203264,3054350336
1156,1,0.012688346905633807,78.81247316433205,True,llava_ov_0.5b,15000,2.0,196,rlt,0.6,18622,235200,0.07917517006802721,none,,,,,0.16666666666666666,228802560,2016203264,3054350336
1157,1,0.012362005887553096,80.89302084921896,True,llava_ov_0.5b,15000,2.0,196,rlt,0.6,18622,235200,0.07917517006802721,none,,,,,0.16666666666666666,228802560,2016203264,3054350336
1158,1,0.012858442962169647,77.7699137401055,True,llava_ov_0.5b,15000,2.0,196,rlt,0.6,18622,235200,0.07917517006802721,none,,,,,0.16666666666666666,228802560,2016203264,3054350336
1159,1,0.012460417114198208,80.25413522156775,True,llava_ov_0.5b,15000,2.0,196,rlt,0.6,18622,235200,0.07917517006802721,none,,,,,0.16666666666666666,228802560,2016203264,3054350336
1160,1,0.012325383955612779,81.13337512253453,True,llava_ov_0.5b,15000,2.0,196,rlt,0.6,18622,235200,0.07917517006802721,none,,,,,0.16666666666666666,228802560,2016203264,3054350336
1161,1,0.0126201999373734,79.23804733383065,True,llava_ov_0.5b,15000,2.0,196,rlt,0.6,18622,235200,0.07917517006802721,none,,,,,0.16666666666666666,228802560,2016203264,3054350336
1162,1,0.012556883040815592,79.6375977023553,True,llava_ov_0.5b,15000,2.0,196,rlt,0.6,18622,235200,0.07917517006802721,none,,,,,0.16666666666666666,228802560,2016203264,3054350336
1163,1,0.012538951123133302,79.75148720016021,True,llava_ov_0.5b,15000,2.0,196,rlt,0.6,18622,235200,0.07917517006802721,none,,,,,0.16666666666666666,228802560,2016203264,3054350336
1164,1,0.012568589998409152,79.56341961401982,True,llava_ov_0.5b,15000,2.0,196,rlt,0.6,18622,235200,0.07917517006802721,none,,,,,0.16666666666666666,228802560,2016203264,3054350336
1165,1,0.012314326828345656,81.20622539416091,True,llava_ov_0.5b,15000,2.0,196,rlt,0.6,18622,235200,0.07917517006802721,none,,,,,0.16666666666666666,228802560,2016203264,3054350336
1166,1,0.06356329517439008,15.732349892440823,True,llava_ov_0.5b,15000,2.0,196,rlt,0.6,18622,235200,0.07917517006802721,none,,,,,0.16666666666666666,228802560,2016203264,3054350336
1167,1,0.01286296104080975,77.74259727813401,True,llava_ov_0.5b,15000,2.0,196,rlt,0.6,18622,235200,0.07917517006802721,none,,,,,0.16666666666666666,228802560,2016203264,3054350336
1168,1,0.012494172900915146,80.03731082725406,True,llava_ov_0.5b,15000,2.0,196,rlt,0.6,18622,235200,0.07917517006802721,none,,,,,0.16666666666666666,228802560,2016203264,3054350336
1169,1,0.012613771017640829,79.27843296040992,True,llava_ov_0.5b,15000,2.0,196,rlt,0.6,18622,235200,0.07917517006802721,none,,,,,0.16666666666666666,228802560,2016203264,3054350336
1170,1,0.012493118876591325,80.04406344629646,True,llava_ov_0.5b,15000,2.0,196,rlt,0.6,18622,235200,0.07917517006802721,none,,,,,0.16666666666666666,228802560,2016203264,3054350336
1171,1,0.012391821946948767,80.69838352109551,True,llava_ov_0.5b,15000,2.0,196,rlt,0.6,18622,235200,0.07917517006802721,none,,,,,0.16666666666666666,228802560,2016203264,3054350336
1172,1,0.012369307922199368,80.8452668726345,True,llava_ov_0.5b,15000,2.0,196,rlt,0.6,18622,235200,0.07917517006802721,none,,,,,0.16666666666666666,228802560,2016203264,3054350336
1173,1,0.012642679968848825,79.09715364653454,True,llava_ov_0.5b,15000,2.0,196,rlt,0.6,18622,235200,0.07917517006802721,none,,,,,0.16666666666666666,228802560,2016203264,3054350336
1174,1,0.01249688002280891,80.0199728392072,True,llava_ov_0.5b,15000,2.0,196,rlt,0.6,18622,235200,0.07917517006802721,none,,,,,0.16666666666666666,228802560,2016203264,3054350336
1175,1,0.01256828592158854,79.5653445695646,True,llava_ov_0.5b,15000,2.0,196,rlt,0.6,18622,235200,0.07917517006802721,none,,,,,0.16666666666666666,228802560,2016203264,3054350336
1176,1,0.012505577178671956,79.96432197511703,True,llava_ov_0.5b,15000,2.0,196,rlt,0.6,18622,235200,0.07917517006802721,none,,,,,0.16666666666666666,228802560,2016203264,3054350336
1177,1,0.012547963997349143,79.69420379363999,True,llava_ov_0.5b,15000,2.0,196,rlt,0.6,18622,235200,0.07917517006802721,none,,,,,0.16666666666666666,228802560,2016203264,3054350336
1178,1,0.012319565052166581,81.171696871241,True,llava_ov_0.5b,15000,2.0,196,rlt,0.6,18622,235200,0.07917517006802721,none,,,,,0.16666666666666666,228802560,2016203264,3054350336
1179,1,0.012484075967222452,80.10204380568882,True,llava_ov_0.5b,15000,2.0,196,rlt,0.6,18622,235200,0.07917517006802721,none,,,,,0.16666666666666666,228802560,2016203264,3054350336
1180,1,0.012442481936886907,80.36981729789827,True,llava_ov_0.5b,15000,2.0,196,rlt,0.6,18622,235200,0.07917517006802721,none,,,,,0.16666666666666666,228802560,2016203264,3054350336
1181,1,0.012620821129530668,79.23414726639004,True,llava_ov_0.5b,15000,2.0,196,rlt,0.6,18622,235200,0.07917517006802721,none,,,,,0.16666666666666666,228802560,2016203264,3054350336
1182,1,0.06152875814586878,16.25256270619437,True,llava_ov_0.5b,15000,2.0,196,rlt,0.6,18622,235200,0.07917517006802721,none,,,,,0.16666666666666666,228802560,2016203264,3054350336
1183,1,0.012500861892476678,79.99448426846666,True,llava_ov_0.5b,15000,2.0,196,rlt,0.6,18622,235200,0.07917517006802721,none,,,,,0.16666666666666666,228802560,2016203264,3054350336
1184,1,0.012756522046402097,78.39127282204981,True,llava_ov_0.5b,15000,2.0,196,rlt,0.6,18622,235200,0.07917517006802721,none,,,,,0.16666666666666666,228802560,2016203264,3054350336
1185,1,0.01275605708360672,78.39413021168876,True,llava_ov_0.5b,15000,2.0,196,rlt,0.6,18622,235200,0.07917517006802721,none,,,,,0.16666666666666666,228802560,2016203264,3054350336
1186,1,0.012458978919312358,80.26339931034994,True,llava_ov_0.5b,15000,2.0,196,rlt,0.6,18622,235200,0.07917517006802721,none,,,,,0.16666666666666666,228802560,2016203264,3054350336
1187,1,0.012486414983868599,80.0870386970092,True,llava_ov_0.5b,15000,2.0,196,rlt,0.6,18622,235200,0.07917517006802721,none,,,,,0.16666666666666666,228802560,2016203264,3054350336
1188,1,0.012572234030812979,79.54035834435825,True,llava_ov_0.5b,15000,2.0,196,rlt,0.6,18622,235200,0.07917517006802721,none,,,,,0.16666666666666666,228802560,2016203264,3054350336
1189,1,0.012271111132577062,81.49221282376159,True,llava_ov_0.5b,15000,2.0,196,rlt,0.6,18622,235200,0.07917517006802721,none,,,,,0.16666666666666666,228802560,2016203264,3054350336
1190,1,0.012431835057213902,80.43864766527155,True,llava_ov_0.5b,15000,2.0,196,rlt,0.6,18622,235200,0.07917517006802721,none,,,,,0.16666666666666666,228802560,2016203264,3054350336
1191,1,0.0639620351139456,15.634274272520303,True,llava_ov_0.5b,15000,2.0,196,rlt,0.6,18622,235200,0.07917517006802721,none,,,,,0.16666666666666666,228802560,2016203264,3054350336
1192,1,0.012703723972663283,78.71707557184543,True,llava_ov_0.5b,15000,2.0,196,rlt,0.6,18622,235200,0.07917517006802721,none,,,,,0.16666666666666666,228802560,2016203264,3054350336
1193,1,0.012708957772701979,78.68465832406301,True,llava_ov_0.5b,15000,2.0,196,rlt,0.6,18622,235200,0.07917517006802721,none,,,,,0.16666666666666666,228802560,2016203264,3054350336
1194,1,0.012739351019263268,78.49693430127583,True,llava_ov_0.5b,15000,2.0,196,rlt,0.6,18622,235200,0.07917517006802721,none,,,,,0.16666666666666666,228802560,2016203264,3054350336
1195,1,0.012683064909651875,78.84529544897268,True,llava_ov_0.5b,15000,2.0,196,rlt,0.6,18622,235200,0.07917517006802721,none,,,,,0.16666666666666666,228802560,2016203264,3054350336
1196,1,0.01271683699451387,78.63590611654509,True,llava_ov_0.5b,15000,2.0,196,rlt,0.6,18622,235200,0.07917517006802721,none,,,,,0.16666666666666666,228802560,2016203264,3054350336
1197,1,0.012298365123569965,81.31162068716661,True,llava_ov_0.5b,15000,2.0,196,rlt,0.6,18622,235200,0.07917517006802721,none,,,,,0.16666666666666666,228802560,2016203264,3054350336
1198,1,0.012205287115648389,81.93170636009872,True,llava_ov_0.5b,15000,2.0,196,rlt,0.6,18622,235200,0.07917517006802721,none,,,,,0.16666666666666666,228802560,2016203264,3054350336
1199,1,0.06169399595819414,16.209032734362555,True,llava_ov_0.5b,15000,2.0,196,rlt,0.6,18622,235200,0.07917517006802721,none,,,,,0.16666666666666666,228802560,2016203264,3054350336
