frame_idx,num_frames,seconds,fps,local_window_full,model,n_local,sample_fps,n_frame_tokens,prune_method,prune_threshold,tokens_kept,tokens_seen,keep_rate,vision_method,vision_threshold,vision_patches_kept,vision_patches_seen,vision_keep_rate,video_hours,kv_cache_bytes,gpu_weights_bytes,gpu_peak_bytes
0,1,0.052086116978898644,19.19897389174018,False,llava_ov_0.5b,15000,2.0,196,rlt,0.6,17808,235200,0.07571428571428572,none,,,,,0.16666666666666666,216760320,2016203264,3054393344
1,1,0.011400689138099551,87.71399587224391,False,llava_ov_0.5b,15000,2.0,196,rlt,0.6,17808,235200,0.07571428571428572,none,,,,,0.16666666666666666,216760320,2016203264,3054393344
2,1,0.011122707976028323,89.90616333317404,False,llava_ov_0.5b,15000,2.0,196,rlt,0.6,17808,235200,0.07571428571428572,none,,,,,0.16666666666666666,216760320,2016203264,3054393344
3,1,0.010954229161143303,91.28894286301649,False,llava_ov_0.5b,15000,2.0,196,rlt,0.6,17808,235200,0.07571428571428572,none,,,,,0.16666666666666666,216760320,2016203264,3054393344
4,1,0.010919732041656971,91.57733872820006,False,llava_ov_0.5b,15000,2.0,196,rlt,0.6,17808,235200,0.07571428571428572,none,,,,,0.16666666666666666,216760320,2016203264,3054393344
5,1,0.010857593035325408,92.10144428387386,False,llava_ov_0.5b,15000,2.0,196,rlt,0.6,17808,235200,0.07571428571428572,none,,,,,0.16666666666666666,216760320,2016203264,3054393344
6,1,0.010904338909313083,91.70661406588607,False,llava_ov_0.5b,15000,2.0,196,rlt,0.6,17808,235200,0.07571428571428572,none,,,,,0.16666666666666666,216760320,2016203264,3054393344
7,1,0.010980793042108417,91.06810374854224,False,llava_ov_0.5b,15000,2.0,196,rlt,0.6,17808,235200,0.07571428571428572,none,,,,,0.16666666666666666,216760320,2016203264,3054393344
8,1,0.010914395097643137,91.62211840910366,False,llava_ov_0.5b,15000,2.0,196,rlt,0.6,17808,235200,0.07571428571428572,none,,,,,0.16666666666666666,216760320,2016203264,3054393344
9,1,0.010862197959795594,92.06239876140299,False,llava_ov_0.5b,15000,2.0,196,rlt,0.6,17808,235200,0.07571428571428572,none,,,,,0.16666666666666666,216760320,2016203264,3054393344
10,1,0.010923975147306919,91.5417681306726,False,llava_ov_0.5b,15000,2.0,196,rlt,0.6,17808,235200,0.07571428571428572,none,,,,,0.16666666666666666,216760320,2016203264,3054393344
11,1,0.01091886404901743,91.58461864812652,False,llava_ov_0.5b,15000,2.0,196,rlt,0.6,17808,235200,0.07571428571428572,none,,,,,0.16666666666666666,216760320,2016203264,3054393344
12,1,0.010919604916125536,91.5784048673088,False,llava_ov_0.5b,15000,2.0,196,rlt,0.6,17808,235200,0.07571428571428572,none,,,,,0.16666666666666666,216760320,2016203264,3054393344
13,1,0.011590586975216866,86.27690747140004,False,llava_ov_0.5b,15000,2.0,196,rlt,0.6,17808,235200,0.07571428571428572,none,,,,,0.16666666666666666,216760320,2016203264,3054393344
14,1,0.011645663063973188,85.86887620796637,False,llava_ov_0.5b,15000,2.0,196,rlt,0.6,17808,235200,0.07571428571428572,none,,,,,0.16666666666666666,216760320,2016203264,3054393344
15,1,0.011452788952738047,87.31497665124856,False,llava_ov_0.5b,15000,2.0,196,rlt,0.6,17808,235200,0.07571428571428572,none,,,,,0.16666666666666666,216760320,2016203264,3054393344
16,1,0.011181798996403813,89.4310477519414,False,llava_ov_0.5b,15000,2.0,196,rlt,0.6,17808,235200,0.07571428571428572,none,,,,,0.16666666666666666,216760320,2016203264,3054393344
17,1,0.01102770701982081,90.6806825936376,False,llava_ov_0.5b,15000,2.0,196,rlt,0.6,17808,235200,0.07571428571428572,none,,,,,0.16666666666666666,216760320,2016203264,3054393344
18,1,0.01094953017309308,91.32811948930542,False,llava_ov_0.5b,15000,2.0,196,rlt,0.6,17808,235200,0.07571428571428572,none,,,,,0.16666666666666666,216760320,2016203264,3054393344
19,1,0.050257790833711624,19.89741258840263,False,llava_ov_0.5b,15000,2.0,196,rlt,0.6,17808,235200,0.07571428571428572,none,,,,,0.16666666666666666,216760320,2016203264,3054393344
20,1,0.011293296935036778,88.54810121015767,False,llava_ov_0.5b,15000,2.0,196,rlt,0.6,17808,235200,0.07571428571428572,none,,,,,0.16666666666666666,216760320,2016203264,3054393344
21,1,0.011243097949773073,88.94345708516963,False,llava_ov_0.5b,15000,2.0,196,rlt,0.6,17808,235200,0.07571428571428572,none,,,,,0.16666666666666666,216760320,2016203264,3054393344
22,1,0.011033979943022132,90.6291297576989,False,llava_ov_0.5b,15000,2.0,196,rlt,0.6,17808,235200,0.07571428571428572,none,,,,,0.16666666666666666,216760320,2016203264,3054393344
23,1,0.010981324128806591,91.06369944738861,False,llava_ov_0.5b,15000,2.0,196,rlt,0.6,17808,235200,0.07571428571428572,none,,,,,0.16666666666666666,216760320,2016203264,3054393344
24,1,0.010924031026661396,91.54129986992724,False,llava_ov_0.5b,15000,2.0,196,rlt,0.6,17808,235200,0.07571428571428572,none,,,,,0.16666666666666666,216760320,2016203264,3054393344
25,1,0.010940487962216139,91.40360132505799,False,llava_ov_0.5b,15000,2.0,196,rlt,0.6,17808,235200,0.07571428571428572,none,,,,,0.16666666666666666,216760320,2016203264,3054393344
26,1,0.010959821986034513,91.24235788448425,False,llava_ov_0.5b,15000,2.0,196,rlt,0.6,17808,235200,0.07571428571428572,none,,,,,0.16666666666666666,216760320,2016203264,3054393344
27,1,0.010846354067325592,92.196879595926,False,llava_ov_0.5b,15000,2.0,196,rlt,0.6,17808,235200,0.07571428571428572,none,,,,,0.16666666666666666,216760320,2016203264,3054393344
28,1,0.010878025088459253,91.92845133818665,False,llava_ov_0.5b,15000,2.0,196,rlt,0.6,17808,235200,0.07571428571428572,none,,,,,0.16666666666666666,216760320,2016203264,3054393344
29,1,0.010808787075802684,92.51731882466913,False,llava_ov_0.5b,15000,2.0,196,rlt,0.6,17808,235200,0.07571428571428572,none,,,,,0.16666666666666666,216760320,2016203264,3054393344
30,1,0.010901279048994184,91.73235502968488,False,llava_ov_0.5b,15000,2.0,196,rlt,0.6,17808,235200,0.07571428571428572,none,,,,,0.16666666666666666,216760320,2016203264,3054393344
31,1,0.010882811155170202,91.8880228409477,False,llava_ov_0.5b,15000,2.0,196,rlt,0.6,17808,235200,0.07571428571428572,none,,,,,0.16666666666666666,216760320,2016203264,3054393344
32,1,0.011109176091849804,90.0156763860864,False,llava_ov_0.5b,15000,2.0,196,rlt,0.6,17808,235200,0.07571428571428572,none,,,,,0.16666666666666666,216760320,2016203264,3054393344
33,1,0.05088863288983703,19.650753875915385,False,llava_ov_0.5b,15000,2.0,196,rlt,0.6,17808,235200,0.07571428571428572,none,,,,,0.16666666666666666,216760320,2016203264,3054393344
34,1,0.01283049606718123,77.93930918679538,False,llava_ov_0.5b,15000,2.0,196,rlt,0.6,17808,235200,0.07571428571428572,none,,,,,0.16666666666666666,216760320,2016203264,3054393344
35,1,0.011178805958479643,89.45499221600261,False,llava_ov_0.5b,15000,2.0,196,rlt,0.6,17808,235200,0.07571428571428572,none,,,,,0.16666666666666666,216760320,2016203264,3054393344
36,1,0.011008308967575431,90.84047358640308,False,llava_ov_0.5b,15000,2.0,196,rlt,0.6,17808,235200,0.07571428571428572,none,,,,,0.16666666666666666,216760320,2016203264,3054393344
37,1,0.010942243039608002,91.38894067516749,False,llava_ov_0.5b,15000,2.0,196,rlt,0.6,17808,235200,0.07571428571428572,none,,,,,0.16666666666666666,216760320,2016203264,3054393344
38,1,0.010859341826289892,92.08661224560156,False,llava_ov_0.5b,15000,2.0,196,rlt,0.6,17808,235200,0.07571428571428572,none,,,,,0.16666666666666666,216760320,2016203264,3054393344
39,1,0.010806772159412503,92.53456862500965,False,llava_ov_0.5b,15000,2.0,196,rlt,0.6,17808,235200,0.07571428571428572,none,,,,,0.16666666666666666,216760320,2016203264,3054393344
40,1,0.010893872007727623,91.79472636456946,False,llava_ov_0.5b,15000,2.0,196,rlt,0.6,17808,235200,0.07571428571428572,none,,,,,0.16666666666666666,216760320,2016203264,3054393344
41,1,0.011326071806252003,88.2918647441383,False,llava_ov_0.5b,15000,2.0,196,rlt,0.6,17808,235200,0.07571428571428572,none,,,,,0.16666666666666666,216760320,2016203264,3054393344
42,1,0.01146068493835628,87.25481988020015,False,llava_ov_0.5b,15000,2.0,196,rlt,0.6,17808,235200,0.07571428571428572,none,,,,,0.16666666666666666,216760320,2016203264,3054393344
43,1,0.011968926060944796,83.5496848178426,False,llava_ov_0.5b,15000,2.0,196,rlt,0.6,17808,235200,0.07571428571428572,none,,,,,0.16666666666666666,216760320,2016203264,3054393344
44,1,0.012450681068003178,80.31689146466736,False,llava_ov_0.5b,15000,2.0,196,rlt,0.6,17808,235200,0.07571428571428572,none,,,,,0.16666666666666666,216760320,2016203264,3054393344
45,1,0.012933890102431178,77.31625922907992,False,llava_ov_0.5b,15000,2.0,196,rlt,0.6,17808,235200,0.07571428571428572,none,,,,,0.16666666666666666,216760320,2016203264,3054393344
46,1,0.01152773411013186,86.74731655383067,False,llava_ov_0.5b,15000,2.0,196,rlt,0.6,17808,235200,0.07571428571428572,none,,,,,0.16666666666666666,216760320,2016203264,3054393344
47,1,0.050736385863274336,19.70972080460805,False,llava_ov_0.5b,15000,2.0,196,rlt,0.6,17808,235200,0.07571428571428572,none,,,,,0.16666666666666666,216760320,2016203264,3054393344
48,1,0.011307284934446216,88.43856025540015,False,llava_ov_0.5b,15000,2.0,196,rlt,0.6,17808,235200,0.07571428571428572,none,,,,,0.16666666666666666,216760320,2016203264,3054393344
49,1,0.011209524003788829,89.20985401895737,False,llava_ov_0.5b,15000,2.0,196,rlt,0.6,17808,235200,0.07571428571428572,none,,,,,0.16666666666666666,216760320,2016203264,3054393344
50,1,0.01099025597795844,90.98969141442699,False,llava_ov_0.5b,15000,2.0,196,rlt,0.6,17808,235200,0.07571428571428572,none,,,,,0.16666666666666666,216760320,2016203264,3054393344
51,1,0.01088744099251926,91.84894785534068,False,llava_ov_0.5b,15000,2.0,196,rlt,0.6,17808,235200,0.07571428571428572,none,,,,,0.16666666666666666,216760320,2016203264,3054393344
52,1,0.011055686045438051,90.45119370160062,False,llava_ov_0.5b,15000,2.0,196,rlt,0.6,17808,235200,0.07571428571428572,none,,,,,0.16666666666666666,216760320,2016203264,3054393344
53,1,0.01176171819679439,85.0215915113955,False,llava_ov_0.5b,15000,2.0,196,rlt,0.6,17808,235200,0.07571428571428572,none,,,,,0.16666666666666666,216760320,2016203264,3054393344
54,1,0.011527084978297353,86.75220160888485,False,llava_ov_0.5b,15000,2.0,196,rlt,0.6,17808,235200,0.07571428571428572,none,,,,,0.16666666666666666,216760320,2016203264,3054393344
55,1,0.011257736012339592,88.82780684356972,False,llava_ov_0.5b,15000,2.0,196,rlt,0.6,17808,235200,0.07571428571428572,none,,,,,0.16666666666666666,216760320,2016203264,3054393344
56,1,0.010992388939484954,90.97203578814187,False,llava_ov_0.5b,15000,2.0,196,rlt,0.6,17808,235200,0.07571428571428572,none,,,,,0.16666666666666666,216760320,2016203264,3054393344
57,1,0.01090393797494471,91.70998608922943,False,llava_ov_0.5b,15000,2.0,196,rlt,0.6,17808,235200,0.07571428571428572,none,,,,,0.16666666666666666,216760320,2016203264,3054393344
58,1,0.010917126201093197,91.5991975891846,False,llava_ov_0.5b,15000,2.0,196,rlt,0.6,17808,235200,0.07571428571428572,none,,,,,0.16666666666666666,216760320,2016203264,3054393344
59,1,0.010930057847872376,91.49082410342943,False,llava_ov_0.5b,15000,2.0,196,rlt,0.6,17808,235200,0.07571428571428572,none,,,,,0.16666666666666666,216760320,2016203264,3054393344
60,1,0.010861980961635709,92.06423796285219,False,llava_ov_0.5b,15000,2.0,196,rlt,0.6,17808,235200,0.07571428571428572,none,,,,,0.16666666666666666,216760320,2016203264,3054393344
61,1,0.010843673022463918,92.2196748212884,False,llava_ov_0.5b,15000,2.0,196,rlt,0.6,17808,235200,0.07571428571428572,none,,,,,0.16666666666666666,216760320,2016203264,3054393344
62,1,0.010782968020066619,92.73884501364049,False,llava_ov_0.5b,15000,2.0,196,rlt,0.6,17808,235200,0.07571428571428572,none,,,,,0.16666666666666666,216760320,2016203264,3054393344
63,1,0.010875103063881397,91.95315153575136,False,llava_ov_0.5b,15000,2.0,196,rlt,0.6,17808,235200,0.07571428571428572,none,,,,,0.16666666666666666,216760320,2016203264,3054393344
64,1,0.010845744982361794,92.20205727004267,False,llava_ov_0.5b,15000,2.0,196,rlt,0.6,17808,235200,0.07571428571428572,none,,,,,0.16666666666666666,216760320,2016203264,3054393344
65,1,0.010812334949150681,92.48696092961409,False,llava_ov_0.5b,15000,2.0,196,rlt,0.6,17808,235200,0.07571428571428572,none,,,,,0.16666666666666666,216760320,2016203264,3054393344
66,1,0.010790820932015777,92.67135524722262,False,llava_ov_0.5b,15000,2.0,196,rlt,0.6,17808,235200,0.07571428571428572,none,,,,,0.16666666666666666,216760320,2016203264,3054393344
67,1,0.01088791899383068,91.84491550374507,False,llava_ov_0.5b,15000,2.0,196,rlt,0.6,17808,235200,0.07571428571428572,none,,,,,0.16666666666666666,216760320,2016203264,3054393344
68,1,0.010828966973349452,92.34491179639225,False,llava_ov_0.5b,15000,2.0,196,rlt,0.6,17808,235200,0.07571428571428572,none,,,,,0.16666666666666666,216760320,2016203264,3054393344
69,1,0.0504188418854028,19.83385501541079,False,llava_ov_0.5b,15000,2.0,196,rlt,0.6,17808,235200,0.07571428571428572,none,,,,,0.16666666666666666,216760320,2016203264,3054393344
70,1,0.011292010080069304,88.55819228899082,False,llava_ov_0.5b,15000,2.0,196,rlt,0.6,17808,235200,0.07571428571428572,none,,,,,0.16666666666666666,216760320,2016203264,3054393344
71,1,0.010169032961130142,98.3377675952448,False,llava_ov_0.5b,15000,2.0,196,rlt,0.6,17808,235200,0.07571428571428572,none,,,,,0.16666666666666666,216760320,2016203264,3054393344
72,1,0.011085687903687358,90.20640024218766,False,llava_ov_0.5b,15000,2.0,196,rlt,0.6,17808,235200,0.07571428571428572,none,,,,,0.16666666666666666,216760320,2016203264,3054393344
73,1,0.011205069022253156,89.24532263157059,False,llava_ov_0.5b,15000,2.0,196,rlt,0.6,17808,235200,0.07571428571428572,none,,,,,0.16666666666666666,216760320,2016203264,3054393344
74,1,0.011043953010812402,90.54728854975808,False,llava_ov_0.5b,15000,2.0,196,rlt,0.6,17808,235200,0.07571428571428572,none,,,,,0.16666666666666666,216760320,2016203264,3054393344
75,1,0.01105437707155943,90.46190423273946,False,llava_ov_0.5b,15000,2.0,196,rlt,0.6,17808,235200,0.07571428571428572,none,,,,,0.16666666666666666,216760320,2016203264,3054393344
76,1,0.011107659200206399,90.02796916756488,False,llava_ov_0.5b,15000,2.0,196,rlt,0.6,17808,235200,0.07571428571428572,none,,,,,0.16666666666666666,216760320,2016203264,3054393344
77,1,0.011003749910742044,90.87811047248387,False,llava_ov_0.5b,15000,2.0,196,rlt,0.6,17808,235200,0.07571428571428572,none,,,,,0.16666666666666666,216760320,2016203264,3054393344
78,1,0.010968616930767894,91.1691972025129,False,llava_ov_0.5b,15000,2.0,196,rlt,0.6,17808,235200,0.07571428571428572,none,,,,,0.16666666666666666,216760320,2016203264,3054393344
79,1,0.01097811502404511,91.09031904017432,False,llava_ov_0.5b,15000,2.0,196,rlt,0.6,17808,235200,0.07571428571428572,none,,,,,0.16666666666666666,216760320,2016203264,3054393344
80,1,0.010915464023128152,91.61314607250385,False,llava_ov_0.5b,15000,2.0,196,rlt,0.6,17808,235200,0.07571428571428572,none,,,,,0.16666666666666666,216760320,2016203264,3054393344
81,1,0.011006854940205812,90.85247379314526,False,llava_ov_0.5b,15000,2.0,196,rlt,0.6,17808,235200,0.07571428571428572,none,,,,,0.16666666666666666,216760320,2016203264,3054393344
82,1,0.011088527971878648,90.18329597364738,False,llava_ov_0.5b,15000,2.0,196,rlt,0.6,17808,235200,0.07571428571428572,none,,,,,0.16666666666666666,216760320,2016203264,3054393344
83,1,0.011422970099374652,87.54290620569381,False,llava_ov_0.5b,15000,2.0,196,rlt,0.6,17808,235200,0.07571428571428572,none,,,,,0.16666666666666666,216760320,2016203264,3054393344
84,1,0.05208652000874281,19.1988253358479,False,llava_ov_0.5b,15000,2.0,196,rlt,0.6,17808,235200,0.07571428571428572,none,,,,,0.16666666666666666,216760320,2016203264,3054393344
85,1,0.011412904132157564,87.62011740573115,False,llava_ov_0.5b,15000,2.0,196,rlt,0.6,17808,235200,0.07571428571428572,none,,,,,0.16666666666666666,216760320,2016203264,3054393344
86,1,0.011181802954524755,89.43101609524844,False,llava_ov_0.5b,15000,2.0,196,rlt,0.6,17808,235200,0.07571428571428572,none,,,,,0.16666666666666666,216760320,2016203264,3054393344
87,1,0.011179241817444563,89.4515045232815,False,llava_ov_0.5b,15000,2.0,196,rlt,0.6,17808,235200,0.07571428571428572,none,,,,,0.16666666666666666,216760320,2016203264,3054393344
88,1,0.011271462077274919,88.71963487471257,False,llava_ov_0.5b,15000,2.0,196,rlt,0.6,17808,235200,0.07571428571428572,none,,,,,0.16666666666666666,216760320,2016203264,3054393344
89,1,0.012202581157907844,81.94987495346042,False,llava_ov_0.5b,15000,2.0,196,rlt,0.6,17808,235200,0.07571428571428572,none,,,,,0.16666666666666666,216760320,2016203264,3054393344
90,1,0.012280599912628531,81.42924670737528,False,llava_ov_0.5b,15000,2.0,196,rlt,0.6,17808,235200,0.07571428571428572,none,,,,,0.16666666666666666,216760320,2016203264,3054393344
91,1,0.011533220997080207,86.70604684096175,False,llava_ov_0.5b,15000,2.0,196,rlt,0.6,17808,235200,0.07571428571428572,none,,,,,0.16666666666666666,216760320,2016203264,3054393344
92,1,0.011296538170427084,88.52269473296467,False,llava_ov_0.5b,15000,2.0,196,rlt,0.6,17808,235200,0.07571428571428572,none,,,,,0.16666666666666666,216760320,2016203264,3054393344
93,1,0.0111094880849123,90.01314843283295,False,llava_ov_0.5b,15000,2.0,196,rlt,0.6,17808,235200,0.07571428571428572,none,,,,,0.16666666666666666,216760320,2016203264,3054393344
94,1,0.01107851997949183,90.26476477464185,False,llava_ov_0.5b,15000,2.0,196,rlt,0.6,17808,235200,0.07571428571428572,none,,,,,0.16666666666666666,216760320,2016203264,3054393344
95,1,0.014019784983247519,71.32777009026294,False,llava_ov_0.5b,15000,2.0,196,rlt,0.6,17808,235200,0.07571428571428572,none,,,,,0.16666666666666666,216760320,2016203264,3054393344
96,1,0.08231354202143848,12.148669288700406,False,llava_ov_0.5b,15000,2.0,196,rlt,0.6,17808,235200,0.07571428571428572,none,,,,,0.16666666666666666,216760320,2016203264,3054393344
97,1,0.010819077957421541,92.42931827790667,False,llava_ov_0.5b,15000,2.0,196,rlt,0.6,17808,235200,0.07571428571428572,none,,,,,0.16666666666666666,216760320,2016203264,3054393344
98,1,0.01118130492977798,89.43499942809058,False,llava_ov_0.5b,15000,2.0,196,rlt,0.6,17808,235200,0.07571428571428572,none,,,,,0.16666666666666666,216760320,2016203264,3054393344
99,1,0.011168720200657845,89.53577330562004,False,llava_ov_0.5b,15000,2.0,196,rlt,0.6,17808,235200,0.07571428571428572,none,,,,,0.16666666666666666,216760320,2016203264,3054393344
100,1,0.011189280077815056,89.37125472287501,False,llava_ov_0.5b,15000,2.0,196,rlt,0.6,17808,235200,0.07571428571428572,none,,,,,0.16666666666666666,216760320,2016203264,3054393344
101,1,0.011092844884842634,90.14820006781211,False,llava_ov_0.5b,15000,2.0,196,rlt,0.6,17808,235200,0.07571428571428572,none,,,,,0.16666666666666666,216760320,2016203264,3054393344
102,1,0.010972111951559782,91.14015646348206,False,llava_ov_0.5b,15000,2.0,196,rlt,0.6,17808,235200,0.07571428571428572,none,,,,,0.16666666666666666,216760320,2016203264,3054393344
103,1,0.010907487943768501,91.6801380075148,False,llava_ov_0.5b,15000,2.0,196,rlt,0.6,17808,235200,0.07571428571428572,none,,,,,0.16666666666666666,216760320,2016203264,3054393344
104,1,0.05138492304831743,19.4609613224427,False,llava_ov_0.5b,15000,2.0,196,rlt,0.6,17808,235200,0.07571428571428572,none,,,,,0.16666666666666666,216760320,2016203264,3054393344
105,1,0.01162508106790483,86.02090550240166,False,llava_ov_0.5b,15000,2.0,196,rlt,0.6,17808,235200,0.07571428571428572,none,,,,,0.16666666666666666,216760320,2016203264,3054393344
106,1,0.011327728163450956,88.2789545768331,False,llava_ov_0.5b,15000,2.0,196,rlt,0.6,17808,235200,0.07571428571428572,none,,,,,0.16666666666666666,216760320,2016203264,3054393344
107,1,0.011214327067136765,89.171645700478,False,llava_ov_0.5b,15000,2.0,196,rlt,0.6,17808,235200,0.07571428571428572,none,,,,,0.16666666666666666,216760320,2016203264,3054393344
108,1,0.011043288977816701,90.55273315846016,False,llava_ov_0.5b,15000,2.0,196,rlt,0.6,17808,235200,0.07571428571428572,none,,,,,0.16666666666666666,216760320,2016203264,3054393344
109,1,0.010977301048114896,91.09707346249081,False,llava_ov_0.5b,15000,2.0,196,rlt,0.6,17808,235200,0.07571428571428572,none,,,,,0.16666666666666666,216760320,2016203264,3054393344
110,1,0.01086912490427494,92.00372696119166,False,llava_ov_0.5b,15000,2.0,196,rlt,0.6,17808,235200,0.07571428571428572,none,,,,,0.16666666666666666,216760320,2016203264,3054393344
111,1,0.010882065165787935,91.8943219660083,False,llava_ov_0.5b,15000,2.0,196,rlt,0.6,17808,235200,0.07571428571428572,none,,,,,0.16666666666666666,216760320,2016203264,3054393344
112,1,0.01106702582910657,90.35851324842612,False,llava_ov_0.5b,15000,2.0,196,rlt,0.6,17808,235200,0.07571428571428572,none,,,,,0.16666666666666666,216760320,2016203264,3054393344
113,1,0.010891573037952185,91.81410219767652,False,llava_ov_0.5b,15000,2.0,196,rlt,0.6,17808,235200,0.07571428571428572,none,,,,,0.16666666666666666,216760320,2016203264,3054393344
114,1,0.01088465005159378,91.87249890992824,False,llava_ov_0.5b,15000,2.0,196,rlt,0.6,17808,235200,0.07571428571428572,none,,,,,0.16666666666666666,216760320,2016203264,3054393344
115,1,0.01093426113948226,91.45565367824663,False,llava_ov_0.5b,15000,2.0,196,rlt,0.6,17808,235200,0.07571428571428572,none,,,,,0.16666666666666666,216760320,2016203264,3054393344
116,1,0.010918677086010575,91.58618687251389,False,llava_ov_0.5b,15000,2.0,196,rlt,0.6,17808,235200,0.07571428571428572,none,,,,,0.16666666666666666,216760320,2016203264,3054393344
117,1,0.010875089094042778,91.95326965622618,False,llava_ov_0.5b,15000,2.0,196,rlt,0.6,17808,235200,0.07571428571428572,none,,,,,0.16666666666666666,216760320,2016203264,3054393344
118,1,0.010945959016680717,91.35791559936268,False,llava_ov_0.5b,15000,2.0,196,rlt,0.6,17808,235200,0.07571428571428572,none,,,,,0.16666666666666666,216760320,2016203264,3054393344
119,1,0.01089907600544393,91.7508970026922,False,llava_ov_0.5b,15000,2.0,196,rlt,0.6,17808,235200,0.07571428571428572,none,,,,,0.16666666666666666,216760320,2016203264,3054393344
120,1,0.010819677030667663,92.42420057138173,False,llava_ov_0.5b,15000,2.0,196,rlt,0.6,17808,235200,0.07571428571428572,none,,,,,0.16666666666666666,216760320,2016203264,3054393344
121,1,0.010877919849008322,91.92934070856978,False,llava_ov_0.5b,15000,2.0,196,rlt,0.6,17808,235200,0.07571428571428572,none,,,,,0.16666666666666666,216760320,2016203264,3054393344
122,1,0.010849853046238422,92.16714694091584,False,llava_ov_0.5b,15000,2.0,196,rlt,0.6,17808,235200,0.07571428571428572,none,,,,,0.16666666666666666,216760320,2016203264,3054393344
123,1,0.05108598410151899,19.574840684536525,False,llava_ov_0.5b,15000,2.0,196,rlt,0.6,17808,235200,0.07571428571428572,none,,,,,0.16666666666666666,216760320,2016203264,3054393344
124,1,0.011331269983202219,88.2513611874421,False,llava_ov_0.5b,15000,2.0,196,rlt,0.6,17808,235200,0.07571428571428572,none,,,,,0.16666666666666666,216760320,2016203264,3054393344
125,1,0.011091229971498251,90.16132589169601,False,llava_ov_0.5b,15000,2.0,196,rlt,0.6,17808,235200,0.07571428571428572,none,,,,,0.16666666666666666,216760320,2016203264,3054393344
126,1,0.011021235957741737,90.73392529061695,False,llava_ov_0.5b,15000,2.0,196,rlt,0.6,17808,235200,0.07571428571428572,none,,,,,0.16666666666666666,216760320,2016203264,3054393344
127,1,0.011087448103353381,90.19207942876879,False,llava_ov_0.5b,15000,2.0,196,rlt,0.6,17808,235200,0.07571428571428572,none,,,,,0.16666666666666666,216760320,2016203264,3054393344
128,1,0.01096576009877026,91.19294886928482,False,llava_ov_0.5b,15000,2.0,196,rlt,0.6,17808,235200,0.07571428571428572,none,,,,,0.16666666666666666,216760320,2016203264,3054393344
129,1,0.010951442876830697,91.3121687477035,False,llava_ov_0.5b,15000,2.0,196,rlt,0.6,17808,235200,0.07571428571428572,none,,,,,0.16666666666666666,216760320,2016203264,3054393344
130,1,0.011332315858453512,88.24321634611296,False,llava_ov_0.5b,15000,2.0,196,rlt,0.6,17808,235200,0.07571428571428572,none,,,,,0.16666666666666666,216760320,2016203264,3054393344
131,1,0.012042775982990861,83.03733303786382,False,llava_ov_0.5b,15000,2.0,196,rlt,0.6,17808,235200,0.07571428571428572,none,,,,,0.16666666666666666,216760320,2016203264,3054393344
132,1,0.011885691899806261,84.13477384655243,False,llava_ov_0.5b,15000,2.0,196,rlt,0.6,17808,235200,0.07571428571428572,none,,,,,0.16666666666666666,216760320,2016203264,3054393344
133,1,0.011447374941781163,87.35627207860148,False,llava_ov_0.5b,15000,2.0,196,rlt,0.6,17808,235200,0.07571428571428572,none,,,,,0.16666666666666666,216760320,2016203264,3054393344
134,1,0.011709727114066482,85.39908661054409,False,llava_ov_0.5b,15000,2.0,196,rlt,0.6,17808,235200,0.07571428571428572,none,,,,,0.16666666666666666,216760320,2016203264,3054393344
135,1,0.011682314099743962,85.59947896127161,False,llava_ov_0.5b,15000,2.0,196,rlt,0.6,17808,235200,0.07571428571428572,none,,,,,0.16666666666666666,216760320,2016203264,3054393344
136,1,0.01132223499007523,88.32178460141247,False,llava_ov_0.5b,15000,2.0,196,rlt,0.6,17808,235200,0.07571428571428572,none,,,,,0.16666666666666666,216760320,2016203264,3054393344
137,1,0.011104116914793849,90.05668867442444,False,llava_ov_0.5b,15000,2.0,196,rlt,0.6,17808,235200,0.07571428571428572,none,,,,,0.16666666666666666,216760320,2016203264,3054393344
138,1,0.010991874849423766,90.9762905508721,False,llava_ov_0.5b,15000,2.0,196,rlt,0.6,17808,235200,0.07571428571428572,none,,,,,0.16666666666666666,216760320,2016203264,3054393344
139,1,0.011034369934350252,90.62592662286738,False,llava_ov_0.5b,15000,2.0,196,rlt,0.6,17808,235200,0.07571428571428572,none,,,,,0.16666666666666666,216760320,2016203264,3054393344
140,1,0.010894895996898413,91.7860987644749,False,llava_ov_0.5b,15000,2.0,196,rlt,0.6,17808,235200,0.07571428571428572,none,,,,,0.16666666666666666,216760320,2016203264,3054393344
141,1,0.010854235151782632,92.12993693395028,False,llava_ov_0.5b,15000,2.0,196,rlt,0.6,17808,235200,0.07571428571428572,none,,,,,0.16666666666666666,216760320,2016203264,3054393344
142,1,0.009903694968670607,100.97241516054407,False,llava_ov_0.5b,15000,2.0,196,rlt,0.6,17808,235200,0.07571428571428572,none,,,,,0.16666666666666666,216760320,2016203264,3054393344
143,1,0.010862444061785936,92.0603129748671,False,llava_ov_0.5b,15000,2.0,196,rlt,0.6,17808,235200,0.07571428571428572,none,,,,,0.16666666666666666,216760320,2016203264,3054393344
144,1,0.010840418981388211,92.24735701792416,False,llava_ov_0.5b,15000,2.0,196,rlt,0.6,17808,235200,0.07571428571428572,none,,,,,0.16666666666666666,216760320,2016203264,3054393344
145,1,0.0109012380708009,91.73269985530472,False,llava_ov_0.5b,15000,2.0,196,rlt,0.6,17808,235200,0.07571428571428572,none,,,,,0.16666666666666666,216760320,2016203264,3054393344
146,1,0.050546190002933145,19.78388479808213,False,llava_ov_0.5b,15000,2.0,196,rlt,0.6,17808,235200,0.07571428571428572,none,,,,,0.16666666666666666,216760320,2016203264,3054393344
147,1,0.011357929091900587,88.04421932102979,False,llava_ov_0.5b,15000,2.0,196,rlt,0.6,17808,235200,0.07571428571428572,none,,,,,0.16666666666666666,216760320,2016203264,3054393344
148,1,0.011177092092111707,89.46870901294223,False,llava_ov_0.5b,15000,2.0,196,rlt,0.6,17808,235200,0.07571428571428572,none,,,,,0.16666666666666666,216760320,2016203264,3054393344
149,1,0.01096086879260838,91.23364387632888,False,llava_ov_0.5b,15000,2.0,196,rlt,0.6,17808,235200,0.07571428571428572,none,,,,,0.16666666666666666,216760320,2016203264,3054393344
150,1,0.010924472007900476,91.53760468028197,False,llava_ov_0.5b,15000,2.0,196,rlt,0.6,17808,235200,0.07571428571428572,none,,,,,0.16666666666666666,216760320,2016203264,3054393344
151,1,0.010946264024823904,91.35536999036411,False,llava_ov_0.5b,15000,2.0,196,rlt,0.6,17808,235200,0.07571428571428572,none,,,,,0.16666666666666666,216760320,2016203264,3054393344
152,1,0.010931147960945964,91.48170014464442,False,llava_ov_0.5b,15000,2.0,196,rlt,0.6,17808,235200,0.07571428571428572,none,,,,,0.16666666666666666,216760320,2016203264,3054393344
153,1,0.011460722889751196,87.25453094187057,False,llava_ov_0.5b,15000,2.0,196,rlt,0.6,17808,235200,0.07571428571428572,none,,,,,0.16666666666666666,216760320,2016203264,3054393344
154,1,0.011840287130326033,84.45741129357765,False,llava_ov_0.5b,15000,2.0,196,rlt,0.6,17808,235200,0.07571428571428572,none,,,,,0.16666666666666666,216760320,2016203264,3054393344
155,1,0.011291750939562917,88.56022465889671,False,llava_ov_0.5b,15000,2.0,196,rlt,0.6,17808,235200,0.07571428571428572,none,,,,,0.16666666666666666,216760320,2016203264,3054393344
156,1,0.050634580897167325,19.749348810270167,False,llava_ov_0.5b,15000,2.0,196,rlt,0.6,17808,235200,0.07571428571428572,none,,,,,0.16666666666666666,216760320,2016203264,3054393344
157,1,0.01158069889061153,86.35057430002777,False,llava_ov_0.5b,15000,2.0,196,rlt,0.6,17808,235200,0.07571428571428572,none,,,,,0.16666666666666666,216760320,2016203264,3054393344
158,1,0.011301760096102953,88.48179323367674,False,llava_ov_0.5b,15000,2.0,196,rlt,0.6,17808,235200,0.07571428571428572,none,,,,,0.16666666666666666,216760320,2016203264,3054393344
159,1,0.011244065826758742,88.93580092889441,False,llava_ov_0.5b,15000,2.0,196,rlt,0.6,17808,235200,0.07571428571428572,none,,,,,0.16666666666666666,216760320,2016203264,3054393344
160,1,0.011734324973076582,85.22007037425804,False,llava_ov_0.5b,15000,2.0,196,rlt,0.6,17808,235200,0.07571428571428572,none,,,,,0.16666666666666666,216760320,2016203264,3054393344
161,1,0.01186574506573379,84.27620806449198,False,llava_ov_0.5b,15000,2.0,196,rlt,0.6,17808,235200,0.07571428571428572,none,,,,,0.16666666666666666,216760320,2016203264,3054393344
162,1,0.011375988135114312,87.90445173842048,False,llava_ov_0.5b,15000,2.0,196,rlt,0.6,17808,235200,0.07571428571428572,none,,,,,0.16666666666666666,216760320,2016203264,3054393344
163,1,0.011158799985423684,89.61537094546564,False,llava_ov_0.5b,15000,2.0,196,rlt,0.6,17808,235200,0.07571428571428572,none,,,,,0.16666666666666666,216760320,2016203264,3054393344
164,1,0.01100007421337068,90.90847757958684,False,llava_ov_0.5b,15000,2.0,196,rlt,0.6,17808,235200,0.07571428571428572,none,,,,,0.16666666666666666,216760320,2016203264,3054393344
165,1,0.010935825062915683,91.44257467971808,False,llava_ov_0.5b,15000,2.0,196,rlt,0.6,17808,235200,0.07571428571428572,none,,,,,0.16666666666666666,216760320,2016203264,3054393344
166,1,0.01090855710208416,91.67115234781534,False,llava_ov_0.5b,15000,2.0,196,rlt,0.6,17808,235200,0.07571428571428572,none,,,,,0.16666666666666666,216760320,2016203264,3054393344
167,1,0.010906560812145472,91.68793144089994,False,llava_ov_0.5b,15000,2.0,196,rlt,0.6,17808,235200,0.07571428571428572,none,,,,,0.16666666666666666,216760320,2016203264,3054393344
168,1,0.011553810210898519,86.55153423385097,False,llava_ov_0.5b,15000,2.0,196,rlt,0.6,17808,235200,0.07571428571428572,none,,,,,0.16666666666666666,216760320,2016203264,3054393344
169,1,0.011539604980498552,86.65807899750104,False,llava_ov_0.5b,15000,2.0,196,rlt,0.6,17808,235200,0.07571428571428572,none,,,,,0.16666666666666666,216760320,2016203264,3054393344
170,1,0.05022078100591898,19.91207583733397,False,llava_ov_0.5b,15000,2.0,196,rlt,0.6,17808,235200,0.07571428571428572,none,,,,,0.16666666666666666,216760320,2016203264,3054393344
171,1,0.011292611015960574,88.55347966795594,False,llava_ov_0.5b,15000,2.0,196,rlt,0.6,17808,235200,0.07571428571428572,none,,,,,0.16666666666666666,216760320,2016203264,3054393344
172,1,0.011195542057976127,89.32126687761065,False,llava_ov_0.5b,15000,2.0,196,rlt,0.6,17808,235200,0.07571428571428572,none,,,,,0.16666666666666666,216760320,2016203264,3054393344
173,1,0.011018547927960753,90.75606028471249,False,llava_ov_0.5b,15000,2.0,196,rlt,0.6,17808,235200,0.07571428571428572,none,,,,,0.16666666666666666,216760320,2016203264,3054393344
174,1,0.010946939932182431,91.34972934857745,False,llava_ov_0.5b,15000,2.0,196,rlt,0.6,17808,235200,0.07571428571428572,none,,,,,0.16666666666666666,216760320,2016203264,3054393344
175,1,0.01309058303013444,76.3907915864409,False,llava_ov_0.5b,15000,2.0,196,rlt,0.6,17808,235200,0.07571428571428572,none,,,,,0.16666666666666666,216760320,2016203264,3054393344
176,1,0.014697032980620861,68.04094413604263,False,llava_ov_0.5b,15000,2.0,196,rlt,0.6,17808,235200,0.07571428571428572,none,,,,,0.16666666666666666,216760320,2016203264,3054393344
177,1,0.012064544018357992,82.88750892519036,False,llava_ov_0.5b,15000,2.0,196,rlt,0.6,17808,235200,0.07571428571428572,none,,,,,0.16666666666666666,216760320,2016203264,3054393344
178,1,0.01177208311855793,84.94673287037571,False,llava_ov_0.5b,15000,2.0,196,rlt,0.6,17808,235200,0.07571428571428572,none,,,,,0.16666666666666666,216760320,2016203264,3054393344
179,1,0.011661106022074819,85.75515891091037,False,llava_ov_0.5b,15000,2.0,196,rlt,0.6,17808,235200,0.07571428571428572,none,,,,,0.16666666666666666,216760320,2016203264,3054393344
180,1,0.01139778783544898,87.73632343724076,False,llava_ov_0.5b,15000,2.0,196,rlt,0.6,17808,235200,0.07571428571428572,none,,,,,0.16666666666666666,216760320,2016203264,3054393344
181,1,0.011743747862055898,85.15169192545461,False,llava_ov_0.5b,15000,2.0,196,rlt,0.6,17808,235200,0.07571428571428572,none,,,,,0.16666666666666666,216760320,2016203264,3054393344
182,1,0.011263353051617742,88.78350837598678,False,llava_ov_0.5b,15000,2.0,196,rlt,0.6,17808,235200,0.07571428571428572,none,,,,,0.16666666666666666,216760320,2016203264,3054393344
183,1,0.011016956996172667,90.76916614518908,False,llava_ov_0.5b,15000,2.0,196,rlt,0.6,17808,235200,0.07571428571428572,none,,,,,0.16666666666666666,216760320,2016203264,3054393344
184,1,0.010968690039590001,91.16858953900926,False,llava_ov_0.5b,15000,2.0,196,rlt,0.6,17808,235200,0.07571428571428572,none,,,,,0.16666666666666666,216760320,2016203264,3054393344
185,1,0.010920681990683079,91.5693727601577,False,llava_ov_0.5b,15000,2.0,196,rlt,0.6,17808,235200,0.07571428571428572,none,,,,,0.16666666666666666,216760320,2016203264,3054393344
186,1,0.01109529915265739,90.12825938636311,False,llava_ov_0.5b,15000,2.0,196,rlt,0.6,17808,235200,0.07571428571428572,none,,,,,0.16666666666666666,216760320,2016203264,3054393344
187,1,0.011046105995774269,90.52964007248833,False,llava_ov_0.5b,15000,2.0,196,rlt,0.6,17808,235200,0.07571428571428572,none,,,,,0.16666666666666666,216760320,2016203264,3054393344
188,1,0.010955892037600279,91.27508710089798,False,llava_ov_0.5b,15000,2.0,196,rlt,0.6,17808,235200,0.07571428571428572,none,,,,,0.16666666666666666,216760320,2016203264,3054393344
189,1,0.010964512126520276,91.20332837986129,False,llava_ov_0.5b,15000,2.0,196,rlt,0.6,17808,235200,0.07571428571428572,none,,,,,0.16666666666666666,216760320,2016203264,3054393344
190,1,0.01110987295396626,90.01003019057899,False,llava_ov_0.5b,15000,2.0,196,rlt,0.6,17808,235200,0.07571428571428572,none,,,,,0.16666666666666666,216760320,2016203264,3054393344
191,1,0.011056279065087438,90.44634221993488,False,llava_ov_0.5b,15000,2.0,196,rlt,0.6,17808,235200,0.07571428571428572,none,,,,,0.16666666666666666,216760320,2016203264,3054393344
192,1,0.01096379105001688,91.20932672266318,False,llava_ov_0.5b,15000,2.0,196,rlt,0.6,17808,235200,0.07571428571428572,none,,,,,0.16666666666666666,216760320,2016203264,3054393344
193,1,0.010971635114401579,91.14411749688803,False,llava_ov_0.5b,15000,2.0,196,rlt,0.6,17808,235200,0.07571428571428572,none,,,,,0.16666666666666666,216760320,2016203264,3054393344
194,1,0.010809279046952724,92.51310801176078,False,llava_ov_0.5b,15000,2.0,196,rlt,0.6,17808,235200,0.07571428571428572,none,,,,,0.16666666666666666,216760320,2016203264,3054393344
195,1,0.010821575997397304,92.40798200192928,False,llava_ov_0.5b,15000,2.0,196,rlt,0.6,17808,235200,0.07571428571428572,none,,,,,0.16666666666666666,216760320,2016203264,3054393344
196,1,0.010897861095145345,91.76112553365803,False,llava_ov_0.5b,15000,2.0,196,rlt,0.6,17808,235200,0.07571428571428572,none,,,,,0.16666666666666666,216760320,2016203264,3054393344
197,1,0.05535806901752949,18.064213903186246,False,llava_ov_0.5b,15000,2.0,196,rlt,0.6,17808,235200,0.07571428571428572,none,,,,,0.16666666666666666,216760320,2016203264,3054393344
198,1,0.011372334090992808,87.93269631359377,False,llava_ov_0.5b,15000,2.0,196,rlt,0.6,17808,235200,0.07571428571428572,none,,,,,0.16666666666666666,216760320,2016203264,3054393344
199,1,0.011147279059514403,89.70799014370077,False,llava_ov_0.5b,15000,2.0,196,rlt,0.6,17808,235200,0.07571428571428572,none,,,,,0.16666666666666666,216760320,2016203264,3054393344
200,1,0.01109801302663982,90.10621969893049,False,llava_ov_0.5b,15000,2.0,196,rlt,0.6,17808,235200,0.07571428571428572,none,,,,,0.16666666666666666,216760320,2016203264,3054393344
201,1,0.010943432105705142,91.37901074733855,False,llava_ov_0.5b,15000,2.0,196,rlt,0.6,17808,235200,0.07571428571428572,none,,,,,0.16666666666666666,216760320,2016203264,3054393344
202,1,0.011118167079985142,89.94288292358856,False,llava_ov_0.5b,15000,2.0,196,rlt,0.6,17808,235200,0.07571428571428572,none,,,,,0.16666666666666666,216760320,2016203264,3054393344
203,1,0.010969896800816059,91.15856039097918,False,llava_ov_0.5b,15000,2.0,196,rlt,0.6,17808,235200,0.07571428571428572,none,,,,,0.16666666666666666,216760320,2016203264,3054393344
204,1,0.010966333094984293,91.18818399355143,False,llava_ov_0.5b,15000,2.0,196,rlt,0.6,17808,235200,0.07571428571428572,none,,,,,0.16666666666666666,216760320,2016203264,3054393344
205,1,0.011025418061763048,90.69950857174956,False,llava_ov_0.5b,15000,2.0,196,rlt,0.6,17808,235200,0.07571428571428572,none,,,,,0.16666666666666666,216760320,2016203264,3054393344
206,1,0.010891671990975738,91.81326804815156,False,llava_ov_0.5b,15000,2.0,196,rlt,0.6,17808,235200,0.07571428571428572,none,,,,,0.16666666666666666,216760320,2016203264,3054393344
207,1,0.010913879843428731,91.62644397281889,False,llava_ov_0.5b,15000,2.0,196,rlt,0.6,17808,235200,0.07571428571428572,none,,,,,0.16666666666666666,216760320,2016203264,3054393344
208,1,0.010953832184895873,91.29225125238725,False,llava_ov_0.5b,15000,2.0,196,rlt,0.6,17808,235200,0.07571428571428572,none,,,,,0.16666666666666666,216760320,2016203264,3054393344
209,1,0.05229406198486686,19.12263002804,False,llava_ov_0.5b,15000,2.0,196,rlt,0.6,17808,235200,0.07571428571428572,none,,,,,0.16666666666666666,216760320,2016203264,3054393344
210,1,0.011358249001204967,88.04173952287123,False,llava_ov_0.5b,15000,2.0,196,rlt,0.6,17808,235200,0.07571428571428572,none,,,,,0.16666666666666666,216760320,2016203264,3054393344
211,1,0.011155955959111452,89.63821690092507,False,llava_ov_0.5b,15000,2.0,196,rlt,0.6,17808,235200,0.07571428571428572,none,,,,,0.16666666666666666,216760320,2016203264,3054393344
212,1,0.011014111805707216,90.79261384307239,False,llava_ov_0.5b,15000,2.0,196,rlt,0.6,17808,235200,0.07571428571428572,none,,,,,0.16666666666666666,216760320,2016203264,3054393344
213,1,0.009911847999319434,100.8893598921878,False,llava_ov_0.5b,15000,2.0,196,rlt,0.6,17808,235200,0.07571428571428572,none,,,,,0.16666666666666666,216760320,2016203264,3054393344
214,1,0.011074895970523357,90.29430187530184,False,llava_ov_0.5b,15000,2.0,196,rlt,0.6,17808,235200,0.07571428571428572,none,,,,,0.16666666666666666,216760320,2016203264,3054393344
215,1,0.010911234887316823,91.64865483396349,False,llava_ov_0.5b,15000,2.0,196,rlt,0.6,17808,235200,0.07571428571428572,none,,,,,0.16666666666666666,216760320,2016203264,3054393344
216,1,0.010948073817417026,91.34026831360273,False,llava_ov_0.5b,15000,2.0,196,rlt,0.6,17808,235200,0.07571428571428572,none,,,,,0.16666666666666666,216760320,2016203264,3054393344
217,1,0.011076564202085137,90.28070273016179,False,llava_ov_0.5b,15000,2.0,196,rlt,0.6,17808,235200,0.07571428571428572,none,,,,,0.16666666666666666,216760320,2016203264,3054393344
218,1,0.05004446301609278,19.98223059518953,False,llava_ov_0.5b,15000,2.0,196,rlt,0.6,17808,235200,0.07571428571428572,none,,,,,0.16666666666666666,216760320,2016203264,3054393344
219,1,0.011264390079304576,88.77533474601907,False,llava_ov_0.5b,15000,2.0,196,rlt,0.6,17808,235200,0.07571428571428572,none,,,,,0.16666666666666666,216760320,2016203264,3054393344
220,1,0.011444963980466127,87.37467428528092,False,llava_ov_0.5b,15000,2.0,196,rlt,0.6,17808,235200,0.07571428571428572,none,,,,,0.16666666666666666,216760320,2016203264,3054393344
221,1,0.012165961088612676,82.19654762302328,False,llava_ov_0.5b,15000,2.0,196,rlt,0.6,17808,235200,0.07571428571428572,none,,,,,0.16666666666666666,216760320,2016203264,3054393344
222,1,0.0117099832277745,85.39721881310085,False,llava_ov_0.5b,15000,2.0,196,rlt,0.6,17808,235200,0.07571428571428572,none,,,,,0.16666666666666666,216760320,2016203264,3054393344
223,1,0.011356913018971682,88.05209640414641,False,llava_ov_0.5b,15000,2.0,196,rlt,0.6,17808,235200,0.07571428571428572,none,,,,,0.16666666666666666,216760320,2016203264,3054393344
224,1,0.011068166000768542,90.34920509238502,False,llava_ov_0.5b,15000,2.0,196,rlt,0.6,17808,235200,0.07571428571428572,none,,,,,0.16666666666666666,216760320,2016203264,3054393344
225,1,0.010897825006395578,91.76142940569633,False,llava_ov_0.5b,15000,2.0,196,rlt,0.6,17808,235200,0.07571428571428572,none,,,,,0.16666666666666666,216760320,2016203264,3054393344
226,1,0.010883849114179611,91.8792597645614,False,llava_ov_0.5b,15000,2.0,196,rlt,0.6,17808,235200,0.07571428571428572,none,,,,,0.16666666666666666,216760320,2016203264,3054393344
227,1,0.010815366869792342,92.46103364214406,False,llava_ov_0.5b,15000,2.0,196,rlt,0.6,17808,235200,0.07571428571428572,none,,,,,0.16666666666666666,216760320,2016203264,3054393344
228,1,0.010906600160524249,91.68760065299146,False,llava_ov_0.5b,15000,2.0,196,rlt,0.6,17808,235200,0.07571428571428572,none,,,,,0.16666666666666666,216760320,2016203264,3054393344
229,1,0.010851926170289516,92.14953956633131,False,llava_ov_0.5b,15000,2.0,196,rlt,0.6,17808,235200,0.07571428571428572,none,,,,,0.16666666666666666,216760320,2016203264,3054393344
230,1,0.01081882300786674,92.43149640888528,False,llava_ov_0.5b,15000,2.0,196,rlt,0.6,17808,235200,0.07571428571428572,none,,,,,0.16666666666666666,216760320,2016203264,3054393344
231,1,0.010889203986153007,91.83407724491394,False,llava_ov_0.5b,15000,2.0,196,rlt,0.6,17808,235200,0.07571428571428572,none,,,,,0.16666666666666666,216760320,2016203264,3054393344
232,1,0.011029843939468265,90.66311413724398,False,llava_ov_0.5b,15000,2.0,196,rlt,0.6,17808,235200,0.07571428571428572,none,,,,,0.16666666666666666,216760320,2016203264,3054393344
233,1,0.01092824200168252,91.50602629828653,False,llava_ov_0.5b,15000,2.0,196,rlt,0.6,17808,235200,0.07571428571428572,none,,,,,0.16666666666666666,216760320,2016203264,3054393344
234,1,0.010813793865963817,92.47448327524334,False,llava_ov_0.5b,15000,2.0,196,rlt,0.6,17808,235200,0.07571428571428572,none,,,,,0.16666666666666666,216760320,2016203264,3054393344
235,1,0.049612940987572074,20.15603147272599,False,llava_ov_0.5b,15000,2.0,196,rlt,0.6,17808,235200,0.07571428571428572,none,,,,,0.16666666666666666,216760320,2016203264,3054393344
236,1,0.011243893997743726,88.93716004443537,False,llava_ov_0.5b,15000,2.0,196,rlt,0.6,17808,235200,0.07571428571428572,none,,,,,0.16666666666666666,216760320,2016203264,3054393344
237,1,0.011064213002100587,90.38148486567873,False,llava_ov_0.5b,15000,2.0,196,rlt,0.6,17808,235200,0.07571428571428572,none,,,,,0.16666666666666666,216760320,2016203264,3054393344
238,1,0.011043152073398232,90.55385576088304,False,llava_ov_0.5b,15000,2.0,196,rlt,0.6,17808,235200,0.07571428571428572,none,,,,,0.16666666666666666,216760320,2016203264,3054393344
239,1,0.011334499111399055,88.22621892433733,False,llava_ov_0.5b,15000,2.0,196,rlt,0.6,17808,235200,0.07571428571428572,none,,,,,0.16666666666666666,216760320,2016203264,3054393344
240,1,0.0121254229452461,82.47135003171667,False,llava_ov_0.5b,15000,2.0,196,rlt,0.6,17808,235200,0.07571428571428572,none,,,,,0.16666666666666666,216760320,2016203264,3054393344
241,1,0.011975130997598171,83.50639339148508,False,llava_ov_0.5b,15000,2.0,196,rlt,0.6,17808,235200,0.07571428571428572,none,,,,,0.16666666666666666,216760320,2016203264,3054393344
242,1,0.01141069014556706,87.63711810967807,False,llava_ov_0.5b,15000,2.0,196,rlt,0.6,17808,235200,0.07571428571428572,none,,,,,0.16666666666666666,216760320,2016203264,3054393344
243,1,0.011199548840522766,89.28931104632984,False,llava_ov_0.5b,15000,2.0,196,rlt,0.6,17808,235200,0.07571428571428572,none,,,,,0.16666666666666666,216760320,2016203264,3054393344
244,1,0.011180046014487743,89.445070145878,False,llava_ov_0.5b,15000,2.0,196,rlt,0.6,17808,235200,0.07571428571428572,none,,,,,0.16666666666666666,216760320,2016203264,3054393344
245,1,0.011076359078288078,90.28237464422799,False,llava_ov_0.5b,15000,2.0,196,rlt,0.6,17808,235200,0.07571428571428572,none,,,,,0.16666666666666666,216760320,2016203264,3054393344
246,1,0.049998725997284055,20.000509614071373,False,llava_ov_0.5b,15000,2.0,196,rlt,0.6,17808,235200,0.07571428571428572,none,,,,,0.16666666666666666,216760320,2016203264,3054393344
247,1,0.011612694943323731,86.11265557913508,False,llava_ov_0.5b,15000,2.0,196,rlt,0.6,17808,235200,0.07571428571428572,none,,,,,0.16666666666666666,216760320,2016203264,3054393344
248,1,0.011893231887370348,84.0814346739442,False,llava_ov_0.5b,15000,2.0,196,rlt,0.6,17808,235200,0.07571428571428572,none,,,,,0.16666666666666666,216760320,2016203264,3054393344
249,1,0.01180978212505579,84.67556720444374,False,llava_ov_0.5b,15000,2.0,196,rlt,0.6,17808,235200,0.07571428571428572,none,,,,,0.16666666666666666,216760320,2016203264,3054393344
250,1,0.011294065974652767,88.54207176089608,False,llava_ov_0.5b,15000,2.0,196,rlt,0.6,17808,235200,0.07571428571428572,none,,,,,0.16666666666666666,216760320,2016203264,3054393344
251,1,0.011078112991526723,90.26808092360734,False,llava_ov_0.5b,15000,2.0,196,rlt,0.6,17808,235200,0.07571428571428572,none,,,,,0.16666666666666666,216760320,2016203264,3054393344
252,1,0.011015733936801553,90.77924410094754,False,llava_ov_0.5b,15000,2.0,196,rlt,0.6,17808,235200,0.07571428571428572,none,,,,,0.16666666666666666,216760320,2016203264,3054393344
253,1,0.010959646198898554,91.24382136537402,False,llava_ov_0.5b,15000,2.0,196,rlt,0.6,17808,235200,0.07571428571428572,none,,,,,0.16666666666666666,216760320,2016203264,3054393344
254,1,0.010883170180022717,91.88499154737215,False,llava_ov_0.5b,15000,2.0,196,rlt,0.6,17808,235200,0.07571428571428572,none,,,,,0.16666666666666666,216760320,2016203264,3054393344
255,1,0.010834014043211937,92.30189254060927,False,llava_ov_0.5b,15000,2.0,196,rlt,0.6,17808,235200,0.07571428571428572,none,,,,,0.16666666666666666,216760320,2016203264,3054393344
256,1,0.010889937169849873,91.82789435816238,False,llava_ov_0.5b,15000,2.0,196,rlt,0.6,17808,235200,0.07571428571428572,none,,,,,0.16666666666666666,216760320,2016203264,3054393344
257,1,0.01094882283359766,91.33401966569325,False,llava_ov_0.5b,15000,2.0,196,rlt,0.6,17808,235200,0.07571428571428572,none,,,,,0.16666666666666666,216760320,2016203264,3054393344
258,1,0.010862268041819334,92.06180478607567,False,llava_ov_0.5b,15000,2.0,196,rlt,0.6,17808,235200,0.07571428571428572,none,,,,,0.16666666666666666,216760320,2016203264,3054393344
259,1,0.010982992127537727,91.04986950620619,False,llava_ov_0.5b,15000,2.0,196,rlt,0.6,17808,235200,0.07571428571428572,none,,,,,0.16666666666666666,216760320,2016203264,3054393344
260,1,0.010884224902838469,91.87608754199967,False,llava_ov_0.5b,15000,2.0,196,rlt,0.6,17808,235200,0.07571428571428572,none,,,,,0.16666666666666666,216760320,2016203264,3054393344
261,1,0.049643920036032796,20.14345360467455,False,llava_ov_0.5b,15000,2.0,196,rlt,0.6,17808,235200,0.07571428571428572,none,,,,,0.16666666666666666,216760320,2016203264,3054393344
262,1,0.011363363126292825,88.00211600086736,False,llava_ov_0.5b,15000,2.0,196,rlt,0.6,17808,235200,0.07571428571428572,none,,,,,0.16666666666666666,216760320,2016203264,3054393344
263,1,0.011065173195675015,90.37364190475253,False,llava_ov_0.5b,15000,2.0,196,rlt,0.6,17808,235200,0.07571428571428572,none,,,,,0.16666666666666666,216760320,2016203264,3054393344
264,1,0.0110441988799721,90.54527275975006,False,llava_ov_0.5b,15000,2.0,196,rlt,0.6,17808,235200,0.07571428571428572,none,,,,,0.16666666666666666,216760320,2016203264,3054393344
265,1,0.010989506961777806,90.99589303487978,False,llava_ov_0.5b,15000,2.0,196,rlt,0.6,17808,235200,0.07571428571428572,none,,,,,0.16666666666666666,216760320,2016203264,3054393344
266,1,0.011071114102378488,90.32514620955472,False,llava_ov_0.5b,15000,2.0,196,rlt,0.6,17808,235200,0.07571428571428572,none,,,,,0.16666666666666666,216760320,2016203264,3054393344
267,1,0.011491220910102129,87.02295498652218,False,llava_ov_0.5b,15000,2.0,196,rlt,0.6,17808,235200,0.07571428571428572,none,,,,,0.16666666666666666,216760320,2016203264,3054393344
268,1,0.011765982024371624,84.99078087393272,False,llava_ov_0.5b,15000,2.0,196,rlt,0.6,17808,235200,0.07571428571428572,none,,,,,0.16666666666666666,216760320,2016203264,3054393344
269,1,0.011197758140042424,89.30358983411757,False,llava_ov_0.5b,15000,2.0,196,rlt,0.6,17808,235200,0.07571428571428572,none,,,,,0.16666666666666666,216760320,2016203264,3054393344
270,1,0.010976377176120877,91.10474102288515,False,llava_ov_0.5b,15000,2.0,196,rlt,0.6,17808,235200,0.07571428571428572,none,,,,,0.16666666666666666,216760320,2016203264,3054393344
271,1,0.01095163100399077,91.31060018691284,False,llava_ov_0.5b,15000,2.0,196,rlt,0.6,17808,235200,0.07571428571428572,none,,,,,0.16666666666666666,216760320,2016203264,3054393344
272,1,0.010912675876170397,91.63655288100902,False,llava_ov_0.5b,15000,2.0,196,rlt,0.6,17808,235200,0.07571428571428572,none,,,,,0.16666666666666666,216760320,2016203264,3054393344
273,1,0.010793708031997085,92.64656752207675,False,llava_ov_0.5b,15000,2.0,196,rlt,0.6,17808,235200,0.07571428571428572,none,,,,,0.16666666666666666,216760320,2016203264,3054393344
274,1,0.010836625937372446,92.27964550767449,False,llava_ov_0.5b,15000,2.0,196,rlt,0.6,17808,235200,0.07571428571428572,none,,,,,0.16666666666666666,216760320,2016203264,3054393344
275,1,0.010842279065400362,92.23153120926186,False,llava_ov_0.5b,15000,2.0,196,rlt,0.6,17808,235200,0.07571428571428572,none,,,,,0.16666666666666666,216760320,2016203264,3054393344
276,1,0.010932347038760781,91.4716662812191,False,llava_ov_0.5b,15000,2.0,196,rlt,0.6,17808,235200,0.07571428571428572,none,,,,,0.16666666666666666,216760320,2016203264,3054393344
277,1,0.049969593062996864,20.012170175956726,False,llava_ov_0.5b,15000,2.0,196,rlt,0.6,17808,235200,0.07571428571428572,none,,,,,0.16666666666666666,216760320,2016203264,3054393344
278,1,0.011907472973689437,83.9808750529675,False,llava_ov_0.5b,15000,2.0,196,rlt,0.6,17808,235200,0.07571428571428572,none,,,,,0.16666666666666666,216760320,2016203264,3054393344
279,1,0.011501631001010537,86.94419077712888,False,llava_ov_0.5b,15000,2.0,196,rlt,0.6,17808,235200,0.07571428571428572,none,,,,,0.16666666666666666,216760320,2016203264,3054393344
280,1,0.011581707978621125,86.3430507698793,False,llava_ov_0.5b,15000,2.0,196,rlt,0.6,17808,235200,0.07571428571428572,none,,,,,0.16666666666666666,216760320,2016203264,3054393344
281,1,0.011284188134595752,88.61957883652605,False,llava_ov_0.5b,15000,2.0,196,rlt,0.6,17808,235200,0.07571428571428572,none,,,,,0.16666666666666666,216760320,2016203264,3054393344
282,1,0.011049306020140648,90.5034214978934,False,llava_ov_0.5b,15000,2.0,196,rlt,0.6,17808,235200,0.07571428571428572,none,,,,,0.16666666666666666,216760320,2016203264,3054393344
283,1,0.010939378989860415,91.41286730507176,False,llava_ov_0.5b,15000,2.0,196,rlt,0.6,17808,235200,0.07571428571428572,none,,,,,0.16666666666666666,216760320,2016203264,3054393344
284,1,0.011243201093748212,88.94264112700525,False,llava_ov_0.5b,15000,2.0,196,rlt,0.6,17808,235200,0.07571428571428572,none,,,,,0.16666666666666666,216760320,2016203264,3054393344
285,1,0.012297524837777019,81.31717668323626,False,llava_ov_0.5b,15000,2.0,196,rlt,0.6,17808,235200,0.07571428571428572,none,,,,,0.16666666666666666,216760320,2016203264,3054393344
286,1,0.012039360124617815,83.06089274256547,False,llava_ov_0.5b,15000,2.0,196,rlt,0.6,17808,235200,0.07571428571428572,none,,,,,0.16666666666666666,216760320,2016203264,3054393344
287,1,0.011287207016721368,88.59587659892794,False,llava_ov_0.5b,15000,2.0,196,rlt,0.6,17808,235200,0.07571428571428572,none,,,,,0.16666666666666666,216760320,2016203264,3054393344
288,1,0.050459519028663635,19.817866266857358,False,llava_ov_0.5b,15000,2.0,196,rlt,0.6,17808,235200,0.07571428571428572,none,,,,,0.16666666666666666,216760320,2016203264,3054393344
289,1,0.01142653706483543,87.51557837041003,False,llava_ov_0.5b,15000,2.0,196,rlt,0.6,17808,235200,0.07571428571428572,none,,,,,0.16666666666666666,216760320,2016203264,3054393344
290,1,0.011079219169914722,90.2590683209399,False,llava_ov_0.5b,15000,2.0,196,rlt,0.6,17808,235200,0.07571428571428572,none,,,,,0.16666666666666666,216760320,2016203264,3054393344
291,1,0.010957903927192092,91.258328841385,False,llava_ov_0.5b,15000,2.0,196,rlt,0.6,17808,235200,0.07571428571428572,none,,,,,0.16666666666666666,216760320,2016203264,3054393344
292,1,0.010913829086348414,91.62687010105849,False,llava_ov_0.5b,15000,2.0,196,rlt,0.6,17808,235200,0.07571428571428572,none,,,,,0.16666666666666666,216760320,2016203264,3054393344
293,1,0.010895312996581197,91.7825858067397,False,llava_ov_0.5b,15000,2.0,196,rlt,0.6,17808,235200,0.07571428571428572,none,,,,,0.16666666666666666,216760320,2016203264,3054393344
294,1,0.010837315116077662,92.27377715689502,False,llava_ov_0.5b,15000,2.0,196,rlt,0.6,17808,235200,0.07571428571428572,none,,,,,0.16666666666666666,216760320,2016203264,3054393344
295,1,0.010950579075142741,91.31937161843334,False,llava_ov_0.5b,15000,2.0,196,rlt,0.6,17808,235200,0.07571428571428572,none,,,,,0.16666666666666666,216760320,2016203264,3054393344
296,1,0.010826571146026254,92.36534693322885,False,llava_ov_0.5b,15000,2.0,196,rlt,0.6,17808,235200,0.07571428571428572,none,,,,,0.16666666666666666,216760320,2016203264,3054393344
297,1,0.01081556617282331,92.45932982341124,False,llava_ov_0.5b,15000,2.0,196,rlt,0.6,17808,235200,0.07571428571428572,none,,,,,0.16666666666666666,216760320,2016203264,3054393344
298,1,0.010846046032384038,92.19949804880119,False,llava_ov_0.5b,15000,2.0,196,rlt,0.6,17808,235200,0.07571428571428572,none,,,,,0.16666666666666666,216760320,2016203264,3054393344
299,1,0.010820240015164018,92.41939167694531,False,llava_ov_0.5b,15000,2.0,196,rlt,0.6,17808,235200,0.07571428571428572,none,,,,,0.16666666666666666,216760320,2016203264,3054393344
300,1,0.010860246839001775,92.0789384278779,False,llava_ov_0.5b,15000,2.0,196,rlt,0.6,17808,235200,0.07571428571428572,none,,,,,0.16666666666666666,216760320,2016203264,3054393344
301,1,0.010902574984356761,91.72145125668207,False,llava_ov_0.5b,15000,2.0,196,rlt,0.6,17808,235200,0.07571428571428572,none,,,,,0.16666666666666666,216760320,2016203264,3054393344
302,1,0.010836526984348893,92.28048815310402,False,llava_ov_0.5b,15000,2.0,196,rlt,0.6,17808,235200,0.07571428571428572,none,,,,,0.16666666666666666,216760320,2016203264,3054393344
303,1,0.0109088821336627,91.66842099376923,False,llava_ov_0.5b,15000,2.0,196,rlt,0.6,17808,235200,0.07571428571428572,none,,,,,0.16666666666666666,216760320,2016203264,3054393344
304,1,0.01095493696630001,91.28304462875849,False,llava_ov_0.5b,15000,2.0,196,rlt,0.6,17808,235200,0.07571428571428572,none,,,,,0.16666666666666666,216760320,2016203264,3054393344
305,1,0.05032044788822532,19.872637108104794,False,llava_ov_0.5b,15000,2.0,196,rlt,0.6,17808,235200,0.07571428571428572,none,,,,,0.16666666666666666,216760320,2016203264,3054393344
306,1,0.011178418062627316,89.45809634220868,False,llava_ov_0.5b,15000,2.0,196,rlt,0.6,17808,235200,0.07571428571428572,none,,,,,0.16666666666666666,216760320,2016203264,3054393344
307,1,0.010974255157634616,91.12235733869517,False,llava_ov_0.5b,15000,2.0,196,rlt,0.6,17808,235200,0.07571428571428572,none,,,,,0.16666666666666666,216760320,2016203264,3054393344
308,1,0.01082198298536241,92.40450676669694,False,llava_ov_0.5b,15000,2.0,196,rlt,0.6,17808,235200,0.07571428571428572,none,,,,,0.16666666666666666,216760320,2016203264,3054393344
309,1,0.010883938986808062,91.87850108421735,False,llava_ov_0.5b,15000,2.0,196,rlt,0.6,17808,235200,0.07571428571428572,none,,,,,0.16666666666666666,216760320,2016203264,3054393344
310,1,0.010897427098825574,91.76477997340959,False,llava_ov_0.5b,15000,2.0,196,rlt,0.6,17808,235200,0.07571428571428572,none,,,,,0.16666666666666666,216760320,2016203264,3054393344
311,1,0.010936524951830506,91.43672276197975,False,llava_ov_0.5b,15000,2.0,196,rlt,0.6,17808,235200,0.07571428571428572,none,,,,,0.16666666666666666,216760320,2016203264,3054393344
312,1,0.010882203001528978,91.8931580176824,False,llava_ov_0.5b,15000,2.0,196,rlt,0.6,17808,235200,0.07571428571428572,none,,,,,0.16666666666666666,216760320,2016203264,3054393344
313,1,0.010832414962351322,92.3155181439741,False,llava_ov_0.5b,15000,2.0,196,rlt,0.6,17808,235200,0.07571428571428572,none,,,,,0.16666666666666666,216760320,2016203264,3054393344
314,1,0.010784046957269311,92.7295665497747,False,llava_ov_0.5b,15000,2.0,196,rlt,0.6,17808,235200,0.07571428571428572,none,,,,,0.16666666666666666,216760320,2016203264,3054393344
315,1,0.010896954918280244,91.76875627175852,False,llava_ov_0.5b,15000,2.0,196,rlt,0.6,17808,235200,0.07571428571428572,none,,,,,0.16666666666666666,216760320,2016203264,3054393344
316,1,0.0107846490573138,92.72438951750891,False,llava_ov_0.5b,15000,2.0,196,rlt,0.6,17808,235200,0.07571428571428572,none,,,,,0.16666666666666666,216760320,2016203264,3054393344
317,1,0.010926799150183797,91.51810939832085,False,llava_ov_0.5b,15000,2.0,196,rlt,0.6,17808,235200,0.07571428571428572,none,,,,,0.16666666666666666,216760320,2016203264,3054393344
318,1,0.05358731700107455,18.661132073097587,False,llava_ov_0.5b,15000,2.0,196,rlt,0.6,17808,235200,0.07571428571428572,none,,,,,0.16666666666666666,216760320,2016203264,3054393344
319,1,0.01130147511139512,88.48402444312016,False,llava_ov_0.5b,15000,2.0,196,rlt,0.6,17808,235200,0.07571428571428572,none,,,,,0.16666666666666666,216760320,2016203264,3054393344
320,1,0.01121139107272029,89.19499761570299,False,llava_ov_0.5b,15000,2.0,196,rlt,0.6,17808,235200,0.07571428571428572,none,,,,,0.16666666666666666,216760320,2016203264,3054393344
321,1,0.010984446154907346,91.03781710043214,False,llava_ov_0.5b,15000,2.0,196,rlt,0.6,17808,235200,0.07571428571428572,none,,,,,0.16666666666666666,216760320,2016203264,3054393344
322,1,0.010889781871810555,91.82920390615116,False,llava_ov_0.5b,15000,2.0,196,rlt,0.6,17808,235200,0.07571428571428572,none,,,,,0.16666666666666666,216760320,2016203264,3054393344
323,1,0.010866058990359306,92.02968628158838,False,llava_ov_0.5b,15000,2.0,196,rlt,0.6,17808,235200,0.07571428571428572,none,,,,,0.16666666666666666,216760320,2016203264,3054393344
324,1,0.011668266030028462,85.70253690021161,False,llava_ov_0.5b,15000,2.0,196,rlt,0.6,17808,235200,0.07571428571428572,none,,,,,0.16666666666666666,216760320,2016203264,3054393344
325,1,0.010341688059270382,96.69601270786649,False,llava_ov_0.5b,15000,2.0,196,rlt,0.6,17808,235200,0.07571428571428572,none,,,,,0.16666666666666666,216760320,2016203264,3054393344
326,1,0.010884917108342052,91.87024485777789,False,llava_ov_0.5b,15000,2.0,196,rlt,0.6,17808,235200,0.07571428571428572,none,,,,,0.16666666666666666,216760320,2016203264,3054393344
327,1,0.051872289972379804,19.27811555133705,False,llava_ov_0.5b,15000,2.0,196,rlt,0.6,17808,235200,0.07571428571428572,none,,,,,0.16666666666666666,216760320,2016203264,3054393344
328,1,0.01139772403985262,87.73681451695603,False,llava_ov_0.5b,15000,2.0,196,rlt,0.6,17808,235200,0.07571428571428572,none,,,,,0.16666666666666666,216760320,2016203264,3054393344
329,1,0.011153965024277568,89.65421693751179,False,llava_ov_0.5b,15000,2.0,196,rlt,0.6,17808,235200,0.07571428571428572,none,,,,,0.16666666666666666,216760320,2016203264,3054393344
330,1,0.011067198123782873,90.3571065427164,False,llava_ov_0.5b,15000,2.0,196,rlt,0.6,17808,235200,0.07571428571428572,none,,,,,0.16666666666666666,216760320,2016203264,3054393344
331,1,0.010924520902335644,91.53719498913694,False,llava_ov_0.5b,15000,2.0,196,rlt,0.6,17808,235200,0.07571428571428572,none,,,,,0.16666666666666666,216760320,2016203264,3054393344
332,1,0.010863889940083027,92.04806064082398,False,llava_ov_0.5b,15000,2.0,196,rlt,0.6,17808,235200,0.07571428571428572,none,,,,,0.16666666666666666,216760320,2016203264,3054393344
333,1,0.010782031109556556,92.74690360646976,False,llava_ov_0.5b,15000,2.0,196,rlt,0.6,17808,235200,0.07571428571428572,none,,,,,0.16666666666666666,216760320,2016203264,3054393344
334,1,0.011014265939593315,90.7913432891855,False,llava_ov_0.5b,15000,2.0,196,rlt,0.6,17808,235200,0.07571428571428572,none,,,,,0.16666666666666666,216760320,2016203264,3054393344
335,1,0.010818138951435685,92.43734107032236,False,llava_ov_0.5b,15000,2.0,196,rlt,0.6,17808,235200,0.07571428571428572,none,,,,,0.16666666666666666,216760320,2016203264,3054393344
336,1,0.010760233970358968,92.93478215758903,False,llava_ov_0.5b,15000,2.0,196,rlt,0.6,17808,235200,0.07571428571428572,none,,,,,0.16666666666666666,216760320,2016203264,3054393344
337,1,0.010940239997580647,91.40567302190286,False,llava_ov_0.5b,15000,2.0,196,rlt,0.6,17808,235200,0.07571428571428572,none,,,,,0.16666666666666666,216760320,2016203264,3054393344
338,1,0.010934107005596161,91.45694289329639,False,llava_ov_0.5b,15000,2.0,196,rlt,0.6,17808,235200,0.07571428571428572,none,,,,,0.16666666666666666,216760320,2016203264,3054393344
339,1,0.04890217911452055,20.448986489092253,False,llava_ov_0.5b,15000,2.0,196,rlt,0.6,17808,235200,0.07571428571428572,none,,,,,0.16666666666666666,216760320,2016203264,3054393344
340,1,0.011376732029020786,87.89870390276492,False,llava_ov_0.5b,15000,2.0,196,rlt,0.6,17808,235200,0.07571428571428572,none,,,,,0.16666666666666666,216760320,2016203264,3054393344
341,1,0.011462155962362885,87.2436218180592,False,llava_ov_0.5b,15000,2.0,196,rlt,0.6,17808,235200,0.07571428571428572,none,,,,,0.16666666666666666,216760320,2016203264,3054393344
342,1,0.011973925167694688,83.51480287332777,False,llava_ov_0.5b,15000,2.0,196,rlt,0.6,17808,235200,0.07571428571428572,none,,,,,0.16666666666666666,216760320,2016203264,3054393344
343,1,0.011654041009023786,85.807146141471,False,llava_ov_0.5b,15000,2.0,196,rlt,0.6,17808,235200,0.07571428571428572,none,,,,,0.16666666666666666,216760320,2016203264,3054393344
344,1,0.011181595036759973,89.4326790330411,False,llava_ov_0.5b,15000,2.0,196,rlt,0.6,17808,235200,0.07571428571428572,none,,,,,0.16666666666666666,216760320,2016203264,3054393344
345,1,0.011034569004550576,90.62429167714727,False,llava_ov_0.5b,15000,2.0,196,rlt,0.6,17808,235200,0.07571428571428572,none,,,,,0.16666666666666666,216760320,2016203264,3054393344
346,1,0.010902519105002284,91.72192136230065,False,llava_ov_0.5b,15000,2.0,196,rlt,0.6,17808,235200,0.07571428571428572,none,,,,,0.16666666666666666,216760320,2016203264,3054393344
347,1,0.010812625987455249,92.48447150213045,False,llava_ov_0.5b,15000,2.0,196,rlt,0.6,17808,235200,0.07571428571428572,none,,,,,0.16666666666666666,216760320,2016203264,3054393344
348,1,0.010791862849146128,92.66240814755368,False,llava_ov_0.5b,15000,2.0,196,rlt,0.6,17808,235200,0.07571428571428572,none,,,,,0.16666666666666666,216760320,2016203264,3054393344
349,1,0.04949439689517021,20.204307209117292,False,llava_ov_0.5b,15000,2.0,196,rlt,0.6,17808,235200,0.07571428571428572,none,,,,,0.16666666666666666,216760320,2016203264,3054393344
350,1,0.01122172991745174,89.11282015839878,False,llava_ov_0.5b,15000,2.0,196,rlt,0.6,17808,235200,0.07571428571428572,none,,,,,0.16666666666666666,216760320,2016203264,3054393344
351,1,0.011011399095878005,90.81498102946236,False,llava_ov_0.5b,15000,2.0,196,rlt,0.6,17808,235200,0.07571428571428572,none,,,,,0.16666666666666666,216760320,2016203264,3054393344
352,1,0.010983960935845971,91.04183871744453,False,llava_ov_0.5b,15000,2.0,196,rlt,0.6,17808,235200,0.07571428571428572,none,,,,,0.16666666666666666,216760320,2016203264,3054393344
353,1,0.010831212857738137,92.32576380267244,False,llava_ov_0.5b,15000,2.0,196,rlt,0.6,17808,235200,0.07571428571428572,none,,,,,0.16666666666666666,216760320,2016203264,3054393344
354,1,0.011017355835065246,90.76588021395044,False,llava_ov_0.5b,15000,2.0,196,rlt,0.6,17808,235200,0.07571428571428572,none,,,,,0.16666666666666666,216760320,2016203264,3054393344
355,1,0.010988828027620912,91.00151512849735,False,llava_ov_0.5b,15000,2.0,196,rlt,0.6,17808,235200,0.07571428571428572,none,,,,,0.16666666666666666,216760320,2016203264,3054393344
356,1,0.011561871971935034,86.49118433653064,False,llava_ov_0.5b,15000,2.0,196,rlt,0.6,17808,235200,0.07571428571428572,none,,,,,0.16666666666666666,216760320,2016203264,3054393344
357,1,0.011943531921133399,83.72732677429839,False,llava_ov_0.5b,15000,2.0,196,rlt,0.6,17808,235200,0.07571428571428572,none,,,,,0.16666666666666666,216760320,2016203264,3054393344
358,1,0.011295077856630087,88.53413962197799,False,llava_ov_0.5b,15000,2.0,196,rlt,0.6,17808,235200,0.07571428571428572,none,,,,,0.16666666666666666,216760320,2016203264,3054393344
359,1,0.011046153027564287,90.52925461965135,False,llava_ov_0.5b,15000,2.0,196,rlt,0.6,17808,235200,0.07571428571428572,none,,,,,0.16666666666666666,216760320,2016203264,3054393344
360,1,0.010967782000079751,91.17613752650523,False,llava_ov_0.5b,15000,2.0,196,rlt,0.6,17808,235200,0.07571428571428572,none,,,,,0.16666666666666666,216760320,2016203264,3054393344
361,1,0.011057544965296984,90.43598765715188,False,llava_ov_0.5b,15000,2.0,196,rlt,0.6,17808,235200,0.07571428571428572,none,,,,,0.16666666666666666,216760320,2016203264,3054393344
362,1,0.010912627913057804,91.6369556414017,False,llava_ov_0.5b,15000,2.0,196,rlt,0.6,17808,235200,0.07571428571428572,none,,,,,0.16666666666666666,216760320,2016203264,3054393344
363,1,0.04919229494407773,20.328386816203828,False,llava_ov_0.5b,15000,2.0,196,rlt,0.6,17808,235200,0.07571428571428572,none,,,,,0.16666666666666666,216760320,2016203264,3054393344
364,1,0.011404335033148527,87.68595425277667,False,llava_ov_0.5b,15000,2.0,196,rlt,0.6,17808,235200,0.07571428571428572,none,,,,,0.16666666666666666,216760320,2016203264,3054393344
365,1,0.011132460786029696,89.82739928039234,False,llava_ov_0.5b,15000,2.0,196,rlt,0.6,17808,235200,0.07571428571428572,none,,,,,0.16666666666666666,216760320,2016203264,3054393344
366,1,0.011009570909664035,90.83006124445915,False,llava_ov_0.5b,15000,2.0,196,rlt,0.6,17808,235200,0.07571428571428572,none,,,,,0.16666666666666666,216760320,2016203264,3054393344
367,1,0.011013265931978822,90.79958716844712,False,llava_ov_0.5b,15000,2.0,196,rlt,0.6,17808,235200,0.07571428571428572,none,,,,,0.16666666666666666,216760320,2016203264,3054393344
368,1,0.011355566792190075,88.06253516889723,False,llava_ov_0.5b,15000,2.0,196,rlt,0.6,17808,235200,0.07571428571428572,none,,,,,0.16666666666666666,216760320,2016203264,3054393344
369,1,0.011827866081148386,84.54610435552956,False,llava_ov_0.5b,15000,2.0,196,rlt,0.6,17808,235200,0.07571428571428572,none,,,,,0.16666666666666666,216760320,2016203264,3054393344
370,1,0.011646484956145287,85.86281644337234,False,llava_ov_0.5b,15000,2.0,196,rlt,0.6,17808,235200,0.07571428571428572,none,,,,,0.16666666666666666,216760320,2016203264,3054393344
371,1,0.011574194068089128,86.39910425876397,False,llava_ov_0.5b,15000,2.0,196,rlt,0.6,17808,235200,0.07571428571428572,none,,,,,0.16666666666666666,216760320,2016203264,3054393344
372,1,0.05206741904839873,19.205868435123705,False,llava_ov_0.5b,15000,2.0,196,rlt,0.6,17808,235200,0.07571428571428572,none,,,,,0.16666666666666666,216760320,2016203264,3054393344
373,1,0.011699069989845157,85.47687986036534,False,llava_ov_0.5b,15000,2.0,196,rlt,0.6,17808,235200,0.07571428571428572,none,,,,,0.16666666666666666,216760320,2016203264,3054393344
374,1,0.011770427925512195,84.95867833594373,False,llava_ov_0.5b,15000,2.0,196,rlt,0.6,17808,235200,0.07571428571428572,none,,,,,0.16666666666666666,216760320,2016203264,3054393344
375,1,0.011326404986903071,88.2892675263085,False,llava_ov_0.5b,15000,2.0,196,rlt,0.6,17808,235200,0.07571428571428572,none,,,,,0.16666666666666666,216760320,2016203264,3054393344
376,1,0.01124018314294517,88.96652192252256,False,llava_ov_0.5b,15000,2.0,196,rlt,0.6,17808,235200,0.07571428571428572,none,,,,,0.16666666666666666,216760320,2016203264,3054393344
377,1,0.011137501103803515,89.78674755493356,False,llava_ov_0.5b,15000,2.0,196,rlt,0.6,17808,235200,0.07571428571428572,none,,,,,0.16666666666666666,216760320,2016203264,3054393344
378,1,0.011033013928681612,90.63706494563402,False,llava_ov_0.5b,15000,2.0,196,rlt,0.6,17808,235200,0.07571428571428572,none,,,,,0.16666666666666666,216760320,2016203264,3054393344
379,1,0.011087307939305902,90.19321962321207,False,llava_ov_0.5b,15000,2.0,196,rlt,0.6,17808,235200,0.07571428571428572,none,,,,,0.16666666666666666,216760320,2016203264,3054393344
380,1,0.010914491955190897,91.62130533473005,False,llava_ov_0.5b,15000,2.0,196,rlt,0.6,17808,235200,0.07571428571428572,none,,,,,0.16666666666666666,216760320,2016203264,3054393344
381,1,0.01088978722691536,91.8291587487022,False,llava_ov_0.5b,15000,2.0,196,rlt,0.6,17808,235200,0.07571428571428572,none,,,,,0.16666666666666666,216760320,2016203264,3054393344
382,1,0.010966974077746272,91.18285435078747,False,llava_ov_0.5b,15000,2.0,196,rlt,0.6,17808,235200,0.07571428571428572,none,,,,,0.16666666666666666,216760320,2016203264,3054393344
383,1,0.010799140902236104,92.59995855716049,False,llava_ov_0.5b,15000,2.0,196,rlt,0.6,17808,235200,0.07571428571428572,none,,,,,0.16666666666666666,216760320,2016203264,3054393344
384,1,0.010869282064959407,92.00239666461675,False,llava_ov_0.5b,15000,2.0,196,rlt,0.6,17808,235200,0.07571428571428572,none,,,,,0.16666666666666666,216760320,2016203264,3054393344
385,1,0.010924578877165914,91.53670921724563,False,llava_ov_0.5b,15000,2.0,196,rlt,0.6,17808,235200,0.07571428571428572,none,,,,,0.16666666666666666,216760320,2016203264,3054393344
386,1,0.05092021496966481,19.6385659525542,False,llava_ov_0.5b,15000,2.0,196,rlt,0.6,17808,235200,0.07571428571428572,none,,,,,0.16666666666666666,216760320,2016203264,3054393344
387,1,0.01128384517505765,88.62227232702978,False,llava_ov_0.5b,15000,2.0,196,rlt,0.6,17808,235200,0.07571428571428572,none,,,,,0.16666666666666666,216760320,2016203264,3054393344
388,1,0.011125458870083094,89.88393302940962,False,llava_ov_0.5b,15000,2.0,196,rlt,0.6,17808,235200,0.07571428571428572,none,,,,,0.16666666666666666,216760320,2016203264,3054393344
389,1,0.011464467970654368,87.22602763248176,False,llava_ov_0.5b,15000,2.0,196,rlt,0.6,17808,235200,0.07571428571428572,none,,,,,0.16666666666666666,216760320,2016203264,3054393344
390,1,0.012018796056509018,83.20300929463149,False,llava_ov_0.5b,15000,2.0,196,rlt,0.6,17808,235200,0.07571428571428572,none,,,,,0.16666666666666666,216760320,2016203264,3054393344
391,1,0.011633303016424179,85.96010940213418,False,llava_ov_0.5b,15000,2.0,196,rlt,0.6,17808,235200,0.07571428571428572,none,,,,,0.16666666666666666,216760320,2016203264,3054393344
392,1,0.011169521836563945,89.52934732858965,False,llava_ov_0.5b,15000,2.0,196,rlt,0.6,17808,235200,0.07571428571428572,none,,,,,0.16666666666666666,216760320,2016203264,3054393344
393,1,0.010979393031448126,91.07971607680986,False,llava_ov_0.5b,15000,2.0,196,rlt,0.6,17808,235200,0.07571428571428572,none,,,,,0.16666666666666666,216760320,2016203264,3054393344
394,1,0.010992027120664716,90.97503026716764,False,llava_ov_0.5b,15000,2.0,196,rlt,0.6,17808,235200,0.07571428571428572,none,,,,,0.16666666666666666,216760320,2016203264,3054393344
395,1,0.011008498026058078,90.83891350417764,False,llava_ov_0.5b,15000,2.0,196,rlt,0.6,17808,235200,0.07571428571428572,none,,,,,0.16666666666666666,216760320,2016203264,3054393344
396,1,0.011394710978493094,87.76001443893104,False,llava_ov_0.5b,15000,2.0,196,rlt,0.6,17808,235200,0.07571428571428572,none,,,,,0.16666666666666666,216760320,2016203264,3054393344
397,1,0.012019098037853837,83.20091880859329,False,llava_ov_0.5b,15000,2.0,196,rlt,0.6,17808,235200,0.07571428571428572,none,,,,,0.16666666666666666,216760320,2016203264,3054393344
398,1,0.05076570110395551,19.698339198590975,False,llava_ov_0.5b,15000,2.0,196,rlt,0.6,17808,235200,0.07571428571428572,none,,,,,0.16666666666666666,216760320,2016203264,3054393344
399,1,0.011310250964015722,88.41536789780909,False,llava_ov_0.5b,15000,2.0,196,rlt,0.6,17808,235200,0.07571428571428572,none,,,,,0.16666666666666666,216760320,2016203264,3054393344
400,1,0.011162653798237443,89.58443198855613,False,llava_ov_0.5b,15000,2.0,196,rlt,0.6,17808,235200,0.07571428571428572,none,,,,,0.16666666666666666,216760320,2016203264,3054393344
401,1,0.010928656905889511,91.50255229085788,False,llava_ov_0.5b,15000,2.0,196,rlt,0.6,17808,235200,0.07571428571428572,none,,,,,0.16666666666666666,216760320,2016203264,3054393344
402,1,0.010892962105572224,91.80239408787226,False,llava_ov_0.5b,15000,2.0,196,rlt,0.6,17808,235200,0.07571428571428572,none,,,,,0.16666666666666666,216760320,2016203264,3054393344
403,1,0.010916233994066715,91.60668418646289,False,llava_ov_0.5b,15000,2.0,196,rlt,0.6,17808,235200,0.07571428571428572,none,,,,,0.16666666666666666,216760320,2016203264,3054393344
404,1,0.010906264884397388,91.6904192773284,False,llava_ov_0.5b,15000,2.0,196,rlt,0.6,17808,235200,0.07571428571428572,none,,,,,0.16666666666666666,216760320,2016203264,3054393344
405,1,0.010934022022411227,91.45765372982802,False,llava_ov_0.5b,15000,2.0,196,rlt,0.6,17808,235200,0.07571428571428572,none,,,,,0.16666666666666666,216760320,2016203264,3054393344
406,1,0.011025208979845047,90.7012285960365,False,llava_ov_0.5b,15000,2.0,196,rlt,0.6,17808,235200,0.07571428571428572,none,,,,,0.16666666666666666,216760320,2016203264,3054393344
407,1,0.010903427144512534,91.71428274304368,False,llava_ov_0.5b,15000,2.0,196,rlt,0.6,17808,235200,0.07571428571428572,none,,,,,0.16666666666666666,216760320,2016203264,3054393344
408,1,0.011224291054531932,89.09248656700139,False,llava_ov_0.5b,15000,2.0,196,rlt,0.6,17808,235200,0.07571428571428572,none,,,,,0.16666666666666666,216760320,2016203264,3054393344
409,1,0.05028991308063269,19.88470328824476,False,llava_ov_0.5b,15000,2.0,196,rlt,0.6,17808,235200,0.07571428571428572,none,,,,,0.16666666666666666,216760320,2016203264,3054393344
410,1,0.011299547972157598,88.49911540391066,False,llava_ov_0.5b,15000,2.0,196,rlt,0.6,17808,235200,0.07571428571428572,none,,,,,0.16666666666666666,216760320,2016203264,3054393344
411,1,0.01116992812603712,89.52609083213332,False,llava_ov_0.5b,15000,2.0,196,rlt,0.6,17808,235200,0.07571428571428572,none,,,,,0.16666666666666666,216760320,2016203264,3054393344
412,1,0.011074441019445658,90.29801127154822,False,llava_ov_0.5b,15000,2.0,196,rlt,0.6,17808,235200,0.07571428571428572,none,,,,,0.16666666666666666,216760320,2016203264,3054393344
413,1,0.010956980986520648,91.26601581495913,False,llava_ov_0.5b,15000,2.0,196,rlt,0.6,17808,235200,0.07571428571428572,none,,,,,0.16666666666666666,216760320,2016203264,3054393344
414,1,0.01096200686879456,91.22417199415285,False,llava_ov_0.5b,15000,2.0,196,rlt,0.6,17808,235200,0.07571428571428572,none,,,,,0.16666666666666666,216760320,2016203264,3054393344
415,1,0.010969545925036073,91.1614762209687,False,llava_ov_0.5b,15000,2.0,196,rlt,0.6,17808,235200,0.07571428571428572,none,,,,,0.16666666666666666,216760320,2016203264,3054393344
416,1,0.010896225925534964,91.77489589826982,False,llava_ov_0.5b,15000,2.0,196,rlt,0.6,17808,235200,0.07571428571428572,none,,,,,0.16666666666666666,216760320,2016203264,3054393344
417,1,0.010855898028239608,92.11582472483485,False,llava_ov_0.5b,15000,2.0,196,rlt,0.6,17808,235200,0.07571428571428572,none,,,,,0.16666666666666666,216760320,2016203264,3054393344
418,1,0.010926279006525874,91.5224661023882,False,llava_ov_0.5b,15000,2.0,196,rlt,0.6,17808,235200,0.07571428571428572,none,,,,,0.16666666666666666,216760320,2016203264,3054393344
419,1,0.010836079018190503,92.28430305106691,False,llava_ov_0.5b,15000,2.0,196,rlt,0.6,17808,235200,0.07571428571428572,none,,,,,0.16666666666666666,216760320,2016203264,3054393344
420,1,0.010911412071436644,91.64716660438026,False,llava_ov_0.5b,15000,2.0,196,rlt,0.6,17808,235200,0.07571428571428572,none,,,,,0.16666666666666666,216760320,2016203264,3054393344
421,1,0.010946963913738728,91.34952922837114,False,llava_ov_0.5b,15000,2.0,196,rlt,0.6,17808,235200,0.07571428571428572,none,,,,,0.16666666666666666,216760320,2016203264,3054393344
422,1,0.01086808810941875,92.01250394108943,False,llava_ov_0.5b,15000,2.0,196,rlt,0.6,17808,235200,0.07571428571428572,none,,,,,0.16666666666666666,216760320,2016203264,3054393344
423,1,0.01092526689171791,91.5309447275899,False,llava_ov_0.5b,15000,2.0,196,rlt,0.6,17808,235200,0.07571428571428572,none,,,,,0.16666666666666666,216760320,2016203264,3054393344
424,1,0.010936834150925279,91.43413772214859,False,llava_ov_0.5b,15000,2.0,196,rlt,0.6,17808,235200,0.07571428571428572,none,,,,,0.16666666666666666,216760320,2016203264,3054393344
425,1,0.011122714960947633,89.90610687328106,False,llava_ov_0.5b,15000,2.0,196,rlt,0.6,17808,235200,0.07571428571428572,none,,,,,0.16666666666666666,216760320,2016203264,3054393344
426,1,0.009919296018779278,100.81360593602543,False,llava_ov_0.5b,15000,2.0,196,rlt,0.6,17808,235200,0.07571428571428572,none,,,,,0.16666666666666666,216760320,2016203264,3054393344
427,1,0.010967235080897808,91.18068434055462,False,llava_ov_0.5b,15000,2.0,196,rlt,0.6,17808,235200,0.07571428571428572,none,,,,,0.16666666666666666,216760320,2016203264,3054393344
428,1,0.010845059994608164,92.20788086900117,False,llava_ov_0.5b,15000,2.0,196,rlt,0.6,17808,235200,0.07571428571428572,none,,,,,0.16666666666666666,216760320,2016203264,3054393344
429,1,0.010862368158996105,92.06095626318925,False,llava_ov_0.5b,15000,2.0,196,rlt,0.6,17808,235200,0.07571428571428572,none,,,,,0.16666666666666666,216760320,2016203264,3054393344
430,1,0.010955438017845154,91.27886976048923,False,llava_ov_0.5b,15000,2.0,196,rlt,0.6,17808,235200,0.07571428571428572,none,,,,,0.16666666666666666,216760320,2016203264,3054393344
431,1,0.04926370992325246,20.298917835418646,False,llava_ov_0.5b,15000,2.0,196,rlt,0.6,17808,235200,0.07571428571428572,none,,,,,0.16666666666666666,216760320,2016203264,3054393344
432,1,0.011280358070507646,88.64966818867988,False,llava_ov_0.5b,15000,2.0,196,rlt,0.6,17808,235200,0.07571428571428572,none,,,,,0.16666666666666666,216760320,2016203264,3054393344
433,1,0.011494947131723166,86.99474547736294,False,llava_ov_0.5b,15000,2.0,196,rlt,0.6,17808,235200,0.07571428571428572,none,,,,,0.16666666666666666,216760320,2016203264,3054393344
434,1,0.01247391290962696,80.16730654165723,False,llava_ov_0.5b,15000,2.0,196,rlt,0.6,17808,235200,0.07571428571428572,none,,,,,0.16666666666666666,216760320,2016203264,3054393344
435,1,0.012605531141161919,79.33025501278676,False,llava_ov_0.5b,15000,2.0,196,rlt,0.6,17808,235200,0.07571428571428572,none,,,,,0.16666666666666666,216760320,2016203264,3054393344
436,1,0.012217737967148423,81.84821140286711,False,llava_ov_0.5b,15000,2.0,196,rlt,0.6,17808,235200,0.07571428571428572,none,,,,,0.16666666666666666,216760320,2016203264,3054393344
437,1,0.011435929918661714,87.44369781141722,False,llava_ov_0.5b,15000,2.0,196,rlt,0.6,17808,235200,0.07571428571428572,none,,,,,0.16666666666666666,216760320,2016203264,3054393344
438,1,0.011119953822344542,89.92843099677181,False,llava_ov_0.5b,15000,2.0,196,rlt,0.6,17808,235200,0.07571428571428572,none,,,,,0.16666666666666666,216760320,2016203264,3054393344
439,1,0.011272436939179897,88.71196223101275,False,llava_ov_0.5b,15000,2.0,196,rlt,0.6,17808,235200,0.07571428571428572,none,,,,,0.16666666666666666,216760320,2016203264,3054393344
440,1,0.010972701013088226,91.1352636700117,False,llava_ov_0.5b,15000,2.0,196,rlt,0.6,17808,235200,0.07571428571428572,none,,,,,0.16666666666666666,216760320,2016203264,3054393344
441,1,0.010936475824564695,91.437133500892,False,llava_ov_0.5b,15000,2.0,196,rlt,0.6,17808,235200,0.07571428571428572,none,,,,,0.16666666666666666,216760320,2016203264,3054393344
442,1,0.010977701982483268,91.09374635927125,False,llava_ov_0.5b,15000,2.0,196,rlt,0.6,17808,235200,0.07571428571428572,none,,,,,0.16666666666666666,216760320,2016203264,3054393344
443,1,0.010964018991217017,91.20743048703886,False,llava_ov_0.5b,15000,2.0,196,rlt,0.6,17808,235200,0.07571428571428572,none,,,,,0.16666666666666666,216760320,2016203264,3054393344
444,1,0.010901861125603318,91.72745721842601,False,llava_ov_0.5b,15000,2.0,196,rlt,0.6,17808,235200,0.07571428571428572,none,,,,,0.16666666666666666,216760320,2016203264,3054393344
445,1,0.049205688992515206,20.322853321942354,False,llava_ov_0.5b,15000,2.0,196,rlt,0.6,17808,235200,0.07571428571428572,none,,,,,0.16666666666666666,216760320,2016203264,3054393344
446,1,0.01122084609232843,89.1198392502406,False,llava_ov_0.5b,15000,2.0,196,rlt,0.6,17808,235200,0.07571428571428572,none,,,,,0.16666666666666666,216760320,2016203264,3054393344
447,1,0.01101278094574809,90.80358584505294,False,llava_ov_0.5b,15000,2.0,196,rlt,0.6,17808,235200,0.07571428571428572,none,,,,,0.16666666666666666,216760320,2016203264,3054393344
448,1,0.011005972977727652,90.85975424650415,False,llava_ov_0.5b,15000,2.0,196,rlt,0.6,17808,235200,0.07571428571428572,none,,,,,0.16666666666666666,216760320,2016203264,3054393344
449,1,0.010916876839473844,91.60128988394786,False,llava_ov_0.5b,15000,2.0,196,rlt,0.6,17808,235200,0.07571428571428572,none,,,,,0.16666666666666666,216760320,2016203264,3054393344
450,1,0.010968554066494107,91.16971972219409,False,llava_ov_0.5b,15000,2.0,196,rlt,0.6,17808,235200,0.07571428571428572,none,,,,,0.16666666666666666,216760320,2016203264,3054393344
451,1,0.0108842549379915,91.87583400950112,False,llava_ov_0.5b,15000,2.0,196,rlt,0.6,17808,235200,0.07571428571428572,none,,,,,0.16666666666666666,216760320,2016203264,3054393344
452,1,0.0108664371073246,92.02648394531661,False,llava_ov_0.5b,15000,2.0,196,rlt,0.6,17808,235200,0.07571428571428572,none,,,,,0.16666666666666666,216760320,2016203264,3054393344
453,1,0.010913210920989513,91.63206019199058,False,llava_ov_0.5b,15000,2.0,196,rlt,0.6,17808,235200,0.07571428571428572,none,,,,,0.16666666666666666,216760320,2016203264,3054393344
454,1,0.010919465916231275,91.57957061925042,False,llava_ov_0.5b,15000,2.0,196,rlt,0.6,17808,235200,0.07571428571428572,none,,,,,0.16666666666666666,216760320,2016203264,3054393344
455,1,0.010843683034181595,92.21958967703016,False,llava_ov_0.5b,15000,2.0,196,rlt,0.6,17808,235200,0.07571428571428572,none,,,,,0.16666666666666666,216760320,2016203264,3054393344
456,1,0.010759374126791954,92.94220911139215,False,llava_ov_0.5b,15000,2.0,196,rlt,0.6,17808,235200,0.07571428571428572,none,,,,,0.16666666666666666,216760320,2016203264,3054393344
457,1,0.010857018874958158,92.1063149578299,False,llava_ov_0.5b,15000,2.0,196,rlt,0.6,17808,235200,0.07571428571428572,none,,,,,0.16666666666666666,216760320,2016203264,3054393344
458,1,0.011263996828347445,88.77843408863168,False,llava_ov_0.5b,15000,2.0,196,rlt,0.6,17808,235200,0.07571428571428572,none,,,,,0.16666666666666666,216760320,2016203264,3054393344
459,1,0.010973380878567696,91.12961730446428,False,llava_ov_0.5b,15000,2.0,196,rlt,0.6,17808,235200,0.07571428571428572,none,,,,,0.16666666666666666,216760320,2016203264,3054393344
460,1,0.011005152948200703,90.86652450055189,False,llava_ov_0.5b,15000,2.0,196,rlt,0.6,17808,235200,0.07571428571428572,none,,,,,0.16666666666666666,216760320,2016203264,3054393344
461,1,0.010831719962880015,92.32144141714986,False,llava_ov_0.5b,15000,2.0,196,rlt,0.6,17808,235200,0.07571428571428572,none,,,,,0.16666666666666666,216760320,2016203264,3054393344
462,1,0.049050268018618226,20.38724843706105,False,llava_ov_0.5b,15000,2.0,196,rlt,0.6,17808,235200,0.07571428571428572,none,,,,,0.16666666666666666,216760320,2016203264,3054393344
463,1,0.012298549991101027,81.31039843913136,False,llava_ov_0.5b,15000,2.0,196,rlt,0.6,17808,235200,0.07571428571428572,none,,,,,0.16666666666666666,216760320,2016203264,3054393344
464,1,0.011662635020911694,85.74391620821105,False,llava_ov_0.5b,15000,2.0,196,rlt,0.6,17808,235200,0.07571428571428572,none,,,,,0.16666666666666666,216760320,2016203264,3054393344
465,1,0.011161827016621828,89.59106770879289,False,llava_ov_0.5b,15000,2.0,196,rlt,0.6,17808,235200,0.07571428571428572,none,,,,,0.16666666666666666,216760320,2016203264,3054393344
466,1,0.010973640019074082,91.12746529518256,False,llava_ov_0.5b,15000,2.0,196,rlt,0.6,17808,235200,0.07571428571428572,none,,,,,0.16666666666666666,216760320,2016203264,3054393344
467,1,0.010855416068807244,92.1199144889042,False,llava_ov_0.5b,15000,2.0,196,rlt,0.6,17808,235200,0.07571428571428572,none,,,,,0.16666666666666666,216760320,2016203264,3054393344
468,1,0.010841517010703683,92.23801420158392,False,llava_ov_0.5b,15000,2.0,196,rlt,0.6,17808,235200,0.07571428571428572,none,,,,,0.16666666666666666,216760320,2016203264,3054393344
469,1,0.011019239202141762,90.75036684979435,False,llava_ov_0.5b,15000,2.0,196,rlt,0.6,17808,235200,0.07571428571428572,none,,,,,0.16666666666666666,216760320,2016203264,3054393344
470,1,0.010861875955015421,92.06512798907951,False,llava_ov_0.5b,15000,2.0,196,rlt,0.6,17808,235200,0.07571428571428572,none,,,,,0.16666666666666666,216760320,2016203264,3054393344
471,1,0.010856693843379617,92.10907246958956,False,llava_ov_0.5b,15000,2.0,196,rlt,0.6,17808,235200,0.07571428571428572,none,,,,,0.16666666666666666,216760320,2016203264,3054393344
472,1,0.010968307964503765,91.1717653476046,False,llava_ov_0.5b,15000,2.0,196,rlt,0.6,17808,235200,0.07571428571428572,none,,,,,0.16666666666666666,216760320,2016203264,3054393344
473,1,0.010762483114376664,92.91536064425384,False,llava_ov_0.5b,15000,2.0,196,rlt,0.6,17808,235200,0.07571428571428572,none,,,,,0.16666666666666666,216760320,2016203264,3054393344
474,1,0.010816891910508275,92.44799784201699,False,llava_ov_0.5b,15000,2.0,196,rlt,0.6,17808,235200,0.07571428571428572,none,,,,,0.16666666666666666,216760320,2016203264,3054393344
475,1,0.04925229609943926,20.303621946498144,False,llava_ov_0.5b,15000,2.0,196,rlt,0.6,17808,235200,0.07571428571428572,none,,,,,0.16666666666666666,216760320,2016203264,3054393344
476,1,0.011250232113525271,88.88705494331788,False,llava_ov_0.5b,15000,2.0,196,rlt,0.6,17808,235200,0.07571428571428572,none,,,,,0.16666666666666666,216760320,2016203264,3054393344
477,1,0.011022120015695691,90.7266477389089,False,llava_ov_0.5b,15000,2.0,196,rlt,0.6,17808,235200,0.07571428571428572,none,,,,,0.16666666666666666,216760320,2016203264,3054393344
478,1,0.011412328807637095,87.62453455869613,False,llava_ov_0.5b,15000,2.0,196,rlt,0.6,17808,235200,0.07571428571428572,none,,,,,0.16666666666666666,216760320,2016203264,3054393344
479,1,0.0124633579980582,80.23519826324501,False,llava_ov_0.5b,15000,2.0,196,rlt,0.6,17808,235200,0.07571428571428572,none,,,,,0.16666666666666666,216760320,2016203264,3054393344
480,1,0.011982894036918879,83.45229432214245,False,llava_ov_0.5b,15000,2.0,196,rlt,0.6,17808,235200,0.07571428571428572,none,,,,,0.16666666666666666,216760320,2016203264,3054393344
481,1,0.01136321621015668,88.00325378885066,False,llava_ov_0.5b,15000,2.0,196,rlt,0.6,17808,235200,0.07571428571428572,none,,,,,0.16666666666666666,216760320,2016203264,3054393344
482,1,0.011160190915688872,89.6042018953467,False,llava_ov_0.5b,15000,2.0,196,rlt,0.6,17808,235200,0.07571428571428572,none,,,,,0.16666666666666666,216760320,2016203264,3054393344
483,1,0.01368698081932962,73.06213205090029,False,llava_ov_0.5b,15000,2.0,196,rlt,0.6,17808,235200,0.07571428571428572,none,,,,,0.16666666666666666,216760320,2016203264,3054393344
484,1,0.011123823933303356,89.89714382354825,False,llava_ov_0.5b,15000,2.0,196,rlt,0.6,17808,235200,0.07571428571428572,none,,,,,0.16666666666666666,216760320,2016203264,3054393344
485,1,0.010892088990658522,91.80975301043159,False,llava_ov_0.5b,15000,2.0,196,rlt,0.6,17808,235200,0.07571428571428572,none,,,,,0.16666666666666666,216760320,2016203264,3054393344
486,1,0.01086330902762711,92.05298288549484,False,llava_ov_0.5b,15000,2.0,196,rlt,0.6,17808,235200,0.07571428571428572,none,,,,,0.16666666666666666,216760320,2016203264,3054393344
487,1,0.01093509397469461,91.44868826131213,False,llava_ov_0.5b,15000,2.0,196,rlt,0.6,17808,235200,0.07571428571428572,none,,,,,0.16666666666666666,216760320,2016203264,3054393344
488,1,0.010928886942565441,91.50062629939335,False,llava_ov_0.5b,15000,2.0,196,rlt,0.6,17808,235200,0.07571428571428572,none,,,,,0.16666666666666666,216760320,2016203264,3054393344
489,1,0.010864719050005078,92.04103625666534,False,llava_ov_0.5b,15000,2.0,196,rlt,0.6,17808,235200,0.07571428571428572,none,,,,,0.16666666666666666,216760320,2016203264,3054393344
490,1,0.05060303909704089,19.761658940727077,False,llava_ov_0.5b,15000,2.0,196,rlt,0.6,17808,235200,0.07571428571428572,none,,,,,0.16666666666666666,216760320,2016203264,3054393344
491,1,0.011353529989719391,88.07833342629992,False,llava_ov_0.5b,15000,2.0,196,rlt,0.6,17808,235200,0.07571428571428572,none,,,,,0.16666666666666666,216760320,2016203264,3054393344
492,1,0.011180170113220811,89.44407731484128,False,llava_ov_0.5b,15000,2.0,196,rlt,0.6,17808,235200,0.07571428571428572,none,,,,,0.16666666666666666,216760320,2016203264,3054393344
493,1,0.011107277823612094,90.03106034443275,False,llava_ov_0.5b,15000,2.0,196,rlt,0.6,17808,235200,0.07571428571428572,none,,,,,0.16666666666666666,216760320,2016203264,3054393344
494,1,0.010976891033351421,91.10047616958842,False,llava_ov_0.5b,15000,2.0,196,rlt,0.6,17808,235200,0.07571428571428572,none,,,,,0.16666666666666666,216760320,2016203264,3054393344
495,1,0.010896285064518452,91.77439779510705,False,llava_ov_0.5b,15000,2.0,196,rlt,0.6,17808,235200,0.07571428571428572,none,,,,,0.16666666666666666,216760320,2016203264,3054393344
496,1,0.010918271029368043,91.58959301433285,False,llava_ov_0.5b,15000,2.0,196,rlt,0.6,17808,235200,0.07571428571428572,none,,,,,0.16666666666666666,216760320,2016203264,3054393344
497,1,0.0108446110971272,92.21169768502864,False,llava_ov_0.5b,15000,2.0,196,rlt,0.6,17808,235200,0.07571428571428572,none,,,,,0.16666666666666666,216760320,2016203264,3054393344
498,1,0.009825423825532198,101.77678009180785,False,llava_ov_0.5b,15000,2.0,196,rlt,0.6,17808,235200,0.07571428571428572,none,,,,,0.16666666666666666,216760320,2016203264,3054393344
499,1,0.010932340985164046,91.47171693208894,False,llava_ov_0.5b,15000,2.0,196,rlt,0.6,17808,235200,0.07571428571428572,none,,,,,0.16666666666666666,216760320,2016203264,3054393344
500,1,0.010822562035173178,92.39956276064889,False,llava_ov_0.5b,15000,2.0,196,rlt,0.6,17808,235200,0.07571428571428572,none,,,,,0.16666666666666666,216760320,2016203264,3054393344
501,1,0.010814642999321222,92.4672224559576,False,llava_ov_0.5b,15000,2.0,196,rlt,0.6,17808,235200,0.07571428571428572,none,,,,,0.16666666666666666,216760320,2016203264,3054393344
502,1,0.010890494100749493,91.8231983552683,False,llava_ov_0.5b,15000,2.0,196,rlt,0.6,17808,235200,0.07571428571428572,none,,,,,0.16666666666666666,216760320,2016203264,3054393344
503,1,0.010812722146511078,92.48364902474334,False,llava_ov_0.5b,15000,2.0,196,rlt,0.6,17808,235200,0.07571428571428572,none,,,,,0.16666666666666666,216760320,2016203264,3054393344
504,1,0.010767285013571382,92.87392306784604,False,llava_ov_0.5b,15000,2.0,196,rlt,0.6,17808,235200,0.07571428571428572,none,,,,,0.16666666666666666,216760320,2016203264,3054393344
505,1,0.010883298935368657,91.88390449794498,False,llava_ov_0.5b,15000,2.0,196,rlt,0.6,17808,235200,0.07571428571428572,none,,,,,0.16666666666666666,216760320,2016203264,3054393344
506,1,0.010732027003541589,93.17904247445503,False,llava_ov_0.5b,15000,2.0,196,rlt,0.6,17808,235200,0.07571428571428572,none,,,,,0.16666666666666666,216760320,2016203264,3054393344
507,1,0.049760608933866024,20.096217096720878,False,llava_ov_0.5b,15000,2.0,196,rlt,0.6,17808,235200,0.07571428571428572,none,,,,,0.16666666666666666,216760320,2016203264,3054393344
508,1,0.011532016098499298,86.71510614090572,False,llava_ov_0.5b,15000,2.0,196,rlt,0.6,17808,235200,0.07571428571428572,none,,,,,0.16666666666666666,216760320,2016203264,3054393344
509,1,0.011785537004470825,84.84976116240198,False,llava_ov_0.5b,15000,2.0,196,rlt,0.6,17808,235200,0.07571428571428572,none,,,,,0.16666666666666666,216760320,2016203264,3054393344
510,1,0.011303225997835398,88.47031813674282,False,llava_ov_0.5b,15000,2.0,196,rlt,0.6,17808,235200,0.07571428571428572,none,,,,,0.16666666666666666,216760320,2016203264,3054393344
511,1,0.011137766996398568,89.78460407039877,False,llava_ov_0.5b,15000,2.0,196,rlt,0.6,17808,235200,0.07571428571428572,none,,,,,0.16666666666666666,216760320,2016203264,3054393344
512,1,0.010952503187581897,91.30332882567103,False,llava_ov_0.5b,15000,2.0,196,rlt,0.6,17808,235200,0.07571428571428572,none,,,,,0.16666666666666666,216760320,2016203264,3054393344
513,1,0.010886084055528045,91.86039671374681,False,llava_ov_0.5b,15000,2.0,196,rlt,0.6,17808,235200,0.07571428571428572,none,,,,,0.16666666666666666,216760320,2016203264,3054393344
514,1,0.010891475947573781,91.81492066029519,False,llava_ov_0.5b,15000,2.0,196,rlt,0.6,17808,235200,0.07571428571428572,none,,,,,0.16666666666666666,216760320,2016203264,3054393344
515,1,0.011047672014683485,90.51680740258199,False,llava_ov_0.5b,15000,2.0,196,rlt,0.6,17808,235200,0.07571428571428572,none,,,,,0.16666666666666666,216760320,2016203264,3054393344
516,1,0.0108525431714952,92.14430057523798,False,llava_ov_0.5b,15000,2.0,196,rlt,0.6,17808,235200,0.07571428571428572,none,,,,,0.16666666666666666,216760320,2016203264,3054393344
517,1,0.04934740182943642,20.264491400304806,False,llava_ov_0.5b,15000,2.0,196,rlt,0.6,17808,235200,0.07571428571428572,none,,,,,0.16666666666666666,216760320,2016203264,3054393344
518,1,0.011549465823918581,86.58409100869682,False,llava_ov_0.5b,15000,2.0,196,rlt,0.6,17808,235200,0.07571428571428572,none,,,,,0.16666666666666666,216760320,2016203264,3054393344
519,1,0.011645324062556028,85.87137589544334,False,llava_ov_0.5b,15000,2.0,196,rlt,0.6,17808,235200,0.07571428571428572,none,,,,,0.16666666666666666,216760320,2016203264,3054393344
520,1,0.011589996982365847,86.2812994275579,False,llava_ov_0.5b,15000,2.0,196,rlt,0.6,17808,235200,0.07571428571428572,none,,,,,0.16666666666666666,216760320,2016203264,3054393344
521,1,0.011327286018058658,88.28240042722841,False,llava_ov_0.5b,15000,2.0,196,rlt,0.6,17808,235200,0.07571428571428572,none,,,,,0.16666666666666666,216760320,2016203264,3054393344
522,1,0.011496684048324823,86.98160232956124,False,llava_ov_0.5b,15000,2.0,196,rlt,0.6,17808,235200,0.07571428571428572,none,,,,,0.16666666666666666,216760320,2016203264,3054393344
523,1,0.011562251951545477,86.48834190698761,False,llava_ov_0.5b,15000,2.0,196,rlt,0.6,17808,235200,0.07571428571428572,none,,,,,0.16666666666666666,216760320,2016203264,3054393344
524,1,0.011960905976593494,83.60570695538594,False,llava_ov_0.5b,15000,2.0,196,rlt,0.6,17808,235200,0.07571428571428572,none,,,,,0.16666666666666666,216760320,2016203264,3054393344
525,1,0.011550294933840632,86.57787577961753,False,llava_ov_0.5b,15000,2.0,196,rlt,0.6,17808,235200,0.07571428571428572,none,,,,,0.16666666666666666,216760320,2016203264,3054393344
526,1,0.011270837858319283,88.72454848260242,False,llava_ov_0.5b,15000,2.0,196,rlt,0.6,17808,235200,0.07571428571428572,none,,,,,0.16666666666666666,216760320,2016203264,3054393344
527,1,0.010996634140610695,90.93691644309494,False,llava_ov_0.5b,15000,2.0,196,rlt,0.6,17808,235200,0.07571428571428572,none,,,,,0.16666666666666666,216760320,2016203264,3054393344
528,1,0.010930713033303618,91.48534015605452,False,llava_ov_0.5b,15000,2.0,196,rlt,0.6,17808,235200,0.07571428571428572,none,,,,,0.16666666666666666,216760320,2016203264,3054393344
529,1,0.010988835943862796,91.00144957196258,False,llava_ov_0.5b,15000,2.0,196,rlt,0.6,17808,235200,0.07571428571428572,none,,,,,0.16666666666666666,216760320,2016203264,3054393344
530,1,0.010802965145558119,92.56717822617176,False,llava_ov_0.5b,15000,2.0,196,rlt,0.6,17808,235200,0.07571428571428572,none,,,,,0.16666666666666666,216760320,2016203264,3054393344
531,1,0.04980698903091252,20.07750356841193,False,llava_ov_0.5b,15000,2.0,196,rlt,0.6,17808,235200,0.07571428571428572,none,,,,,0.16666666666666666,216760320,2016203264,3054393344
532,1,0.011398341972380877,87.73205808556038,False,llava_ov_0.5b,15000,2.0,196,rlt,0.6,17808,235200,0.07571428571428572,none,,,,,0.16666666666666666,216760320,2016203264,3054393344
533,1,0.01107589597813785,90.28614948838896,False,llava_ov_0.5b,15000,2.0,196,rlt,0.6,17808,235200,0.07571428571428572,none,,,,,0.16666666666666666,216760320,2016203264,3054393344
534,1,0.01087621902115643,91.94371665877628,False,llava_ov_0.5b,15000,2.0,196,rlt,0.6,17808,235200,0.07571428571428572,none,,,,,0.16666666666666666,216760320,2016203264,3054393344
535,1,0.010885772993788123,91.8630216311365,False,llava_ov_0.5b,15000,2.0,196,rlt,0.6,17808,235200,0.07571428571428572,none,,,,,0.16666666666666666,216760320,2016203264,3054393344
536,1,0.010843716096132994,92.21930850408492,False,llava_ov_0.5b,15000,2.0,196,rlt,0.6,17808,235200,0.07571428571428572,none,,,,,0.16666666666666666,216760320,2016203264,3054393344
537,1,0.010785107966512442,92.72044407019209,False,llava_ov_0.5b,15000,2.0,196,rlt,0.6,17808,235200,0.07571428571428572,none,,,,,0.16666666666666666,216760320,2016203264,3054393344
538,1,0.01082975510507822,92.33819142697755,False,llava_ov_0.5b,15000,2.0,196,rlt,0.6,17808,235200,0.07571428571428572,none,,,,,0.16666666666666666,216760320,2016203264,3054393344
539,1,0.01073599187657237,93.14463083584833,False,llava_ov_0.5b,15000,2.0,196,rlt,0.6,17808,235200,0.07571428571428572,none,,,,,0.16666666666666666,216760320,2016203264,3054393344
540,1,0.010733744129538536,93.16413619811075,False,llava_ov_0.5b,15000,2.0,196,rlt,0.6,17808,235200,0.07571428571428572,none,,,,,0.16666666666666666,216760320,2016203264,3054393344
541,1,0.049480298068374395,20.210064187934943,False,llava_ov_0.5b,15000,2.0,196,rlt,0.6,17808,235200,0.07571428571428572,none,,,,,0.16666666666666666,216760320,2016203264,3054393344
542,1,0.011202674126252532,89.26440140364195,False,llava_ov_0.5b,15000,2.0,196,rlt,0.6,17808,235200,0.07571428571428572,none,,,,,0.16666666666666666,216760320,2016203264,3054393344
543,1,0.011013259878382087,90.7996370777465,False,llava_ov_0.5b,15000,2.0,196,rlt,0.6,17808,235200,0.07571428571428572,none,,,,,0.16666666666666666,216760320,2016203264,3054393344
544,1,0.01102225692011416,90.72552084819692,False,llava_ov_0.5b,15000,2.0,196,rlt,0.6,17808,235200,0.07571428571428572,none,,,,,0.16666666666666666,216760320,2016203264,3054393344
545,1,0.010927263181656599,91.51422303790413,False,llava_ov_0.5b,15000,2.0,196,rlt,0.6,17808,235200,0.07571428571428572,none,,,,,0.16666666666666666,216760320,2016203264,3054393344
546,1,0.01080098282545805,92.58416721513413,False,llava_ov_0.5b,15000,2.0,196,rlt,0.6,17808,235200,0.07571428571428572,none,,,,,0.16666666666666666,216760320,2016203264,3054393344
547,1,0.011018493911251426,90.75650520429656,False,llava_ov_0.5b,15000,2.0,196,rlt,0.6,17808,235200,0.07571428571428572,none,,,,,0.16666666666666666,216760320,2016203264,3054393344
548,1,0.010923800989985466,91.5432275740617,False,llava_ov_0.5b,15000,2.0,196,rlt,0.6,17808,235200,0.07571428571428572,none,,,,,0.16666666666666666,216760320,2016203264,3054393344
549,1,0.01080309716053307,92.56604704559149,False,llava_ov_0.5b,15000,2.0,196,rlt,0.6,17808,235200,0.07571428571428572,none,,,,,0.16666666666666666,216760320,2016203264,3054393344
550,1,0.010874686064198613,91.95667756259894,False,llava_ov_0.5b,15000,2.0,196,rlt,0.6,17808,235200,0.07571428571428572,none,,,,,0.16666666666666666,216760320,2016203264,3054393344
551,1,0.010828747879713774,92.3467801732985,False,llava_ov_0.5b,15000,2.0,196,rlt,0.6,17808,235200,0.07571428571428572,none,,,,,0.16666666666666666,216760320,2016203264,3054393344
552,1,0.01083091483451426,92.32830423643965,False,llava_ov_0.5b,15000,2.0,196,rlt,0.6,17808,235200,0.07571428571428572,none,,,,,0.16666666666666666,216760320,2016203264,3054393344
553,1,0.010976991849020123,91.09963947812045,False,llava_ov_0.5b,15000,2.0,196,rlt,0.6,17808,235200,0.07571428571428572,none,,,,,0.16666666666666666,216760320,2016203264,3054393344
554,1,0.011693291831761599,85.51911766058691,False,llava_ov_0.5b,15000,2.0,196,rlt,0.6,17808,235200,0.07571428571428572,none,,,,,0.16666666666666666,216760320,2016203264,3054393344
555,1,0.05009888485074043,19.960524131012082,False,llava_ov_0.5b,15000,2.0,196,rlt,0.6,17808,235200,0.07571428571428572,none,,,,,0.16666666666666666,216760320,2016203264,3054393344
556,1,0.011479450855404139,87.11218093932025,False,llava_ov_0.5b,15000,2.0,196,rlt,0.6,17808,235200,0.07571428571428572,none,,,,,0.16666666666666666,216760320,2016203264,3054393344
557,1,0.011602781945839524,86.18622711931388,False,llava_ov_0.5b,15000,2.0,196,rlt,0.6,17808,235200,0.07571428571428572,none,,,,,0.16666666666666666,216760320,2016203264,3054393344
558,1,0.011871624970808625,84.23446684501236,False,llava_ov_0.5b,15000,2.0,196,rlt,0.6,17808,235200,0.07571428571428572,none,,,,,0.16666666666666666,216760320,2016203264,3054393344
559,1,0.011410129023715854,87.64142788582923,False,llava_ov_0.5b,15000,2.0,196,rlt,0.6,17808,235200,0.07571428571428572,none,,,,,0.16666666666666666,216760320,2016203264,3054393344
560,1,0.011102085001766682,90.07317092608004,False,llava_ov_0.5b,15000,2.0,196,rlt,0.6,17808,235200,0.07571428571428572,none,,,,,0.16666666666666666,216760320,2016203264,3054393344
561,1,0.010922198882326484,91.55665546597288,False,llava_ov_0.5b,15000,2.0,196,rlt,0.6,17808,235200,0.07571428571428572,none,,,,,0.16666666666666666,216760320,2016203264,3054393344
562,1,0.01091079879552126,91.65231792290835,False,llava_ov_0.5b,15000,2.0,196,rlt,0.6,17808,235200,0.07571428571428572,none,,,,,0.16666666666666666,216760320,2016203264,3054393344
563,1,0.01082318788394332,92.3942197735978,False,llava_ov_0.5b,15000,2.0,196,rlt,0.6,17808,235200,0.07571428571428572,none,,,,,0.16666666666666666,216760320,2016203264,3054393344
564,1,0.010909494943916798,91.66327177754513,False,llava_ov_0.5b,15000,2.0,196,rlt,0.6,17808,235200,0.07571428571428572,none,,,,,0.16666666666666666,216760320,2016203264,3054393344
565,1,0.010893265018239617,91.7998413079647,False,llava_ov_0.5b,15000,2.0,196,rlt,0.6,17808,235200,0.07571428571428572,none,,,,,0.16666666666666666,216760320,2016203264,3054393344
566,1,0.010788253974169493,92.69340547546598,False,llava_ov_0.5b,15000,2.0,196,rlt,0.6,17808,235200,0.07571428571428572,none,,,,,0.16666666666666666,216760320,2016203264,3054393344
567,1,0.010782924015074968,92.73922347982413,False,llava_ov_0.5b,15000,2.0,196,rlt,0.6,17808,235200,0.07571428571428572,none,,,,,0.16666666666666666,216760320,2016203264,3054393344
568,1,0.010864801937714219,92.04033407445475,False,llava_ov_0.5b,15000,2.0,196,rlt,0.6,17808,235200,0.07571428571428572,none,,,,,0.16666666666666666,216760320,2016203264,3054393344
569,1,0.011036268202587962,90.61033871626134,False,llava_ov_0.5b,15000,2.0,196,rlt,0.6,17808,235200,0.07571428571428572,none,,,,,0.16666666666666666,216760320,2016203264,3054393344
570,1,0.010751389898359776,93.01123012500544,False,llava_ov_0.5b,15000,2.0,196,rlt,0.6,17808,235200,0.07571428571428572,none,,,,,0.16666666666666666,216760320,2016203264,3054393344
571,1,0.011879886034876108,84.17589167642454,False,llava_ov_0.5b,15000,2.0,196,rlt,0.6,17808,235200,0.07571428571428572,none,,,,,0.16666666666666666,216760320,2016203264,3054393344
572,1,0.011713993037119508,85.36798654661843,False,llava_ov_0.5b,15000,2.0,196,rlt,0.6,17808,235200,0.07571428571428572,none,,,,,0.16666666666666666,216760320,2016203264,3054393344
573,1,0.011458412045612931,87.27212776249121,False,llava_ov_0.5b,15000,2.0,196,rlt,0.6,17808,235200,0.07571428571428572,none,,,,,0.16666666666666666,216760320,2016203264,3054393344
574,1,0.01179473614320159,84.78358378338066,False,llava_ov_0.5b,15000,2.0,196,rlt,0.6,17808,235200,0.07571428571428572,none,,,,,0.16666666666666666,216760320,2016203264,3054393344
575,1,0.0511341302189976,19.556409695778402,False,llava_ov_0.5b,15000,2.0,196,rlt,0.6,17808,235200,0.07571428571428572,none,,,,,0.16666666666666666,216760320,2016203264,3054393344
576,1,0.011374569963663816,87.91541158870274,False,llava_ov_0.5b,15000,2.0,196,rlt,0.6,17808,235200,0.07571428571428572,none,,,,,0.16666666666666666,216760320,2016203264,3054393344
577,1,0.011218840023502707,89.13577499144903,False,llava_ov_0.5b,15000,2.0,196,rlt,0.6,17808,235200,0.07571428571428572,none,,,,,0.16666666666666666,216760320,2016203264,3054393344
578,1,0.01105362200178206,90.46808365970725,False,llava_ov_0.5b,15000,2.0,196,rlt,0.6,17808,235200,0.07571428571428572,none,,,,,0.16666666666666666,216760320,2016203264,3054393344
579,1,0.011009442852810025,90.83111773860222,False,llava_ov_0.5b,15000,2.0,196,rlt,0.6,17808,235200,0.07571428571428572,none,,,,,0.16666666666666666,216760320,2016203264,3054393344
580,1,0.011079681105911732,90.25530522412191,False,llava_ov_0.5b,15000,2.0,196,rlt,0.6,17808,235200,0.07571428571428572,none,,,,,0.16666666666666666,216760320,2016203264,3054393344
581,1,0.01096947188489139,91.162091529432,False,llava_ov_0.5b,15000,2.0,196,rlt,0.6,17808,235200,0.07571428571428572,none,,,,,0.16666666666666666,216760320,2016203264,3054393344
582,1,0.010921548120677471,91.56211087938414,False,llava_ov_0.5b,15000,2.0,196,rlt,0.6,17808,235200,0.07571428571428572,none,,,,,0.16666666666666666,216760320,2016203264,3054393344
583,1,0.049667452927678823,20.133909452858557,False,llava_ov_0.5b,15000,2.0,196,rlt,0.6,17808,235200,0.07571428571428572,none,,,,,0.16666666666666666,216760320,2016203264,3054393344
584,1,0.011771579971536994,84.95036370801054,False,llava_ov_0.5b,15000,2.0,196,rlt,0.6,17808,235200,0.07571428571428572,none,,,,,0.16666666666666666,216760320,2016203264,3054393344
585,1,0.012007419019937515,83.28184419479048,False,llava_ov_0.5b,15000,2.0,196,rlt,0.6,17808,235200,0.07571428571428572,none,,,,,0.16666666666666666,216760320,2016203264,3054393344
586,1,0.011373390210792422,87.92453098558786,False,llava_ov_0.5b,15000,2.0,196,rlt,0.6,17808,235200,0.07571428571428572,none,,,,,0.16666666666666666,216760320,2016203264,3054393344
587,1,0.0113225351087749,88.31944351623213,False,llava_ov_0.5b,15000,2.0,196,rlt,0.6,17808,235200,0.07571428571428572,none,,,,,0.16666666666666666,216760320,2016203264,3054393344
588,1,0.019561678869649768,51.1203566249886,False,llava_ov_0.5b,15000,2.0,196,rlt,0.6,17808,235200,0.07571428571428572,none,,,,,0.16666666666666666,216760320,2016203264,3054393344
589,1,0.01125718280673027,88.83217206014771,False,llava_ov_0.5b,15000,2.0,196,rlt,0.6,17808,235200,0.07571428571428572,none,,,,,0.16666666666666666,216760320,2016203264,3054393344
590,1,0.011025072075426579,90.70235488336327,False,llava_ov_0.5b,15000,2.0,196,rlt,0.6,17808,235200,0.07571428571428572,none,,,,,0.16666666666666666,216760320,2016203264,3054393344
591,1,0.05000635306350887,19.997459097446757,False,llava_ov_0.5b,15000,2.0,196,rlt,0.6,17808,235200,0.07571428571428572,none,,,,,0.16666666666666666,216760320,2016203264,3054393344
592,1,0.011209492105990648,89.21010787505472,False,llava_ov_0.5b,15000,2.0,196,rlt,0.6,17808,235200,0.07571428571428572,none,,,,,0.16666666666666666,216760320,2016203264,3054393344
593,1,0.011007274966686964,90.84900695462376,False,llava_ov_0.5b,15000,2.0,196,rlt,0.6,17808,235200,0.07571428571428572,none,,,,,0.16666666666666666,216760320,2016203264,3054393344
594,1,0.010975602082908154,91.1111748081008,False,llava_ov_0.5b,15000,2.0,196,rlt,0.6,17808,235200,0.07571428571428572,none,,,,,0.16666666666666666,216760320,2016203264,3054393344
595,1,0.010977325960993767,91.09686671903026,False,llava_ov_0.5b,15000,2.0,196,rlt,0.6,17808,235200,0.07571428571428572,none,,,,,0.16666666666666666,216760320,2016203264,3054393344
596,1,0.011128674959763885,89.85795735930245,False,llava_ov_0.5b,15000,2.0,196,rlt,0.6,17808,235200,0.07571428571428572,none,,,,,0.16666666666666666,216760320,2016203264,3054393344
597,1,0.010931789875030518,91.47632834437447,False,llava_ov_0.5b,15000,2.0,196,rlt,0.6,17808,235200,0.07571428571428572,none,,,,,0.16666666666666666,216760320,2016203264,3054393344
598,1,0.011638370109722018,85.92268423949314,False,llava_ov_0.5b,15000,2.0,196,rlt,0.6,17808,235200,0.07571428571428572,none,,,,,0.16666666666666666,216760320,2016203264,3054393344
599,1,0.010855532949790359,92.11892263836866,False,llava_ov_0.5b,15000,2.0,196,rlt,0.6,17808,235200,0.07571428571428572,none,,,,,0.16666666666666666,216760320,2016203264,3054393344
600,1,0.010833186795935035,92.30894092726552,False,llava_ov_0.5b,15000,2.0,196,rlt,0.6,17808,235200,0.07571428571428572,none,,,,,0.16666666666666666,216760320,2016203264,3054393344
601,1,0.010875800158828497,91.94725770942416,False,llava_ov_0.5b,15000,2.0,196,rlt,0.6,17808,235200,0.07571428571428572,none,,,,,0.16666666666666666,216760320,2016203264,3054393344
602,1,0.010830487823113799,92.33194444537004,False,llava_ov_0.5b,15000,2.0,196,rlt,0.6,17808,235200,0.07571428571428572,none,,,,,0.16666666666666666,216760320,2016203264,3054393344
603,1,0.049059194047003984,20.383539098540684,False,llava_ov_0.5b,15000,2.0,196,rlt,0.6,17808,235200,0.07571428571428572,none,,,,,0.16666666666666666,216760320,2016203264,3054393344
604,1,0.011262199841439724,88.79259949911909,False,llava_ov_0.5b,15000,2.0,196,rlt,0.6,17808,235200,0.07571428571428572,none,,,,,0.16666666666666666,216760320,2016203264,3054393344
605,1,0.011005514999851584,90.86353523787716,False,llava_ov_0.5b,15000,2.0,196,rlt,0.6,17808,235200,0.07571428571428572,none,,,,,0.16666666666666666,216760320,2016203264,3054393344
606,1,0.010872249025851488,91.9772898525641,False,llava_ov_0.5b,15000,2.0,196,rlt,0.6,17808,235200,0.07571428571428572,none,,,,,0.16666666666666666,216760320,2016203264,3054393344
607,1,0.010906590148806572,91.68768481773587,False,llava_ov_0.5b,15000,2.0,196,rlt,0.6,17808,235200,0.07571428571428572,none,,,,,0.16666666666666666,216760320,2016203264,3054393344
608,1,0.01086414698511362,92.04588278953055,False,llava_ov_0.5b,15000,2.0,196,rlt,0.6,17808,235200,0.07571428571428572,none,,,,,0.16666666666666666,216760320,2016203264,3054393344
609,1,0.010905387811362743,91.69779354000245,False,llava_ov_0.5b,15000,2.0,196,rlt,0.6,17808,235200,0.07571428571428572,none,,,,,0.16666666666666666,216760320,2016203264,3054393344
610,1,0.011360050877556205,88.02777476777655,False,llava_ov_0.5b,15000,2.0,196,rlt,0.6,17808,235200,0.07571428571428572,none,,,,,0.16666666666666666,216760320,2016203264,3054393344
611,1,0.01166227413341403,85.74656954211542,False,llava_ov_0.5b,15000,2.0,196,rlt,0.6,17808,235200,0.07571428571428572,none,,,,,0.16666666666666666,216760320,2016203264,3054393344
612,1,0.04965130193158984,20.14045878147993,False,llava_ov_0.5b,15000,2.0,196,rlt,0.6,17808,235200,0.07571428571428572,none,,,,,0.16666666666666666,216760320,2016203264,3054393344
613,1,0.011348176980391145,88.1198805524385,False,llava_ov_0.5b,15000,2.0,196,rlt,0.6,17808,235200,0.07571428571428572,none,,,,,0.16666666666666666,216760320,2016203264,3054393344
614,1,0.011262359796091914,88.79133841444173,False,llava_ov_0.5b,15000,2.0,196,rlt,0.6,17808,235200,0.07571428571428572,none,,,,,0.16666666666666666,216760320,2016203264,3054393344
615,1,0.010963485110551119,91.21187194732565,False,llava_ov_0.5b,15000,2.0,196,rlt,0.6,17808,235200,0.07571428571428572,none,,,,,0.16666666666666666,216760320,2016203264,3054393344
616,1,0.010963227832689881,91.21401244788736,False,llava_ov_0.5b,15000,2.0,196,rlt,0.6,17808,235200,0.07571428571428572,none,,,,,0.16666666666666666,216760320,2016203264,3054393344
617,1,0.011003092164173722,90.88354301493712,False,llava_ov_0.5b,15000,2.0,196,rlt,0.6,17808,235200,0.07571428571428572,none,,,,,0.16666666666666666,216760320,2016203264,3054393344
618,1,0.011007299181073904,90.84880710060223,False,llava_ov_0.5b,15000,2.0,196,rlt,0.6,17808,235200,0.07571428571428572,none,,,,,0.16666666666666666,216760320,2016203264,3054393344
619,1,0.011063145939260721,90.39020234300764,False,llava_ov_0.5b,15000,2.0,196,rlt,0.6,17808,235200,0.07571428571428572,none,,,,,0.16666666666666666,216760320,2016203264,3054393344
620,1,0.010966042056679726,91.1906041241992,False,llava_ov_0.5b,15000,2.0,196,rlt,0.6,17808,235200,0.07571428571428572,none,,,,,0.16666666666666666,216760320,2016203264,3054393344
621,1,0.010945879155769944,91.35858214484911,False,llava_ov_0.5b,15000,2.0,196,rlt,0.6,17808,235200,0.07571428571428572,none,,,,,0.16666666666666666,216760320,2016203264,3054393344
622,1,0.0493744898121804,20.253373833410343,False,llava_ov_0.5b,15000,2.0,196,rlt,0.6,17808,235200,0.07571428571428572,none,,,,,0.16666666666666666,216760320,2016203264,3054393344
623,1,0.011185093084350228,89.40470968446058,False,llava_ov_0.5b,15000,2.0,196,rlt,0.6,17808,235200,0.07571428571428572,none,,,,,0.16666666666666666,216760320,2016203264,3054393344
624,1,0.01093848585151136,91.42033125744099,False,llava_ov_0.5b,15000,2.0,196,rlt,0.6,17808,235200,0.07571428571428572,none,,,,,0.16666666666666666,216760320,2016203264,3054393344
625,1,0.010978554142639041,91.08667562299041,False,llava_ov_0.5b,15000,2.0,196,rlt,0.6,17808,235200,0.07571428571428572,none,,,,,0.16666666666666666,216760320,2016203264,3054393344
626,1,0.01153282099403441,86.70905414358471,False,llava_ov_0.5b,15000,2.0,196,rlt,0.6,17808,235200,0.07571428571428572,none,,,,,0.16666666666666666,216760320,2016203264,3054393344
627,1,0.011852067895233631,84.37346198481997,False,llava_ov_0.5b,15000,2.0,196,rlt,0.6,17808,235200,0.07571428571428572,none,,,,,0.16666666666666666,216760320,2016203264,3054393344
628,1,0.012320412090048194,81.16611625415918,False,llava_ov_0.5b,15000,2.0,196,rlt,0.6,17808,235200,0.07571428571428572,none,,,,,0.16666666666666666,216760320,2016203264,3054393344
629,1,0.011744701070711017,85.1447809509434,False,llava_ov_0.5b,15000,2.0,196,rlt,0.6,17808,235200,0.07571428571428572,none,,,,,0.16666666666666666,216760320,2016203264,3054393344
630,1,0.011458007851615548,87.27520638406638,False,llava_ov_0.5b,15000,2.0,196,rlt,0.6,17808,235200,0.07571428571428572,none,,,,,0.16666666666666666,216760320,2016203264,3054393344
631,1,0.011086436919867992,90.20030576351371,False,llava_ov_0.5b,15000,2.0,196,rlt,0.6,17808,235200,0.07571428571428572,none,,,,,0.16666666666666666,216760320,2016203264,3054393344
632,1,0.04979268996976316,20.083269263164023,False,llava_ov_0.5b,15000,2.0,196,rlt,0.6,17808,235200,0.07571428571428572,none,,,,,0.16666666666666666,216760320,2016203264,3054393344
633,1,0.011326645035296679,88.2873963899944,False,llava_ov_0.5b,15000,2.0,196,rlt,0.6,17808,235200,0.07571428571428572,none,,,,,0.16666666666666666,216760320,2016203264,3054393344
634,1,0.011155553162097931,89.64145349578868,False,llava_ov_0.5b,15000,2.0,196,rlt,0.6,17808,235200,0.07571428571428572,none,,,,,0.16666666666666666,216760320,2016203264,3054393344
635,1,0.01109707704745233,90.11381967736993,False,llava_ov_0.5b,15000,2.0,196,rlt,0.6,17808,235200,0.07571428571428572,none,,,,,0.16666666666666666,216760320,2016203264,3054393344
636,1,0.010862590046599507,92.05907575542227,False,llava_ov_0.5b,15000,2.0,196,rlt,0.6,17808,235200,0.07571428571428572,none,,,,,0.16666666666666666,216760320,2016203264,3054393344
637,1,0.010952917858958244,91.29987213243943,False,llava_ov_0.5b,15000,2.0,196,rlt,0.6,17808,235200,0.07571428571428572,none,,,,,0.16666666666666666,216760320,2016203264,3054393344
638,1,0.010861299000680447,92.07001850675056,False,llava_ov_0.5b,15000,2.0,196,rlt,0.6,17808,235200,0.07571428571428572,none,,,,,0.16666666666666666,216760320,2016203264,3054393344
639,1,0.010841429000720382,92.2387629835101,False,llava_ov_0.5b,15000,2.0,196,rlt,0.6,17808,235200,0.07571428571428572,none,,,,,0.16666666666666666,216760320,2016203264,3054393344
640,1,0.010879728943109512,91.91405458987401,False,llava_ov_0.5b,15000,2.0,196,rlt,0.6,17808,235200,0.07571428571428572,none,,,,,0.16666666666666666,216760320,2016203264,3054393344
641,1,0.05012186011299491,19.951374465065665,False,llava_ov_0.5b,15000,2.0,196,rlt,0.6,17808,235200,0.07571428571428572,none,,,,,0.16666666666666666,216760320,2016203264,3054393344
642,1,0.011308063054457307,88.43247470271483,False,llava_ov_0.5b,15000,2.0,196,rlt,0.6,17808,235200,0.07571428571428572,none,,,,,0.16666666666666666,216760320,2016203264,3054393344
643,1,0.011126284953206778,89.87725949907329,False,llava_ov_0.5b,15000,2.0,196,rlt,0.6,17808,235200,0.07571428571428572,none,,,,,0.16666666666666666,216760320,2016203264,3054393344
644,1,0.011103376979008317,90.06269010685375,False,llava_ov_0.5b,15000,2.0,196,rlt,0.6,17808,235200,0.07571428571428572,none,,,,,0.16666666666666666,216760320,2016203264,3054393344
645,1,0.01090125902555883,91.73252352369796,False,llava_ov_0.5b,15000,2.0,196,rlt,0.6,17808,235200,0.07571428571428572,none,,,,,0.16666666666666666,216760320,2016203264,3054393344
646,1,0.01091307308524847,91.63321753537325,False,llava_ov_0.5b,15000,2.0,196,rlt,0.6,17808,235200,0.07571428571428572,none,,,,,0.16666666666666666,216760320,2016203264,3054393344
647,1,0.010968209942802787,91.17258013976917,False,llava_ov_0.5b,15000,2.0,196,rlt,0.6,17808,235200,0.07571428571428572,none,,,,,0.16666666666666666,216760320,2016203264,3054393344
648,1,0.010772925801575184,92.8252935570932,False,llava_ov_0.5b,15000,2.0,196,rlt,0.6,17808,235200,0.07571428571428572,none,,,,,0.16666666666666666,216760320,2016203264,3054393344
649,1,0.010827783029526472,92.35500907924387,False,llava_ov_0.5b,15000,2.0,196,rlt,0.6,17808,235200,0.07571428571428572,none,,,,,0.16666666666666666,216760320,2016203264,3054393344
650,1,0.010863692034035921,92.04973749872534,False,llava_ov_0.5b,15000,2.0,196,rlt,0.6,17808,235200,0.07571428571428572,none,,,,,0.16666666666666666,216760320,2016203264,3054393344
651,1,0.04924381780438125,20.307117615706666,False,llava_ov_0.5b,15000,2.0,196,rlt,0.6,17808,235200,0.07571428571428572,none,,,,,0.16666666666666666,216760320,2016203264,3054393344
652,1,0.011328206863254309,88.27522414370222,False,llava_ov_0.5b,15000,2.0,196,rlt,0.6,17808,235200,0.07571428571428572,none,,,,,0.16666666666666666,216760320,2016203264,3054393344
653,1,0.011211290955543518,89.19579412980461,False,llava_ov_0.5b,15000,2.0,196,rlt,0.6,17808,235200,0.07571428571428572,none,,,,,0.16666666666666666,216760320,2016203264,3054393344
654,1,0.01104050618596375,90.5755572395169,False,llava_ov_0.5b,15000,2.0,196,rlt,0.6,17808,235200,0.07571428571428572,none,,,,,0.16666666666666666,216760320,2016203264,3054393344
655,1,0.011020165868103504,90.74273581438328,False,llava_ov_0.5b,15000,2.0,196,rlt,0.6,17808,235200,0.07571428571428572,none,,,,,0.16666666666666666,216760320,2016203264,3054393344
656,1,0.01094804797321558,91.34048393343744,False,llava_ov_0.5b,15000,2.0,196,rlt,0.6,17808,235200,0.07571428571428572,none,,,,,0.16666666666666666,216760320,2016203264,3054393344
657,1,0.01093962392769754,91.41082057383574,False,llava_ov_0.5b,15000,2.0,196,rlt,0.6,17808,235200,0.07571428571428572,none,,,,,0.16666666666666666,216760320,2016203264,3054393344
658,1,0.010974647011607885,91.11910378003957,False,llava_ov_0.5b,15000,2.0,196,rlt,0.6,17808,235200,0.07571428571428572,none,,,,,0.16666666666666666,216760320,2016203264,3054393344
659,1,0.04948439612053335,20.208390490695592,False,llava_ov_0.5b,15000,2.0,196,rlt,0.6,17808,235200,0.07571428571428572,none,,,,,0.16666666666666666,216760320,2016203264,3054393344
660,1,0.011299510020762682,88.49941264377968,False,llava_ov_0.5b,15000,2.0,196,rlt,0.6,17808,235200,0.07571428571428572,none,,,,,0.16666666666666666,216760320,2016203264,3054393344
661,1,0.011104583973065019,90.052900894403,False,llava_ov_0.5b,15000,2.0,196,rlt,0.6,17808,235200,0.07571428571428572,none,,,,,0.16666666666666666,216760320,2016203264,3054393344
662,1,0.010873491875827312,91.96677676497687,False,llava_ov_0.5b,15000,2.0,196,rlt,0.6,17808,235200,0.07571428571428572,none,,,,,0.16666666666666666,216760320,2016203264,3054393344
663,1,0.010863476898521185,92.05156041120935,False,llava_ov_0.5b,15000,2.0,196,rlt,0.6,17808,235200,0.07571428571428572,none,,,,,0.16666666666666666,216760320,2016203264,3054393344
664,1,0.011315545998513699,88.37399451439201,False,llava_ov_0.5b,15000,2.0,196,rlt,0.6,17808,235200,0.07571428571428572,none,,,,,0.16666666666666666,216760320,2016203264,3054393344
665,1,0.012130350805819035,82.43784668785435,False,llava_ov_0.5b,15000,2.0,196,rlt,0.6,17808,235200,0.07571428571428572,none,,,,,0.16666666666666666,216760320,2016203264,3054393344
666,1,0.011668899096548557,85.69788732647292,False,llava_ov_0.5b,15000,2.0,196,rlt,0.6,17808,235200,0.07571428571428572,none,,,,,0.16666666666666666,216760320,2016203264,3054393344
667,1,0.011404379969462752,87.68560874661114,False,llava_ov_0.5b,15000,2.0,196,rlt,0.6,17808,235200,0.07571428571428572,none,,,,,0.16666666666666666,216760320,2016203264,3054393344
668,1,0.011006394168362021,90.85627724241505,False,llava_ov_0.5b,15000,2.0,196,rlt,0.6,17808,235200,0.07571428571428572,none,,,,,0.16666666666666666,216760320,2016203264,3054393344
669,1,0.011911215027794242,83.95449143236425,False,llava_ov_0.5b,15000,2.0,196,rlt,0.6,17808,235200,0.07571428571428572,none,,,,,0.16666666666666666,216760320,2016203264,3054393344
670,1,0.012362193781882524,80.8917913473865,False,llava_ov_0.5b,15000,2.0,196,rlt,0.6,17808,235200,0.07571428571428572,none,,,,,0.16666666666666666,216760320,2016203264,3054393344
671,1,0.011508326977491379,86.893603384389,False,llava_ov_0.5b,15000,2.0,196,rlt,0.6,17808,235200,0.07571428571428572,none,,,,,0.16666666666666666,216760320,2016203264,3054393344
672,1,0.04962814413011074,20.149856850949075,False,llava_ov_0.5b,15000,2.0,196,rlt,0.6,17808,235200,0.07571428571428572,none,,,,,0.16666666666666666,216760320,2016203264,3054393344
673,1,0.011412391206249595,87.62405546108384,False,llava_ov_0.5b,15000,2.0,196,rlt,0.6,17808,235200,0.07571428571428572,none,,,,,0.16666666666666666,216760320,2016203264,3054393344
674,1,0.011080357013270259,90.24979960504538,False,llava_ov_0.5b,15000,2.0,196,rlt,0.6,17808,235200,0.07571428571428572,none,,,,,0.16666666666666666,216760320,2016203264,3054393344
675,1,0.010936012957245111,91.44100358234303,False,llava_ov_0.5b,15000,2.0,196,rlt,0.6,17808,235200,0.07571428571428572,none,,,,,0.16666666666666666,216760320,2016203264,3054393344
676,1,0.010880440007895231,91.90804776960901,False,llava_ov_0.5b,15000,2.0,196,rlt,0.6,17808,235200,0.07571428571428572,none,,,,,0.16666666666666666,216760320,2016203264,3054393344
677,1,0.010840352158993483,92.24792565160071,False,llava_ov_0.5b,15000,2.0,196,rlt,0.6,17808,235200,0.07571428571428572,none,,,,,0.16666666666666666,216760320,2016203264,3054393344
678,1,0.010827196994796395,92.36000790237814,False,llava_ov_0.5b,15000,2.0,196,rlt,0.6,17808,235200,0.07571428571428572,none,,,,,0.16666666666666666,216760320,2016203264,3054393344
679,1,0.010804835939779878,92.55115076003389,False,llava_ov_0.5b,15000,2.0,196,rlt,0.6,17808,235200,0.07571428571428572,none,,,,,0.16666666666666666,216760320,2016203264,3054393344
680,1,0.010749235050752759,93.02987564031088,False,llava_ov_0.5b,15000,2.0,196,rlt,0.6,17808,235200,0.07571428571428572,none,,,,,0.16666666666666666,216760320,2016203264,3054393344
681,1,0.010779746109619737,92.76656331521669,False,llava_ov_0.5b,15000,2.0,196,rlt,0.6,17808,235200,0.07571428571428572,none,,,,,0.16666666666666666,216760320,2016203264,3054393344
682,1,0.010883233044296503,91.88446079669889,False,llava_ov_0.5b,15000,2.0,196,rlt,0.6,17808,235200,0.07571428571428572,none,,,,,0.16666666666666666,216760320,2016203264,3054393344
683,1,0.010861546033993363,92.06792448057593,False,llava_ov_0.5b,15000,2.0,196,rlt,0.6,17808,235200,0.07571428571428572,none,,,,,0.16666666666666666,216760320,2016203264,3054393344
684,1,0.04916836600750685,20.338280101627205,False,llava_ov_0.5b,15000,2.0,196,rlt,0.6,17808,235200,0.07571428571428572,none,,,,,0.16666666666666666,216760320,2016203264,3054393344
685,1,0.011323754210025072,88.30993515513491,False,llava_ov_0.5b,15000,2.0,196,rlt,0.6,17808,235200,0.07571428571428572,none,,,,,0.16666666666666666,216760320,2016203264,3054393344
686,1,0.011094772024080157,90.13254150960418,False,llava_ov_0.5b,15000,2.0,196,rlt,0.6,17808,235200,0.07571428571428572,none,,,,,0.16666666666666666,216760320,2016203264,3054393344
687,1,0.010994995944201946,90.95046556404922,False,llava_ov_0.5b,15000,2.0,196,rlt,0.6,17808,235200,0.07571428571428572,none,,,,,0.16666666666666666,216760320,2016203264,3054393344
688,1,0.010890150908380747,91.8260920728315,False,llava_ov_0.5b,15000,2.0,196,rlt,0.6,17808,235200,0.07571428571428572,none,,,,,0.16666666666666666,216760320,2016203264,3054393344
689,1,0.010831680847331882,92.32177480989255,False,llava_ov_0.5b,15000,2.0,196,rlt,0.6,17808,235200,0.07571428571428572,none,,,,,0.16666666666666666,216760320,2016203264,3054393344
690,1,0.010826619109138846,92.36493774459018,False,llava_ov_0.5b,15000,2.0,196,rlt,0.6,17808,235200,0.07571428571428572,none,,,,,0.16666666666666666,216760320,2016203264,3054393344
691,1,0.010994617128744721,90.95359922862289,False,llava_ov_0.5b,15000,2.0,196,rlt,0.6,17808,235200,0.07571428571428572,none,,,,,0.16666666666666666,216760320,2016203264,3054393344
692,1,0.01161488308571279,86.09643270796911,False,llava_ov_0.5b,15000,2.0,196,rlt,0.6,17808,235200,0.07571428571428572,none,,,,,0.16666666666666666,216760320,2016203264,3054393344
693,1,0.011961675016209483,83.6003317800293,False,llava_ov_0.5b,15000,2.0,196,rlt,0.6,17808,235200,0.07571428571428572,none,,,,,0.16666666666666666,216760320,2016203264,3054393344
694,1,0.050082030007615685,19.96724174015981,False,llava_ov_0.5b,15000,2.0,196,rlt,0.6,17808,235200,0.07571428571428572,none,,,,,0.16666666666666666,216760320,2016203264,3054393344
695,1,0.011336915893480182,88.20741102746439,False,llava_ov_0.5b,15000,2.0,196,rlt,0.6,17808,235200,0.07571428571428572,none,,,,,0.16666666666666666,216760320,2016203264,3054393344
696,1,0.011037498945370317,90.60023515739047,False,llava_ov_0.5b,15000,2.0,196,rlt,0.6,17808,235200,0.07571428571428572,none,,,,,0.16666666666666666,216760320,2016203264,3054393344
697,1,0.011031902860850096,90.64619337329282,False,llava_ov_0.5b,15000,2.0,196,rlt,0.6,17808,235200,0.07571428571428572,none,,,,,0.16666666666666666,216760320,2016203264,3054393344
698,1,0.01558924582786858,64.14678497226082,False,llava_ov_0.5b,15000,2.0,196,rlt,0.6,17808,235200,0.07571428571428572,none,,,,,0.16666666666666666,216760320,2016203264,3054393344
699,1,0.01099675614386797,90.93590754557395,False,llava_ov_0.5b,15000,2.0,196,rlt,0.6,17808,235200,0.07571428571428572,none,,,,,0.16666666666666666,216760320,2016203264,3054393344
700,1,0.010882572969421744,91.89003398459509,False,llava_ov_0.5b,15000,2.0,196,rlt,0.6,17808,235200,0.07571428571428572,none,,,,,0.16666666666666666,216760320,2016203264,3054393344
701,1,0.010978630976751447,91.08603815153444,False,llava_ov_0.5b,15000,2.0,196,rlt,0.6,17808,235200,0.07571428571428572,none,,,,,0.16666666666666666,216760320,2016203264,3054393344
702,1,0.010856941808015108,92.10696876552775,False,llava_ov_0.5b,15000,2.0,196,rlt,0.6,17808,235200,0.07571428571428572,none,,,,,0.16666666666666666,216760320,2016203264,3054393344
703,1,0.049569579074159265,20.17366333702241,False,llava_ov_0.5b,15000,2.0,196,rlt,0.6,17808,235200,0.07571428571428572,none,,,,,0.16666666666666666,216760320,2016203264,3054393344
704,1,0.011256967904046178,88.83386792286778,False,llava_ov_0.5b,15000,2.0,196,rlt,0.6,17808,235200,0.07571428571428572,none,,,,,0.16666666666666666,216760320,2016203264,3054393344
705,1,0.011078006122261286,90.26895173766849,False,llava_ov_0.5b,15000,2.0,196,rlt,0.6,17808,235200,0.07571428571428572,none,,,,,0.16666666666666666,216760320,2016203264,3054393344
706,1,0.011032240930944681,90.64341562692566,False,llava_ov_0.5b,15000,2.0,196,rlt,0.6,17808,235200,0.07571428571428572,none,,,,,0.16666666666666666,216760320,2016203264,3054393344
707,1,0.010951641947031021,91.3105089480303,False,llava_ov_0.5b,15000,2.0,196,rlt,0.6,17808,235200,0.07571428571428572,none,,,,,0.16666666666666666,216760320,2016203264,3054393344
708,1,0.011073801200836897,90.30322848169114,False,llava_ov_0.5b,15000,2.0,196,rlt,0.6,17808,235200,0.07571428571428572,none,,,,,0.16666666666666666,216760320,2016203264,3054393344
709,1,0.010953007964417338,91.29912104954782,False,llava_ov_0.5b,15000,2.0,196,rlt,0.6,17808,235200,0.07571428571428572,none,,,,,0.16666666666666666,216760320,2016203264,3054393344
710,1,0.011349593056365848,88.10888593394212,False,llava_ov_0.5b,15000,2.0,196,rlt,0.6,17808,235200,0.07571428571428572,none,,,,,0.16666666666666666,216760320,2016203264,3054393344
711,1,0.05139190307818353,19.458318141647332,False,llava_ov_0.5b,15000,2.0,196,rlt,0.6,17808,235200,0.07571428571428572,none,,,,,0.16666666666666666,216760320,2016203264,3054393344
712,1,0.011443506926298141,87.38579933935426,False,llava_ov_0.5b,15000,2.0,196,rlt,0.6,17808,235200,0.07571428571428572,none,,,,,0.16666666666666666,216760320,2016203264,3054393344
713,1,0.011090847197920084,90.16443759026221,False,llava_ov_0.5b,15000,2.0,196,rlt,0.6,17808,235200,0.07571428571428572,none,,,,,0.16666666666666666,216760320,2016203264,3054393344
714,1,0.0109446388669312,91.36893525299048,False,llava_ov_0.5b,15000,2.0,196,rlt,0.6,17808,235200,0.07571428571428572,none,,,,,0.16666666666666666,216760320,2016203264,3054393344
715,1,0.011520614149048924,86.80092806359237,False,llava_ov_0.5b,15000,2.0,196,rlt,0.6,17808,235200,0.07571428571428572,none,,,,,0.16666666666666666,216760320,2016203264,3054393344
716,1,0.012067595962435007,82.86654633722253,False,llava_ov_0.5b,15000,2.0,196,rlt,0.6,17808,235200,0.07571428571428572,none,,,,,0.16666666666666666,216760320,2016203264,3054393344
717,1,0.05376740521751344,18.598628592072618,False,llava_ov_0.5b,15000,2.0,196,rlt,0.6,17808,235200,0.07571428571428572,none,,,,,0.16666666666666666,216760320,2016203264,3054393344
718,1,0.011964454082772136,83.5809133523209,False,llava_ov_0.5b,15000,2.0,196,rlt,0.6,17808,235200,0.07571428571428572,none,,,,,0.16666666666666666,216760320,2016203264,3054393344
719,1,0.011749413097277284,85.11063418407956,False,llava_ov_0.5b,15000,2.0,196,rlt,0.6,17808,235200,0.07571428571428572,none,,,,,0.16666666666666666,216760320,2016203264,3054393344
720,1,0.011629715096205473,85.98662922759635,False,llava_ov_0.5b,15000,2.0,196,rlt,0.6,17808,235200,0.07571428571428572,none,,,,,0.16666666666666666,216760320,2016203264,3054393344
721,1,0.011741911992430687,85.16500554974698,False,llava_ov_0.5b,15000,2.0,196,rlt,0.6,17808,235200,0.07571428571428572,none,,,,,0.16666666666666666,216760320,2016203264,3054393344
722,1,0.011600469937548041,86.20340429168571,False,llava_ov_0.5b,15000,2.0,196,rlt,0.6,17808,235200,0.07571428571428572,none,,,,,0.16666666666666666,216760320,2016203264,3054393344
723,1,0.011573737021535635,86.40251615699121,False,llava_ov_0.5b,15000,2.0,196,rlt,0.6,17808,235200,0.07571428571428572,none,,,,,0.16666666666666666,216760320,2016203264,3054393344
724,1,0.011541493935510516,86.64389597981163,False,llava_ov_0.5b,15000,2.0,196,rlt,0.6,17808,235200,0.07571428571428572,none,,,,,0.16666666666666666,216760320,2016203264,3054393344
725,1,0.011536177946254611,86.68382237677467,False,llava_ov_0.5b,15000,2.0,196,rlt,0.6,17808,235200,0.07571428571428572,none,,,,,0.16666666666666666,216760320,2016203264,3054393344
726,1,0.012856952147558331,77.77893147015487,False,llava_ov_0.5b,15000,2.0,196,rlt,0.6,17808,235200,0.07571428571428572,none,,,,,0.16666666666666666,216760320,2016203264,3054393344
727,1,0.011465250048786402,87.22007769083503,False,llava_ov_0.5b,15000,2.0,196,rlt,0.6,17808,235200,0.07571428571428572,none,,,,,0.16666666666666666,216760320,2016203264,3054393344
728,1,0.01139652100391686,87.74607616274396,False,llava_ov_0.5b,15000,2.0,196,rlt,0.6,17808,235200,0.07571428571428572,none,,,,,0.16666666666666666,216760320,2016203264,3054393344
729,1,0.011287228902801871,88.5957048103956,False,llava_ov_0.5b,15000,2.0,196,rlt,0.6,17808,235200,0.07571428571428572,none,,,,,0.16666666666666666,216760320,2016203264,3054393344
730,1,0.04971187608316541,20.115917539041405,False,llava_ov_0.5b,15000,2.0,196,rlt,0.6,17808,235200,0.07571428571428572,none,,,,,0.16666666666666666,216760320,2016203264,3054393344
731,1,0.011328033171594143,88.27657765935678,False,llava_ov_0.5b,15000,2.0,196,rlt,0.6,17808,235200,0.07571428571428572,none,,,,,0.16666666666666666,216760320,2016203264,3054393344
732,1,0.01114225503988564,89.74843928992166,False,llava_ov_0.5b,15000,2.0,196,rlt,0.6,17808,235200,0.07571428571428572,none,,,,,0.16666666666666666,216760320,2016203264,3054393344
733,1,0.011201362824067473,89.27485125750769,False,llava_ov_0.5b,15000,2.0,196,rlt,0.6,17808,235200,0.07571428571428572,none,,,,,0.16666666666666666,216760320,2016203264,3054393344
734,1,0.011154799023643136,89.64751385304672,False,llava_ov_0.5b,15000,2.0,196,rlt,0.6,17808,235200,0.07571428571428572,none,,,,,0.16666666666666666,216760320,2016203264,3054393344
735,1,0.011142835952341557,89.74376041045996,False,llava_ov_0.5b,15000,2.0,196,rlt,0.6,17808,235200,0.07571428571428572,none,,,,,0.16666666666666666,216760320,2016203264,3054393344
736,1,0.011954701971262693,83.64909492548202,False,llava_ov_0.5b,15000,2.0,196,rlt,0.6,17808,235200,0.07571428571428572,none,,,,,0.16666666666666666,216760320,2016203264,3054393344
737,1,0.0504869120195508,19.807113566635945,False,llava_ov_0.5b,15000,2.0,196,rlt,0.6,17808,235200,0.07571428571428572,none,,,,,0.16666666666666666,216760320,2016203264,3054393344
738,1,0.011519378051161766,86.81024232025676,False,llava_ov_0.5b,15000,2.0,196,rlt,0.6,17808,235200,0.07571428571428572,none,,,,,0.16666666666666666,216760320,2016203264,3054393344
739,1,0.01134379394352436,88.15392848094292,False,llava_ov_0.5b,15000,2.0,196,rlt,0.6,17808,235200,0.07571428571428572,none,,,,,0.16666666666666666,216760320,2016203264,3054393344
740,1,0.011210012016817927,89.2059703860924,False,llava_ov_0.5b,15000,2.0,196,rlt,0.6,17808,235200,0.07571428571428572,none,,,,,0.16666666666666666,216760320,2016203264,3054393344
741,1,0.01115153613500297,89.6737443069527,False,llava_ov_0.5b,15000,2.0,196,rlt,0.6,17808,235200,0.07571428571428572,none,,,,,0.16666666666666666,216760320,2016203264,3054393344
742,1,0.011237410129979253,88.98847585282947,False,llava_ov_0.5b,15000,2.0,196,rlt,0.6,17808,235200,0.07571428571428572,none,,,,,0.16666666666666666,216760320,2016203264,3054393344
743,1,0.011388517916202545,87.80773822880774,False,llava_ov_0.5b,15000,2.0,196,rlt,0.6,17808,235200,0.07571428571428572,none,,,,,0.16666666666666666,216760320,2016203264,3054393344
744,1,0.011370629072189331,87.94588176707248,False,llava_ov_0.5b,15000,2.0,196,rlt,0.6,17808,235200,0.07571428571428572,none,,,,,0.16666666666666666,216760320,2016203264,3054393344
745,1,0.050296281930059195,19.88218535498461,False,llava_ov_0.5b,15000,2.0,196,rlt,0.6,17808,235200,0.07571428571428572,none,,,,,0.16666666666666666,216760320,2016203264,3054393344
746,1,0.01132427784614265,88.30585169195814,False,llava_ov_0.5b,15000,2.0,196,rlt,0.6,17808,235200,0.07571428571428572,none,,,,,0.16666666666666666,216760320,2016203264,3054393344
747,1,0.0111681311391294,89.5404958575687,False,llava_ov_0.5b,15000,2.0,196,rlt,0.6,17808,235200,0.07571428571428572,none,,,,,0.16666666666666666,216760320,2016203264,3054393344
748,1,0.011193829122930765,89.33493525923865,False,llava_ov_0.5b,15000,2.0,196,rlt,0.6,17808,235200,0.07571428571428572,none,,,,,0.16666666666666666,216760320,2016203264,3054393344
749,1,0.011076982831582427,90.27729077532052,False,llava_ov_0.5b,15000,2.0,196,rlt,0.6,17808,235200,0.07571428571428572,none,,,,,0.16666666666666666,216760320,2016203264,3054393344
750,1,0.011252909898757935,88.86590304169923,False,llava_ov_0.5b,15000,2.0,196,rlt,0.6,17808,235200,0.07571428571428572,none,,,,,0.16666666666666666,216760320,2016203264,3054393344
751,1,0.011162177892401814,89.58825147202752,False,llava_ov_0.5b,15000,2.0,196,rlt,0.6,17808,235200,0.07571428571428572,none,,,,,0.16666666666666666,216760320,2016203264,3054393344
752,1,0.011386599857360125,87.82252933509517,False,llava_ov_0.5b,15000,2.0,196,rlt,0.6,17808,235200,0.07571428571428572,none,,,,,0.16666666666666666,216760320,2016203264,3054393344
753,1,0.011108984937891364,90.01722529923724,False,llava_ov_0.5b,15000,2.0,196,rlt,0.6,17808,235200,0.07571428571428572,none,,,,,0.16666666666666666,216760320,2016203264,3054393344
754,1,0.011214792961254716,89.16794125891019,False,llava_ov_0.5b,15000,2.0,196,rlt,0.6,17808,235200,0.07571428571428572,none,,,,,0.16666666666666666,216760320,2016203264,3054393344
755,1,0.011111876927316189,89.99379731624929,False,llava_ov_0.5b,15000,2.0,196,rlt,0.6,17808,235200,0.07571428571428572,none,,,,,0.16666666666666666,216760320,2016203264,3054393344
756,1,0.051297615049406886,19.494083673029596,False,llava_ov_0.5b,15000,2.0,196,rlt,0.6,17808,235200,0.07571428571428572,none,,,,,0.16666666666666666,216760320,2016203264,3054393344
757,1,0.011730359168723226,85.24888160852824,False,llava_ov_0.5b,15000,2.0,196,rlt,0.6,17808,235200,0.07571428571428572,none,,,,,0.16666666666666666,216760320,2016203264,3054393344
758,1,0.011331830872222781,88.24699303016038,False,llava_ov_0.5b,15000,2.0,196,rlt,0.6,17808,235200,0.07571428571428572,none,,,,,0.16666666666666666,216760320,2016203264,3054393344
759,1,0.011191857978701591,89.35066920104124,False,llava_ov_0.5b,15000,2.0,196,rlt,0.6,17808,235200,0.07571428571428572,none,,,,,0.16666666666666666,216760320,2016203264,3054393344
760,1,0.011174615006893873,89.48854160819656,False,llava_ov_0.5b,15000,2.0,196,rlt,0.6,17808,235200,0.07571428571428572,none,,,,,0.16666666666666666,216760320,2016203264,3054393344
761,1,0.011154880980029702,89.64685520090035,False,llava_ov_0.5b,15000,2.0,196,rlt,0.6,17808,235200,0.07571428571428572,none,,,,,0.16666666666666666,216760320,2016203264,3054393344
762,1,0.011139631969854236,89.76957252323707,False,llava_ov_0.5b,15000,2.0,196,rlt,0.6,17808,235200,0.07571428571428572,none,,,,,0.16666666666666666,216760320,2016203264,3054393344
763,1,0.011199169093742967,89.2923387109768,False,llava_ov_0.5b,15000,2.0,196,rlt,0.6,17808,235200,0.07571428571428572,none,,,,,0.16666666666666666,216760320,2016203264,3054393344
764,1,0.011127240024507046,89.86954517001188,False,llava_ov_0.5b,15000,2.0,196,rlt,0.6,17808,235200,0.07571428571428572,none,,,,,0.16666666666666666,216760320,2016203264,3054393344
765,1,0.0110570820979774,90.43977345369657,False,llava_ov_0.5b,15000,2.0,196,rlt,0.6,17808,235200,0.07571428571428572,none,,,,,0.16666666666666666,216760320,2016203264,3054393344
766,1,0.011169473873451352,89.52973177876295,False,llava_ov_0.5b,15000,2.0,196,rlt,0.6,17808,235200,0.07571428571428572,none,,,,,0.16666666666666666,216760320,2016203264,3054393344
767,1,0.01113331294618547,89.82052375906878,False,llava_ov_0.5b,15000,2.0,196,rlt,0.6,17808,235200,0.07571428571428572,none,,,,,0.16666666666666666,216760320,2016203264,3054393344
768,1,0.011130642145872116,89.84207621577859,False,llava_ov_0.5b,15000,2.0,196,rlt,0.6,17808,235200,0.07571428571428572,none,,,,,0.16666666666666666,216760320,2016203264,3054393344
769,1,0.011127308011054993,89.86899607762263,False,llava_ov_0.5b,15000,2.0,196,rlt,0.6,17808,235200,0.07571428571428572,none,,,,,0.16666666666666666,216760320,2016203264,3054393344
770,1,0.01109620206989348,90.12092549334763,False,llava_ov_0.5b,15000,2.0,196,rlt,0.6,17808,235200,0.07571428571428572,none,,,,,0.16666666666666666,216760320,2016203264,3054393344
771,1,0.05007993499748409,19.96807703624691,False,llava_ov_0.5b,15000,2.0,196,rlt,0.6,17808,235200,0.07571428571428572,none,,,,,0.16666666666666666,216760320,2016203264,3054393344
772,1,0.01145045505836606,87.33277366731105,False,llava_ov_0.5b,15000,2.0,196,rlt,0.6,17808,235200,0.07571428571428572,none,,,,,0.16666666666666666,216760320,2016203264,3054393344
773,1,0.011172036873176694,89.50919258071305,False,llava_ov_0.5b,15000,2.0,196,rlt,0.6,17808,235200,0.07571428571428572,none,,,,,0.16666666666666666,216760320,2016203264,3054393344
774,1,0.011158774141222239,89.61557849852389,False,llava_ov_0.5b,15000,2.0,196,rlt,0.6,17808,235200,0.07571428571428572,none,,,,,0.16666666666666666,216760320,2016203264,3054393344
775,1,0.011223566019907594,89.09824188018928,False,llava_ov_0.5b,15000,2.0,196,rlt,0.6,17808,235200,0.07571428571428572,none,,,,,0.16666666666666666,216760320,2016203264,3054393344
776,1,0.011150195030495524,89.6845299355772,False,llava_ov_0.5b,15000,2.0,196,rlt,0.6,17808,235200,0.07571428571428572,none,,,,,0.16666666666666666,216760320,2016203264,3054393344
777,1,0.049637382151558995,20.146106757739084,False,llava_ov_0.5b,15000,2.0,196,rlt,0.6,17808,235200,0.07571428571428572,none,,,,,0.16666666666666666,216760320,2016203264,3054393344
778,1,0.011374357854947448,87.9170510329104,False,llava_ov_0.5b,15000,2.0,196,rlt,0.6,17808,235200,0.07571428571428572,none,,,,,0.16666666666666666,216760320,2016203264,3054393344
779,1,0.011144798016175628,89.72796084313003,False,llava_ov_0.5b,15000,2.0,196,rlt,0.6,17808,235200,0.07571428571428572,none,,,,,0.16666666666666666,216760320,2016203264,3054393344
780,1,0.011156445136293769,89.63428652975077,False,llava_ov_0.5b,15000,2.0,196,rlt,0.6,17808,235200,0.07571428571428572,none,,,,,0.16666666666666666,216760320,2016203264,3054393344
781,1,0.011162736918777227,89.58376492039916,False,llava_ov_0.5b,15000,2.0,196,rlt,0.6,17808,235200,0.07571428571428572,none,,,,,0.16666666666666666,216760320,2016203264,3054393344
782,1,0.011092111002653837,90.15416450130597,False,llava_ov_0.5b,15000,2.0,196,rlt,0.6,17808,235200,0.07571428571428572,none,,,,,0.16666666666666666,216760320,2016203264,3054393344
783,1,0.011135068023577332,89.80636650648253,False,llava_ov_0.5b,15000,2.0,196,rlt,0.6,17808,235200,0.07571428571428572,none,,,,,0.16666666666666666,216760320,2016203264,3054393344
784,1,0.011148164980113506,89.70086124342757,False,llava_ov_0.5b,15000,2.0,196,rlt,0.6,17808,235200,0.07571428571428572,none,,,,,0.16666666666666666,216760320,2016203264,3054393344
785,1,0.011076288064941764,90.28295347113273,False,llava_ov_0.5b,15000,2.0,196,rlt,0.6,17808,235200,0.07571428571428572,none,,,,,0.16666666666666666,216760320,2016203264,3054393344
786,1,0.011157298926264048,89.62742744536682,False,llava_ov_0.5b,15000,2.0,196,rlt,0.6,17808,235200,0.07571428571428572,none,,,,,0.16666666666666666,216760320,2016203264,3054393344
787,1,0.011152747087180614,89.6640076371352,False,llava_ov_0.5b,15000,2.0,196,rlt,0.6,17808,235200,0.07571428571428572,none,,,,,0.16666666666666666,216760320,2016203264,3054393344
788,1,0.011094015091657639,90.13869115357248,False,llava_ov_0.5b,15000,2.0,196,rlt,0.6,17808,235200,0.07571428571428572,none,,,,,0.16666666666666666,216760320,2016203264,3054393344
789,1,0.011097362963482738,90.11149795592208,False,llava_ov_0.5b,15000,2.0,196,rlt,0.6,17808,235200,0.07571428571428572,none,,,,,0.16666666666666666,216760320,2016203264,3054393344
790,1,0.011117107002064586,89.95145947720819,False,llava_ov_0.5b,15000,2.0,196,rlt,0.6,17808,235200,0.07571428571428572,none,,,,,0.16666666666666666,216760320,2016203264,3054393344
791,1,0.011142130941152573,89.74943888934025,False,llava_ov_0.5b,15000,2.0,196,rlt,0.6,17808,235200,0.07571428571428572,none,,,,,0.16666666666666666,216760320,2016203264,3054393344
792,1,0.05021971603855491,19.912498096012243,False,llava_ov_0.5b,15000,2.0,196,rlt,0.6,17808,235200,0.07571428571428572,none,,,,,0.16666666666666666,216760320,2016203264,3054393344
793,1,0.011442301096394658,87.39500836200587,False,llava_ov_0.5b,15000,2.0,196,rlt,0.6,17808,235200,0.07571428571428572,none,,,,,0.16666666666666666,216760320,2016203264,3054393344
794,1,0.011201002867892385,89.27772020008089,False,llava_ov_0.5b,15000,2.0,196,rlt,0.6,17808,235200,0.07571428571428572,none,,,,,0.16666666666666666,216760320,2016203264,3054393344
795,1,0.01112970500253141,89.849641097635,False,llava_ov_0.5b,15000,2.0,196,rlt,0.6,17808,235200,0.07571428571428572,none,,,,,0.16666666666666666,216760320,2016203264,3054393344
796,1,0.011229461058974266,89.05146869901013,False,llava_ov_0.5b,15000,2.0,196,rlt,0.6,17808,235200,0.07571428571428572,none,,,,,0.16666666666666666,216760320,2016203264,3054393344
797,1,0.011104216100648046,90.05588426378334,False,llava_ov_0.5b,15000,2.0,196,rlt,0.6,17808,235200,0.07571428571428572,none,,,,,0.16666666666666666,216760320,2016203264,3054393344
798,1,0.011062415083870292,90.39617411012392,False,llava_ov_0.5b,15000,2.0,196,rlt,0.6,17808,235200,0.07571428571428572,none,,,,,0.16666666666666666,216760320,2016203264,3054393344
799,1,0.013627642067149282,73.38026601172587,False,llava_ov_0.5b,15000,2.0,196,rlt,0.6,17808,235200,0.07571428571428572,none,,,,,0.16666666666666666,216760320,2016203264,3054393344
800,1,0.012417036108672619,80.53451655033481,False,llava_ov_0.5b,15000,2.0,196,rlt,0.6,17808,235200,0.07571428571428572,none,,,,,0.16666666666666666,216760320,2016203264,3054393344
801,1,0.011280338978394866,88.64981822933612,False,llava_ov_0.5b,15000,2.0,196,rlt,0.6,17808,235200,0.07571428571428572,none,,,,,0.16666666666666666,216760320,2016203264,3054393344
802,1,0.011384990997612476,87.83493989672087,False,llava_ov_0.5b,15000,2.0,196,rlt,0.6,17808,235200,0.07571428571428572,none,,,,,0.16666666666666666,216760320,2016203264,3054393344
803,1,0.04999939911067486,20.000240358618637,False,llava_ov_0.5b,15000,2.0,196,rlt,0.6,17808,235200,0.07571428571428572,none,,,,,0.16666666666666666,216760320,2016203264,3054393344
804,1,0.011323128826916218,88.31481256513652,False,llava_ov_0.5b,15000,2.0,196,rlt,0.6,17808,235200,0.07571428571428572,none,,,,,0.16666666666666666,216760320,2016203264,3054393344
805,1,0.011270971037447453,88.72350010283328,False,llava_ov_0.5b,15000,2.0,196,rlt,0.6,17808,235200,0.07571428571428572,none,,,,,0.16666666666666666,216760320,2016203264,3054393344
806,1,0.01111227204091847,89.99059745097334,False,llava_ov_0.5b,15000,2.0,196,rlt,0.6,17808,235200,0.07571428571428572,none,,,,,0.16666666666666666,216760320,2016203264,3054393344
807,1,0.011288328096270561,88.5870778623435,False,llava_ov_0.5b,15000,2.0,196,rlt,0.6,17808,235200,0.07571428571428572,none,,,,,0.16666666666666666,216760320,2016203264,3054393344
808,1,0.011172857135534286,89.50262120685211,False,llava_ov_0.5b,15000,2.0,196,rlt,0.6,17808,235200,0.07571428571428572,none,,,,,0.16666666666666666,216760320,2016203264,3054393344
809,1,0.011073590023443103,90.30495059713894,False,llava_ov_0.5b,15000,2.0,196,rlt,0.6,17808,235200,0.07571428571428572,none,,,,,0.16666666666666666,216760320,2016203264,3054393344
810,1,0.011090082116425037,90.17065784562078,False,llava_ov_0.5b,15000,2.0,196,rlt,0.6,17808,235200,0.07571428571428572,none,,,,,0.16666666666666666,216760320,2016203264,3054393344
811,1,0.011104906909167767,90.05028211217511,False,llava_ov_0.5b,15000,2.0,196,rlt,0.6,17808,235200,0.07571428571428572,none,,,,,0.16666666666666666,216760320,2016203264,3054393344
812,1,0.01108153210952878,90.24022943001904,False,llava_ov_0.5b,15000,2.0,196,rlt,0.6,17808,235200,0.07571428571428572,none,,,,,0.16666666666666666,216760320,2016203264,3054393344
813,1,0.011087605962529778,90.19079532402839,False,llava_ov_0.5b,15000,2.0,196,rlt,0.6,17808,235200,0.07571428571428572,none,,,,,0.16666666666666666,216760320,2016203264,3054393344
814,1,0.011145638069137931,89.72119799663886,False,llava_ov_0.5b,15000,2.0,196,rlt,0.6,17808,235200,0.07571428571428572,none,,,,,0.16666666666666666,216760320,2016203264,3054393344
815,1,0.011093564098700881,90.14235561293648,False,llava_ov_0.5b,15000,2.0,196,rlt,0.6,17808,235200,0.07571428571428572,none,,,,,0.16666666666666666,216760320,2016203264,3054393344
816,1,0.0499230301938951,20.030835390322245,False,llava_ov_0.5b,15000,2.0,196,rlt,0.6,17808,235200,0.07571428571428572,none,,,,,0.16666666666666666,216760320,2016203264,3054393344
817,1,0.01139735896140337,87.73962488910404,False,llava_ov_0.5b,15000,2.0,196,rlt,0.6,17808,235200,0.07571428571428572,none,,,,,0.16666666666666666,216760320,2016203264,3054393344
818,1,0.011199135100468993,89.29260974431163,False,llava_ov_0.5b,15000,2.0,196,rlt,0.6,17808,235200,0.07571428571428572,none,,,,,0.16666666666666666,216760320,2016203264,3054393344
819,1,0.01117204106412828,89.50915900325926,False,llava_ov_0.5b,15000,2.0,196,rlt,0.6,17808,235200,0.07571428571428572,none,,,,,0.16666666666666666,216760320,2016203264,3054393344
820,1,0.011170135112479329,89.5244318829049,False,llava_ov_0.5b,15000,2.0,196,rlt,0.6,17808,235200,0.07571428571428572,none,,,,,0.16666666666666666,216760320,2016203264,3054393344
821,1,0.01112782908603549,89.86478784571895,False,llava_ov_0.5b,15000,2.0,196,rlt,0.6,17808,235200,0.07571428571428572,none,,,,,0.16666666666666666,216760320,2016203264,3054393344
822,1,0.011123440926894546,89.90023919506544,False,llava_ov_0.5b,15000,2.0,196,rlt,0.6,17808,235200,0.07571428571428572,none,,,,,0.16666666666666666,216760320,2016203264,3054393344
823,1,0.011168261989951134,89.53944677334485,False,llava_ov_0.5b,15000,2.0,196,rlt,0.6,17808,235200,0.07571428571428572,none,,,,,0.16666666666666666,216760320,2016203264,3054393344
824,1,0.01118977484293282,89.36730309918387,False,llava_ov_0.5b,15000,2.0,196,rlt,0.6,17808,235200,0.07571428571428572,none,,,,,0.16666666666666666,216760320,2016203264,3054393344
825,1,0.011129711987450719,89.84958470871014,False,llava_ov_0.5b,15000,2.0,196,rlt,0.6,17808,235200,0.07571428571428572,none,,,,,0.16666666666666666,216760320,2016203264,3054393344
826,1,0.011197292944416404,89.30729998438203,False,llava_ov_0.5b,15000,2.0,196,rlt,0.6,17808,235200,0.07571428571428572,none,,,,,0.16666666666666666,216760320,2016203264,3054393344
827,1,0.049897316843271255,20.0411577869212,False,llava_ov_0.5b,15000,2.0,196,rlt,0.6,17808,235200,0.07571428571428572,none,,,,,0.16666666666666666,216760320,2016203264,3054393344
828,1,0.011236338876187801,88.99695986556736,False,llava_ov_0.5b,15000,2.0,196,rlt,0.6,17808,235200,0.07571428571428572,none,,,,,0.16666666666666666,216760320,2016203264,3054393344
829,1,0.011231830110773444,89.03268569213947,False,llava_ov_0.5b,15000,2.0,196,rlt,0.6,17808,235200,0.07571428571428572,none,,,,,0.16666666666666666,216760320,2016203264,3054393344
830,1,0.01108198007568717,90.23658165510572,False,llava_ov_0.5b,15000,2.0,196,rlt,0.6,17808,235200,0.07571428571428572,none,,,,,0.16666666666666666,216760320,2016203264,3054393344
831,1,0.01112418994307518,89.89418601419163,False,llava_ov_0.5b,15000,2.0,196,rlt,0.6,17808,235200,0.07571428571428572,none,,,,,0.16666666666666666,216760320,2016203264,3054393344
832,1,0.011223206063732505,89.10109948274706,False,llava_ov_0.5b,15000,2.0,196,rlt,0.6,17808,235200,0.07571428571428572,none,,,,,0.16666666666666666,216760320,2016203264,3054393344
833,1,0.011138885980471969,89.77558453808939,False,llava_ov_0.5b,15000,2.0,196,rlt,0.6,17808,235200,0.07571428571428572,none,,,,,0.16666666666666666,216760320,2016203264,3054393344
834,1,0.011289024958387017,88.5816094557453,False,llava_ov_0.5b,15000,2.0,196,rlt,0.6,17808,235200,0.07571428571428572,none,,,,,0.16666666666666666,216760320,2016203264,3054393344
835,1,0.011194844031706452,89.32683627996629,False,llava_ov_0.5b,15000,2.0,196,rlt,0.6,17808,235200,0.07571428571428572,none,,,,,0.16666666666666666,216760320,2016203264,3054393344
836,1,0.011013561859726906,90.7971474384397,False,llava_ov_0.5b,15000,2.0,196,rlt,0.6,17808,235200,0.07571428571428572,none,,,,,0.16666666666666666,216760320,2016203264,3054393344
837,1,0.04948363499715924,20.208701322314095,False,llava_ov_0.5b,15000,2.0,196,rlt,0.6,17808,235200,0.07571428571428572,none,,,,,0.16666666666666666,216760320,2016203264,3054393344
838,1,0.011370748979970813,87.94495435274017,False,llava_ov_0.5b,15000,2.0,196,rlt,0.6,17808,235200,0.07571428571428572,none,,,,,0.16666666666666666,216760320,2016203264,3054393344
839,1,0.011271674884483218,88.71795986385459,False,llava_ov_0.5b,15000,2.0,196,rlt,0.6,17808,235200,0.07571428571428572,none,,,,,0.16666666666666666,216760320,2016203264,3054393344
840,1,0.011218767147511244,89.13635400854528,False,llava_ov_0.5b,15000,2.0,196,rlt,0.6,17808,235200,0.07571428571428572,none,,,,,0.16666666666666666,216760320,2016203264,3054393344
841,1,0.01210577180609107,82.60522468272909,False,llava_ov_0.5b,15000,2.0,196,rlt,0.6,17808,235200,0.07571428571428572,none,,,,,0.16666666666666666,216760320,2016203264,3054393344
842,1,0.012299522059038281,81.30397223566519,False,llava_ov_0.5b,15000,2.0,196,rlt,0.6,17808,235200,0.07571428571428572,none,,,,,0.16666666666666666,216760320,2016203264,3054393344
843,1,0.011533220065757632,86.7060538425882,False,llava_ov_0.5b,15000,2.0,196,rlt,0.6,17808,235200,0.07571428571428572,none,,,,,0.16666666666666666,216760320,2016203264,3054393344
844,1,0.01142089394852519,87.55882022082278,False,llava_ov_0.5b,15000,2.0,196,rlt,0.6,17808,235200,0.07571428571428572,none,,,,,0.16666666666666666,216760320,2016203264,3054393344
845,1,0.011467150878161192,87.20561982876382,False,llava_ov_0.5b,15000,2.0,196,rlt,0.6,17808,235200,0.07571428571428572,none,,,,,0.16666666666666666,216760320,2016203264,3054393344
846,1,0.011168023105710745,89.54136202392455,False,llava_ov_0.5b,15000,2.0,196,rlt,0.6,17808,235200,0.07571428571428572,none,,,,,0.16666666666666666,216760320,2016203264,3054393344
847,1,0.011271136812865734,88.72219516123022,False,llava_ov_0.5b,15000,2.0,196,rlt,0.6,17808,235200,0.07571428571428572,none,,,,,0.16666666666666666,216760320,2016203264,3054393344
848,1,0.04855400696396828,20.595622535171934,False,llava_ov_0.5b,15000,2.0,196,rlt,0.6,17808,235200,0.07571428571428572,none,,,,,0.16666666666666666,216760320,2016203264,3054393344
849,1,0.011389702092856169,87.79860894054626,False,llava_ov_0.5b,15000,2.0,196,rlt,0.6,17808,235200,0.07571428571428572,none,,,,,0.16666666666666666,216760320,2016203264,3054393344
850,1,0.011279046069830656,88.65998009129632,False,llava_ov_0.5b,15000,2.0,196,rlt,0.6,17808,235200,0.07571428571428572,none,,,,,0.16666666666666666,216760320,2016203264,3054393344
851,1,0.011166299926117063,89.55518001635275,False,llava_ov_0.5b,15000,2.0,196,rlt,0.6,17808,235200,0.07571428571428572,none,,,,,0.16666666666666666,216760320,2016203264,3054393344
852,1,0.01123351906426251,89.01929967620978,False,llava_ov_0.5b,15000,2.0,196,rlt,0.6,17808,235200,0.07571428571428572,none,,,,,0.16666666666666666,216760320,2016203264,3054393344
853,1,0.011237503960728645,88.98773281813016,False,llava_ov_0.5b,15000,2.0,196,rlt,0.6,17808,235200,0.07571428571428572,none,,,,,0.16666666666666666,216760320,2016203264,3054393344
854,1,0.011184550821781158,89.40904430892007,False,llava_ov_0.5b,15000,2.0,196,rlt,0.6,17808,235200,0.07571428571428572,none,,,,,0.16666666666666666,216760320,2016203264,3054393344
855,1,0.011125451885163784,89.88398946145624,False,llava_ov_0.5b,15000,2.0,196,rlt,0.6,17808,235200,0.07571428571428572,none,,,,,0.16666666666666666,216760320,2016203264,3054393344
856,1,0.011179066961631179,89.45290366648688,False,llava_ov_0.5b,15000,2.0,196,rlt,0.6,17808,235200,0.07571428571428572,none,,,,,0.16666666666666666,216760320,2016203264,3054393344
857,1,0.011115501169115305,89.96445457434926,False,llava_ov_0.5b,15000,2.0,196,rlt,0.6,17808,235200,0.07571428571428572,none,,,,,0.16666666666666666,216760320,2016203264,3054393344
858,1,0.011106996098533273,90.03334395085044,False,llava_ov_0.5b,15000,2.0,196,rlt,0.6,17808,235200,0.07571428571428572,none,,,,,0.16666666666666666,216760320,2016203264,3054393344
859,1,0.011685090838000178,85.57913788294888,False,llava_ov_0.5b,15000,2.0,196,rlt,0.6,17808,235200,0.07571428571428572,none,,,,,0.16666666666666666,216760320,2016203264,3054393344
860,1,0.010106713976711035,98.94412786433912,False,llava_ov_0.5b,15000,2.0,196,rlt,0.6,17808,235200,0.07571428571428572,none,,,,,0.16666666666666666,216760320,2016203264,3054393344
861,1,0.011077767005190253,90.27090022126943,False,llava_ov_0.5b,15000,2.0,196,rlt,0.6,17808,235200,0.07571428571428572,none,,,,,0.16666666666666666,216760320,2016203264,3054393344
862,1,0.01114487205632031,89.72736474196627,False,llava_ov_0.5b,15000,2.0,196,rlt,0.6,17808,235200,0.07571428571428572,none,,,,,0.16666666666666666,216760320,2016203264,3054393344
863,1,0.04960454301908612,20.1594438560846,False,llava_ov_0.5b,15000,2.0,196,rlt,0.6,17808,235200,0.07571428571428572,none,,,,,0.16666666666666666,216760320,2016203264,3054393344
864,1,0.011370106833055615,87.94992119975173,False,llava_ov_0.5b,15000,2.0,196,rlt,0.6,17808,235200,0.07571428571428572,none,,,,,0.16666666666666666,216760320,2016203264,3054393344
865,1,0.011474588885903358,87.14909178389036,False,llava_ov_0.5b,15000,2.0,196,rlt,0.6,17808,235200,0.07571428571428572,none,,,,,0.16666666666666666,216760320,2016203264,3054393344
866,1,0.011141625000163913,89.75351440972823,False,llava_ov_0.5b,15000,2.0,196,rlt,0.6,17808,235200,0.07571428571428572,none,,,,,0.16666666666666666,216760320,2016203264,3054393344
867,1,0.011175574967637658,89.48085471179873,False,llava_ov_0.5b,15000,2.0,196,rlt,0.6,17808,235200,0.07571428571428572,none,,,,,0.16666666666666666,216760320,2016203264,3054393344
868,1,0.011199170025065541,89.29233128542913,False,llava_ov_0.5b,15000,2.0,196,rlt,0.6,17808,235200,0.07571428571428572,none,,,,,0.16666666666666666,216760320,2016203264,3054393344
869,1,0.011132182087749243,89.82964814243213,False,llava_ov_0.5b,15000,2.0,196,rlt,0.6,17808,235200,0.07571428571428572,none,,,,,0.16666666666666666,216760320,2016203264,3054393344
870,1,0.011119837174192071,89.92937435458956,False,llava_ov_0.5b,15000,2.0,196,rlt,0.6,17808,235200,0.07571428571428572,none,,,,,0.16666666666666666,216760320,2016203264,3054393344
871,1,0.011153599945828319,89.657151489822,False,llava_ov_0.5b,15000,2.0,196,rlt,0.6,17808,235200,0.07571428571428572,none,,,,,0.16666666666666666,216760320,2016203264,3054393344
872,1,0.011092189932242036,90.15352298406529,False,llava_ov_0.5b,15000,2.0,196,rlt,0.6,17808,235200,0.07571428571428572,none,,,,,0.16666666666666666,216760320,2016203264,3054393344
873,1,0.011127552017569542,89.86702541772688,False,llava_ov_0.5b,15000,2.0,196,rlt,0.6,17808,235200,0.07571428571428572,none,,,,,0.16666666666666666,216760320,2016203264,3054393344
874,1,0.011294205905869603,88.54097475594098,False,llava_ov_0.5b,15000,2.0,196,rlt,0.6,17808,235200,0.07571428571428572,none,,,,,0.16666666666666666,216760320,2016203264,3054393344
875,1,0.011070908978581429,90.32681977014457,False,llava_ov_0.5b,15000,2.0,196,rlt,0.6,17808,235200,0.07571428571428572,none,,,,,0.16666666666666666,216760320,2016203264,3054393344
876,1,0.011135175125673413,89.80550271673647,False,llava_ov_0.5b,15000,2.0,196,rlt,0.6,17808,235200,0.07571428571428572,none,,,,,0.16666666666666666,216760320,2016203264,3054393344
877,1,0.049835718935355544,20.065929043727674,False,llava_ov_0.5b,15000,2.0,196,rlt,0.6,17808,235200,0.07571428571428572,none,,,,,0.16666666666666666,216760320,2016203264,3054393344
878,1,0.011309463996440172,88.42152026964014,False,llava_ov_0.5b,15000,2.0,196,rlt,0.6,17808,235200,0.07571428571428572,none,,,,,0.16666666666666666,216760320,2016203264,3054393344
879,1,0.011154277948662639,89.6517017598523,False,llava_ov_0.5b,15000,2.0,196,rlt,0.6,17808,235200,0.07571428571428572,none,,,,,0.16666666666666666,216760320,2016203264,3054393344
880,1,0.011160707101225853,89.60005767825979,False,llava_ov_0.5b,15000,2.0,196,rlt,0.6,17808,235200,0.07571428571428572,none,,,,,0.16666666666666666,216760320,2016203264,3054393344
881,1,0.011096138041466475,90.12144552122382,False,llava_ov_0.5b,15000,2.0,196,rlt,0.6,17808,235200,0.07571428571428572,none,,,,,0.16666666666666666,216760320,2016203264,3054393344
882,1,0.011091210879385471,90.16148109298295,False,llava_ov_0.5b,15000,2.0,196,rlt,0.6,17808,235200,0.07571428571428572,none,,,,,0.16666666666666666,216760320,2016203264,3054393344
883,1,0.011190439108759165,89.36199824520412,False,llava_ov_0.5b,15000,2.0,196,rlt,0.6,17808,235200,0.07571428571428572,none,,,,,0.16666666666666666,216760320,2016203264,3054393344
884,1,0.011092643951997161,90.14983301793944,False,llava_ov_0.5b,15000,2.0,196,rlt,0.6,17808,235200,0.07571428571428572,none,,,,,0.16666666666666666,216760320,2016203264,3054393344
885,1,0.011329026892781258,88.26883451368538,False,llava_ov_0.5b,15000,2.0,196,rlt,0.6,17808,235200,0.07571428571428572,none,,,,,0.16666666666666666,216760320,2016203264,3054393344
886,1,0.012130281887948513,82.43831505626463,False,llava_ov_0.5b,15000,2.0,196,rlt,0.6,17808,235200,0.07571428571428572,none,,,,,0.16666666666666666,216760320,2016203264,3054393344
887,1,0.011526199989020824,86.75886250043733,False,llava_ov_0.5b,15000,2.0,196,rlt,0.6,17808,235200,0.07571428571428572,none,,,,,0.16666666666666666,216760320,2016203264,3054393344
888,1,0.011337802978232503,88.2005095625585,False,llava_ov_0.5b,15000,2.0,196,rlt,0.6,17808,235200,0.07571428571428572,none,,,,,0.16666666666666666,216760320,2016203264,3054393344
889,1,0.011202011024579406,89.26968539897025,False,llava_ov_0.5b,15000,2.0,196,rlt,0.6,17808,235200,0.07571428571428572,none,,,,,0.16666666666666666,216760320,2016203264,3054393344
890,1,0.011120890034362674,89.92086037269308,False,llava_ov_0.5b,15000,2.0,196,rlt,0.6,17808,235200,0.07571428571428572,none,,,,,0.16666666666666666,216760320,2016203264,3054393344
891,1,0.011069484055042267,90.3384471243255,False,llava_ov_0.5b,15000,2.0,196,rlt,0.6,17808,235200,0.07571428571428572,none,,,,,0.16666666666666666,216760320,2016203264,3054393344
892,1,0.011156049091368914,89.63746858855872,False,llava_ov_0.5b,15000,2.0,196,rlt,0.6,17808,235200,0.07571428571428572,none,,,,,0.16666666666666666,216760320,2016203264,3054393344
893,1,0.011132138082757592,89.83000323620541,False,llava_ov_0.5b,15000,2.0,196,rlt,0.6,17808,235200,0.07571428571428572,none,,,,,0.16666666666666666,216760320,2016203264,3054393344
894,1,0.011057062074542046,90.43993723273164,False,llava_ov_0.5b,15000,2.0,196,rlt,0.6,17808,235200,0.07571428571428572,none,,,,,0.16666666666666666,216760320,2016203264,3054393344
895,1,0.01122393598780036,89.09530498810138,False,llava_ov_0.5b,15000,2.0,196,rlt,0.6,17808,235200,0.07571428571428572,none,,,,,0.16666666666666666,216760320,2016203264,3054393344
896,1,0.01107143796980381,90.32250397169686,False,llava_ov_0.5b,15000,2.0,196,rlt,0.6,17808,235200,0.07571428571428572,none,,,,,0.16666666666666666,216760320,2016203264,3054393344
897,1,0.011053167982026935,90.47179972529645,False,llava_ov_0.5b,15000,2.0,196,rlt,0.6,17808,235200,0.07571428571428572,none,,,,,0.16666666666666666,216760320,2016203264,3054393344
898,1,0.011151728918775916,89.67219408609569,False,llava_ov_0.5b,15000,2.0,196,rlt,0.6,17808,235200,0.07571428571428572,none,,,,,0.16666666666666666,216760320,2016203264,3054393344
899,1,0.052146548172459006,19.176724731477933,False,llava_ov_0.5b,15000,2.0,196,rlt,0.6,17808,235200,0.07571428571428572,none,,,,,0.16666666666666666,216760320,2016203264,3054393344
900,1,0.012215384049341083,81.86398364232696,False,llava_ov_0.5b,15000,2.0,196,rlt,0.6,17808,235200,0.07571428571428572,none,,,,,0.16666666666666666,216760320,2016203264,3054393344
901,1,0.011349566048011184,88.10909560504587,False,llava_ov_0.5b,15000,2.0,196,rlt,0.6,17808,235200,0.07571428571428572,none,,,,,0.16666666666666666,216760320,2016203264,3054393344
902,1,0.011355780996382236,88.06087404455786,False,llava_ov_0.5b,15000,2.0,196,rlt,0.6,17808,235200,0.07571428571428572,none,,,,,0.16666666666666666,216760320,2016203264,3054393344
903,1,0.01120150089263916,89.27375086468366,False,llava_ov_0.5b,15000,2.0,196,rlt,0.6,17808,235200,0.07571428571428572,none,,,,,0.16666666666666666,216760320,2016203264,3054393344
904,1,0.011327377986162901,88.28168365367188,False,llava_ov_0.5b,15000,2.0,196,rlt,0.6,17808,235200,0.07571428571428572,none,,,,,0.16666666666666666,216760320,2016203264,3054393344
905,1,0.011201694142073393,89.27221073141206,False,llava_ov_0.5b,15000,2.0,196,rlt,0.6,17808,235200,0.07571428571428572,none,,,,,0.16666666666666666,216760320,2016203264,3054393344
906,1,0.011178785003721714,89.4551599003893,False,llava_ov_0.5b,15000,2.0,196,rlt,0.6,17808,235200,0.07571428571428572,none,,,,,0.16666666666666666,216760320,2016203264,3054393344
907,1,0.011186311952769756,89.39496808440049,False,llava_ov_0.5b,15000,2.0,196,rlt,0.6,17808,235200,0.07571428571428572,none,,,,,0.16666666666666666,216760320,2016203264,3054393344
908,1,0.011100510135293007,90.0859499078872,False,llava_ov_0.5b,15000,2.0,196,rlt,0.6,17808,235200,0.07571428571428572,none,,,,,0.16666666666666666,216760320,2016203264,3054393344
909,1,0.011102057993412018,90.07339005015123,False,llava_ov_0.5b,15000,2.0,196,rlt,0.6,17808,235200,0.07571428571428572,none,,,,,0.16666666666666666,216760320,2016203264,3054393344
910,1,0.011105718091130257,90.04370467486156,False,llava_ov_0.5b,15000,2.0,196,rlt,0.6,17808,235200,0.07571428571428572,none,,,,,0.16666666666666666,216760320,2016203264,3054393344
911,1,0.011059693992137909,90.4184148956452,False,llava_ov_0.5b,15000,2.0,196,rlt,0.6,17808,235200,0.07571428571428572,none,,,,,0.16666666666666666,216760320,2016203264,3054393344
912,1,0.011099514085799456,90.09403405139909,False,llava_ov_0.5b,15000,2.0,196,rlt,0.6,17808,235200,0.07571428571428572,none,,,,,0.16666666666666666,216760320,2016203264,3054393344
913,1,0.011160786030814052,89.59942402256246,False,llava_ov_0.5b,15000,2.0,196,rlt,0.6,17808,235200,0.07571428571428572,none,,,,,0.16666666666666666,216760320,2016203264,3054393344
914,1,0.011042060097679496,90.5628108481452,False,llava_ov_0.5b,15000,2.0,196,rlt,0.6,17808,235200,0.07571428571428572,none,,,,,0.16666666666666666,216760320,2016203264,3054393344
915,1,0.05131321307271719,19.488157924994404,False,llava_ov_0.5b,15000,2.0,196,rlt,0.6,17808,235200,0.07571428571428572,none,,,,,0.16666666666666666,216760320,2016203264,3054393344
916,1,0.01191127602942288,83.95406147333247,False,llava_ov_0.5b,15000,2.0,196,rlt,0.6,17808,235200,0.07571428571428572,none,,,,,0.16666666666666666,216760320,2016203264,3054393344
917,1,0.01144778379239142,87.35315220266769,False,llava_ov_0.5b,15000,2.0,196,rlt,0.6,17808,235200,0.07571428571428572,none,,,,,0.16666666666666666,216760320,2016203264,3054393344
918,1,0.011307172011584044,88.43944347671669,False,llava_ov_0.5b,15000,2.0,196,rlt,0.6,17808,235200,0.07571428571428572,none,,,,,0.16666666666666666,216760320,2016203264,3054393344
919,1,0.010191075038164854,98.12507475953919,False,llava_ov_0.5b,15000,2.0,196,rlt,0.6,17808,235200,0.07571428571428572,none,,,,,0.16666666666666666,216760320,2016203264,3054393344
920,1,0.011132326908409595,89.82847954676743,False,llava_ov_0.5b,15000,2.0,196,rlt,0.6,17808,235200,0.07571428571428572,none,,,,,0.16666666666666666,216760320,2016203264,3054393344
921,1,0.011139178881421685,89.77322391938918,False,llava_ov_0.5b,15000,2.0,196,rlt,0.6,17808,235200,0.07571428571428572,none,,,,,0.16666666666666666,216760320,2016203264,3054393344
922,1,0.01113358000293374,89.81836926994697,False,llava_ov_0.5b,15000,2.0,196,rlt,0.6,17808,235200,0.07571428571428572,none,,,,,0.16666666666666666,216760320,2016203264,3054393344
923,1,0.011202815221622586,89.2632771510769,False,llava_ov_0.5b,15000,2.0,196,rlt,0.6,17808,235200,0.07571428571428572,none,,,,,0.16666666666666666,216760320,2016203264,3054393344
924,1,0.011057042051106691,90.44010101235988,False,llava_ov_0.5b,15000,2.0,196,rlt,0.6,17808,235200,0.07571428571428572,none,,,,,0.16666666666666666,216760320,2016203264,3054393344
925,1,0.011094014160335064,90.1386987205538,False,llava_ov_0.5b,15000,2.0,196,rlt,0.6,17808,235200,0.07571428571428572,none,,,,,0.16666666666666666,216760320,2016203264,3054393344
926,1,0.011140346061438322,89.76381833069293,False,llava_ov_0.5b,15000,2.0,196,rlt,0.6,17808,235200,0.07571428571428572,none,,,,,0.16666666666666666,216760320,2016203264,3054393344
927,1,0.011121907038614154,89.91263787119418,False,llava_ov_0.5b,15000,2.0,196,rlt,0.6,17808,235200,0.07571428571428572,none,,,,,0.16666666666666666,216760320,2016203264,3054393344
928,1,0.049687619088217616,20.125737927280344,False,llava_ov_0.5b,15000,2.0,196,rlt,0.6,17808,235200,0.07571428571428572,none,,,,,0.16666666666666666,216760320,2016203264,3054393344
929,1,0.01144297793507576,87.38983905008983,False,llava_ov_0.5b,15000,2.0,196,rlt,0.6,17808,235200,0.07571428571428572,none,,,,,0.16666666666666666,216760320,2016203264,3054393344
930,1,0.013221998931840062,75.63152932888894,False,llava_ov_0.5b,15000,2.0,196,rlt,0.6,17808,235200,0.07571428571428572,none,,,,,0.16666666666666666,216760320,2016203264,3054393344
931,1,0.011602283921092749,86.1899266386696,False,llava_ov_0.5b,15000,2.0,196,rlt,0.6,17808,235200,0.07571428571428572,none,,,,,0.16666666666666666,216760320,2016203264,3054393344
932,1,0.011852737050503492,84.36869861695962,False,llava_ov_0.5b,15000,2.0,196,rlt,0.6,17808,235200,0.07571428571428572,none,,,,,0.16666666666666666,216760320,2016203264,3054393344
933,1,0.011717526940628886,85.34224030948373,False,llava_ov_0.5b,15000,2.0,196,rlt,0.6,17808,235200,0.07571428571428572,none,,,,,0.16666666666666666,216760320,2016203264,3054393344
934,1,0.011763890041038394,85.00589486228574,False,llava_ov_0.5b,15000,2.0,196,rlt,0.6,17808,235200,0.07571428571428572,none,,,,,0.16666666666666666,216760320,2016203264,3054393344
935,1,0.011639009928330779,85.91796090540977,False,llava_ov_0.5b,15000,2.0,196,rlt,0.6,17808,235200,0.07571428571428572,none,,,,,0.16666666666666666,216760320,2016203264,3054393344
936,1,0.011561908992007375,86.49090740043789,False,llava_ov_0.5b,15000,2.0,196,rlt,0.6,17808,235200,0.07571428571428572,none,,,,,0.16666666666666666,216760320,2016203264,3054393344
937,1,0.0118119849357754,84.65977610344412,False,llava_ov_0.5b,15000,2.0,196,rlt,0.6,17808,235200,0.07571428571428572,none,,,,,0.16666666666666666,216760320,2016203264,3054393344
938,1,0.011333286063745618,88.23566213500332,False,llava_ov_0.5b,15000,2.0,196,rlt,0.6,17808,235200,0.07571428571428572,none,,,,,0.16666666666666666,216760320,2016203264,3054393344
939,1,0.011325689032673836,88.29484873856845,False,llava_ov_0.5b,15000,2.0,196,rlt,0.6,17808,235200,0.07571428571428572,none,,,,,0.16666666666666666,216760320,2016203264,3054393344
940,1,0.011322654085233808,88.31851547104387,False,llava_ov_0.5b,15000,2.0,196,rlt,0.6,17808,235200,0.07571428571428572,none,,,,,0.16666666666666666,216760320,2016203264,3054393344
941,1,0.011222428176552057,89.10727556175252,False,llava_ov_0.5b,15000,2.0,196,rlt,0.6,17808,235200,0.07571428571428572,none,,,,,0.16666666666666666,216760320,2016203264,3054393344
942,1,0.04974474594928324,20.102625531941403,False,llava_ov_0.5b,15000,2.0,196,rlt,0.6,17808,235200,0.07571428571428572,none,,,,,0.16666666666666666,216760320,2016203264,3054393344
943,1,0.011784920934587717,84.8541967782819,False,llava_ov_0.5b,15000,2.0,196,rlt,0.6,17808,235200,0.07571428571428572,none,,,,,0.16666666666666666,216760320,2016203264,3054393344
944,1,0.011346218874678016,88.13508808928015,False,llava_ov_0.5b,15000,2.0,196,rlt,0.6,17808,235200,0.07571428571428572,none,,,,,0.16666666666666666,216760320,2016203264,3054393344
945,1,0.011175609892234206,89.48057507759712,False,llava_ov_0.5b,15000,2.0,196,rlt,0.6,17808,235200,0.07571428571428572,none,,,,,0.16666666666666666,216760320,2016203264,3054393344
946,1,0.011243369895964861,88.94130578759048,False,llava_ov_0.5b,15000,2.0,196,rlt,0.6,17808,235200,0.07571428571428572,none,,,,,0.16666666666666666,216760320,2016203264,3054393344
947,1,0.011149046942591667,89.69376531905996,False,llava_ov_0.5b,15000,2.0,196,rlt,0.6,17808,235200,0.07571428571428572,none,,,,,0.16666666666666666,216760320,2016203264,3054393344
948,1,0.01110730692744255,90.03082444128059,False,llava_ov_0.5b,15000,2.0,196,rlt,0.6,17808,235200,0.07571428571428572,none,,,,,0.16666666666666666,216760320,2016203264,3054393344
949,1,0.01120377192273736,89.25565487195986,False,llava_ov_0.5b,15000,2.0,196,rlt,0.6,17808,235200,0.07571428571428572,none,,,,,0.16666666666666666,216760320,2016203264,3054393344
950,1,0.01118479110300541,89.40712354755513,False,llava_ov_0.5b,15000,2.0,196,rlt,0.6,17808,235200,0.07571428571428572,none,,,,,0.16666666666666666,216760320,2016203264,3054393344
951,1,0.011479299049824476,87.11333293606376,False,llava_ov_0.5b,15000,2.0,196,rlt,0.6,17808,235200,0.07571428571428572,none,,,,,0.16666666666666666,216760320,2016203264,3054393344
952,1,0.012091329088434577,82.70389406210981,False,llava_ov_0.5b,15000,2.0,196,rlt,0.6,17808,235200,0.07571428571428572,none,,,,,0.16666666666666666,216760320,2016203264,3054393344
953,1,0.04990958399139345,20.0362319223587,False,llava_ov_0.5b,15000,2.0,196,rlt,0.6,17808,235200,0.07571428571428572,none,,,,,0.16666666666666666,216760320,2016203264,3054393344
954,1,0.011341834906488657,88.169155012819,False,llava_ov_0.5b,15000,2.0,196,rlt,0.6,17808,235200,0.07571428571428572,none,,,,,0.16666666666666666,216760320,2016203264,3054393344
955,1,0.011297092074528337,88.51835440508711,False,llava_ov_0.5b,15000,2.0,196,rlt,0.6,17808,235200,0.07571428571428572,none,,,,,0.16666666666666666,216760320,2016203264,3054393344
956,1,0.011199417058378458,89.29036170252134,False,llava_ov_0.5b,15000,2.0,196,rlt,0.6,17808,235200,0.07571428571428572,none,,,,,0.16666666666666666,216760320,2016203264,3054393344
957,1,0.011175875086337328,89.47845177891392,False,llava_ov_0.5b,15000,2.0,196,rlt,0.6,17808,235200,0.07571428571428572,none,,,,,0.16666666666666666,216760320,2016203264,3054393344
958,1,0.011235606856644154,89.00275817399681,False,llava_ov_0.5b,15000,2.0,196,rlt,0.6,17808,235200,0.07571428571428572,none,,,,,0.16666666666666666,216760320,2016203264,3054393344
959,1,0.01116229803301394,89.58728722726903,False,llava_ov_0.5b,15000,2.0,196,rlt,0.6,17808,235200,0.07571428571428572,none,,,,,0.16666666666666666,216760320,2016203264,3054393344
960,1,0.01118947402574122,89.36970564474387,False,llava_ov_0.5b,15000,2.0,196,rlt,0.6,17808,235200,0.07571428571428572,none,,,,,0.16666666666666666,216760320,2016203264,3054393344
961,1,0.011217433959245682,89.14694783433744,False,llava_ov_0.5b,15000,2.0,196,rlt,0.6,17808,235200,0.07571428571428572,none,,,,,0.16666666666666666,216760320,2016203264,3054393344
962,1,0.011180561035871506,89.44094994800516,False,llava_ov_0.5b,15000,2.0,196,rlt,0.6,17808,235200,0.07571428571428572,none,,,,,0.16666666666666666,216760320,2016203264,3054393344
963,1,0.011076499009504914,90.28123409227813,False,llava_ov_0.5b,15000,2.0,196,rlt,0.6,17808,235200,0.07571428571428572,none,,,,,0.16666666666666666,216760320,2016203264,3054393344
964,1,0.011152303079143167,89.66757744148666,False,llava_ov_0.5b,15000,2.0,196,rlt,0.6,17808,235200,0.07571428571428572,none,,,,,0.16666666666666666,216760320,2016203264,3054393344
965,1,0.011110133957117796,90.00791564347809,False,llava_ov_0.5b,15000,2.0,196,rlt,0.6,17808,235200,0.07571428571428572,none,,,,,0.16666666666666666,216760320,2016203264,3054393344
966,1,0.011019567027688026,90.74766708051017,False,llava_ov_0.5b,15000,2.0,196,rlt,0.6,17808,235200,0.07571428571428572,none,,,,,0.16666666666666666,216760320,2016203264,3054393344
967,1,0.011078757932409644,90.26282604068945,False,llava_ov_0.5b,15000,2.0,196,rlt,0.6,17808,235200,0.07571428571428572,none,,,,,0.16666666666666666,216760320,2016203264,3054393344
968,1,0.011231843149289489,89.03258233830114,False,llava_ov_0.5b,15000,2.0,196,rlt,0.6,17808,235200,0.07571428571428572,none,,,,,0.16666666666666666,216760320,2016203264,3054393344
969,1,0.049382048891857266,20.250273579978828,False,llava_ov_0.5b,15000,2.0,196,rlt,0.6,17808,235200,0.07571428571428572,none,,,,,0.16666666666666666,216760320,2016203264,3054393344
970,1,0.011397214839234948,87.74073439043167,False,llava_ov_0.5b,15000,2.0,196,rlt,0.6,17808,235200,0.07571428571428572,none,,,,,0.16666666666666666,216760320,2016203264,3054393344
971,1,0.011272890027612448,88.70839665343529,False,llava_ov_0.5b,15000,2.0,196,rlt,0.6,17808,235200,0.07571428571428572,none,,,,,0.16666666666666666,216760320,2016203264,3054393344
972,1,0.011190053075551987,89.3650810454866,False,llava_ov_0.5b,15000,2.0,196,rlt,0.6,17808,235200,0.07571428571428572,none,,,,,0.16666666666666666,216760320,2016203264,3054393344
973,1,0.011493233032524586,87.00771986177519,False,llava_ov_0.5b,15000,2.0,196,rlt,0.6,17808,235200,0.07571428571428572,none,,,,,0.16666666666666666,216760320,2016203264,3054393344
974,1,0.01108394912444055,90.22055124693418,False,llava_ov_0.5b,15000,2.0,196,rlt,0.6,17808,235200,0.07571428571428572,none,,,,,0.16666666666666666,216760320,2016203264,3054393344
975,1,0.011089344043284655,90.17665933140269,False,llava_ov_0.5b,15000,2.0,196,rlt,0.6,17808,235200,0.07571428571428572,none,,,,,0.16666666666666666,216760320,2016203264,3054393344
976,1,0.0111306959297508,89.84164209599324,False,llava_ov_0.5b,15000,2.0,196,rlt,0.6,17808,235200,0.07571428571428572,none,,,,,0.16666666666666666,216760320,2016203264,3054393344
977,1,0.01104347500950098,90.55120776202008,False,llava_ov_0.5b,15000,2.0,196,rlt,0.6,17808,235200,0.07571428571428572,none,,,,,0.16666666666666666,216760320,2016203264,3054393344
978,1,0.01105980109423399,90.4175392920356,False,llava_ov_0.5b,15000,2.0,196,rlt,0.6,17808,235200,0.07571428571428572,none,,,,,0.16666666666666666,216760320,2016203264,3054393344
979,1,0.011199827073141932,89.28709286932464,False,llava_ov_0.5b,15000,2.0,196,rlt,0.6,17808,235200,0.07571428571428572,none,,,,,0.16666666666666666,216760320,2016203264,3054393344
980,1,0.011083819903433323,90.22160308561493,False,llava_ov_0.5b,15000,2.0,196,rlt,0.6,17808,235200,0.07571428571428572,none,,,,,0.16666666666666666,216760320,2016203264,3054393344
981,1,0.011094961082562804,90.13100564828767,False,llava_ov_0.5b,15000,2.0,196,rlt,0.6,17808,235200,0.07571428571428572,none,,,,,0.16666666666666666,216760320,2016203264,3054393344
982,1,0.011441982816904783,87.39743941256101,False,llava_ov_0.5b,15000,2.0,196,rlt,0.6,17808,235200,0.07571428571428572,none,,,,,0.16666666666666666,216760320,2016203264,3054393344
983,1,0.46598039101809263,2.146013049637475,True,llava_ov_0.5b,15000,2.0,196,rlt,0.6,17808,235200,0.07571428571428572,none,,,,,0.16666666666666666,216760320,2016203264,3054393344
984,1,0.01149415597319603,87.00073344506244,True,llava_ov_0.5b,15000,2.0,196,rlt,0.6,17808,235200,0.07571428571428572,none,,,,,0.16666666666666666,216760320,2016203264,3054393344
985,1,0.011255196062847972,88.84785253105257,True,llava_ov_0.5b,15000,2.0,196,rlt,0.6,17808,235200,0.07571428571428572,none,,,,,0.16666666666666666,216760320,2016203264,3054393344
986,1,0.011357577983289957,88.0469411234744,True,llava_ov_0.5b,15000,2.0,196,rlt,0.6,17808,235200,0.07571428571428572,none,,,,,0.16666666666666666,216760320,2016203264,3054393344
987,1,0.011137657100334764,89.78548998154585,True,llava_ov_0.5b,15000,2.0,196,rlt,0.6,17808,235200,0.07571428571428572,none,,,,,0.16666666666666666,216760320,2016203264,3054393344
988,1,0.01115998299792409,89.60587128009189,True,llava_ov_0.5b,15000,2.0,196,rlt,0.6,17808,235200,0.07571428571428572,none,,,,,0.16666666666666666,216760320,2016203264,3054393344
989,1,0.011212511919438839,89.18608133350799,True,llava_ov_0.5b,15000,2.0,196,rlt,0.6,17808,235200,0.07571428571428572,none,,,,,0.16666666666666666,216760320,2016203264,3054393344
990,1,0.011212206911295652,89.18850748219404,True,llava_ov_0.5b,15000,2.0,196,rlt,0.6,17808,235200,0.07571428571428572,none,,,,,0.16666666666666666,216760320,2016203264,3054393344
991,1,0.011096248868852854,90.1205454040417,True,llava_ov_0.5b,15000,2.0,196,rlt,0.6,17808,235200,0.07571428571428572,none,,,,,0.16666666666666666,216760320,2016203264,3054393344
992,1,0.011181770823895931,89.43127307375649,True,llava_ov_0.5b,15000,2.0,196,rlt,0.6,17808,235200,0.07571428571428572,none,,,,,0.16666666666666666,216760320,2016203264,3054393344
993,1,0.01117723691277206,89.46754978927888,True,llava_ov_0.5b,15000,2.0,196,rlt,0.6,17808,235200,0.07571428571428572,none,,,,,0.16666666666666666,216760320,2016203264,3054393344
994,1,0.011120148003101349,89.92686066058702,True,llava_ov_0.5b,15000,2.0,196,rlt,0.6,17808,235200,0.07571428571428572,none,,,,,0.16666666666666666,216760320,2016203264,3054393344
995,1,0.06005928502418101,16.65021486015661,True,llava_ov_0.5b,15000,2.0,196,rlt,0.6,17808,235200,0.07571428571428572,none,,,,,0.16666666666666666,216760320,2016203264,3054393344
996,1,0.011660984950140119,85.75604927677949,True,llava_ov_0.5b,15000,2.0,196,rlt,0.6,17808,235200,0.07571428571428572,none,,,,,0.16666666666666666,216760320,2016203264,3054393344
997,1,0.011196234030649066,89.31574646104715,True,llava_ov_0.5b,15000,2.0,196,rlt,0.6,17808,235200,0.07571428571428572,none,,,,,0.16666666666666666,216760320,2016203264,3054393344
998,1,0.012482661055400968,80.11112338641306,True,llava_ov_0.5b,15000,2.0,196,rlt,0.6,17808,235200,0.07571428571428572,none,,,,,0.16666666666666666,216760320,2016203264,3054393344
999,1,0.018331340979784727,54.551382853156845,True,llava_ov_0.5b,15000,2.0,196,rlt,0.6,17808,235200,0.07571428571428572,none,,,,,0.16666666666666666,216760320,2016203264,3054393344
1000,1,0.018221187870949507,54.881164009857166,True,llava_ov_0.5b,15000,2.0,196,rlt,0.6,17808,235200,0.07571428571428572,none,,,,,0.16666666666666666,216760320,2016203264,3054393344
1001,1,0.018224315019324422,54.871746836006466,True,llava_ov_0.5b,15000,2.0,196,rlt,0.6,17808,235200,0.07571428571428572,none,,,,,0.16666666666666666,216760320,2016203264,3054393344
1002,1,0.018248612992465496,54.798685270649386,True,llava_ov_0.5b,15000,2.0,196,rlt,0.6,17808,235200,0.07571428571428572,none,,,,,0.16666666666666666,216760320,2016203264,3054393344
1003,1,0.010383969871327281,96.30228249806929,True,llava_ov_0.5b,15000,2.0,196,rlt,0.6,17808,235200,0.07571428571428572,none,,,,,0.16666666666666666,216760320,2016203264,3054393344
1004,1,0.011293813120573759,88.54405410501401,True,llava_ov_0.5b,15000,2.0,196,rlt,0.6,17808,235200,0.07571428571428572,none,,,,,0.16666666666666666,216760320,2016203264,3054393344
1005,1,0.011380390031263232,87.87045059553193,True,llava_ov_0.5b,15000,2.0,196,rlt,0.6,17808,235200,0.07571428571428572,none,,,,,0.16666666666666666,216760320,2016203264,3054393344
1006,1,0.01236017793416977,80.90498416171626,True,llava_ov_0.5b,15000,2.0,196,rlt,0.6,17808,235200,0.07571428571428572,none,,,,,0.16666666666666666,216760320,2016203264,3054393344
1007,1,0.011870118090882897,84.24516018657572,True,llava_ov_0.5b,15000,2.0,196,rlt,0.6,17808,235200,0.07571428571428572,none,,,,,0.16666666666666666,216760320,2016203264,3054393344
1008,1,0.011373982997611165,87.91994855364442,True,llava_ov_0.5b,15000,2.0,196,rlt,0.6,17808,235200,0.07571428571428572,none,,,,,0.16666666666666666,216760320,2016203264,3054393344
1009,1,0.011249698931351304,88.89126776656599,True,llava_ov_0.5b,15000,2.0,196,rlt,0.6,17808,235200,0.07571428571428572,none,,,,,0.16666666666666666,216760320,2016203264,3054393344
1010,1,0.01116153015755117,89.59345052913419,True,llava_ov_0.5b,15000,2.0,196,rlt,0.6,17808,235200,0.07571428571428572,none,,,,,0.16666666666666666,216760320,2016203264,3054393344
1011,1,0.011172510916367173,89.50539475732798,True,llava_ov_0.5b,15000,2.0,196,rlt,0.6,17808,235200,0.07571428571428572,none,,,,,0.16666666666666666,216760320,2016203264,3054393344
1012,1,0.011137628927826881,89.7857170929392,True,llava_ov_0.5b,15000,2.0,196,rlt,0.6,17808,235200,0.07571428571428572,none,,,,,0.16666666666666666,216760320,2016203264,3054393344
1013,1,0.011228557908907533,89.05863140329956,True,llava_ov_0.5b,15000,2.0,196,rlt,0.6,17808,235200,0.07571428571428572,none,,,,,0.16666666666666666,216760320,2016203264,3054393344
1014,1,0.011166157899424434,89.55631910341744,True,llava_ov_0.5b,15000,2.0,196,rlt,0.6,17808,235200,0.07571428571428572,none,,,,,0.16666666666666666,216760320,2016203264,3054393344
1015,1,0.05716693005524576,17.49263077505835,True,llava_ov_0.5b,15000,2.0,196,rlt,0.6,17808,235200,0.07571428571428572,none,,,,,0.16666666666666666,216760320,2016203264,3054393344
1016,1,0.011404207907617092,87.68693170983673,True,llava_ov_0.5b,15000,2.0,196,rlt,0.6,17808,235200,0.07571428571428572,none,,,,,0.16666666666666666,216760320,2016203264,3054393344
1017,1,0.01123803504742682,88.98352743871988,True,llava_ov_0.5b,15000,2.0,196,rlt,0.6,17808,235200,0.07571428571428572,none,,,,,0.16666666666666666,216760320,2016203264,3054393344
1018,1,0.011243039043620229,88.94392309056704,True,llava_ov_0.5b,15000,2.0,196,rlt,0.6,17808,235200,0.07571428571428572,none,,,,,0.16666666666666666,216760320,2016203264,3054393344
1019,1,0.011299241101369262,88.50151890986893,True,llava_ov_0.5b,15000,2.0,196,rlt,0.6,17808,235200,0.07571428571428572,none,,,,,0.16666666666666666,216760320,2016203264,3054393344
1020,1,0.011164597934111953,89.56883229485875,True,llava_ov_0.5b,15000,2.0,196,rlt,0.6,17808,235200,0.07571428571428572,none,,,,,0.16666666666666666,216760320,2016203264,3054393344
1021,1,0.011233994038775563,89.01553593035322,True,llava_ov_0.5b,15000,2.0,196,rlt,0.6,17808,235200,0.07571428571428572,none,,,,,0.16666666666666666,216760320,2016203264,3054393344
1022,1,0.01117238705046475,89.50638708479062,True,llava_ov_0.5b,15000,2.0,196,rlt,0.6,17808,235200,0.07571428571428572,none,,,,,0.16666666666666666,216760320,2016203264,3054393344
1023,1,0.011228479910641909,89.05925004614735,True,llava_ov_0.5b,15000,2.0,196,rlt,0.6,17808,235200,0.07571428571428572,none,,,,,0.16666666666666666,216760320,2016203264,3054393344
1024,1,0.011143876006826758,89.73538465318514,True,llava_ov_0.5b,15000,2.0,196,rlt,0.6,17808,235200,0.07571428571428572,none,,,,,0.16666666666666666,216760320,2016203264,3054393344
1025,1,0.01111825299449265,89.94218790446153,True,llava_ov_0.5b,15000,2.0,196,rlt,0.6,17808,235200,0.07571428571428572,none,,,,,0.16666666666666666,216760320,2016203264,3054393344
1026,1,0.011171181919053197,89.51604290808595,True,llava_ov_0.5b,15000,2.0,196,rlt,0.6,17808,235200,0.07571428571428572,none,,,,,0.16666666666666666,216760320,2016203264,3054393344
1027,1,0.01121197291649878,89.19036885368031,True,llava_ov_0.5b,15000,2.0,196,rlt,0.6,17808,235200,0.07571428571428572,none,,,,,0.16666666666666666,216760320,2016203264,3054393344
1028,1,0.011135280830785632,89.8046502101058,True,llava_ov_0.5b,15000,2.0,196,rlt,0.6,17808,235200,0.07571428571428572,none,,,,,0.16666666666666666,216760320,2016203264,3054393344
1029,1,0.011086551006883383,90.19937755025194,True,llava_ov_0.5b,15000,2.0,196,rlt,0.6,17808,235200,0.07571428571428572,none,,,,,0.16666666666666666,216760320,2016203264,3054393344
1030,1,0.01111610303632915,89.95958356375834,True,llava_ov_0.5b,15000,2.0,196,rlt,0.6,17808,235200,0.07571428571428572,none,,,,,0.16666666666666666,216760320,2016203264,3054393344
1031,1,0.01107212295755744,90.31691608134061,True,llava_ov_0.5b,15000,2.0,196,rlt,0.6,17808,235200,0.07571428571428572,none,,,,,0.16666666666666666,216760320,2016203264,3054393344
1032,1,0.05822820286266506,17.173808409621778,True,llava_ov_0.5b,15000,2.0,196,rlt,0.6,17808,235200,0.07571428571428572,none,,,,,0.16666666666666666,216760320,2016203264,3054393344
1033,1,0.011431322898715734,87.47893912718939,True,llava_ov_0.5b,15000,2.0,196,rlt,0.6,17808,235200,0.07571428571428572,none,,,,,0.16666666666666666,216760320,2016203264,3054393344
1034,1,0.011289421934634447,88.57849461114859,True,llava_ov_0.5b,15000,2.0,196,rlt,0.6,17808,235200,0.07571428571428572,none,,,,,0.16666666666666666,216760320,2016203264,3054393344
1035,1,0.011210024124011397,89.2058740407206,True,llava_ov_0.5b,15000,2.0,196,rlt,0.6,17808,235200,0.07571428571428572,none,,,,,0.16666666666666666,216760320,2016203264,3054393344
1036,1,0.011125257005915046,89.88556394412487,True,llava_ov_0.5b,15000,2.0,196,rlt,0.6,17808,235200,0.07571428571428572,none,,,,,0.16666666666666666,216760320,2016203264,3054393344
1037,1,0.011099889874458313,90.09098390255886,True,llava_ov_0.5b,15000,2.0,196,rlt,0.6,17808,235200,0.07571428571428572,none,,,,,0.16666666666666666,216760320,2016203264,3054393344
1038,1,0.011494332924485207,86.99939409879123,True,llava_ov_0.5b,15000,2.0,196,rlt,0.6,17808,235200,0.07571428571428572,none,,,,,0.16666666666666666,216760320,2016203264,3054393344
1039,1,0.011199821950867772,89.2871337050603,True,llava_ov_0.5b,15000,2.0,196,rlt,0.6,17808,235200,0.07571428571428572,none,,,,,0.16666666666666666,216760320,2016203264,3054393344
1040,1,0.011189731070771813,89.36765268756588,True,llava_ov_0.5b,15000,2.0,196,rlt,0.6,17808,235200,0.07571428571428572,none,,,,,0.16666666666666666,216760320,2016203264,3054393344
1041,1,0.011235198937356472,89.00598962026834,True,llava_ov_0.5b,15000,2.0,196,rlt,0.6,17808,235200,0.07571428571428572,none,,,,,0.16666666666666666,216760320,2016203264,3054393344
1042,1,0.01116812089458108,89.54057799331429,True,llava_ov_0.5b,15000,2.0,196,rlt,0.6,17808,235200,0.07571428571428572,none,,,,,0.16666666666666666,216760320,2016203264,3054393344
1043,1,0.01120480289682746,89.24744229843982,True,llava_ov_0.5b,15000,2.0,196,rlt,0.6,17808,235200,0.07571428571428572,none,,,,,0.16666666666666666,216760320,2016203264,3054393344
1044,1,0.011190711986273527,89.35981921673931,True,llava_ov_0.5b,15000,2.0,196,rlt,0.6,17808,235200,0.07571428571428572,none,,,,,0.16666666666666666,216760320,2016203264,3054393344
1045,1,0.05689487489871681,17.57627557456065,True,llava_ov_0.5b,15000,2.0,196,rlt,0.6,17808,235200,0.07571428571428572,none,,,,,0.16666666666666666,216760320,2016203264,3054393344
1046,1,0.011394013185054064,87.7653890476216,True,llava_ov_0.5b,15000,2.0,196,rlt,0.6,17808,235200,0.07571428571428572,none,,,,,0.16666666666666666,216760320,2016203264,3054393344
1047,1,0.011310033965855837,88.41706426514072,True,llava_ov_0.5b,15000,2.0,196,rlt,0.6,17808,235200,0.07571428571428572,none,,,,,0.16666666666666666,216760320,2016203264,3054393344
1048,1,0.011956902919337153,83.633697350069,True,llava_ov_0.5b,15000,2.0,196,rlt,0.6,17808,235200,0.07571428571428572,none,,,,,0.16666666666666666,216760320,2016203264,3054393344
1049,1,0.011967984028160572,83.55626124224497,True,llava_ov_0.5b,15000,2.0,196,rlt,0.6,17808,235200,0.07571428571428572,none,,,,,0.16666666666666666,216760320,2016203264,3054393344
1050,1,0.011352116940543056,88.08929693356053,True,llava_ov_0.5b,15000,2.0,196,rlt,0.6,17808,235200,0.07571428571428572,none,,,,,0.16666666666666666,216760320,2016203264,3054393344
1051,1,0.011263730004429817,88.78053714060249,True,llava_ov_0.5b,15000,2.0,196,rlt,0.6,17808,235200,0.07571428571428572,none,,,,,0.16666666666666666,216760320,2016203264,3054393344
1052,1,0.011256583034992218,88.83690520395041,True,llava_ov_0.5b,15000,2.0,196,rlt,0.6,17808,235200,0.07571428571428572,none,,,,,0.16666666666666666,216760320,2016203264,3054393344
1053,1,0.011234691133722663,89.01001265609744,True,llava_ov_0.5b,15000,2.0,196,rlt,0.6,17808,235200,0.07571428571428572,none,,,,,0.16666666666666666,216760320,2016203264,3054393344
1054,1,0.011236241087317467,88.99773440503309,True,llava_ov_0.5b,15000,2.0,196,rlt,0.6,17808,235200,0.07571428571428572,none,,,,,0.16666666666666666,216760320,2016203264,3054393344
1055,1,0.011219033040106297,89.13424146494228,True,llava_ov_0.5b,15000,2.0,196,rlt,0.6,17808,235200,0.07571428571428572,none,,,,,0.16666666666666666,216760320,2016203264,3054393344
1056,1,0.011072869878262281,90.31082375158687,True,llava_ov_0.5b,15000,2.0,196,rlt,0.6,17808,235200,0.07571428571428572,none,,,,,0.16666666666666666,216760320,2016203264,3054393344
1057,1,0.011120752897113562,89.92196924540552,True,llava_ov_0.5b,15000,2.0,196,rlt,0.6,17808,235200,0.07571428571428572,none,,,,,0.16666666666666666,216760320,2016203264,3054393344
1058,1,0.011095007183030248,90.13063114817037,True,llava_ov_0.5b,15000,2.0,196,rlt,0.6,17808,235200,0.07571428571428572,none,,,,,0.16666666666666666,216760320,2016203264,3054393344
1059,1,0.01101089478470385,90.81914045615831,True,llava_ov_0.5b,15000,2.0,196,rlt,0.6,17808,235200,0.07571428571428572,none,,,,,0.16666666666666666,216760320,2016203264,3054393344
1060,1,0.01104526687413454,90.53651771346229,True,llava_ov_0.5b,15000,2.0,196,rlt,0.6,17808,235200,0.07571428571428572,none,,,,,0.16666666666666666,216760320,2016203264,3054393344
1061,1,0.058109484147280455,17.208894807351346,True,llava_ov_0.5b,15000,2.0,196,rlt,0.6,17808,235200,0.07571428571428572,none,,,,,0.16666666666666666,216760320,2016203264,3054393344
1062,1,0.011465260060504079,87.22000152834163,True,llava_ov_0.5b,15000,2.0,196,rlt,0.6,17808,235200,0.07571428571428572,none,,,,,0.16666666666666666,216760320,2016203264,3054393344
1063,1,0.011219076812267303,89.13389370028801,True,llava_ov_0.5b,15000,2.0,196,rlt,0.6,17808,235200,0.07571428571428572,none,,,,,0.16666666666666666,216760320,2016203264,3054393344
1064,1,0.011172422207891941,89.50610542569927,True,llava_ov_0.5b,15000,2.0,196,rlt,0.6,17808,235200,0.07571428571428572,none,,,,,0.16666666666666666,216760320,2016203264,3054393344
1065,1,0.011184811126440763,89.40696348783321,True,llava_ov_0.5b,15000,2.0,196,rlt,0.6,17808,235200,0.07571428571428572,none,,,,,0.16666666666666666,216760320,2016203264,3054393344
1066,1,0.01108384900726378,90.22136618287131,True,llava_ov_0.5b,15000,2.0,196,rlt,0.6,17808,235200,0.07571428571428572,none,,,,,0.16666666666666666,216760320,2016203264,3054393344
1067,1,0.011074078036472201,90.30097103402422,True,llava_ov_0.5b,15000,2.0,196,rlt,0.6,17808,235200,0.07571428571428572,none,,,,,0.16666666666666666,216760320,2016203264,3054393344
1068,1,0.011161859845742583,89.59080420467969,True,llava_ov_0.5b,15000,2.0,196,rlt,0.6,17808,235200,0.07571428571428572,none,,,,,0.16666666666666666,216760320,2016203264,3054393344
1069,1,0.01102324714884162,90.71737088876623,True,llava_ov_0.5b,15000,2.0,196,rlt,0.6,17808,235200,0.07571428571428572,none,,,,,0.16666666666666666,216760320,2016203264,3054393344
1070,1,0.011018746998161077,90.75442064028609,True,llava_ov_0.5b,15000,2.0,196,rlt,0.6,17808,235200,0.07571428571428572,none,,,,,0.16666666666666666,216760320,2016203264,3054393344
1071,1,0.01098184916190803,91.05934576743503,True,llava_ov_0.5b,15000,2.0,196,rlt,0.6,17808,235200,0.07571428571428572,none,,,,,0.16666666666666666,216760320,2016203264,3054393344
1072,1,0.010999543126672506,90.91286687854571,True,llava_ov_0.5b,15000,2.0,196,rlt,0.6,17808,235200,0.07571428571428572,none,,,,,0.16666666666666666,216760320,2016203264,3054393344
1073,1,0.011031600879505277,90.64867474110848,True,llava_ov_0.5b,15000,2.0,196,rlt,0.6,17808,235200,0.07571428571428572,none,,,,,0.16666666666666666,216760320,2016203264,3054393344
1074,1,0.011006613029167056,90.85447061235301,True,llava_ov_0.5b,15000,2.0,196,rlt,0.6,17808,235200,0.07571428571428572,none,,,,,0.16666666666666666,216760320,2016203264,3054393344
1075,1,0.011059354990720749,90.4211864832118,True,llava_ov_0.5b,15000,2.0,196,rlt,0.6,17808,235200,0.07571428571428572,none,,,,,0.16666666666666666,216760320,2016203264,3054393344
1076,1,0.011023193830624223,90.71780968069686,True,llava_ov_0.5b,15000,2.0,196,rlt,0.6,17808,235200,0.07571428571428572,none,,,,,0.16666666666666666,216760320,2016203264,3054393344
1077,1,0.011119751026853919,89.93007105869773,True,llava_ov_0.5b,15000,2.0,196,rlt,0.6,17808,235200,0.07571428571428572,none,,,,,0.16666666666666666,216760320,2016203264,3054393344
1078,1,0.0590866100974381,16.924308203684856,True,llava_ov_0.5b,15000,2.0,196,rlt,0.6,17808,235200,0.07571428571428572,none,,,,,0.16666666666666666,216760320,2016203264,3054393344
1079,1,0.011426853016018867,87.51315857464328,True,llava_ov_0.5b,15000,2.0,196,rlt,0.6,17808,235200,0.07571428571428572,none,,,,,0.16666666666666666,216760320,2016203264,3054393344
1080,1,0.011352139990776777,88.0891180704665,True,llava_ov_0.5b,15000,2.0,196,rlt,0.6,17808,235200,0.07571428571428572,none,,,,,0.16666666666666666,216760320,2016203264,3054393344
1081,1,0.011273941025137901,88.70012693611444,True,llava_ov_0.5b,15000,2.0,196,rlt,0.6,17808,235200,0.07571428571428572,none,,,,,0.16666666666666666,216760320,2016203264,3054393344
1082,1,0.011278143851086497,88.66707263213915,True,llava_ov_0.5b,15000,2.0,196,rlt,0.6,17808,235200,0.07571428571428572,none,,,,,0.16666666666666666,216760320,2016203264,3054393344
1083,1,0.011229311814531684,89.05265224765733,True,llava_ov_0.5b,15000,2.0,196,rlt,0.6,17808,235200,0.07571428571428572,none,,,,,0.16666666666666666,216760320,2016203264,3054393344
1084,1,0.011179919121786952,89.44608535237455,True,llava_ov_0.5b,15000,2.0,196,rlt,0.6,17808,235200,0.07571428571428572,none,,,,,0.16666666666666666,216760320,2016203264,3054393344
1085,1,0.011094999965280294,90.13068978182163,True,llava_ov_0.5b,15000,2.0,196,rlt,0.6,17808,235200,0.07571428571428572,none,,,,,0.16666666666666666,216760320,2016203264,3054393344
1086,1,0.011093080043792725,90.14628904256062,True,llava_ov_0.5b,15000,2.0,196,rlt,0.6,17808,235200,0.07571428571428572,none,,,,,0.16666666666666666,216760320,2016203264,3054393344
1087,1,0.011079784017056227,90.25446691565462,True,llava_ov_0.5b,15000,2.0,196,rlt,0.6,17808,235200,0.07571428571428572,none,,,,,0.16666666666666666,216760320,2016203264,3054393344
1088,1,0.011135143926367164,89.80575434072989,True,llava_ov_0.5b,15000,2.0,196,rlt,0.6,17808,235200,0.07571428571428572,none,,,,,0.16666666666666666,216760320,2016203264,3054393344
1089,1,0.011086421087384224,90.20043457829222,True,llava_ov_0.5b,15000,2.0,196,rlt,0.6,17808,235200,0.07571428571428572,none,,,,,0.16666666666666666,216760320,2016203264,3054393344
1090,1,0.011126711964607239,89.87381026676006,True,llava_ov_0.5b,15000,2.0,196,rlt,0.6,17808,235200,0.07571428571428572,none,,,,,0.16666666666666666,216760320,2016203264,3054393344
1091,1,0.011123435804620385,89.90028059357579,True,llava_ov_0.5b,15000,2.0,196,rlt,0.6,17808,235200,0.07571428571428572,none,,,,,0.16666666666666666,216760320,2016203264,3054393344
1092,1,0.01111678290180862,89.95408193473916,True,llava_ov_0.5b,15000,2.0,196,rlt,0.6,17808,235200,0.07571428571428572,none,,,,,0.16666666666666666,216760320,2016203264,3054393344
1093,1,0.011123701930046082,89.89812980325493,True,llava_ov_0.5b,15000,2.0,196,rlt,0.6,17808,235200,0.07571428571428572,none,,,,,0.16666666666666666,216760320,2016203264,3054393344
1094,1,0.011119839968159795,89.92935175896137,True,llava_ov_0.5b,15000,2.0,196,rlt,0.6,17808,235200,0.07571428571428572,none,,,,,0.16666666666666666,216760320,2016203264,3054393344
1095,1,0.06222648685798049,16.070327130668648,True,llava_ov_0.5b,15000,2.0,196,rlt,0.6,17808,235200,0.07571428571428572,none,,,,,0.16666666666666666,216760320,2016203264,3054393344
1096,1,0.011661994038149714,85.74862898477862,True,llava_ov_0.5b,15000,2.0,196,rlt,0.6,17808,235200,0.07571428571428572,none,,,,,0.16666666666666666,216760320,2016203264,3054393344
1097,1,0.01203029602766037,83.12347407751014,True,llava_ov_0.5b,15000,2.0,196,rlt,0.6,17808,235200,0.07571428571428572,none,,,,,0.16666666666666666,216760320,2016203264,3054393344
1098,1,0.011474466882646084,87.15001840411375,True,llava_ov_0.5b,15000,2.0,196,rlt,0.6,17808,235200,0.07571428571428572,none,,,,,0.16666666666666666,216760320,2016203264,3054393344
1099,1,0.011363992933183908,87.9972388120647,True,llava_ov_0.5b,15000,2.0,196,rlt,0.6,17808,235200,0.07571428571428572,none,,,,,0.16666666666666666,216760320,2016203264,3054393344
1100,1,0.01127583091147244,88.68526034587515,True,llava_ov_0.5b,15000,2.0,196,rlt,0.6,17808,235200,0.07571428571428572,none,,,,,0.16666666666666666,216760320,2016203264,3054393344
1101,1,0.011234289035201073,89.0131985091927,True,llava_ov_0.5b,15000,2.0,196,rlt,0.6,17808,235200,0.07571428571428572,none,,,,,0.16666666666666666,216760320,2016203264,3054393344
1102,1,0.011175635969266295,89.48036628519962,True,llava_ov_0.5b,15000,2.0,196,rlt,0.6,17808,235200,0.07571428571428572,none,,,,,0.16666666666666666,216760320,2016203264,3054393344
1103,1,0.011086974991485476,90.19592817409395,True,llava_ov_0.5b,15000,2.0,196,rlt,0.6,17808,235200,0.07571428571428572,none,,,,,0.16666666666666666,216760320,2016203264,3054393344
1104,1,0.011137858964502811,89.78386269632922,True,llava_ov_0.5b,15000,2.0,196,rlt,0.6,17808,235200,0.07571428571428572,none,,,,,0.16666666666666666,216760320,2016203264,3054393344
1105,1,0.011106170946732163,90.04003313079168,True,llava_ov_0.5b,15000,2.0,196,rlt,0.6,17808,235200,0.07571428571428572,none,,,,,0.16666666666666666,216760320,2016203264,3054393344
1106,1,0.011108009843155742,90.02512728381811,True,llava_ov_0.5b,15000,2.0,196,rlt,0.6,17808,235200,0.07571428571428572,none,,,,,0.16666666666666666,216760320,2016203264,3054393344
1107,1,0.011098600924015045,90.10144673606649,True,llava_ov_0.5b,15000,2.0,196,rlt,0.6,17808,235200,0.07571428571428572,none,,,,,0.16666666666666666,216760320,2016203264,3054393344
1108,1,0.011058357078582048,90.42934614010714,True,llava_ov_0.5b,15000,2.0,196,rlt,0.6,17808,235200,0.07571428571428572,none,,,,,0.16666666666666666,216760320,2016203264,3054393344
1109,1,0.011454438790678978,87.3024002549778,True,llava_ov_0.5b,15000,2.0,196,rlt,0.6,17808,235200,0.07571428571428572,none,,,,,0.16666666666666666,216760320,2016203264,3054393344
1110,1,0.01111419009976089,89.97506710106694,True,llava_ov_0.5b,15000,2.0,196,rlt,0.6,17808,235200,0.07571428571428572,none,,,,,0.16666666666666666,216760320,2016203264,3054393344
1111,1,0.011103266151621938,90.06358906869241,True,llava_ov_0.5b,15000,2.0,196,rlt,0.6,17808,235200,0.07571428571428572,none,,,,,0.16666666666666666,216760320,2016203264,3054393344
1112,1,0.011457887012511492,87.27612682059488,True,llava_ov_0.5b,15000,2.0,196,rlt,0.6,17808,235200,0.07571428571428572,none,,,,,0.16666666666666666,216760320,2016203264,3054393344
1113,1,0.060173986945301294,16.618476700056608,True,llava_ov_0.5b,15000,2.0,196,rlt,0.6,17808,235200,0.07571428571428572,none,,,,,0.16666666666666666,216760320,2016203264,3054393344
1114,1,0.011409593047574162,87.64554492262226,True,llava_ov_0.5b,15000,2.0,196,rlt,0.6,17808,235200,0.07571428571428572,none,,,,,0.16666666666666666,216760320,2016203264,3054393344
1115,1,0.01122077414765954,89.12041066333937,True,llava_ov_0.5b,15000,2.0,196,rlt,0.6,17808,235200,0.07571428571428572,none,,,,,0.16666666666666666,216760320,2016203264,3054393344
1116,1,0.011224818183109164,89.08830269560855,True,llava_ov_0.5b,15000,2.0,196,rlt,0.6,17808,235200,0.07571428571428572,none,,,,,0.16666666666666666,216760320,2016203264,3054393344
1117,1,0.011199115077033639,89.29276939485425,True,llava_ov_0.5b,15000,2.0,196,rlt,0.6,17808,235200,0.07571428571428572,none,,,,,0.16666666666666666,216760320,2016203264,3054393344
1118,1,0.01119068288244307,89.36005161658974,True,llava_ov_0.5b,15000,2.0,196,rlt,0.6,17808,235200,0.07571428571428572,none,,,,,0.16666666666666666,216760320,2016203264,3054393344
1119,1,0.011184611124917865,89.408562249619,True,llava_ov_0.5b,15000,2.0,196,rlt,0.6,17808,235200,0.07571428571428572,none,,,,,0.16666666666666666,216760320,2016203264,3054393344
1120,1,0.011152450926601887,89.66638872310165,True,llava_ov_0.5b,15000,2.0,196,rlt,0.6,17808,235200,0.07571428571428572,none,,,,,0.16666666666666666,216760320,2016203264,3054393344
1121,1,0.011103329015895724,90.06307915116108,True,llava_ov_0.5b,15000,2.0,196,rlt,0.6,17808,235200,0.07571428571428572,none,,,,,0.16666666666666666,216760320,2016203264,3054393344
1122,1,0.011176907923072577,89.47018324591298,True,llava_ov_0.5b,15000,2.0,196,rlt,0.6,17808,235200,0.07571428571428572,none,,,,,0.16666666666666666,216760320,2016203264,3054393344
1123,1,0.011150439968332648,89.68255986669666,True,llava_ov_0.5b,15000,2.0,196,rlt,0.6,17808,235200,0.07571428571428572,none,,,,,0.16666666666666666,216760320,2016203264,3054393344
1124,1,0.011139066889882088,89.77412649423326,True,llava_ov_0.5b,15000,2.0,196,rlt,0.6,17808,235200,0.07571428571428572,none,,,,,0.16666666666666666,216760320,2016203264,3054393344
1125,1,0.011145398020744324,89.72313040223008,True,llava_ov_0.5b,15000,2.0,196,rlt,0.6,17808,235200,0.07571428571428572,none,,,,,0.16666666666666666,216760320,2016203264,3054393344
1126,1,0.011191931087523699,89.35008553749572,True,llava_ov_0.5b,15000,2.0,196,rlt,0.6,17808,235200,0.07571428571428572,none,,,,,0.16666666666666666,216760320,2016203264,3054393344
1127,1,0.011046828934922814,90.5237155287756,True,llava_ov_0.5b,15000,2.0,196,rlt,0.6,17808,235200,0.07571428571428572,none,,,,,0.16666666666666666,216760320,2016203264,3054393344
1128,1,0.011087555903941393,90.19120252142504,True,llava_ov_0.5b,15000,2.0,196,rlt,0.6,17808,235200,0.07571428571428572,none,,,,,0.16666666666666666,216760320,2016203264,3054393344
1129,1,0.01109780604019761,90.10790028027861,True,llava_ov_0.5b,15000,2.0,196,rlt,0.6,17808,235200,0.07571428571428572,none,,,,,0.16666666666666666,216760320,2016203264,3054393344
1130,1,0.011057042982429266,90.4400933946896,True,llava_ov_0.5b,15000,2.0,196,rlt,0.6,17808,235200,0.07571428571428572,none,,,,,0.16666666666666666,216760320,2016203264,3054393344
1131,1,0.058510668110102415,17.09090038278576,True,llava_ov_0.5b,15000,2.0,196,rlt,0.6,17808,235200,0.07571428571428572,none,,,,,0.16666666666666666,216760320,2016203264,3054393344
1132,1,0.011450779857113957,87.33029649318915,True,llava_ov_0.5b,15000,2.0,196,rlt,0.6,17808,235200,0.07571428571428572,none,,,,,0.16666666666666666,216760320,2016203264,3054393344
1133,1,0.011354528833180666,88.07058528732247,True,llava_ov_0.5b,15000,2.0,196,rlt,0.6,17808,235200,0.07571428571428572,none,,,,,0.16666666666666666,216760320,2016203264,3054393344
1134,1,0.011236639926210046,88.99457547513364,True,llava_ov_0.5b,15000,2.0,196,rlt,0.6,17808,235200,0.07571428571428572,none,,,,,0.16666666666666666,216760320,2016203264,3054393344
1135,1,0.011192990001291037,89.34163256508374,True,llava_ov_0.5b,15000,2.0,196,rlt,0.6,17808,235200,0.07571428571428572,none,,,,,0.16666666666666666,216760320,2016203264,3054393344
1136,1,0.011240412015467882,88.96471042377311,True,llava_ov_0.5b,15000,2.0,196,rlt,0.6,17808,235200,0.07571428571428572,none,,,,,0.16666666666666666,216760320,2016203264,3054393344
1137,1,0.011166500858962536,89.55356853775486,True,llava_ov_0.5b,15000,2.0,196,rlt,0.6,17808,235200,0.07571428571428572,none,,,,,0.16666666666666666,216760320,2016203264,3054393344
1138,1,0.011342479148879647,88.16414708584895,True,llava_ov_0.5b,15000,2.0,196,rlt,0.6,17808,235200,0.07571428571428572,none,,,,,0.16666666666666666,216760320,2016203264,3054393344
1139,1,0.011259917169809341,88.81060001766714,True,llava_ov_0.5b,15000,2.0,196,rlt,0.6,17808,235200,0.07571428571428572,none,,,,,0.16666666666666666,216760320,2016203264,3054393344
1140,1,0.011168373981490731,89.53854891117481,True,llava_ov_0.5b,15000,2.0,196,rlt,0.6,17808,235200,0.07571428571428572,none,,,,,0.16666666666666666,216760320,2016203264,3054393344
1141,1,0.011108060833066702,90.02471403678126,True,llava_ov_0.5b,15000,2.0,196,rlt,0.6,17808,235200,0.07571428571428572,none,,,,,0.16666666666666666,216760320,2016203264,3054393344
1142,1,0.011094189016148448,90.13727804208337,True,llava_ov_0.5b,15000,2.0,196,rlt,0.6,17808,235200,0.07571428571428572,none,,,,,0.16666666666666666,216760320,2016203264,3054393344
1143,1,0.011156446998938918,89.63427156469344,True,llava_ov_0.5b,15000,2.0,196,rlt,0.6,17808,235200,0.07571428571428572,none,,,,,0.16666666666666666,216760320,2016203264,3054393344
1144,1,0.011048902058973908,90.50673041198704,True,llava_ov_0.5b,15000,2.0,196,rlt,0.6,17808,235200,0.07571428571428572,none,,,,,0.16666666666666666,216760320,2016203264,3054393344
1145,1,0.01113290200009942,89.82383928207305,True,llava_ov_0.5b,15000,2.0,196,rlt,0.6,17808,235200,0.07571428571428572,none,,,,,0.16666666666666666,216760320,2016203264,3054393344
1146,1,0.011130359955132008,89.84435400392582,True,llava_ov_0.5b,15000,2.0,196,rlt,0.6,17808,235200,0.07571428571428572,none,,,,,0.16666666666666666,216760320,2016203264,3054393344
1147,1,0.05719371186569333,17.484439589238008,True,llava_ov_0.5b,15000,2.0,196,rlt,0.6,17808,235200,0.07571428571428572,none,,,,,0.16666666666666666,216760320,2016203264,3054393344
1148,1,0.0114790010266006,87.11559461338778,True,llava_ov_0.5b,15000,2.0,196,rlt,0.6,17808,235200,0.07571428571428572,none,,,,,0.16666666666666666,216760320,2016203264,3054393344
1149,1,0.01128113898448646,88.64353159509646,True,llava_ov_0.5b,15000,2.0,196,rlt,0.6,17808,235200,0.07571428571428572,none,,,,,0.16666666666666666,216760320,2016203264,3054393344
1150,1,0.011188689852133393,89.37596923462186,True,llava_ov_0.5b,15000,2.0,196,rlt,0.6,17808,235200,0.07571428571428572,none,,,,,0.16666666666666666,216760320,2016203264,3054393344
1151,1,0.011226197006180882,89.07736069921303,True,llava_ov_0.5b,15000,2.0,196,rlt,0.6,17808,235200,0.07571428571428572,none,,,,,0.16666666666666666,216760320,2016203264,3054393344
1152,1,0.011364792007952929,87.99105160043523,True,llava_ov_0.5b,15000,2.0,196,rlt,0.6,17808,235200,0.07571428571428572,none,,,,,0.16666666666666666,216760320,2016203264,3054393344
1153,1,0.011229748139157891,89.04919216425,True,llava_ov_0.5b,15000,2.0,196,rlt,0.6,17808,235200,0.07571428571428572,none,,,,,0.16666666666666666,216760320,2016203264,3054393344
1154,1,0.011219806969165802,89.12809309003205,True,llava_ov_0.5b,15000,2.0,196,rlt,0.6,17808,235200,0.07571428571428572,none,,,,,0.16666666666666666,216760320,2016203264,3054393344
1155,1,0.011160847032442689,89.59893430070045,True,llava_ov_0.5b,15000,2.0,196,rlt,0.6,17808,235200,0.07571428571428572,none,,,,,0.16666666666666666,216760320,2016203264,3054393344
1156,1,0.011186586925759912,89.3927707026752,True,llava_ov_0.5b,15000,2.0,196,rlt,0.6,17808,235200,0.07571428571428572,none,,,,,0.16666666666666666,216760320,2016203264,3054393344
1157,1,0.011624413076788187,86.02584865095821,True,llava_ov_0.5b,15000,2.0,196,rlt,0.6,17808,235200,0.07571428571428572,none,,,,,0.16666666666666666,216760320,2016203264,3054393344
1158,1,0.012466914020478725,80.21231223359318,True,llava_ov_0.5b,15000,2.0,196,rlt,0.6,17808,235200,0.07571428571428572,none,,,,,0.16666666666666666,216760320,2016203264,3054393344
1159,1,0.011963423108682036,83.58811611989924,True,llava_ov_0.5b,15000,2.0,196,rlt,0.6,17808,235200,0.07571428571428572,none,,,,,0.16666666666666666,216760320,2016203264,3054393344
1160,1,0.011401229072362185,87.70984195240041,True,llava_ov_0.5b,15000,2.0,196,rlt,0.6,17808,235200,0.07571428571428572,none,,,,,0.16666666666666666,216760320,2016203264,3054393344
1161,1,0.011197174899280071,89.30824149797782,True,llava_ov_0.5b,15000,2.0,196,rlt,0.6,17808,235200,0.07571428571428572,none,,,,,0.16666666666666666,216760320,2016203264,3054393344
1162,1,0.05806738813407719,17.221370413475583,True,llava_ov_0.5b,15000,2.0,196,rlt,0.6,17808,235200,0.07571428571428572,none,,,,,0.16666666666666666,216760320,2016203264,3054393344
1163,1,0.011517142178490758,86.82709516841643,True,llava_ov_0.5b,15000,2.0,196,rlt,0.6,17808,235200,0.07571428571428572,none,,,,,0.16666666666666666,216760320,2016203264,3054393344
1164,1,0.011331008980050683,88.25339400582904,True,llava_ov_0.5b,15000,2.0,196,rlt,0.6,17808,235200,0.07571428571428572,none,,,,,0.16666666666666666,216760320,2016203264,3054393344
1165,1,0.011312206042930484,88.40008714524306,True,llava_ov_0.5b,15000,2.0,196,rlt,0.6,17808,235200,0.07571428571428572,none,,,,,0.16666666666666666,216760320,2016203264,3054393344
1166,1,0.011262624990195036,88.7892476994107,True,llava_ov_0.5b,15000,2.0,196,rlt,0.6,17808,235200,0.07571428571428572,none,,,,,0.16666666666666666,216760320,2016203264,3054393344
1167,1,0.011281684972345829,88.63924160719296,True,llava_ov_0.5b,15000,2.0,196,rlt,0.6,17808,235200,0.07571428571428572,none,,,,,0.16666666666666666,216760320,2016203264,3054393344
1168,1,0.01121297082863748,89.18243124703757,True,llava_ov_0.5b,15000,2.0,196,rlt,0.6,17808,235200,0.07571428571428572,none,,,,,0.16666666666666666,216760320,2016203264,3054393344
1169,1,0.01124815410003066,88.90347617101673,True,llava_ov_0.5b,15000,2.0,196,rlt,0.6,17808,235200,0.07571428571428572,none,,,,,0.16666666666666666,216760320,2016203264,3054393344
1170,1,0.011218916857615113,89.13516453428618,True,llava_ov_0.5b,15000,2.0,196,rlt,0.6,17808,235200,0.07571428571428572,none,,,,,0.16666666666666666,216760320,2016203264,3054393344
1171,1,0.011145942145958543,89.71875027743567,True,llava_ov_0.5b,15000,2.0,196,rlt,0.6,17808,235200,0.07571428571428572,none,,,,,0.16666666666666666,216760320,2016203264,3054393344
1172,1,0.01121833291836083,89.13980421844312,True,llava_ov_0.5b,15000,2.0,196,rlt,0.6,17808,235200,0.07571428571428572,none,,,,,0.16666666666666666,216760320,2016203264,3054393344
1173,1,0.011103607015684247,90.06082425174664,True,llava_ov_0.5b,15000,2.0,196,rlt,0.6,17808,235200,0.07571428571428572,none,,,,,0.16666666666666666,216760320,2016203264,3054393344
1174,1,0.057090806076303124,17.515955172597806,True,llava_ov_0.5b,15000,2.0,196,rlt,0.6,17808,235200,0.07571428571428572,none,,,,,0.16666666666666666,216760320,2016203264,3054393344
1175,1,0.01150827994570136,86.89395849929127,True,llava_ov_0.5b,15000,2.0,196,rlt,0.6,17808,235200,0.07571428571428572,none,,,,,0.16666666666666666,216760320,2016203264,3054393344
1176,1,0.012806722894310951,78.08398824997015,True,llava_ov_0.5b,15000,2.0,196,rlt,0.6,17808,235200,0.07571428571428572,none,,,,,0.16666666666666666,216760320,2016203264,3054393344
1177,1,0.011245278874412179,88.92620727045087,True,llava_ov_0.5b,15000,2.0,196,rlt,0.6,17808,235200,0.07571428571428572,none,,,,,0.16666666666666666,216760320,2016203264,3054393344
1178,1,0.011248918948695064,88.89743134970365,True,llava_ov_0.5b,15000,2.0,196,rlt,0.6,17808,235200,0.07571428571428572,none,,,,,0.16666666666666666,216760320,2016203264,3054393344
1179,1,0.011236537946388125,88.9953831661682,True,llava_ov_0.5b,15000,2.0,196,rlt,0.6,17808,235200,0.07571428571428572,none,,,,,0.16666666666666666,216760320,2016203264,3054393344
1180,1,0.011155483080074191,89.64201664974865,True,llava_ov_0.5b,15000,2.0,196,rlt,0.6,17808,235200,0.07571428571428572,none,,,,,0.16666666666666666,216760320,2016203264,3054393344
1181,1,0.011176374973729253,89.47444966284333,True,llava_ov_0.5b,15000,2.0,196,rlt,0.6,17808,235200,0.07571428571428572,none,,,,,0.16666666666666666,216760320,2016203264,3054393344
1182,1,0.011122521013021469,89.90767460266157,True,llava_ov_0.5b,15000,2.0,196,rlt,0.6,17808,235200,0.07571428571428572,none,,,,,0.16666666666666666,216760320,2016203264,3054393344
1183,1,0.011147981975227594,89.70233376965828,True,llava_ov_0.5b,15000,2.0,196,rlt,0.6,17808,235200,0.07571428571428572,none,,,,,0.16666666666666666,216760320,2016203264,3054393344
1184,1,0.011201920919120312,89.27040346206356,True,llava_ov_0.5b,15000,2.0,196,rlt,0.6,17808,235200,0.07571428571428572,none,,,,,0.16666666666666666,216760320,2016203264,3054393344
1185,1,0.011340437922626734,88.18001622360406,True,llava_ov_0.5b,15000,2.0,196,rlt,0.6,17808,235200,0.07571428571428572,none,,,,,0.16666666666666666,216760320,2016203264,3054393344
1186,1,0.011176861124113202,89.47055786911214,True,llava_ov_0.5b,15000,2.0,196,rlt,0.6,17808,235200,0.07571428571428572,none,,,,,0.16666666666666666,216760320,2016203264,3054393344
1187,1,0.011220982065424323,89.1187593179871,True,llava_ov_0.5b,15000,2.0,196,rlt,0.6,17808,235200,0.07571428571428572,none,,,,,0.16666666666666666,216760320,2016203264,3054393344
1188,1,0.05801523104310036,17.236852840542607,True,llava_ov_0.5b,15000,2.0,196,rlt,0.6,17808,235200,0.07571428571428572,none,,,,,0.16666666666666666,216760320,2016203264,3054393344
1189,1,0.011446940014138818,87.3595911889849,True,llava_ov_0.5b,15000,2.0,196,rlt,0.6,17808,235200,0.07571428571428572,none,,,,,0.16666666666666666,216760320,2016203264,3054393344
1190,1,0.012729241978377104,78.55927334075973,True,llava_ov_0.5b,15000,2.0,196,rlt,0.6,17808,235200,0.07571428571428572,none,,,,,0.16666666666666666,216760320,2016203264,3054393344
1191,1,0.011501891072839499,86.94222486260493,True,llava_ov_0.5b,15000,2.0,196,rlt,0.6,17808,235200,0.07571428571428572,none,,,,,0.16666666666666666,216760320,2016203264,3054393344
1192,1,0.011457316810265183,87.28047033700334,True,llava_ov_0.5b,15000,2.0,196,rlt,0.6,17808,235200,0.07571428571428572,none,,,,,0.16666666666666666,216760320,2016203264,3054393344
1193,1,0.010442274156957865,95.76458010668902,True,llava_ov_0.5b,15000,2.0,196,rlt,0.6,17808,235200,0.07571428571428572,none,,,,,0.16666666666666666,216760320,2016203264,3054393344
1194,1,0.011388174025341868,87.81038977580783,True,llava_ov_0.5b,15000,2.0,196,rlt,0.6,17808,235200,0.07571428571428572,none,,,,,0.16666666666666666,216760320,2016203264,3054393344
1195,1,0.011355947935953736,88.05957949436603,True,llava_ov_0.5b,15000,2.0,196,rlt,0.6,17808,235200,0.07571428571428572,none,,,,,0.16666666666666666,216760320,2016203264,3054393344
1196,1,0.011462647933512926,87.23987736518858,True,llava_ov_0.5b,15000,2.0,196,rlt,0.6,17808,235200,0.07571428571428572,none,,,,,0.16666666666666666,216760320,2016203264,3054393344
1197,1,0.011346043087542057,88.13645358865232,True,llava_ov_0.5b,15000,2.0,196,rlt,0.6,17808,235200,0.07571428571428572,none,,,,,0.16666666666666666,216760320,2016203264,3054393344
1198,1,0.011425501899793744,87.52350739340845,True,llava_ov_0.5b,15000,2.0,196,rlt,0.6,17808,235200,0.07571428571428572,none,,,,,0.16666666666666666,216760320,2016203264,3054393344
1199,1,0.012189815053716302,82.03569911383771,True,llava_ov_0.5b,15000,2.0,196,rlt,0.6,17808,235200,0.07571428571428572,none,,,,,0.16666666666666666,216760320,2016203264,3054393344
