video_id,question_id,task,question,choices,answer,correct_choice,pred_answer,pred_choice,qa_acc,realtime,n_frames_seen,n_frames_loaded,sample_fps,truncated,tokens_kept,tokens_seen,token_keep_rate,n_tokens_fed,num_blocks,n_local,kv_cache_bytes,retrieve_size,chunk_size
AutoEvalMetaData__1,761,STU,Which container is located closer to the top left corner of the table?,"['The blue container.', 'The white container.', 'The red container.', 'The green container.']",The white container.,B,B) The white container.,B,100.0,106.84,107,737,1.0,False,226,20972,0.0108,392,2,15000,0,64,1
AutoEvalMetaData__1,760,STU,What's right above the pot?,"['A shelf with spices is situated just above the pot.', 'A ladle is hanging right above the pot.', 'The kitchen lamp is positioned directly above the pot.', ""The cook's hands are directly above the pot.""]",The cook's hands are directly above the pot.,D,A) A shelf with spices is situated just above the pot.,A,0.0,107.84,108,737,1.0,False,228,21168,0.0108,588,3,15000,0,64,1
AutoEvalMetaData__1,762,STU,What is she putting the seasoning into?,"['She is putting the seasoning into a small bowl.', 'She is putting the seasoning into a White bottle.', 'She is putting the seasoning into a glass container.', 'She is putting the seasoning into a the pot.']",She is putting the seasoning into a glass container.,C,D) She is putting the seasoning into a the pot.,D,0.0,159.84,160,737,1.0,False,264,31360,0.0084,784,4,15000,0,64,1
AutoEvalMetaData__1,763,STU,What is located directly behind the woman wearing the apron with red ties?,"['the chalkboard cabinets with writing.', 'A gas stove with pots and bowls on it.', 'a display case with antique dishes.', 'a Double door refrigerator']",the chalkboard cabinets with writing.,A,B) A gas stove with pots and bowls on it.,B,0.0,649.72,650,737,1.0,False,596,127400,0.0047,1176,6,15000,0,64,1
AutoEvalMetaData__1,764,STU,What is the position of the wooden spoon in the sauce?,"['The wooden spoon is partially submerged in the sauce.', ""The wooden spoon is balanced on the pot's handle, not touching the sauce."", 'The wooden spoon is leaning against the side of the pot, submerged halfway into the sauce.', 'The wooden spoon is floating on the surface of the sauce.']",The wooden spoon is partially submerged in the sauce.,A,A) The wooden spoon is partially submerged in the sauce.,A,100.0,736.72,737,737,1.0,False,621,144452,0.0043,1372,7,15000,0,64,1
AutoEvalMetaData__10,1051,ATR,What is the character's expression as seen with the headset?,"[""The character's expression appears to be a smile."", 'The character seems to have a puzzled look.', ""The character's expression appears to be neutral."", 'The character looks angry.']",The character's expression appears to be a smile.,A,A) The character's expression appears to be a smile.,A,100.0,144.34,145,145,1.0,False,1077,28420,0.0379,1176,6,15000,0,64,1
AutoEvalMetaData__10,1052,ATR,What is the color of the character's outfit on the platform?,"['Red.', 'Gray', 'Brown.', 'Green']",Brown.,C,C) Brown.,C,100.0,144.34,145,145,1.0,False,1077,28420,0.0379,1176,6,15000,0,64,1
AutoEvalMetaData__10,1053,ATR,What shape are the windows in the background?,"['Square', 'Rectangular.', 'Oval', 'Circular']",Rectangular.,B,B) Rectangular.,B,100.0,144.34,145,145,1.0,False,1077,28420,0.0379,1176,6,15000,0,64,1
AutoEvalMetaData__100,934,OJR,What can be seen on the wall behind the person?,"['A wall clock', 'A mirror', 'A painting', 'A series of bookshelves']",A painting,C,C) A painting,C,100.0,57.76,58,971,1.0,False,289,11368,0.0254,392,2,15000,0,64,1
AutoEvalMetaData__100,936,OJR,What is she holding in her hand?,"['Black gift bag', 'phone', 'Cake knife', 'Black Camera']",Cake knife,C,C) Cake knife,C,100.0,625.88,626,971,1.0,False,1299,122696,0.0106,1568,8,15000,0,64,1
AutoEvalMetaData__100,1394,OCR,What is written on the cake?,"['Cheers to You', 'Best Wishes', 'Congratulations', 'Happy Birthday']",Congratulations,C,C) Congratulations,C,100.0,656.12,657,971,1.0,False,1384,128772,0.0107,1764,9,15000,0,64,1
AutoEvalMetaData__100,937,OJR,What is she holding in her hand?,"['Black gift bag', 'phone', 'Cake knife', 'Black Camera']",Black Camera,D,C) Cake knife,C,0.0,715.88,716,971,1.0,False,1540,140336,0.011,1960,10,15000,0,64,1
AutoEvalMetaData__100,938,OJR,What is she holding in her hand?,"['Black gift bag', 'phone', 'Cake knife', 'Black Camera']",phone,B,C) Cake knife,C,0.0,918.88,919,971,1.0,False,1894,180124,0.0105,2352,12,15000,0,64,1
AutoEvalMetaData__100,935,OJR,What is she holding in her hand?,"['Black gift bag', 'phone', 'Cake knife', 'Black Camera']",Black gift bag,A,C) Cake knife,C,0.0,926.88,927,971,1.0,False,1907,181692,0.0105,2548,13,15000,0,64,1
AutoEvalMetaData__100,1395,OCR,What is written on the gift bag?,"['PRADA', 'VERSACE', 'LOUIS VUITTON', 'GUCCI']",GUCCI,D,D) GUCCI,D,100.0,927.12,928,971,1.0,False,1907,181888,0.0105,2548,13,15000,0,64,1
AutoEvalMetaData__100,939,OJR,What is she holding in her hand?,"['A red box and a green box.', 'Black gift bag', 'A green box.', 'Black Camera']",A red box and a green box.,A,A) A red box and a green box.,A,100.0,942.88,943,971,1.0,False,1914,184828,0.0104,2744,14,15000,0,64,1
AutoEvalMetaData__100,940,OJR,What is she holding in her hand?,"['A red box and a green box.', 'Black gift bag', 'A green box.', 'Black Camera']",A green box.,C,C) A green box.,C,100.0,952.88,953,971,1.0,False,1918,186788,0.0103,2940,15,15000,0,64,1
AutoEvalMetaData__100,941,OJR,What is she holding in her hand?,"['A pair of sunglasses', 'Black gift bag', 'A green box.', 'A red box and a green box.']",A pair of sunglasses,A,C) A green box.,C,0.0,970.88,971,971,1.0,False,1920,190316,0.0101,3136,16,15000,0,64,1
AutoEvalMetaData__101,1383,OCR,What is the price displayed on the 7-Eleven gas station sign?,"['Regular: $3.79, Premium: $4.29', 'Regular: $3.69, Premium: $4.19', 'Regular: $3.49, Premium: $3.99', 'Regular: $3.89, Premium: $4.39']","Regular: $3.49, Premium: $3.99",C,"A) Regular: $3.79, Premium: $4.2",A,0.0,26.04,27,57,1.0,False,239,5292,0.0452,392,2,15000,0,64,1
AutoEvalMetaData__101,1384,OCR,What is the speed limit on the road?,"['45', '35', '40', '30']",35,B,C) 40,C,0.0,29.64,30,57,1.0,False,242,5880,0.0412,588,3,15000,0,64,1
AutoEvalMetaData__101,1385,OCR,What is the license plate of the car ahead?,"['VBT-3090', 'VBT-3030', 'VBT-3060', 'VBT-3069']",VBT-3060,C,C) VBT-3060,C,100.0,52.64,53,57,1.0,False,279,10388,0.0269,784,4,15000,0,64,1
AutoEvalMetaData__101,1386,OCR,What's on the billboard on the right?,"['NTC', 'NTD', 'NTE', 'NTB']",NTB,D,A) NTC,A,0.0,56.64,57,57,1.0,False,282,11172,0.0252,980,5,15000,0,64,1
AutoEvalMetaData__102,1063,ATR,What is the architectural style of the buildings on the left?,"['Neo-Classical architecture.', 'Victorian architecture.', 'Modernist architecture.', 'Traditional brick architecture.']",Traditional brick architecture.,D,D) Traditional brick architecture.,D,100.0,47.91,48,48,1.0,False,265,9408,0.0282,392,2,15000,0,64,1
AutoEvalMetaData__105,884,OJR,What type of ear devices is the person wearing?,"['Over-ear headphones', 'In-ear monitors', 'Bone conduction headphones', 'Wireless earbuds']",Wireless earbuds,D,D) Wireless earbuds,D,100.0,8.79,9,22,1.0,False,220,1764,0.1247,392,2,15000,0,64,1
AutoEvalMetaData__105,885,OJR,What object is the person approaching?,"['A stone staircase leading up the hill.', 'A metal bridge leading up the hill.', 'A wooden pathway leading up the hill.', 'A dirt path leading up the hill.']",A wooden pathway leading up the hill.,C,D) A dirt path leading up the hill.,D,0.0,21.79,22,22,1.0,False,274,4312,0.0635,588,3,15000,0,64,1
AutoEvalMetaData__106,1319,OCR,What are the names listed on each lane of the pool?,"['Rapsys, Di Cola, De Tullio, Popovici, Djakovic, Maertens, Auboek, Markos', 'Leclos, Vekovishchev, Seto, Irie, Grothe, Schooling, Solaeche, Lazor', 'Fraser-Holmes, Krutohzmov, Meyer, Hosszu, Kromowidjojo, Stupp, Ohashi, King', 'Lochte, Dressel, Phelps, Cseh, Chalmers, Larkin, Peaty, Kenderesi']","Rapsys, Di Cola, De Tullio, Popovici, Djakovic, Maertens, Auboek, Markos",A,"A) Rapsys, Di Cola, De Tullio, Pop",A,100.0,54.2,55,174,1.0,False,571,10780,0.053,588,3,15000,0,64,1
AutoEvalMetaData__106,1288,ACR,What technique are these swimmers using?,"['The swimmers are engaging in a racing dive.', 'The swimmers are practicing a butterfly stroke.', 'The swimmers are using a flip turn.', 'The swimmers are performing a dolphin kick.']",The swimmers are using a flip turn.,C,A) The swimmers are engaging in a racing dive.,A,0.0,84.93,85,174,1.0,False,739,16660,0.0444,784,4,15000,0,64,1
AutoEvalMetaData__106,1320,OCR,What is the leading player's time at the 150m mark?,"['1:16.96', '1:15.89', '1:14.32', '1:19.01']",1:16.96,A,A) 1:16.96,A,100.0,136.38,137,174,1.0,False,1005,26852,0.0374,1176,6,15000,0,64,1
AutoEvalMetaData__106,1321,OCR,What time did the winner achieve in the 200m freestyle men final?,"['1:43.45', '1:41.72', '1:42.58', '1:42.97']",1:42.97,D,B) 1:41.72,B,0.0,173.85,174,174,1.0,False,1197,34104,0.0351,1372,7,15000,0,64,1
AutoEvalMetaData__106,1322,OCR,Who was the first to arrive?,"['POPOVICI', 'DJAKOVIC', 'MAERTENS', 'DI COLA']",POPOVICI,A,A) POPOVICI,A,100.0,173.85,174,174,1.0,False,1197,34104,0.0351,1372,7,15000,0,64,1
AutoEvalMetaData__107,1313,ACR,What is the player in white doing with the ball?,"['The player in white is passing the ball to a teammate.', 'The player in white is dribbling the ball.', 'The player in white is shooting the ball towards the goal.', 'The player in white is shielding the ball from an opponent.']",The player in white is dribbling the ball.,B,B) The player in white is dribbling the ball.,B,100.0,4.02,5,12,1.0,False,202,980,0.2061,392,2,15000,0,64,1
AutoEvalMetaData__107,766,STU,Which of the players ran ahead?,"['The player in white.', 'The player in blue.', 'The player in green.', 'They run just as fast']",The player in blue.,B,C) The player in green.,C,0.0,5.02,6,12,1.0,False,207,1176,0.176,588,3,15000,0,64,1
AutoEvalMetaData__107,767,STU,In which direction of the goal are they dribbling the ball? ,"['They are dribbling towards the north goal.', 'They are dribbling towards the right hoop.', 'They are dribbling towards the left hoop.', 'They are dribbling towards the south goal.']",They are dribbling towards the right hoop.,B,C) They are dribbling towards the left hoop.,C,0.0,5.02,6,12,1.0,False,207,1176,0.176,588,3,15000,0,64,1
AutoEvalMetaData__107,1314,ACR,What is the player in white doing with the ball?,"['The player in white is attempting a layup.', 'The player in white is passing the ball to a teammate.', 'The player in white is shooting a jump shot.', 'The player in white is executing a reverse layup.']",The player in white is attempting a layup.,A,C) The player in white is shooting a jump shot.,C,0.0,6.02,7,12,1.0,False,210,1372,0.1531,784,4,15000,0,64,1
AutoEvalMetaData__107,765,STU,What is the player in white focusing on while preparing to shoot?,"['The player is facing the basket.', ""The player is analyzing the opponent's defense."", 'The player is gauging the distance to the basket.', 'The player is assessing the shooting angle.']",The player is facing the basket.,A,A) The player is facing the basket.,A,100.0,7.02,8,12,1.0,False,214,1568,0.1365,980,5,15000,0,64,1
AutoEvalMetaData__107,1312,ACR,What action is the player in blue attempting?,"['The player in blue is attempting a serve from the sidelines.', 'The player in blue is attempting a header.', 'The player in blue is attempting a penalty kick.', 'The player in blue is attempting a corner kick.']",The player in blue is attempting a serve from the sidelines.,A,A) The player in blue is attempting a serve from the sidelines.,A,100.0,11.02,12,12,1.0,False,217,2352,0.0923,1176,6,15000,0,64,1
AutoEvalMetaData__110,1275,ACR,What is he doing with his hand?,"['He is gesturing.', 'He is shaking hands.', 'He is clapping.', 'He is snapping his fingers.']",He is gesturing.,A,A) He is gesturing.,A,100.0,47.8,48,56,1.0,False,484,9408,0.0514,588,3,15000,0,64,1
AutoEvalMetaData__110,1276,ACR,What is she doing?,"['She is standing still.', 'She is dancing while sipping.', 'She is jogging slowly.', 'She is pacing back and forth.']",She is standing still.,A,A) She is standing still.,A,100.0,49.8,50,56,1.0,False,486,9800,0.0496,784,4,15000,0,64,1
AutoEvalMetaData__110,1277,ACR,How does he hold the glass while drinking?,"['He clasps the glass with a firm hold around the top, bringing it to his lips.', 'He holds the glass with one hand near his mouth, the other hand is on the phone.', 'He holds the glass at mid-height with a relaxed grip as he drinks.', 'He grips the glass with both hands at the base while sipping.']","He holds the glass with one hand near his mouth, the other hand is on the phone.",B,"A) He clasps the glass with a firm hold around the top, bringing",A,0.0,55.8,56,56,1.0,False,509,10976,0.0464,980,5,15000,0,64,1
AutoEvalMetaData__111,894,OJR,How many animals are sitting in the cart?,"['4', '3', '1', '2']",2,D,D) 2,D,100.0,63.92,64,114,1.0,False,342,12544,0.0273,392,2,15000,0,64,1
AutoEvalMetaData__111,895,OJR,What type of fruit is visible in the penguin's hands?,"['Apple', 'Grapes', 'Banana', 'Orange']",Grapes,B,D) Orange,D,0.0,76.92,77,114,1.0,False,365,15092,0.0242,588,3,15000,0,64,1
AutoEvalMetaData__111,896,OJR,What type of animal is leaping in the sky?,"['It is a mythical creature with wings and a long tail.', 'It is a cartoonish flying creature resembling a dinosaur.', 'It is a fantastical beast with bright scales.', 'It is a magical bird with feathers and talons.']",It is a cartoonish flying creature resembling a dinosaur.,B,B) It is a cartoonish flying creature resembling a dinosaur.,B,100.0,84.38,85,114,1.0,False,389,16660,0.0233,784,4,15000,0,64,1
AutoEvalMetaData__111,898,OJR,How many animals are interacting in the snow?,"['Two animals are interacting; one is laying down while the other is perched on top of it.', 'One animal is interacting; it is laying down.', 'Three animals are interacting; one is laying down while the other two are perched on top of it.', 'Four animals are interacting; two are laying down while the other two are perched on top of them.']",Two animals are interacting; one is laying down while the other is perched on top of it.,A,A) Two animals are interacting; one is laying down while the other is per,A,100.0,97.38,98,114,1.0,False,397,19208,0.0207,980,5,15000,0,64,1
AutoEvalMetaData__111,897,OJR,What is the structure visible in the background of the snowy landscape?,"['A snowy mountain with a ski resort is visible in the background.', 'A snowy cliff with a lighthouse on top is visible in the background.', 'A snowy forest with a cabin is visible in the background.', 'A snowy valley with a river is visible in the background.']",A snowy cliff with a lighthouse on top is visible in the background.,B,B) A snowy cliff with a lighthouse on top is visible in the background,B,100.0,113.38,114,114,1.0,False,422,22344,0.0189,1176,6,15000,0,64,1
AutoEvalMetaData__113,1370,OCR,What word is displayed now?,"['WIND', 'HERO', 'KING', 'SPARK']",HERO,B,B) HERO,B,100.0,144.67,145,194,1.0,False,465,28420,0.0164,588,3,15000,0,64,1
AutoEvalMetaData__113,1371,OCR,Who are the individuals referenced under 3D modeling?,"['Francesco Siddi', 'Miguel Gomez Selva and Alvaro Villegas.', 'Javier Salvador and Sergi Miranda and Rafa Cano', 'Ivan Garrido']",Miguel Gomez Selva and Alvaro Villegas.,B,C) Javier Salvador and Sergi Miranda and Rafa Cano,C,0.0,193.78,194,194,1.0,False,665,38024,0.0175,980,5,15000,0,64,1
AutoEvalMetaData__114,729,STU,What is the direction of the path that the airplane is following across the island?,"['South to North.', 'North to South.', 'West to East.', 'East to West.']",West to East.,C,D) East to West.,D,0.0,14.68,15,71,1.0,False,207,2940,0.0704,392,2,15000,0,64,1
AutoEvalMetaData__114,730,STU,Which location is directly north of the Terminal?,"['Yong Cheon', 'Han River', 'Samseong-dong', 'Seoul Forest']",Yong Cheon,A,C) Samseong-dong,C,0.0,20.68,21,71,1.0,False,208,4116,0.0505,588,3,15000,0,64,1
AutoEvalMetaData__114,731,STU,"As the character is descending, what is the relative location of the river to them?","['The river is in front of them.', 'The river is directly above them.', 'The river is to the right.', 'The river is to the left.']",The river is to the left.,D,A) The river is in front of them.,A,0.0,31.68,32,71,1.0,False,237,6272,0.0378,784,4,15000,0,64,1
AutoEvalMetaData__114,732,STU,What is the relative position of the bootcamp to Paradise Resort?,"['Northwest', 'Northeast', 'Southwest', 'Southeast']",Southwest,C,A) Northwest,A,0.0,70.02,71,71,1.0,False,312,13916,0.0224,980,5,15000,0,64,1
AutoEvalMetaData__115,1274,ACR,What is he doing?,"['He is lifting it with a pair of tongs.', 'He is cutting chili peppers.', 'He is using a spatula to transfer it.', 'He is cradling it gently with both hands.']",He is cutting chili peppers.,B,B) He is cutting chili peppers.,B,100.0,152.69,153,279,1.0,False,546,29988,0.0182,588,3,15000,0,64,1
AutoEvalMetaData__115,1273,ACR,What is he doing with the jalapeños?,"['He is roasting them.', 'He is pickling them.', 'He is grilling them.', 'He is stuffing them.']",He is grilling them.,C,D) He is stuffing them.,D,0.0,278.69,279,279,1.0,False,745,54684,0.0136,980,5,15000,0,64,1
AutoEvalMetaData__116,1305,ACR,What is she doing?,"['She is eating food.', 'She is ordering.', 'She is fixing her hair.', 'She is driving the car.']",She is fixing her hair.,C,A) She is eating food.,A,0.0,1128.4,1129,1143,1.0,False,1970,221284,0.0089,2156,11,15000,0,64,1
AutoEvalMetaData__116,1304,ACR,What is she doing?,"['She is talking with the man.', 'She is eating food.', 'She is driving the car.', 'She is scooping soup into a bowl.']",She is scooping soup into a bowl.,D,B) She is eating food.,B,0.0,1142.4,1143,1143,1.0,False,1994,224028,0.0089,2352,12,15000,0,64,1
AutoEvalMetaData__117,1245,ACR,What is the player in the burgundy jersey doing?,"['He is preparing to take a corner kick.', 'He is taking a free kick.', 'He is getting ready to throw-in the ball.', 'He is dribbling the ball towards the goal.']",He is taking a free kick.,B,A) He is preparing to take a corner kick.,A,0.0,3.21,4,82,1.0,False,205,784,0.2615,392,2,15000,0,64,1
AutoEvalMetaData__117,1246,ACR,What is the player in the blue jersey doing with the ball near the goal?,"['The player in the blue jersey is juggling the ball.', 'The player in the blue jersey is dribbling the ball.', 'The player in the blue jersey is passing the ball.', 'The player in the blue jersey is shooting the ball.']",The player in the blue jersey is dribbling the ball.,B,D) The player in the blue jersey is shooting the ball.,D,0.0,24.59,25,82,1.0,False,279,4900,0.0569,588,3,15000,0,64,1
AutoEvalMetaData__117,1248,ACR,How is the player in red interacting with the player in blue near the goal?,"['The player in red is tackling the player in blue.', 'The player in red is pushing the player in blue away from the goal.', 'The player in red is trying to steal the ball from the player in blue.', 'The player in red is blocking the player in blue.']",The player in red is tackling the player in blue.,A,D) The player in red is blocking the player in blue.,D,0.0,80.91,81,82,1.0,False,521,15876,0.0328,980,5,15000,0,64,1
AutoEvalMetaData__117,1247,ACR,What is the player with blue jersey doing with the ball?,"['The player is preparing to take a corner kick to set up a scoring opportunity.', 'The player is shooting the ball toward the goal from outside the box.', 'The player is faking out an opponent and then crossing the ball.', 'The player is dribbling past a defender while controlling the ball.']",The player is faking out an opponent and then crossing the ball.,C,D) The player is dribbling past a defender while controlling the ball.,D,0.0,81.91,82,82,1.0,False,529,16072,0.0329,1176,6,15000,0,64,1
AutoEvalMetaData__117,1249,ACR,What is the goalkeeper doing?,"['The goalkeeper is diving.', 'The goalkeeper is vaulting.', 'The goalkeeper is stretching.', 'The goalkeeper is plunging.']",The goalkeeper is diving.,A,A) The goalkeeper is diving.,A,100.0,81.92,82,82,1.0,False,529,16072,0.0329,1176,6,15000,0,64,1
AutoEvalMetaData__118,1417,OCR,What date is the event taking place?,"['09-18-2023', 'SEPT 16, 2023', 'Sep-16-2023', '08-29-2023']","SEPT 16, 2023",B,"B) SEPT 16, 2023",B,100.0,198.7,199,594,1.0,False,758,39004,0.0194,784,4,15000,0,64,1
AutoEvalMetaData__118,1415,OCR,What date is the event taking place?,"['09-18-2023', 'SEPT 16, 2023', 'Sep-16-2023', '08-29-2023']",09-18-2023,A,"B) SEPT 16, 2023",B,0.0,328.7,329,594,1.0,False,1167,64484,0.0181,1372,7,15000,0,64,1
AutoEvalMetaData__118,1416,OCR,What date is the event taking place?,"['09-18-2023', 'SEPT 16, 2023', 'Sep-16-2023', '08-29-2023']",Sep-16-2023,C,C) Sep-16-2023,C,100.0,630.7,594,594,1.0,True,2065,116424,0.0177,2352,12,15000,0,64,1
AutoEvalMetaData__119,798,STU,How is the oil spread initially in the frying pan?,"['The oil is applied with a spray bottle to ensure a light and even distribution.', 'The oil is dripped in small amounts and spread with a brush to coat the pan surface.', 'The oil is placed in the center of the pan and then tilted around until it evenly covers the base.', 'The oil is poured and swirled to cover the pan evenly.']",The oil is poured and swirled to cover the pan evenly.,D,C) The oil is placed in the center of the pan and then tilted around,C,0.0,63.2,64,238,1.0,False,408,12544,0.0325,588,3,15000,0,64,1
AutoEvalMetaData__119,797,STU,Which way is this person twisting the knob?,"['Fast to the right', 'Slow to the right', 'Fast to the left', 'Slow to the left']",Slow to the right,B,B) Slow to the right,B,100.0,69.2,70,238,1.0,False,444,13720,0.0324,784,4,15000,0,64,1
AutoEvalMetaData__119,1098,ATR,"What type of pan is being used, based on its appearance?","['Cast iron pan with a shiny black surface.', 'Copper pan with a rustic look.', 'Stainless steel pan with a mirror-like finish.', 'Non-stick gray pan with wooden handle.']",Non-stick gray pan with wooden handle.,D,D) Non-stick gray pan with wooden handle.,D,100.0,237.14,238,238,1.0,False,643,46648,0.0138,1176,6,15000,0,64,1
AutoEvalMetaData__12,1257,ACR,What is he doing?,"['He is playing football.', 'He is playing basketball.', 'He is playing baseball.', 'He is playing tennis.']",He is playing football.,A,A) He is playing football.,A,100.0,60.64,61,210,1.0,False,563,11956,0.0471,588,3,15000,0,64,1
AutoEvalMetaData__12,1258,ACR,What is he doing?,"['He is playing football.', 'He is playing guitar.', 'He is playing baseball.', 'He is playing tennis.']",He is playing guitar.,B,A) He is playing football.,A,0.0,97.64,98,210,1.0,False,687,19208,0.0358,784,4,15000,0,64,1
AutoEvalMetaData__12,870,OJR,What is the child playing with at the table?,"['A toy drum set.', 'A guitar.', 'A football.', 'A musical keyboard toy.']",A musical keyboard toy.,D,D) A musical keyboard toy.,D,100.0,99.88,100,210,1.0,False,690,19600,0.0352,980,5,15000,0,64,1
AutoEvalMetaData__12,1259,ACR,What is he doing?,"['He is playing football.', 'He is playing guitar.', 'He is playing Electronic organ.', 'He is playing tennis.']",He is playing Electronic organ.,C,A) He is playing football.,A,0.0,101.64,102,210,1.0,False,694,19992,0.0347,1176,6,15000,0,64,1
AutoEvalMetaData__12,1260,ACR,What is he doing?,"['He is playing football.', 'He is playing guitar.', 'He is playing Electronic organ.', 'He is playing chess.']",He is playing chess.,D,D) He is playing chess.,D,100.0,115.64,116,210,1.0,False,735,22736,0.0323,1372,7,15000,0,64,1
AutoEvalMetaData__12,871,OJR,How many children are visible?,"['3', '1', '2', '5']",1,B,C) 2,C,0.0,126.76,127,210,1.0,False,772,24892,0.031,1568,8,15000,0,64,1
AutoEvalMetaData__12,1256,ACR,What is the boy with glasses concentrating on?,"['He is drawing on a large piece of paper.', 'He is writing in his notebook.', 'He is painting a colorful landscape.', 'He is solving a complex puzzle.']",He is drawing on a large piece of paper.,A,B) He is writing in his notebook.,B,0.0,209.64,210,210,1.0,False,1161,41160,0.0282,1960,10,15000,0,64,1
AutoEvalMetaData__120,1055,ATR,How is her expression in the close-up?,"['Neutral.', 'Thoughtful.', 'Relaxed.', 'Content.']",Relaxed.,C,B) Thoughtful.,B,0.0,249.05,250,250,1.0,False,464,49000,0.0095,588,3,15000,0,64,1
AutoEvalMetaData__122,1336,OCR,What is the name of the object with high acceleration and top speed?,"['Bulldawg Engine', 'RAW Engine', 'Dragon Engine', 'Cyclone-X Engine']",Dragon Engine,C,C) Dragon Engine,C,100.0,59.9,60,874,1.0,False,499,11760,0.0424,588,3,15000,0,64,1
AutoEvalMetaData__122,1337,OCR,What name is displayed at the top of the list on the left?,"['ForgePhantom', 'Yzuei', 'Patches', 'ScrapMan']",ScrapMan,D,B) Yzuei,B,0.0,100.78,101,874,1.0,False,721,19796,0.0364,980,5,15000,0,64,1
AutoEvalMetaData__122,1339,OCR,Which player is right in front?,"['ForgePhantom', 'Yzuei', 'Patches', 'ScrapMan']",Patches,C,D) ScrapMan,D,0.0,413.78,414,874,1.0,False,2259,81144,0.0278,2548,13,15000,0,64,1
AutoEvalMetaData__122,1338,OCR,Which player is right in front?,"['ForgePhantom', 'Yzuei', 'Patches', 'ScrapMan']",ScrapMan,D,A) ForgePhantom,A,0.0,873.78,874,874,1.0,False,4208,171304,0.0246,4508,23,15000,0,64,1
AutoEvalMetaData__124,931,OJR,What color is his tie?,"['Rainbow Colors', 'Black', 'purple', 'Blue']",purple,C,C) purple,C,100.0,97.39,98,432,1.0,False,507,19208,0.0264,588,3,15000,0,64,1
AutoEvalMetaData__124,927,OJR,How many people are sitting on the bench?,"['There are three people occupying the bench.', 'Four people are seated on the bench.', 'Two people are on the bench.', 'One person is seated on the bench.']",Two people are on the bench.,C,C) Two people are on the bench.,C,100.0,263.1,264,432,1.0,False,1247,51744,0.0241,1372,7,15000,0,64,1
AutoEvalMetaData__124,928,OJR,How many people are sitting on the bench?,"['There are three people occupying the bench.', 'Four people are seated on the bench.', 'Two people are on the bench.', 'One person is seated on the bench.']",One person is seated on the bench.,D,C) Two people are on the bench.,C,0.0,301.1,302,432,1.0,False,1398,59192,0.0236,1568,8,15000,0,64,1
AutoEvalMetaData__124,929,OJR,How many people appear together in this part?,"['Three people are seen together.', 'Four people are seen together.', 'Two people are seen together.', 'Five people are seen together.']",Two people are seen together.,C,C) Two people are seen together.,C,100.0,429.39,430,432,1.0,False,1991,84280,0.0236,2352,12,15000,0,64,1
AutoEvalMetaData__124,930,OJR,What color is his tie?,"['Rainbow Colors', 'Black', 'purple', 'Blue']",Rainbow Colors,A,C) purple,C,0.0,431.39,432,432,1.0,False,2003,84672,0.0237,2548,13,15000,0,64,1
AutoEvalMetaData__129,1266,ACR,What is the person in the white outfit doing?,"['Lying down on a frozen lake, adjusting the sights on their rifle.', 'Standing on top of a snowy hill, peering through binoculars towards the horizon.', 'Hiding behind a snowdrift,having a drink.', 'Hiding behind a snowdrift, setting up a camera on a tripod.']","Hiding behind a snowdrift,having a drink.",C,"A) Lying down on a frozen lake, adjusting the sights on their rifle",A,0.0,193.85,194,281,1.0,False,940,38024,0.0247,980,5,15000,0,64,1
AutoEvalMetaData__129,1267,ACR,What is the person in the white outfit doing?,"['The individual is walking briskly.', 'The person is tiptoeing quietly.', 'The person is jogging energetically.', 'The person is sniping the enemy opposite.']",The person is sniping the enemy opposite.,D,D) The person is sniping the enemy opposite.,D,100.0,280.85,281,281,1.0,False,1215,55076,0.0221,1372,7,15000,0,64,1
AutoEvalMetaData__13,1096,ATR,What type of clothing is he wearing?,"['dark-colored pants', 'light-colored shirt', 'denim jeans', 'woolen jacket']",light-colored shirt,B,B) light-colored shirt,B,100.0,227.32,228,230,1.0,False,975,44688,0.0218,980,5,15000,0,64,1
AutoEvalMetaData__13,1097,ATR,How does his facial expression appear?,"['His facial expression appears tense and serious.', 'His facial expression appears happy and relaxed.', 'His facial expression appears sad and thoughtful.', 'His facial expression appears calm and focused.']",His facial expression appears calm and focused.,D,D) His facial expression appears calm and focused.,D,100.0,229.32,230,230,1.0,False,980,45080,0.0217,1176,6,15000,0,64,1
AutoEvalMetaData__130,921,OJR,What weapon is being used?,"['The weapon being used is an M416.', 'The weapon being used is a 98K.', 'The weapon being used is a pan.', 'The weapon being used is a Remington 870 shotgun.']",The weapon being used is a 98K.,B,C) The weapon being used is a pan.,C,0.0,19.18,20,50,1.0,False,314,3920,0.0801,392,2,15000,0,64,1
AutoEvalMetaData__130,1091,ATR,What pattern is visible on the wall?,"['Abstract art', 'Striped lines', 'Floral.', 'Geometric shapes']",Floral.,C,D) Geometric shapes,D,0.0,26.6,27,50,1.0,False,358,5292,0.0676,588,3,15000,0,64,1
AutoEvalMetaData__130,920,OJR,What weapon is being used?,"['The weapon being used is an M416.', 'The weapon being used is a 98K.', 'The weapon being used is a pan.', 'The weapon being used is a Remington 870 shotgun.']",The weapon being used is an M416.,A,A) The weapon being used is an M416.,A,100.0,49.18,50,50,1.0,False,431,9800,0.044,784,4,15000,0,64,1
AutoEvalMetaData__132,1034,ATR,What type of footwear is the character wearing?,"['white shoes', 'red sandals', 'blue sneakers', 'black boots']",white shoes,A,D) black boots,D,0.0,222.27,223,241,1.0,False,1125,43708,0.0257,1176,6,15000,0,64,1
AutoEvalMetaData__132,1033,ATR,What is the primary color of the vehicle seen in the background while the character is running?,"['The vehicle is blue.', 'The vehicle is green.', 'The vehicle is red.', 'The vehicle is yellow.']",The vehicle is yellow.,D,D) The vehicle is yellow.,D,100.0,240.27,241,241,1.0,False,1258,47236,0.0266,1372,7,15000,0,64,1
AutoEvalMetaData__135,735,STU,"Who is riding the wave closer to the shore, the child in blue or the child in green?","['The child in blue.', 'The child in green.', 'Both children are equally close to the shore.', 'Neither child is closer to the shore.']",The child in blue.,A,B) The child in green.,B,0.0,54.35,55,68,1.0,False,358,10780,0.0332,392,2,15000,0,64,1
AutoEvalMetaData__135,736,STU,Is the person in the picture standing on the surfboard or lying on the surfboard?,"['Lying on the surfboard', 'Kneeling on a surfboard', 'Sitting on a surfboard', 'Standing on a surfboard']",Standing on a surfboard,D,D) Standing on a surfboard,D,100.0,58.35,59,68,1.0,False,371,11564,0.0321,588,3,15000,0,64,1
AutoEvalMetaData__135,1400,OCR,What logo is present before the text begins to fade?,"[""The logo shows 'WRSC' in a circular design."", 'Everett St. Denis', ""The logo features 'ARCT' in a sleek triangular format."", ""The logo presents 'NBS' in a square design.""]",The logo shows 'WRSC' in a circular design.,A,B) Everett St. Denis,B,0.0,67.12,68,68,1.0,False,389,13328,0.0292,784,4,15000,0,64,1
AutoEvalMetaData__14,949,OJR,What is the person holding near the water faucet?,"['A large water bottle.', 'A cleaning sponge.', 'A bar of soap.', 'A cup']",A large water bottle.,A,A) A large water bottle.,A,100.0,130.5,131,131,1.0,False,632,25676,0.0246,784,4,15000,0,64,1
AutoEvalMetaData__141,1073,ATR,How is his facial expression as he exercises?,"['His facial expression is relaxed.', 'His facial expression looks strained.', 'His facial expression is focused.', 'His facial expression is calm.']",His facial expression looks strained.,B,B) His facial expression looks strained.,B,100.0,170.92,171,171,1.0,False,636,33516,0.019,784,4,15000,0,64,1
AutoEvalMetaData__142,911,OJR,What is she holding?,"['A bag of blue oatmeal', 'A bottle of water', 'Bottle of hot sauce', 'Bottle of ketchup']",A bag of blue oatmeal,A,A) A bag of blue oatmeal,A,100.0,263.64,264,477,1.0,False,792,51744,0.0153,980,5,15000,0,64,1
AutoEvalMetaData__142,912,OJR,What is she holding?,"['A bag of blue oatmeal', 'A bottle of water', 'Bottle of hot sauce', 'Bottle of ketchup']",A bottle of water,B,A) A bag of blue oatmeal,A,0.0,270.0,271,477,1.0,False,810,53116,0.0152,1176,6,15000,0,64,1
AutoEvalMetaData__142,910,OJR,What is she holding?,"['A bag of blue oatmeal', 'A bottle of water', 'Bottle of hot sauce', 'Bottle of ketchup']",Bottle of ketchup,D,B) A bottle of water,B,0.0,316.64,317,477,1.0,False,941,62132,0.0151,1372,7,15000,0,64,1
AutoEvalMetaData__142,908,OJR,What is the object being prepared on the counter in the currently visible scene?,"['Pizza', 'Sandwich', 'Cake', 'Salad']",Pizza,A,A) Pizza,A,100.0,454.96,455,477,1.0,False,1215,89180,0.0136,1764,9,15000,0,64,1
AutoEvalMetaData__142,909,OJR,What items are on the plate he is holding?,"['The plate holds a couple of chocolate chip cookies, a sliced orange, and a handful of blueberries.', 'The plate includes three circular pastries, a pair of ripe red apples, and a bunch of purple grapes.', 'The plate is adorned with two muffins, a golden banana, and several strawberries.', 'The plate contains two brownie-like desserts, two yellow fruits, and a green fruit.']","The plate contains two brownie-like desserts, two yellow fruits, and a green fruit.",D,"D) The plate contains two brownie-like desserts, two yellow fruits, and",D,100.0,476.64,477,477,1.0,False,1266,93492,0.0135,1960,10,15000,0,64,1
AutoEvalMetaData__145,1364,OCR,What text is displayed on the door now?,"['Japanese Food Support', 'Japanese Food Sopport', 'Japanese Food Supply', 'Japanese Food Supporter']",Japanese Food Supporter,D,A) Japanese Food Support,A,0.0,291.0,292,820,1.0,False,1597,57232,0.0279,1764,9,15000,0,64,1
AutoEvalMetaData__145,1081,ATR,What type of clothing is the person wearing?,"['Black shirt', 'Blue jacket', 'White blouse', 'Red sweater']",Black shirt,A,A) Black shirt,A,100.0,385.08,386,820,1.0,False,1936,75656,0.0256,2156,11,15000,0,64,1
AutoEvalMetaData__145,1082,ATR,What emotion does the person appear to be showing?,"['The person appears to be excited.', 'The person appears to be surprised.', 'The person appears to be focused.', 'The person appears to be anxious.']",The person appears to be focused.,C,C) The person appears to be focused.,C,100.0,386.08,387,820,1.0,False,1938,75852,0.0255,2352,12,15000,0,64,1
AutoEvalMetaData__145,1365,OCR,What text is displayed on the Computer screen now?,"['A healthy life starts with GOOD', 'A healthy life starts with HOOD', 'A healthy life starts with FOOD', 'A healthy life starts with FOODIE']",A healthy life starts with FOOD,C,C) A healthy life starts with FOOD,C,100.0,393.0,394,820,1.0,False,1960,77224,0.0254,2548,13,15000,0,64,1
AutoEvalMetaData__145,1362,OCR,What time is it shown on the screen?,"['2.00 PM', '3.00PM', '9:30 AM', '11:00 AM']",3.00PM,B,B) 3.00PM,B,100.0,433.44,434,820,1.0,False,2145,85064,0.0252,2744,14,15000,0,64,1
AutoEvalMetaData__145,1363,OCR,What time is displayed on the screen now?,"['10:00 PM', '9:30 PM', '9:30 AM', '11:00 AM']",10:00 PM,A,B) 9:30 PM,B,0.0,819.0,820,820,1.0,False,3192,160720,0.0199,3920,20,15000,0,64,1
AutoEvalMetaData__149,751,STU,How are the mannequins along the hallway arranged?,"['They are positioned in front of each doorway.', 'They are in a line on the left side, and there are two standing in the middle of the hallway.', 'They are in a line on the right side, and there are two standing in the middle of the hallway.', 'They are scattered randomly throughout the hallway.']","They are in a line on the left side, and there are two standing in the middle of the hallway.",B,"B) They are in a line on the right side, and there are two",B,100.0,146.32,147,533,1.0,False,728,28812,0.0253,784,4,15000,0,64,1
AutoEvalMetaData__149,1459,OCR,What text is being shown on the screen?,"['PLAY AREA CLOSURE COUNTDOWN: 1 MINUTE', 'AREA LIMITATION BEGINS IN ONE MINUTE', 'RESTRICTING THE PLAY AREA IN 1 MINUTE', 'PLAY AREA CONFINEMENT INITIATES IN 60 SECONDS']",RESTRICTING THE PLAY AREA IN 1 MINUTE,C,A) PLAY AREA CLOSURE COUNTDOWN: 1 MINUTE,A,0.0,218.95,219,533,1.0,False,938,42924,0.0219,1176,6,15000,0,64,1
AutoEvalMetaData__149,1460,OCR,What is the name of the town shown on the map?,"[""The town is called 'Khao'."", ""The town featured on the map is 'Zorlan'."", ""The town depicted is called 'Montar'."", ""The town is named 'Luma'.""]",The town is called 'Khao'.,A,B) The town featured on the map is 'Zorlan'.,B,0.0,242.95,243,533,1.0,False,987,47628,0.0207,1372,7,15000,0,64,1
AutoEvalMetaData__149,1461,OCR,How many players are still alive according to the HUD?,"['18 players remaining.', '42 players alive.', '27 players alive.', '32 players alive.']",27 players alive.,C,C) 27 players alive.,C,100.0,289.95,290,533,1.0,False,1121,56840,0.0197,1568,8,15000,0,64,1
AutoEvalMetaData__149,1462,OCR,What weapon is displayed in the vicinity overlay?,"['The weapon is MK47 Mutant.', 'The weapon is AWM.', 'The weapon is Scar-L.', 'The weapon is M4 Carbine.']",The weapon is MK47 Mutant.,A,B) The weapon is AWM.,B,0.0,303.95,304,533,1.0,False,1157,59584,0.0194,1764,9,15000,0,64,1
AutoEvalMetaData__149,752,STU,What is the person doing near the rock?,"['The person is crouching and moving beside the large rock.', 'The person is sitting quietly, observing the surrounding nature.', 'The person is sketching a detailed drawing of the rock formation.', 'The person is trying to climb over the slippery rock surface.']",The person is crouching and moving beside the large rock.,A,A) The person is crouching and moving beside the large rock.,A,100.0,512.58,513,533,1.0,False,1800,100548,0.0179,2548,13,15000,0,64,1
AutoEvalMetaData__149,753,STU,What is the person throwing from behind the rock?,"['A snowball.', 'A piece of fruit.', 'A water balloon.', 'A grenade.']",A grenade.,D,D) A grenade.,D,100.0,524.58,525,533,1.0,False,1832,102900,0.0178,2744,14,15000,0,64,1
AutoEvalMetaData__149,754,STU,What is the position of the tree in front of the player that is farther away than the tree that is closer to the player?,"['On the left.', 'On the right.', 'In front.', 'below.']",On the right.,B,B).,B,100.0,532.58,533,533,1.0,False,1847,104468,0.0177,2940,15,15000,0,64,1
AutoEvalMetaData__15,778,STU,"Which object is located directly in front of the person on the right, closest to them?","['Hot pot.', 'A plate of meatloaf. ', 'A glass of juice..', 'The fruit platter.']",A glass of juice..,C,A) Hot pot.,A,0.0,76.32,77,753,1.0,False,397,15092,0.0263,588,3,15000,0,64,1
AutoEvalMetaData__15,1420,OCR,What does the text above them say?,"['Peking Palace Restaurant', 'Shanghai Noodle House', 'Golden Dragon BBQ & Dim Sum', 'Empire Hotpot & Cantonese Cuisine']",Empire Hotpot & Cantonese Cuisine,D,D) Empire Hotpot & Cantonese Cuisine,D,100.0,648.12,649,753,1.0,False,1264,127204,0.0099,1568,8,15000,0,64,1
AutoEvalMetaData__15,1421,OCR,What seafood platter options are available based on the menu shown on the screen?,"['Live Prawn, Fresh Squid, Garoupa Fillet, Australian Scallop.', 'Oysters on the Half Shell, Lobster Tail, Grilled Octopus, Alaskan King Crab', 'Grilled Prawns, Calamari Rings, Mahi Mahi, Hokkaido Scallops', 'King Crab Legs, Mussels, Tuna Sashimi, Smoked Salmon']","Live Prawn, Fresh Squid, Garoupa Fillet, Australian Scallop.",A,"B) Oysters on the Half Shell, Lobster Tail, Grilled Oct",B,0.0,709.0,710,753,1.0,False,1354,139160,0.0097,1764,9,15000,0,64,1
AutoEvalMetaData__15,779,STU,Where are the beetroot noodles being placed by the person?,"['In the section of the hotpot with the Clear soup.', 'In the section of the hotpot with the yellow soup.', 'In the section of the hotpot with the blue soup.', 'In the section of the hotpot with the purple soup.']",In the section of the hotpot with the yellow soup.,B,B) In the section of the hotpot with the yellow soup.,B,100.0,752.0,753,753,1.0,False,1393,147588,0.0094,1960,10,15000,0,64,1
AutoEvalMetaData__150,1279,ACR,What is he doing?,"['He is driving the car.', 'He is aiming an M416 rifle at the target.', 'He is playing the guitar.', 'He is cooking in the kitchen.']",He is driving the car.,A,B) He is aiming an M416 rifle at the target.,B,0.0,77.85,78,104,1.0,False,556,15288,0.0364,588,3,15000,0,64,1
AutoEvalMetaData__150,1278,ACR,What is he doing?,"['Sketching a landscape with charcoal', 'Throwing a baseball towards the batter', 'He is driving the car.', 'Aiming an M416 rifle at the target']",Aiming an M416 rifle at the target,D,D) Aiming an M416 rifle at the target,D,100.0,97.85,98,104,1.0,False,644,19208,0.0335,784,4,15000,0,64,1
AutoEvalMetaData__150,1280,ACR,How is he positioned while shot at from the left?,"['He is standing behind a dumpster.', 'He is partially hidden in a doorway.', 'He is crouching behind a bush.', 'He is crouching behind a vehicle.']",He is crouching behind a vehicle.,D,D) He is crouching behind a vehicle.,D,100.0,103.84,104,104,1.0,False,661,20384,0.0324,980,5,15000,0,64,1
AutoEvalMetaData__152,918,OJR,What type of car is passing by on the left lane?,"['Two mountain bikes.', 'Two motorcycles.', 'Two scooters.', 'Two skateboards.']",Two motorcycles.,B,B) Two motorcycles.,B,100.0,23.3,24,24,1.0,False,210,4704,0.0446,392,2,15000,0,64,1
AutoEvalMetaData__153,1048,ATR,What color is the illumination around the dashboard?,"['The illumination is blue.', 'The lighting appears as a muted lime green.', 'The glow emanates a soft turquoise hue.', 'The illumination casts a pale amber shine.']",The illumination is blue.,A,B) The lighting appears as a muted lime green.,B,0.0,94.66,95,95,1.0,False,863,18620,0.0463,980,5,15000,0,64,1
AutoEvalMetaData__158,1442,OCR,Which brand name appears repeatedly on the side panels?,"['Continental', 'Michelin', 'Yokohama', 'Goodyear']",Yokohama,C,C) Yokohama,C,100.0,101.0,102,103,1.0,False,454,19992,0.0227,588,3,15000,0,64,1
AutoEvalMetaData__158,1297,ACR,What just happened to the car in front?,"['The car flipped over and crashed.', 'The car is stopping.', 'The car swerved off the road.', 'The car was driftting.']",The car flipped over and crashed.,A,A) The car flipped over and crashed.,A,100.0,102.0,103,103,1.0,False,456,20188,0.0226,784,4,15000,0,64,1
AutoEvalMetaData__158,1441,OCR,What number is displayed on the side window of the silver car?,"['85', '59', '27', '42']",27,C,B) 59,B,0.0,102.3,103,103,1.0,False,456,20188,0.0226,784,4,15000,0,64,1
AutoEvalMetaData__159,1074,ATR,What color is the cape?,"['The cape is blue.', 'The cape is orange.', 'The cape is red.', 'The cape is green.']",The cape is red.,C,C) The cape is red.,C,100.0,110.7,111,111,1.0,False,398,21756,0.0183,588,3,15000,0,64,1
AutoEvalMetaData__159,1075,ATR,What is the terrain texture in the environment where they are standing?,"['The terrain is rocky and uneven.', 'The terrain is grassy and green.', 'The terrain is snowy and white.', 'The terrain is forested and dense.']",The terrain is grassy and green.,B,B) The terrain is grassy and green.,B,100.0,110.7,111,111,1.0,False,398,21756,0.0183,588,3,15000,0,64,1
AutoEvalMetaData__16,1325,OCR,What is the text on the label of the containers?,"['STARBUCKS', 'just salad', 'JUST DO IT', 'ADWEEK']",ADWEEK,D,D) ADWEEK,D,100.0,26.0,27,266,1.0,False,257,5292,0.0486,392,2,15000,0,64,1
AutoEvalMetaData__16,1323,OCR,What is the label at the top of this brand?,"['STARBUCKS', '15', '16', 'ADWEEK']",15,B,D) ADWEEK,D,0.0,37.4,38,266,1.0,False,291,7448,0.0391,588,3,15000,0,64,1
AutoEvalMetaData__16,1324,OCR,What is the text on the label of the containers?,"['STARBUCKS', 'just salad', 'JUST DO IT', 'ADWEEK']",just salad,B,B) JUST DO IT,B,100.0,265.13,266,266,1.0,False,1179,52136,0.0226,1568,8,15000,0,64,1
AutoEvalMetaData__161,1076,ATR,How is the character in the center styled?,"['The character is styled with a glowing aura, suggesting power.', 'The character is styled with a red hue, indicating an effect.', 'The character is styled with a misty overlay, signifying ethereal presence.', 'The character is styled with a silver sheen, implying mystery.']","The character is styled with a red hue, indicating an effect.",B,"B) The character is styled with a red hue, indicating an effect.",B,100.0,531.9,532,532,1.0,False,1101,104272,0.0106,1176,6,15000,0,64,1
AutoEvalMetaData__17,1037,ATR,What color and texture does the ball have?,"['The ball is white with black patches and has a smooth texture.', 'The ball is red with white stripes and has a rough texture.', 'The ball is green with purple swirls and has a soft texture.', 'The ball is blue with yellow stars and has a bumpy texture.']",The ball is white with black patches and has a smooth texture.,A,A) The ball is white with black patches and has a smooth texture.,A,100.0,125.12,126,126,1.0,False,334,24696,0.0135,392,2,15000,0,64,1
AutoEvalMetaData__171,1240,ACR,What action is being performed with this tool?,"['The tool is being purchased.', 'The tool is being examined.', 'The tool is being displayed.', 'The tool is being cleaned.']",The tool is being displayed.,C,C) The tool is being displayed.,C,100.0,30.06,31,125,1.0,False,261,6076,0.043,392,2,15000,0,64,1
AutoEvalMetaData__171,803,STU,What is the orientation of the screwdriver?,"['The screwdriver forms a 45-degree angle with the wall.', 'The screwdriver is aligned at a 15-degree angle with the horizontal.', 'The angle of the screwdriver relative to the wall socket is 90 degrees.', 'The screwdriver is oriented at a 110-degree angle towards the surface.']",The angle of the screwdriver relative to the wall socket is 90 degrees.,C,C) The angle of the screwdriver relative to the wall socket is 9,C,100.0,65.08,66,125,1.0,False,318,12936,0.0246,588,3,15000,0,64,1
AutoEvalMetaData__171,802,STU,What is hanging above the power outlet on the left side?,"['A small painting is hanging above the electrical socket to the left.', 'A red clock is hanging above the power outlet on the left side.', 'A small shelf is fixed above the plug socket to the left.', 'A green cable is hanging above the power outlet on the left side.']",A green cable is hanging above the power outlet on the left side.,D,D) A green cable is hanging above the power outlet on the left side.,D,100.0,76.08,77,125,1.0,False,339,15092,0.0225,784,4,15000,0,64,1
AutoEvalMetaData__171,1241,ACR,What action is he performing with the device in his hand?,"['He is testing the electrical current.', 'He is diagnosing electrical faults.', 'He is measuring the voltage level.', 'He is calibrating the device settings.']",He is testing the electrical current.,A,A) He is testing the electrical current.,A,100.0,105.94,106,125,1.0,False,407,20776,0.0196,980,5,15000,0,64,1
AutoEvalMetaData__171,1242,ACR,What action does the device indicate when it lights up?,"['It signifies that the device is powered on.', 'It shows that the temperature is above the set limit.', 'It confirms successful data transmission.', 'It indicates the presence of electrical current.']",It indicates the presence of electrical current.,D,D) It indicates the presence of electrical current.,D,100.0,124.96,125,125,1.0,False,453,24500,0.0185,1176,6,15000,0,64,1
AutoEvalMetaData__172,1366,OCR,What brand is displayed on the front of the box?,"['ASUS', 'NVIDIA', 'AMD', 'Corsair']",AMD,C,A) ASUS,A,0.0,62.96,63,363,1.0,False,404,12348,0.0327,588,3,15000,0,64,1
AutoEvalMetaData__172,1367,OCR,What is the name printed on top-left of the large component box?,"['NVIDIA', 'Corsair', 'ASUS', 'Intel']",ASUS,C,C) ASUS,C,100.0,315.92,316,363,1.0,False,1029,61936,0.0166,1372,7,15000,0,64,1
AutoEvalMetaData__172,1369,OCR,What model is this GPU??,"['RTX3080', 'RTX3090', 'RTX3070', 'RTX3060']",RTX3080,A,C) RTX3070,C,0.0,316.01,317,363,1.0,False,1029,62132,0.0166,1372,7,15000,0,64,1
AutoEvalMetaData__172,1368,OCR,What connector is he holding?,"['Upper DisplayPort connector', 'Side USB Micro-B connector', 'Front USB-C connector', 'Front USB-A connector']",Front USB-C connector,C,A) Upper DisplayPort connector,A,0.0,362.01,363,363,1.0,False,1133,71148,0.0159,1568,8,15000,0,64,1
AutoEvalMetaData__176,737,STU,What is the position of the glass beaker relative to the white block?,"['The glass beaker is behind the white block.', 'The glass beaker is to the right of the white block.', 'The glass beaker is in front of the white block.', 'The glass beaker is to the left of the white block.']",The glass beaker is to the left of the white block.,D,A) The glass beaker is behind the white block.,A,0.0,60.37,61,343,1.0,False,549,11956,0.0459,588,3,15000,0,64,1
AutoEvalMetaData__176,738,STU,What tool is being used to cut the white block in half?,"['A saw.', 'Chisel and hammer', 'Laser cutter', 'Rotary tool']",A saw.,A,A) A saw.,A,100.0,67.37,68,343,1.0,False,566,13328,0.0425,784,4,15000,0,64,1
AutoEvalMetaData__176,886,OJR,What object is being cut in the hands that are wearing orange gloves?,"['Small pumpkin', 'Dry ice block.', 'A piece of frozen meat', 'Solid milk chocolate bar']",Dry ice block.,B,B) Dry ice block.,B,100.0,70.37,71,343,1.0,False,580,13916,0.0417,980,5,15000,0,64,1
AutoEvalMetaData__176,739,STU,What is to the left of the figure with wings?,"['A streetlamp.', 'A small helicopter.', 'A tall pine tree.', 'A blue sedan.']",A small helicopter.,B,B) A small helicopter.,B,100.0,130.73,131,343,1.0,False,1129,25676,0.044,1568,8,15000,0,64,1
AutoEvalMetaData__176,887,OJR,"What type of figure is prominently displayed, and what action is it performing?","[""A superhero toy with a cape, acting as if it's flying or dancing."", ""A fairy toy with a wand, acting as if it's flying or dancing."", ""A knight toy with a sword, acting as if it's flying or dancing."", ""A princess toy with wings, acting as if it's flying or dancing.""]","A princess toy with wings, acting as if it's flying or dancing.",D,"D) A princess toy with wings, acting as if it's flying or dancing",D,100.0,153.73,154,343,1.0,False,1206,30184,0.04,1764,9,15000,0,64,1
AutoEvalMetaData__176,889,OJR,How many white containers are visible in the scene?,"['One white container.', 'Two white containers.', 'Three white containers.', 'Four white containers.']",Two white containers.,B,C) Three white containers.,C,0.0,154.73,155,343,1.0,False,1207,30380,0.0397,1960,10,15000,0,64,1
AutoEvalMetaData__176,888,OJR,What is the person holding in their hands while wearing orange gloves?,"['A frozen fish wrapped in plastic.', 'Dry ice block.', 'An ice cream cone with vanilla flavor.', 'A bright orange tangerine.']",Dry ice block.,B,B) Dry ice block.,B,100.0,167.73,168,343,1.0,False,1240,32928,0.0377,2156,11,15000,0,64,1
AutoEvalMetaData__176,740,STU,In which direction is the person standing on the dry ice?,"['Right', 'Left', 'front', 'back']",Left,B,C) front,C,0.0,342.73,343,343,1.0,False,1932,67228,0.0287,2940,15,15000,0,64,1
AutoEvalMetaData__180,785,STU,Which direction is the hand pointing at the doorbell facing relative to the door frame?,"['The hand is pointing directly downward relative to the door frame.', 'The hand is pointing slightly to the right relative to the door frame.', 'The hand is pointing slightly to the left relative to the door frame.', 'The hand is pointing directly upward relative to the door frame.']",The hand is pointing slightly to the left relative to the door frame.,C,C) The hand is pointing slightly to the left relative to the door frame.,C,100.0,51.59,52,129,1.0,False,388,10192,0.0381,392,2,15000,0,64,1
AutoEvalMetaData__180,786,STU,Where is the wire located in relation to the hole in the wall?,"['The wire descends from above the hole.', 'The wire is protruding from the center of the hole.', 'The wire extends from the far-right side of the hole.', 'The wire is poking through the upper-right side of the hole.']",The wire is protruding from the center of the hole.,B,A) The wire descends from above the hole.,A,0.0,128.34,129,129,1.0,False,708,25284,0.028,784,4,15000,0,64,1
AutoEvalMetaData__181,903,OJR,What are these two people holding?,"['Black Camera', 'Silver round medal', 'Football', 'Platinum round medal']",Silver round medal,B,C) Football,C,0.0,903.32,904,904,1.0,False,3858,177184,0.0218,3920,20,15000,0,64,1
AutoEvalMetaData__185,916,OJR,How many athletes are visible in the race scene?,"['There are four athletes visible in the race scene.', 'There are three athletes visible in the race scene.', 'There are five athletes visible in the race scene.', 'There are seven athletes visible in the race scene.']",There are five athletes visible in the race scene.,C,A) There are four athletes visible in the race scene.,A,0.0,157.59,158,269,1.0,False,829,30968,0.0268,980,5,15000,0,64,1
AutoEvalMetaData__185,915,OJR,How many athletes are visible in the race scene?,"['There are four athletes visible in the race scene.', 'There are three athletes visible in the race scene.', 'There are five athletes visible in the race scene.', 'There are seven athletes visible in the race scene.']",There are four athletes visible in the race scene.,A,A) There are four athletes visible in the race scene.,A,100.0,160.59,161,269,1.0,False,856,31556,0.0271,1176,6,15000,0,64,1
AutoEvalMetaData__185,913,OJR,What flag is the athlete holding up?,"['The flag of Switzerland.', 'The flag of Japan.', 'The flag of Canada.', 'The flag of Singapore.']",The flag of Singapore.,D,B) The flag of Japan.,B,0.0,250.58,251,269,1.0,False,1466,49196,0.0298,1960,10,15000,0,64,1
AutoEvalMetaData__185,914,OJR,How many athletes are visible in the race scene?,"['There are four athletes visible in the race scene.', 'There are three athletes visible in the race scene.', 'There are five athletes visible in the race scene.', 'There are seven athletes visible in the race scene.']",There are seven athletes visible in the race scene.,D,D) There are seven athletes visible in the race scene.,D,100.0,268.59,269,269,1.0,False,1546,52724,0.0293,2156,11,15000,0,64,1
AutoEvalMetaData__187,1307,ACR,What is the posture of the person kneeling on the grass?,"['He is kneeling to propose marriage.', 'He is kneeling to examine the grass for insects.', 'She is kneeling to plant a small flower.', ""He is kneeling to tie a child's shoelace.""]",He is kneeling to tie a child's shoelace.,D,D) He is kneeling to tie a child's shoelace.,D,100.0,14.63,15,323,1.0,False,253,2940,0.0861,392,2,15000,0,64,1
AutoEvalMetaData__187,1306,ACR,What is he doing?,"['He is working on a computer.', 'He is kneeling to tie the shoelace of the child next to the girl.', 'He is reading a book.', 'He is playing football.']",He is working on a computer.,A,A) He is working on a computer.,A,100.0,34.0,35,323,1.0,False,329,6860,0.048,588,3,15000,0,64,1
AutoEvalMetaData__187,712,STU,Which direction are the four red players running,"['The four red players are running towards Stadium Center.', 'The four red players are running towards Football.', 'The four red players are running to the left.', 'The four red players are running to the right.']",The four red players are running to the left.,C,C) The four red players are running to the left.,C,100.0,81.53,82,323,1.0,False,619,16072,0.0385,980,5,15000,0,64,1
AutoEvalMetaData__187,713,STU,What is the position of the soccer balls relative to the coach and the players?,"['The coach is behind the soccer balls, and the players are facing away from them.', 'The players are facing the soccer balls, and the coach is to their left.', 'The coach is facing away from the soccer balls, while the players are facing towards them.', 'The soccer balls are to the left of the coach, and the players are opposite them.']","The coach is facing away from the soccer balls, while the players are facing towards them.",C,"B) The players are facing the soccer balls, and the coach is to their",B,0.0,208.93,209,323,1.0,False,1302,40964,0.0318,1764,9,15000,0,64,1
AutoEvalMetaData__187,714,STU,What is the arrangement of the team from left to right based on their jersey numbers?,"['The team is arranged from left to right as 10 and 2.', 'From left to right, the team is arranged as 2 and 10.', 'The players are arranged from left to right in the order of 16 and 2.', 'The team is arranged from left to right as 15 and 7.']",The team is arranged from left to right as 10 and 2.,A,"B) From left to right, the team is arranged as 2 and ",B,0.0,226.93,227,323,1.0,False,1361,44492,0.0306,1960,10,15000,0,64,1
AutoEvalMetaData__187,716,STU,How does the size of the man on the left compare to the size of the man on the right in terms of height?,"['The man on the left is significantly taller than the man on the right.', 'The man on the left is shorter than the man on the right.', 'The man on the left and the man on the right both appear to be quite tall.', 'Both men are of similar height.']",The man on the left is shorter than the man on the right.,B,D) Both men are of similar height.,D,0.0,296.07,297,323,1.0,False,1609,58212,0.0276,2352,12,15000,0,64,1
AutoEvalMetaData__187,715,STU,What is the relative position of the two men in black and white jackets?,"['The man in the black jacket is in front of the man in the white jacket.', 'The man in the black jacket is behind the man in the white jacket.', 'The man in the black jacket is to the left of the man in the white jacket.', 'The man in the black jacket is to the right of the man in the white jacket.']",The man in the black jacket is to the left of the man in the white jacket.,C,B) The man in the black jacket is behind the man in the white jacket,B,0.0,302.07,303,323,1.0,False,1613,59388,0.0272,2548,13,15000,0,64,1
AutoEvalMetaData__187,717,STU,What is the orientation of the footballs relative to the man?,"[""The footballs are to the man's left."", ""The footballs are in the man's hand."", 'The footballs are in front of the man.', ""The footballs are to the man's right.""]",The footballs are to the man's right.,D,D) The footballs are to the man's right.,D,100.0,322.07,323,323,1.0,False,1742,63308,0.0275,2744,14,15000,0,64,1
AutoEvalMetaData__19,919,OJR,What is this person holding in his hand?,"['black bag', 'black book', 'black belt', 'black box']",black belt,C,A) black bag,A,0.0,390.83,391,609,1.0,False,967,76636,0.0126,980,5,15000,0,64,1
AutoEvalMetaData__19,1069,ATR,What type of accessory is the person wearing around the neck?,"['Scarf.', 'Bandana.', 'Tie', 'Necklace']",Bandana.,B,B) Bandana.,B,100.0,608.17,609,609,1.0,False,1181,119364,0.0099,1372,7,15000,0,64,1
AutoEvalMetaData__19,1070,ATR,What pattern is present on the shirt?,"['Striped pattern.', 'Plain pattern with text.', 'Checkered pattern.', 'Polka dot pattern.']",Plain pattern with text.,B,B) Plain pattern with text.,B,100.0,608.17,609,609,1.0,False,1181,119364,0.0099,1372,7,15000,0,64,1
AutoEvalMetaData__192,1038,ATR,What color is the horse in the front that has a rider wearing an orange cap?,"['The horse is gray.', 'The horse is white.', 'The horse is black.', 'The horse is dark brown.']",The horse is dark brown.,D,D) The horse is dark brown.,D,100.0,49.47,50,571,1.0,False,337,9800,0.0344,392,2,15000,0,64,1
AutoEvalMetaData__192,1039,ATR,What is the predominant color of the jockey's outfit on the horse in the blue jacket?,"['Green', 'Red', 'Yellow', 'Blue.']",Blue.,D,D).,D,100.0,66.47,67,571,1.0,False,387,13132,0.0295,588,3,15000,0,64,1
AutoEvalMetaData__192,1407,OCR,Which number of horses is slightly behind now?,"['6', '22', '333', '4']",4,D,A) 6,A,0.0,136.33,137,571,1.0,False,664,26852,0.0247,980,5,15000,0,64,1
AutoEvalMetaData__192,1405,OCR,What is the winning amount mentioned?,"['WIN $2,848,500', 'WIN $1,754,920', 'WIN $3,105,672', 'WIN $2,260,831']","WIN $2,260,831",D,"A) WIN $2,848,500",A,0.0,151.33,152,571,1.0,False,740,29792,0.0248,1176,6,15000,0,64,1
AutoEvalMetaData__192,1404,OCR,What is the final odds for the horse numbered 4?,"['8', '5', '2', '3']",5,B,D) 3,D,0.0,152.33,153,571,1.0,False,749,29988,0.025,1372,7,15000,0,64,1
AutoEvalMetaData__192,1406,OCR,What are the words on this microphone?,"['CHAMPIONS', 'WINNERS', 'LEADERS', 'VICTORS']",CHAMPIONS,A,B) WINNERS,B,0.0,570.33,571,571,1.0,False,2097,111916,0.0187,2744,14,15000,0,64,1
AutoEvalMetaData__194,1418,OCR,What text is on the block that was just hit?,"['STOP', 'OFF', 'ON', 'HALT']",OFF,B,C) ON,C,0.0,142.72,143,147,1.0,False,1053,28028,0.0376,1176,6,15000,0,64,1
AutoEvalMetaData__194,1419,OCR,What is the score now?,"['000002140', '000012140', '000001100', '000014190']",000014190,D,B) 000012140,B,0.0,146.72,147,147,1.0,False,1056,28812,0.0367,1372,7,15000,0,64,1
AutoEvalMetaData__195,1454,OCR,How many entries in column C are numeric?,"['5', '7', '9', '3']",5,A,A) 5,A,100.0,11.05,12,86,1.0,False,262,2352,0.1114,392,2,15000,0,64,1
AutoEvalMetaData__195,1456,OCR,What numbers are listed in the cells of column C?,"['15, 20, 25, 30, 35', '-5, -4, -3, -2, -1', '11, 12, 13, 14, 15', '1, 2, 3, 4, 5']","1, 2, 3, 4, 5",D,"D) 1, 2, 3, 4, 5",D,100.0,11.05,12,86,1.0,False,262,2352,0.1114,392,2,15000,0,64,1
AutoEvalMetaData__195,1455,OCR,What text is being written in the B column?,"['Activities', 'Tasks', 'Goals', 'Items']",Tasks,B,B) Tasks,B,100.0,60.05,61,86,1.0,False,421,11956,0.0352,588,3,15000,0,64,1
AutoEvalMetaData__195,1457,OCR,Which menu option is being selected?,"['Shadow Text', 'Vertical Text', 'Outline Text', 'Reflect Text']",Vertical Text,B,B) Vertical Text,B,100.0,70.05,71,86,1.0,False,455,13916,0.0327,784,4,15000,0,64,1
AutoEvalMetaData__195,1458,OCR,What font size is he choosing for the current table?,"['16', '18', '12', '14']",14,D,D) 14,D,100.0,85.05,86,86,1.0,False,512,16856,0.0304,980,5,15000,0,64,1
AutoEvalMetaData__197,1084,ATR,What is the material of the containers visible?,"['Metal.', 'Ceramic.', 'Glass.', 'Plastic.']",Plastic.,D,D) Plastic.,D,100.0,166.63,167,169,1.0,False,476,32732,0.0145,588,3,15000,0,64,1
AutoEvalMetaData__197,1085,ATR,What is on the cardboard box?,"['It is adorned with abstract shapes and minimalist design.', 'Pattern consists of printed graphics and text.', 'The box is plain with minimal text and simple symbols.', 'The surface is covered with shipping labels and barcodes.']",Pattern consists of printed graphics and text.,B,D) The surface is covered with shipping labels and barcodes.,D,0.0,167.63,168,169,1.0,False,477,32928,0.0145,784,4,15000,0,64,1
AutoEvalMetaData__197,1086,ATR,What is the state of the drawers?,"['The drawers are fully extended with chipped paint.', 'The drawers are misaligned and slightly scratched.', 'The drawers are partially open and worn.', 'The drawers are completely closed but uneven and scratched.']",The drawers are partially open and worn.,C,C) The drawers are partially open and worn.,C,100.0,168.64,169,169,1.0,False,478,33124,0.0144,980,5,15000,0,64,1
AutoEvalMetaData__198,1049,ATR,How would you describe the hairstyle of the person completing the obstacle course?,"['The individual completing the course sports a buzz cut.', ""The person's hairstyle features curly hair."", 'The person has straight hair tied back in a ponytail.', 'The participant completing the obstacle course has shoulder-length wavy hair.']",The person's hairstyle features curly hair.,B,A) The individual completing the course sports a buzz cut.,A,0.0,227.2,228,228,1.0,False,1012,44688,0.0226,1176,6,15000,0,64,1
AutoEvalMetaData__201,1317,ACR,What is this woman doing?,"['She takes out the trash from the bin.', 'She is throwing something into the bin.', 'She is cleaning the bin very carefully with a blue cloth.', 'She is pushing the bin away.']",She takes out the trash from the bin.,A,B) She is throwing something into the bin.,B,0.0,58.14,59,202,1.0,False,439,11564,0.038,588,3,15000,0,64,1
AutoEvalMetaData__201,1316,ACR,What is the person doing?,"['She is collecting .', 'She is dropping trash.', 'She is sleeping.', 'See is steping on the pedal to open the trash bin.']",She is sleeping.,C,D) See is steping on the pedal to open the trash bin.,D,0.0,101.14,102,202,1.0,False,685,19992,0.0343,980,5,15000,0,64,1
AutoEvalMetaData__201,1315,ACR,What is someone doing with their foot?,"['Someone is using their foot to press a pedal.', 'A person is gently kicking a ball with their foot.', 'A child is tapping their foot to the rhythm of the music.', 'An individual is balancing on one foot while standing on a log.']",Someone is using their foot to press a pedal.,A,A) Someone is using their foot to press a pedal.,A,100.0,201.13,202,202,1.0,False,1107,39592,0.028,1568,8,15000,0,64,1
AutoEvalMetaData__203,923,OJR,What is this monkey holding in his hand?,"['fork', 'spoon', 'Empty glass', 'A glass full of milk']",fork,A,B) spoon,B,0.0,240.0,241,601,1.0,False,522,47236,0.0111,588,3,15000,0,64,1
AutoEvalMetaData__203,924,OJR,What is this monkey holding in his hand?,"['fork.', 'white bowl.', 'Empty glass.', 'spoon.']",Empty glass.,C,B) white bowl.,B,0.0,526.47,527,601,1.0,False,889,103292,0.0086,980,5,15000,0,64,1
AutoEvalMetaData__203,925,OJR,What is this monkey holding in his hand?,"['fork.', 'white bowl.', 'Empty glass.', 'A glass full of milk.']",A glass full of milk.,D,B) white bowl.,B,0.0,540.47,541,601,1.0,False,906,106036,0.0085,1176,6,15000,0,64,1
AutoEvalMetaData__203,926,OJR,What is this monkey holding in his hand?,"['fork.', 'steering wheel.', 'Empty glass.', 'A glass full of milk.']",steering wheel.,B,D) A glass full of milk.,D,0.0,600.47,601,601,1.0,False,1021,117796,0.0087,1372,7,15000,0,64,1
AutoEvalMetaData__204,1036,ATR,What color is the scooter that the child is standing on?,"['Black with silver.', 'Red with a white stripe.', 'Purple with orange highlights.', 'White with blue stripes.']",Black with silver.,A,D) White with blue stripes.,D,0.0,206.97,207,207,1.0,False,631,40572,0.0156,784,4,15000,0,64,1
AutoEvalMetaData__214,872,OJR,What is the object seen at the table?,"['A red bowl.', 'A blue bowl.', 'A white bowl.', 'A green bowl.']",A white bowl.,C,C) A white bowl.,C,100.0,90.47,91,417,1.0,False,450,17836,0.0252,588,3,15000,0,64,1
AutoEvalMetaData__214,874,OJR,What is the animal seen at the table?,"['A monkey.', 'A raccoon.', 'A squirrel.', 'A bird.']",A monkey.,A,A) A monkey.,A,100.0,239.47,240,417,1.0,False,742,47040,0.0158,980,5,15000,0,64,1
AutoEvalMetaData__214,873,OJR,What is the monkey holding?,"['A spoon', 'A fork', 'A banana', 'A stick']",A fork,B,B) A fork,B,100.0,240.47,241,417,1.0,False,743,47236,0.0157,1176,6,15000,0,64,1
AutoEvalMetaData__214,875,OJR,How many cups are present on the table?,"['Two cups', 'Three cups', 'Four cups', 'One cup']",One cup,D,D) One cup,D,100.0,407.77,408,417,1.0,False,1037,79968,0.013,1568,8,15000,0,64,1
AutoEvalMetaData__214,876,OJR,What is the monkey holding in its hands?,"['A piece of food', 'A fork', 'A cup of milk', 'A leaf']",A piece of food,A,B) A fork,B,0.0,416.77,417,417,1.0,False,1046,81732,0.0128,1764,9,15000,0,64,1
AutoEvalMetaData__215,792,STU,Which objects are on the wall above the couch?,"['Two urban scene paintings.', 'An abstract metal sculpture and a vintage clock.', 'A colorful tapestry depicting a forest landscape.', 'A pair of classic black-and-white photographs.']",Two urban scene paintings.,A,D) A pair of classic black-and-white photographs.,D,0.0,35.23,36,107,1.0,False,290,7056,0.0411,392,2,15000,0,64,1
AutoEvalMetaData__215,793,STU,How are the cherry tomatoes organized in the pan?,"['The cherry tomatoes are halved and placed in alternating rows on the pan.', 'The cherry tomatoes are halved and arranged in a circular pattern.', 'The cherry tomatoes are halved and scattered randomly throughout the pan.', 'The cherry tomatoes are cut into wedges and placed in a spiral pattern across the pan.']",The cherry tomatoes are halved and scattered randomly throughout the pan.,C,A) The cherry tomatoes are halved and placed in alternating rows on the pan,A,0.0,70.23,71,107,1.0,False,481,13916,0.0346,588,3,15000,0,64,1
AutoEvalMetaData__215,794,STU,What is the man holding in his right hand when entering the room?,"['He is holding a mug.', 'He is holding a plate.', 'He is holding a book.', 'He is holding a pen.']",He is holding a mug.,A,A) He is holding a mug.,A,100.0,93.43,94,107,1.0,False,609,18424,0.0331,784,4,15000,0,64,1
AutoEvalMetaData__215,795,STU,Where is the mug placed relative to the keyboard?,"['The mug can be found behind the keyboard.', 'The mug is to the left of the keyboard.', 'The mug is positioned under the keyboard.', 'The mug sits in front of the keyboard.']",The mug is to the left of the keyboard.,B,D) The mug sits in front of the keyboard.,D,0.0,106.43,107,107,1.0,False,622,20972,0.0297,980,5,15000,0,64,1
AutoEvalMetaData__216,1350,OCR,What is the number of the bus?,"['4433', '3321', '3333', '3352']",3352,D,C) 3333,C,0.0,73.29,74,471,1.0,False,426,14504,0.0294,588,3,15000,0,64,1
AutoEvalMetaData__216,1349,OCR,What is displayed on the phone screen?,"['Blinding Lights by The Weeknd on YouTube Music.', 'Levitating by Dua Lipa on Amazon Music.', 'Shape of You by Ed Sheeran on Apple Music.', 'BackOutsideBoyz by Drake on Spotify.']",BackOutsideBoyz by Drake on Spotify.,D,A) Blinding Lights by The Weeknd on YouTube Music.,A,0.0,82.41,83,471,1.0,False,467,16268,0.0287,784,4,15000,0,64,1
AutoEvalMetaData__216,1351,OCR,What word is printed on the front of the hoodie worn by the person?,"['VOGUE', 'SUPREME', 'GAP', 'NOAH']",NOAH,D,B) SUPREME,B,0.0,470.72,471,471,1.0,False,1590,92316,0.0172,1960,10,15000,0,64,1
AutoEvalMetaData__217,1281,ACR,What is he doing with the bottle?,"['He shakes the bottle vigorously.', 'He puts the bottle on the table.', 'He picks up the bottle from the floor.', 'He hands the bottle to a friend.']",He puts the bottle on the table.,B,B) He puts the bottle on the table.,B,100.0,333.0,334,359,1.0,False,868,65464,0.0133,980,5,15000,0,64,1
AutoEvalMetaData__217,1282,ACR,What did he do with the clothes?,"['He sorted the clothes by color.', 'He hung the clothes back up.', 'He folded the clothes.', 'He picked up the clothes.']",He picked up the clothes.,D,D) He picked up the clothes.,D,100.0,354.0,355,359,1.0,False,904,69580,0.013,1176,6,15000,0,64,1
AutoEvalMetaData__217,1283,ACR,What is he doing with his shoe?,"['He is examining a small scratch on the sole.', 'He is tying his shoelaces.', 'He is polishing his shoe with a cloth.', 'He is removing a stone from the tread.']",He is tying his shoelaces.,B,B) He is tying his shoelaces.,B,100.0,358.48,359,359,1.0,False,917,70364,0.013,1372,7,15000,0,64,1
AutoEvalMetaData__219,1411,OCR,Who is introducing the other three to Dancing?,"['Greg Hartley', 'Scott Rouse', 'Chase Hughes', 'Mark Bowden.']",Mark Bowden.,D,C) Chase Hughes,C,0.0,65.47,66,273,1.0,False,693,12936,0.0536,784,4,15000,0,64,1
AutoEvalMetaData__219,1410,OCR,What are the names of the individuals mentioned?,"['Josh Winters, Emily Bennett, Georgia Ryan, Nathan Lewis', 'Greg Hartley, Scott Rouse, Chase Hughes, Mark Bowden.', 'Timothy Blake, Sophia Foster, Noah Lincoln, Rachel Thompson', 'Lucas Shepherd, Olivia Raymond, Emma Warren, Alex Mitchell']","Greg Hartley, Scott Rouse, Chase Hughes, Mark Bowden.",B,"B) Greg Hartley, Scott Rouse, Chase Hughes, Mark Bowden",B,100.0,66.47,67,273,1.0,False,694,13132,0.0528,980,5,15000,0,64,1
AutoEvalMetaData__219,1412,OCR,Who is introducing the other three to Dancing?,"['Greg Hartley', 'Scott Rouse', 'Chase Hughes', 'Mark Bowden.']",Chase Hughes,C,B) Scott Rouse,B,0.0,105.47,106,273,1.0,False,723,20776,0.0348,1176,6,15000,0,64,1
AutoEvalMetaData__219,1413,OCR,Who is introducing the other three to Dancing?,"['Greg Hartley', 'Scott Rouse', 'Chase Hughes', 'Mark Bowden.']",Greg Hartley,A,B) Scott Rouse,B,0.0,197.47,198,273,1.0,False,758,38808,0.0195,1372,7,15000,0,64,1
AutoEvalMetaData__219,1414,OCR,Who is introducing the other three to Dancing?,"['Greg Hartley', 'Scott Rouse', 'Chase Hughes', 'Mark Bowden.']",Scott Rouse,B,B) Scott Rouse,B,100.0,272.47,273,273,1.0,False,782,53508,0.0146,1568,8,15000,0,64,1
AutoEvalMetaData__224,1463,OCR,What is displayed on the house number plate?,"['33-D', '56-E', '21-B', '12-A']",21-B,C,A) 33-D,A,0.0,64.78,65,113,1.0,False,515,12740,0.0404,588,3,15000,0,64,1
AutoEvalMetaData__224,1464,OCR,What text can be seen on the yellow sign in the background?,"['YOU GOT THIS', 'STAY POSITIVE', 'BE KIND ALWAYS', 'YOU ARE AWESOME']",YOU ARE AWESOME,D,C) BE KIND ALWAYS,C,0.0,112.78,113,113,1.0,False,729,22148,0.0329,980,5,15000,0,64,1
AutoEvalMetaData__226,1101,ATR,What is the prominent color of the obstacle on the structure?,"['Red.', 'Blue', 'Yellow', 'Green']",Red.,A,A) Red.,A,100.0,943.61,944,954,1.0,False,2967,185024,0.016,3136,16,15000,0,64,1
AutoEvalMetaData__226,1102,ATR,What type of clothing is the person wearing?,"['Summer dress', 'Wetsuit', 'Business suit', 'Bikini']",Wetsuit,B,B) Wetsuit,B,100.0,953.62,954,954,1.0,False,3001,186984,0.016,3332,17,15000,0,64,1
AutoEvalMetaData__227,1043,ATR,What shape is the bread on the plate?,"['The bread is a half-circle.', 'The bread is a sliced.', 'The bread is a triangle.', 'The bread is a square.']",The bread is a half-circle.,A,B) The bread is a sliced.,B,0.0,718.75,719,719,1.0,False,748,140924,0.0053,784,4,15000,0,64,1
AutoEvalMetaData__229,890,OJR,What type of meat is being cut on the board?,"['Pork chops', 'Beef steaks', 'Chicken breasts', 'Lamb shanks']",Chicken breasts,C,C) Chicken breasts,C,100.0,7.93,8,106,1.0,False,223,1568,0.1422,392,2,15000,0,64,1
AutoEvalMetaData__229,892,OJR,How many cloves of garlic are displayed on the table?,"['1', '2', '3', '4']",3,C,B) 2,B,0.0,30.93,31,106,1.0,False,372,6076,0.0612,588,3,15000,0,64,1
AutoEvalMetaData__229,891,OJR,What herb is being chopped in the bowl?,"['The herb being chopped in the bowl is basil.', 'The herb being chopped in the bowl is parsley.', 'The herb being chopped in the bowl is cilantro.', 'The herb being chopped in the bowl is dill.']",The herb being chopped in the bowl is parsley.,B,B) The herb being chopped in the bowl is parsley.,B,100.0,86.53,87,106,1.0,False,590,17052,0.0346,980,5,15000,0,64,1
AutoEvalMetaData__229,893,OJR,What vegetables are being cut on the chopping board?,"['garlic', 'Green onion fresh chives', 'Parsley', 'Green ball pepper']",Green ball pepper,D,B) Green onion fresh chives,B,0.0,105.53,106,106,1.0,False,656,20776,0.0316,1176,6,15000,0,64,1
AutoEvalMetaData__23,804,STU,Which player stands closer to the audience behind them?,"['The players in red shirts stand closer to the audience behind them.', 'The players in black shirts stand closer to the audience behind them.', 'The players in white shirts stand closer to the audience behind them.', 'The players in blue shirts stand closer to the audience behind them.']",The players in white shirts stand closer to the audience behind them.,C,A) The players in red shirts stand closer to the audience behind them.,A,0.0,8.04,9,96,1.0,False,207,1764,0.1173,392,2,15000,0,64,1
AutoEvalMetaData__23,805,STU,How many players are competing on the field now?,"['There are five players on the field.', 'There are three players on the field.', 'There are four players on the field.', 'There are two players on the field.']",There are two players on the field.,D,D) There are two players on the field.,D,100.0,35.04,36,96,1.0,False,285,7056,0.0404,588,3,15000,0,64,1
AutoEvalMetaData__23,808,STU,Which player is closer to the net?,"['The players in white shirts.', 'The players in blue shirts.', 'The players in red shirts.', 'The players in yellow shirts.']",The players in white shirts.,A,C) The players in red shirts.,C,0.0,61.56,62,96,1.0,False,378,12152,0.0311,784,4,15000,0,64,1
AutoEvalMetaData__23,806,STU,How many players are competing on the field now?,"['There are five players on the field.', 'There are three players on the field.', 'There are four players on the field.', 'There are two players on the field.']",There are four players on the field.,C,D) There are two players on the field.,D,0.0,66.04,67,96,1.0,False,379,13132,0.0289,980,5,15000,0,64,1
AutoEvalMetaData__23,807,STU,Which player stands closer to the audience behind them?,"['The players in green shirts.', 'The players in blue shirts.', 'The players in red shirts.', 'The players in yellow shirts.']",The players in red shirts.,C,C) The players in red shirts.,C,100.0,73.56,74,96,1.0,False,384,14504,0.0265,1176,6,15000,0,64,1
AutoEvalMetaData__23,1392,OCR,Who are the winners of the mixed team match listed on the scoreboard?,"['Yu-jie WANG / Han-sheng YANG', 'Wenmei Li/Xuanxuan LIU', 'Chia-hsin LEE / Chun Hsun TENG', 'Emma LIU / Darren CHEN']",Chia-hsin LEE / Chun Hsun TENG,C,C) Chia-hsin LEE / Chun Hsun TENG,C,100.0,88.56,89,96,1.0,False,404,17444,0.0232,1372,7,15000,0,64,1
AutoEvalMetaData__23,1393,OCR,What is the final score displayed for the match in the result table?,"['3 - 2', '2 - 0', '0 - 2', '2 - 3']",2 - 3,D,A) 3 - 2,A,0.0,95.56,96,96,1.0,False,434,18816,0.0231,1568,8,15000,0,64,1
AutoEvalMetaData__231,1380,OCR,What is the text on the screen now?,"['PREPARING THE VEGAN EGG MIXTURE', 'Vegan Eggless Eggs', 'WHAT DID I JUST HEAR', 'IS THIS EVEN REAL']",Vegan Eggless Eggs,B,B) Vegan Eggless Eggs,B,100.0,63.92,64,447,1.0,False,323,12544,0.0257,392,2,15000,0,64,1
AutoEvalMetaData__231,1381,OCR,What is the text on the screen now?,"['PREPARING THE VEGAN EGG MIXTURE', 'Vegan Eggless Eggs', 'WHAT DID I JUST HEAR', 'IS THIS EVEN REAL']",PREPARING THE VEGAN EGG MIXTURE,A,A) PREPARING THE VEGAN EGG MIXTURE,A,100.0,103.92,104,447,1.0,False,465,20384,0.0228,588,3,15000,0,64,1
AutoEvalMetaData__231,1378,OCR,What is the text on the screen now?,"['PREPARING THE VEGAN EGG MIXTURE', 'Vegan Eggless Eggs', 'WHAT DID I JUST HEAR', 'IS THIS EVEN REAL']",WHAT DID I JUST HEAR,C,A) PREPARING THE VEGAN EGG MIXTURE,A,0.0,358.92,359,447,1.0,False,1018,70364,0.0145,1176,6,15000,0,64,1
AutoEvalMetaData__231,1379,OCR,What word is written above the plate?,"['QUAIL EGG', 'OSTRICH EGG', 'CHICKEN EGG', 'DUCK EGG']",QUAIL EGG,A,A) QUAIL EGG,A,100.0,363.32,364,447,1.0,False,1035,71344,0.0145,1372,7,15000,0,64,1
AutoEvalMetaData__231,1382,OCR,What is the text on this packaging bag?,"['PREPARING THE VEGAN EGG MIXTURE', 'Vegan Eggless Eggs', 'WHAT DID I JUST HEAR', 'EGGLESS EGG']",EGGLESS EGG,D,D) EGGLESS EGG,D,100.0,446.92,447,447,1.0,False,1103,87612,0.0126,1568,8,15000,0,64,1
AutoEvalMetaData__233,1445,OCR,What text appears at the bottom of the scene when she is talking to someone in the car?,"[""'Siblings Ignore Little Sister'"", ""'Nobody wants to play with me.'"", ""'AJ can you push me?'"", ""'Can I use the swing?'""]",'Nobody wants to play with me.',B,C) 'AJ can you push me?',C,0.0,130.3,131,131,1.0,False,610,25676,0.0238,784,4,15000,0,64,1
AutoEvalMetaData__234,1341,OCR,What name and number are visible on the back of this person's jacket?,"['LAFFONT, 00', 'TOM, 21', 'MOTEEA, 18', 'GUS, 83']","GUS, 83",D,"B) TOM, 21",B,0.0,102.91,103,466,1.0,False,454,20188,0.0225,588,3,15000,0,64,1
AutoEvalMetaData__234,877,OJR,What type of vehicles are mainly seen traveling down the road?,"['Go-karts', 'Bicycles', 'Motorcycles', 'Cars']",Go-karts,A,A) Go-karts,A,100.0,121.27,122,466,1.0,False,516,23912,0.0216,784,4,15000,0,64,1
AutoEvalMetaData__234,878,OJR,How many go-karts are visible in the area?,"['One go-kart', 'Two go-karts', 'Three go-karts', 'Four go-karts']",Four go-karts,D,C) Three go-karts,C,0.0,154.84,155,466,1.0,False,574,30380,0.0189,980,5,15000,0,64,1
AutoEvalMetaData__234,1467,OCR,What is the name visible on the front go-karts?,"[""One of the go-karts has the name 'MOTEEA 181' visible on it."", ""One of the go-karts has the name 'MOTEEA 19' visible on it."", ""One of the go-karts has the name 'MOTEEA 18' visible on it."", ""One of the go-karts has the name 'MOTEEA 21' visible on it.""]",One of the go-karts has the name 'MOTEEA 18' visible on it.,C,C) One of the go-karts has the name 'MOTEEA,C,100.0,191.84,192,466,1.0,False,618,37632,0.0164,1176,6,15000,0,64,1
AutoEvalMetaData__234,1342,OCR,What name and number are visible on the back of this person's jacket?,"['LAFFONT, 00', 'TOM, 21', 'MOTEEA, 18', 'GUS, 83']","MOTEEA, 18",C,"C) MOTEEA, 18",C,100.0,308.91,309,466,1.0,False,844,60564,0.0139,1568,8,15000,0,64,1
AutoEvalMetaData__234,1340,OCR,What name and number are visible on the back of this person's jacket?,"['LAFFONT, 00', 'TOM, 21', 'MOTEEA, 18', 'GUS, 83']","LAFFONT, 00",A,"C) MOTEEA, 18",C,0.0,465.91,466,466,1.0,False,1292,91336,0.0141,2156,11,15000,0,64,1
AutoEvalMetaData__235,1040,ATR,What color is the man's wetsuit in this moment?,"['The wetsuit appears to be a dark color with bright logos or patterns.', 'The wetsuit looks predominantly black with neon accents.', 'The wetsuit is mostly dark blue with reflective strips.', 'The wetsuit appears to be dark with some light-colored highlights.']",The wetsuit appears to be dark with some light-colored highlights.,D,B) The wetsuit looks predominantly black with neon accents.,B,0.0,241.21,242,243,1.0,False,1327,47432,0.028,1372,7,15000,0,64,1
AutoEvalMetaData__235,1041,ATR,What kind of texture does the water appear to have?,"['The water appears to have a clear texture with a smooth surface.', 'The water appears to have a rough texture with visible waves.', 'The water appears to have a slightly murky texture with bubbles visible.', 'The water appears to have a frothy texture with some foam on top.']",The water appears to have a slightly murky texture with bubbles visible.,C,C) The water appears to have a slightly murky texture with bubbles visible.,C,100.0,242.21,243,243,1.0,False,1329,47628,0.0279,1568,8,15000,0,64,1
AutoEvalMetaData__236,869,OJR,What item is the boxer holding while being surrounded by others?,"['The boxer is holding a trophy.', 'The boxer is holding a microphone.', 'The boxer is holding a bouquet of flowers.', 'The boxer is holding a championship belt.']",The boxer is holding a championship belt.,D,D) The boxer is holding a championship belt.,D,100.0,658.8,659,659,1.0,False,966,129164,0.0075,980,5,15000,0,64,1
AutoEvalMetaData__24,1078,ATR,What type of accessory is the person wearing on their head?,"['The person is wearing a sun visor.', 'The person is wearing ski goggles.', 'The person is wearing a beanie.', 'The person is wearing a bucket hat.']",The person is wearing ski goggles.,B,B) The person is wearing ski goggles.,B,100.0,565.57,566,566,1.0,False,1729,110936,0.0156,1764,9,15000,0,64,1
AutoEvalMetaData__240,1301,ACR,What action is she performing in the beginning?,"['She is preparing to climb over a fence.', 'She is adjusting her scarf in the wind.', 'She is running away from the bull.', 'She is looking back at the bull nervously.']",She is running away from the bull.,C,C) She is running away from the bull.,C,100.0,151.33,152,167,1.0,False,720,29792,0.0242,784,4,15000,0,64,1
AutoEvalMetaData__240,1302,ACR,How is she trying to evade the bull?,"['She is ducking into a narrow alleyway.', 'She is pointing to the crowd.', 'She is trying to jump over the barrier.', 'She is rolling underneath a fence.']",She is trying to jump over the barrier.,C,B) She is pointing to the crowd.,B,0.0,160.33,161,167,1.0,False,750,31556,0.0238,980,5,15000,0,64,1
AutoEvalMetaData__240,1303,ACR,What gesture is she making when she stops on the field?,"['She is waving her hands.', 'She is pointing to the crowd.', 'She is making a fist pump.', 'She is waving her hands.']",She is waving her hands.,D,A) She is waving her hands.,A,0.0,166.33,167,167,1.0,False,781,32732,0.0239,1176,6,15000,0,64,1
AutoEvalMetaData__241,1433,OCR,What text is displayed on the lower left in the frame?,"['APPLY TODAY...', 'OPEN POSITIONS...', 'JOIN US NOW...', 'HIRING BUT...']",HIRING BUT...,D,B) OPEN POSITIONS...,B,0.0,354.83,355,355,1.0,False,1049,69580,0.0151,1176,6,15000,0,64,1
AutoEvalMetaData__242,774,STU,Where is the group gathered?,"['The group is gathered around the blue barrel.', 'The group is gathered under the large oak tree.', 'The group is gathered in front of the wooden shed.', 'The group is gathered near the bonfire pit.']",The group is gathered around the blue barrel.,A,C) The group is gathered in front of the wooden shed.,C,0.0,4.04,5,125,1.0,False,197,980,0.201,392,2,15000,0,64,1
AutoEvalMetaData__242,775,STU,What is inside the blue barrel from a top view?,"['A red bag filled with colorful marbles.', 'A small orange container with a white substance.', 'A rolled-up yellow tarp with straps around it.', 'A stack of neatly arranged mint-green envelopes.']",A small orange container with a white substance.,B,C) A rolled-up yellow tarp with straps around it.,C,0.0,13.04,14,125,1.0,False,204,2744,0.0743,588,3,15000,0,64,1
AutoEvalMetaData__242,859,OJR,What is coming out of the barrel at this moment?,"['Smoke.', 'Flames', 'A swarm of bees', 'A stream of water']",Smoke.,A,A) Smoke.,A,100.0,22.04,23,125,1.0,False,207,4508,0.0459,784,4,15000,0,64,1
AutoEvalMetaData__242,776,STU,What happens above the blue barrel after the people leave?,"['Smoke or vapor rises vertically above the blue barrel.', 'A bird briefly lands and takes off above the blue barrel.', 'A series of balloons drift slowly upwards above the blue barrel.', 'Leaves fall gently on the blue barrel from above.']",Smoke or vapor rises vertically above the blue barrel.,A,A) Smoke or vapor rises vertically above the blue barrel.,A,100.0,24.04,25,125,1.0,False,211,4900,0.0431,980,5,15000,0,64,1
AutoEvalMetaData__242,858,OJR,What is this person holding in his hands?,"['Bucket lid', 'Bucket', 'mobile phone', 'bag']",Bucket lid,A,B) Bucket,B,0.0,62.47999999999999,63,125,1.0,False,259,12348,0.021,1176,6,15000,0,64,1
AutoEvalMetaData__242,777,STU,Who put the lid back on top of the blue barrel.,"['The person in black with the white helmet.', 'The person in blue with the white helmet.', 'The employee wearing the red helmet.', 'The guy with the black gloves.']",The person in black with the white helmet.,A,A) The person in black with the white helmet.,A,100.0,124.8,125,125,1.0,False,296,24500,0.0121,1372,7,15000,0,64,1
AutoEvalMetaData__243,1434,OCR,What words are crossed out in the text?,"['new blender buyers', 'recent food processor purchasers', 'novice kitchen equipment owners', 'new Vitamix owners']",new Vitamix owners,D,D) new Vitamix owners,D,100.0,12.05,13,133,1.0,False,239,2548,0.0938,392,2,15000,0,64,1
AutoEvalMetaData__243,1435,OCR,What brand is the juicer?,"['Ninja', 'Vitamix', 'Breville', 'Cuisinart']",Vitamix,B,B) Vitamix,B,100.0,39.05,40,133,1.0,False,293,7840,0.0374,588,3,15000,0,64,1
AutoEvalMetaData__243,1044,ATR,What color is the shirt that the person is wearing?,"['The shirt is yellow.', 'The shirt is blue.', 'The shirt is white.', 'The shirt is green.']",The shirt is yellow.,A,A) The shirt is yellow.,A,100.0,61.9,62,133,1.0,False,336,12152,0.0276,784,4,15000,0,64,1
AutoEvalMetaData__243,1045,ATR,What shape are the containers on the shelf?,"['Cylindrical.', 'Cubical.', 'Spherical.', 'Rectangular prisms.']",Cylindrical.,A,A) Cylindrical.,A,100.0,90.92,91,133,1.0,False,373,17836,0.0209,980,5,15000,0,64,1
AutoEvalMetaData__243,1436,OCR,What is written on this note?,"['FEED ME!', 'WASH ME!', 'USE ME!', 'CLEAN ME!']",FEED ME!,A,A) FEED ME!,A,100.0,97.05,98,133,1.0,False,406,19208,0.0211,1176,6,15000,0,64,1
AutoEvalMetaData__243,1437,OCR,What are the words on the apron?,"['Ninja', 'Breville', 'Vitamix', 'Cuisinart']",Vitamix,C,C) Vitamix,C,100.0,107.05,108,133,1.0,False,427,21168,0.0202,1372,7,15000,0,64,1
AutoEvalMetaData__243,1046,ATR,What texture does the mixture appear to have?,"['Thick and creamy.', 'Smooth and liquidy.', 'Gritty and coarse.', 'Lumpy and uneven.']",Smooth and liquidy.,B,A) Thick and creamy.,A,0.0,132.84,133,133,1.0,False,491,26068,0.0188,1568,8,15000,0,64,1
AutoEvalMetaData__247,866,OJR,How many tent are visible in the area surrounding the person?,"['There are two tents in the area behind the person.', 'There one tent in the area behind the person.', 'There are three tents in the area behind the person.', 'There are four tents in the area behind the person.']",There one tent in the area behind the person.,B,B) There one tent in the area behind the person.,B,100.0,326.8,327,641,1.0,False,1316,64092,0.0205,1372,7,15000,0,64,1
AutoEvalMetaData__247,867,OJR,What type of vegetation is visible near the rocky area?,"['Cacti and rocks are visible near the rocky area.', 'Palm trees and sand are visible near the rocky area.', 'Ferns and logs are visible near the rocky area.', 'Grass and flowers are visible near the rocky area.']",Ferns and logs are visible near the rocky area.,C,C) Ferns and logs are visible near the rocky area.,C,100.0,632.13,633,641,1.0,False,2271,124068,0.0183,2352,12,15000,0,64,1
AutoEvalMetaData__247,868,OJR,What is the state of the person's hand shown?,"[""The person's hand is shown with a bandage."", ""The person's hand is shown with a tattoo."", ""The person's hand is shown with a glove."", ""The person's hand is shown with cuts and dirt.""]",The person's hand is shown with cuts and dirt.,D,D) The person's hand is shown with cuts and dirt.,D,100.0,640.13,641,641,1.0,False,2286,125636,0.0182,2548,13,15000,0,64,1
AutoEvalMetaData__248,1422,OCR,What brand is on the water bottle she is holding?,"['Volvic', 'Aquafina', 'Fiji', 'Evian']",Volvic,A,A) Volvic,A,100.0,180.84,181,286,1.0,False,355,35476,0.01,392,2,15000,0,64,1
AutoEvalMetaData__248,1423,OCR,What brand is on the bottle she is holding?,"['Volvic', 'PEPPERMINT', 'ROSEMARY', 'JASMINE']",ROSEMARY,C,A) Volvic,A,0.0,259.84,260,286,1.0,False,526,50960,0.0103,588,3,15000,0,64,1
AutoEvalMetaData__248,1077,ATR,What type of clothing is the person wearing?,"['Black jacket.', 'Green t-shirt.', 'Gray hoodie.', 'White shirt.']",White shirt.,D,D) White shirt.,D,100.0,285.24,286,286,1.0,False,619,56056,0.011,784,4,15000,0,64,1
AutoEvalMetaData__249,899,OJR,What is the type of container the person is holding while standing in the bathroom?,"[""A small bottle of essential oil labeled 'Lavender'."", ""A small bottle of essential oil labeled 'Jasmine'."", ""A small bottle of essential oil labeled 'Rose'."", ""A small bottle of essential oil labeled 'Peppermint'.""]",A small bottle of essential oil labeled 'Jasmine'.,B,A) A small bottle of essential oil labeled 'Lavender'.,A,0.0,208.2,209,287,1.0,False,734,40964,0.0179,784,4,15000,0,64,1
AutoEvalMetaData__249,900,OJR,What items are currently visible in the lunchbox?,"['string cheese', 'box of raisins', 'granola bar', 'pouch of apple sauce']",pouch of apple sauce,D,D),D,100.0,276.27,277,287,1.0,False,851,54292,0.0157,980,5,15000,0,64,1
AutoEvalMetaData__249,901,OJR,How many different types of food items are packed in the lunchbox?,"['The lunchbox contains five distinct types of food items.', 'There are four different types of food items in the lunchbox.', 'Inside the lunchbox, you will find three various kinds of food items.', 'The lunchbox is packed with a total of six different food items.']",There are four different types of food items in the lunchbox.,B,B) There are four different types of food items in the lunchbox.,B,100.0,280.27,281,287,1.0,False,858,55076,0.0156,1176,6,15000,0,64,1
AutoEvalMetaData__249,902,OJR,What is the content in the zip bag that is being held?,"['Glazed almonds.', 'Sweet caramel popcorn.', 'Spicy corn chips.', 'Crunchy potato snacks.']",Crunchy potato snacks.,D,D) Crunchy potato snacks.,D,100.0,286.27,287,287,1.0,False,877,56252,0.0156,1372,7,15000,0,64,1
AutoEvalMetaData__250,1311,ACR,What is she doing with the chicken in her hands?,"['She is placing the chicken into a pot of water.', 'She is putting the chicken down.', 'She is holding the chicken while preparing to cook it.', 'She is cutting the chicken into smaller pieces.']",She is putting the chicken down.,B,C) She is holding the chicken while preparing to cook it.,C,0.0,157.89,158,329,1.0,False,1079,30968,0.0348,1176,6,15000,0,64,1
AutoEvalMetaData__250,950,OJR,What device is being interacted with?,"['Smartphone.', 'Laptop.', 'Tablet.', 'Desktop computer.']",Tablet.,C,C) Tablet.,C,100.0,213.95,214,329,1.0,False,1251,41944,0.0298,1372,7,15000,0,64,1
AutoEvalMetaData__250,951,OJR,How many exercise balls can be seen?,"['Three exercise balls are visible.', 'Four exercise balls are visible.', 'Two exercise balls are visible.', 'One exercise ball is visible.']",Two exercise balls are visible.,C,D) One exercise ball is visible.,D,0.0,328.15,329,329,1.0,False,1754,64484,0.0272,1960,10,15000,0,64,1
AutoEvalMetaData__252,800,STU,What is the orientation of the tree with lights in relation to the two children?,"[""The tree with lights is in front and slightly to the right of the children from the viewer's perspective."", ""The tree with lights is to the right and a little bit behind the children from the observer's point of view."", ""The tree with lights is behind and slightly to the left of the two children from the viewer's perspective."", 'The tree with lights is directly to the left and slightly in front of the children as seen by the viewer.']",The tree with lights is behind and slightly to the left of the two children from the viewer's perspective.,C,C) The tree with lights is behind and slightly to the left of the two,C,100.0,83.72,84,385,1.0,False,422,16464,0.0256,588,3,15000,0,64,1
AutoEvalMetaData__252,799,STU,What is the position of the two bowls in relation to the food on the table?,"['The bowls are to the right of the food.', 'The bowls are in front of the food.', 'The bowls are to the left of the food.', 'The bowls are behind the food.']",The bowls are behind the food.,D,B) The bowls are in front of the food.,B,0.0,140.72,141,385,1.0,False,480,27636,0.0174,784,4,15000,0,64,1
AutoEvalMetaData__252,801,STU,What is the person on the left holding in front of them?,"['A blue notebook.', 'A small potato.', 'A red apple.', 'A white egg.']",A small potato.,B,B) A small potato.,B,100.0,384.68,385,385,1.0,False,635,75460,0.0084,980,5,15000,0,64,1
AutoEvalMetaData__254,1440,OCR,What name is on the cardboard house?,"['Ziggy', 'Coco', 'BiBi', 'Maxi']",BiBi,C,C) BiBi,C,100.0,21.27,22,294,1.0,False,219,4312,0.0508,392,2,15000,0,64,1
AutoEvalMetaData__254,1035,ATR,What color is the soup in the bowl that appears in the scene?,"['The soup is green.', 'The soup is red.', 'The soup is yellow.', 'The soup is blue.']",The soup is green.,A,A) The soup is green.,A,100.0,237.9,238,294,1.0,False,541,46648,0.0116,784,4,15000,0,64,1
AutoEvalMetaData__254,1295,ACR,What is the man in the red shirt doing?,"['He is serving rice.', 'He is cooking.', 'He is using chopsticks to pick up food.', 'He is cutting fruit with a knife.']",He is using chopsticks to pick up food.,C,C) He is using chopsticks to pick up food.,C,100.0,271.13,272,294,1.0,False,567,53312,0.0106,980,5,15000,0,64,1
AutoEvalMetaData__254,1296,ACR,How is the monkey in the orange shirt eating?,"['The monkey is eating while sitting down.', 'The monkey is eating using a spoon.', 'The monkey is eating with its hands.', 'The monkey is eating with a fork.']",The monkey is eating with a fork.,D,B) The monkey is eating using a spoon.,B,0.0,293.13,294,294,1.0,False,588,57624,0.0102,1176,6,15000,0,64,1
AutoEvalMetaData__255,1438,OCR,What is the text above the person in black saying?,"['Haha! Things are about to get spicy!', ""Hehehehe! You're in trouble now!"", 'Hohoho! You’ve stepped into the arena!', 'Teehee! This is where it gets interesting!']",Hehehehe! You're in trouble now!,B,D) Teehee! This is where it gets interesting!,D,0.0,162.73,163,434,1.0,False,752,31948,0.0235,784,4,15000,0,64,1
AutoEvalMetaData__255,1439,OCR,What is the statement that strong man just made?,"['Repercussions will be drastic.', ""Hehehehe! You're in trouble now!"", 'The punishment will be severe.', ""DON'T STAND THERE! MOW THE LAWN!""]",The punishment will be severe.,C,D) DON'T STAND THERE! MOW THE LAWN!,D,0.0,188.75,189,434,1.0,False,812,37044,0.0219,980,5,15000,0,64,1
AutoEvalMetaData__255,1100,ATR,What is the hairstyle of the person holding an ice cream?,"['The person has long hair tied in a bun.', 'The person has short curly hair.', 'The person has medium-length hair with bangs.', 'The person has wavy hair styled in a braid.']",The person has long hair tied in a bun.,A,A) The person has long hair tied in a bun.,A,100.0,433.33,434,434,1.0,False,1582,85064,0.0186,1764,9,15000,0,64,1
AutoEvalMetaData__256,1284,ACR,What is she doing?,"['She is working with computer.', 'She is holding her hands together.', 'She is waving with both hands.', 'She is forming a heart shape with her fingers.']",She is working with computer.,A,A) She is working with computer.,A,100.0,87.75,88,181,1.0,False,374,17248,0.0217,392,2,15000,0,64,1
AutoEvalMetaData__256,1285,ACR,What is she doing?,"['She is drinking water.', 'She is working with computer.', 'She is reading a book.', 'She is doing a deadlift.']",She is drinking water.,A,D) She is doing a deadlift.,D,0.0,125.75,126,181,1.0,False,469,24696,0.019,588,3,15000,0,64,1
AutoEvalMetaData__256,1286,ACR,What is she doing?,"['She is working with computer.', 'She is doing a deadlift.', 'She is cleaning the floor.', 'She is washing dishes.']",She is washing dishes.,D,D) She is washing dishes.,D,100.0,180.75,181,181,1.0,False,589,35476,0.0166,784,4,15000,0,64,1
AutoEvalMetaData__256,1287,ACR,What is she doing?,"['She is working with computer.', 'She is doing a deadlift.', 'She is sweep the floor.', 'She is washing dishes.']",She is sweep the floor.,C,D) She is washing dishes.,D,0.0,180.75,181,181,1.0,False,589,35476,0.0166,784,4,15000,0,64,1
AutoEvalMetaData__257,847,OJR,What is the girl holding in her hand while sitting at the sofa?,"['The girl is holding a small chalkboard.', 'The girl is holding a flower.', 'The girl is holding a cup.', 'The girl is holding a book.']",The girl is holding a small chalkboard.,A,A) The girl is holding a small chalkboard.,A,100.0,335.17,336,336,1.0,False,1648,65856,0.025,1764,9,15000,0,64,1
AutoEvalMetaData__258,745,STU,Which hand is the person holding the baby with?,"['The person is holding the baby with their left hand.', 'The person is cradling the baby against their chest with one hand supporting the head.', 'The person is holding the baby with both hands.', 'The person is holding the baby with their right hand.']",The person is holding the baby with both hands.,C,C) The person is holding the baby with both hands.,C,100.0,139.66,140,512,1.0,False,712,27440,0.0259,784,4,15000,0,64,1
AutoEvalMetaData__258,746,STU,What is the person doing?,"[""The baby is cradled in the woman's arms."", 'The boy and the girl are kissing.', 'This person is covering his face with his hands.', ""The baby is cradled in the man's arms.""]",The baby is cradled in the man's arms.,D,C) This person is covering his face with his hands.,C,0.0,168.67000000000002,169,512,1.0,False,731,33124,0.0221,980,5,15000,0,64,1
AutoEvalMetaData__258,748,STU,Whose arms is this baby in?,"['The woman in black is holding the baby.', 'The man in black T-shirt is holding the baby.', 'A little boy in a blue dress.', 'The baby is being held by a relative who arrived just a moment ago.']",The woman in black is holding the baby.,A,A) The woman in black is holding the baby.,A,100.0,414.7,415,512,1.0,False,1542,81340,0.019,1960,10,15000,0,64,1
AutoEvalMetaData__258,747,STU,What direction is the person on the left facing relative to the person holding the baby?,"['The person on the left is facing the same direction as the person holding the baby.', 'The person on the left is standing sideways to the person holding the baby.', 'The person on the left is turned away from the person holding the baby.', 'The person on the left is facing towards the person holding the baby.']",The person on the left is facing towards the person holding the baby.,D,D) The person on the left is facing towards the person holding the baby.,D,100.0,450.69,451,512,1.0,False,1622,88396,0.0183,2156,11,15000,0,64,1
AutoEvalMetaData__258,749,STU,Where is the pink blanket relative to the baby in the car seat?,"['The pink blanket is folded neatly next to the baby in the car seat, not covering them at all.', 'The pink blanket is draped over the car seat, partially covering the baby from above.', ""The pink blanket is hanging over the back of the car seat, providing extra padding for the baby's head."", 'The pink blanket is tucked around the baby, covering them completely within the car seat for warmth.']","The pink blanket is draped over the car seat, partially covering the baby from above.",B,"B) The pink blanket is draped over the car seat, partially covering the baby",B,100.0,511.74,512,512,1.0,False,1781,100352,0.0177,2352,12,15000,0,64,1
AutoEvalMetaData__259,1408,OCR,What are the letters on the sign?,"['SC', 'RD', 'SY', 'GL']",SC,A,B) RD,B,0.0,24.08,25,162,1.0,False,248,4900,0.0506,392,2,15000,0,64,1
AutoEvalMetaData__259,1409,OCR,What is written on the rear wing of this car?,"['TASK', 'TENEG1', 'TARGA', 'TENEG']",TENEG,D,D) TENEG,D,100.0,161.08,162,162,1.0,False,764,31752,0.0241,980,5,15000,0,64,1
AutoEvalMetaData__26,917,OJR,What item is placed on the floor in front of the people celebrating?,"['Rug.', 'Cushion', 'Mat', 'Skateboard.']",Skateboard.,D,D) Skateboard.,D,100.0,43.17,44,44,1.0,False,262,8624,0.0304,392,2,15000,0,64,1
AutoEvalMetaData__260,1095,ATR,What expression does the person in the rearview mirror have?,"['Calm.', 'Concerned.', 'Anxious.', 'Neutral.']",Calm.,A,B) Concerned.,B,0.0,183.03,184,184,1.0,False,917,36064,0.0254,980,5,15000,0,64,1
AutoEvalMetaData__263,1331,OCR,What brand name is on the toothpaste?,"['Aquafresh', 'Sensodyne', 'Crest', 'Colgate']",Colgate,D,C) Crest,C,0.0,80.88,81,559,1.0,False,321,15876,0.0202,392,2,15000,0,64,1
AutoEvalMetaData__263,1334,OCR,What is the text on the package?,"['Breyers', ""Ben & Jerry's"", 'Haagen-Dazs', 'Colgate']",Breyers,A,D) Colgate,D,0.0,237.82,238,559,1.0,False,534,46648,0.0114,784,4,15000,0,64,1
AutoEvalMetaData__263,1335,OCR,What is the text on the package?,"['SKITTLES', 'Colgate', 'SOUR PATCH', 'Breyers']",SOUR PATCH,C,C) SOUR PATCH,C,100.0,416.82,417,559,1.0,False,722,81732,0.0088,980,5,15000,0,64,1
AutoEvalMetaData__263,1332,OCR,What type of gas is indicated on the container to the right?,"['Carbon dioxide', 'Helium', 'Butane', 'Propane']",Propane,D,D) Propane,D,100.0,507.97,508,559,1.0,False,794,99568,0.008,1176,6,15000,0,64,1
AutoEvalMetaData__263,1333,OCR,What text is visible on the bottle in the middle?,"['Heineken', 'Budweiser', 'Coca-Cola', 'Pepsi']",Coca-Cola,C,C) Coca-Cola,C,100.0,558.82,559,559,1.0,False,863,109564,0.0079,1372,7,15000,0,64,1
AutoEvalMetaData__269,733,STU,What is written on the white paper?,"[""'200ml DI' and '40mg Erythrosine'"", ""'50ml DI' and '10mg Indocyanine Green'"", ""'150ml DI' and '20mg Methylene Blue'"", ""'100ml DI' and '30mg Indigo Carmine'""]",'100ml DI' and '30mg Indigo Carmine',D,D) '100ml DI' and '30mg Indigo,D,100.0,123.74,124,201,1.0,False,267,24304,0.011,392,2,15000,0,64,1
AutoEvalMetaData__269,1465,OCR,What is written on the white paper?,"[""'200ml DI' and '40mg Erythrosine'"", ""'50ml DI' and '10mg Indocyanine Green'"", ""'150ml DI' and '20mg Methylene Blue'"", ""'100ml DI' and '30mg Indigo Carmine'""]",'100ml DI' and '30mg Indigo Carmine',D,D) '100ml DI' and '30mg Indigo,D,100.0,123.74,124,201,1.0,False,267,24304,0.011,392,2,15000,0,64,1
AutoEvalMetaData__269,734,STU,What is this transparent beaker placed on?,"['Is placed on a white table', 'Is placed on a chair', 'Is placed on an instrument', 'Is placed on a person']",Is placed on an instrument,C,C) Is placed on an instrument,C,100.0,200.13,201,201,1.0,False,943,39396,0.0239,1176,6,15000,0,64,1
AutoEvalMetaData__269,1466,OCR,What is the angle between the side of the jar and the swirl of the liquid?,"['The angle is exactly 90 degrees.', 'The angle varies and can be acute or obtuse.', 'The angle is obtuse, more than 90 degrees.', 'The angle is acute, less than 90 degrees.']","The angle is acute, less than 90 degrees.",D,"C) The angle is obtuse, more than 90 degrees.",C,0.0,200.13,201,201,1.0,False,943,39396,0.0239,1176,6,15000,0,64,1
AutoEvalMetaData__270,769,STU,Which sheet has the less strips on it?,"['First on the left', 'Second from the left', 'Third from the left', 'Fourth from the left']",First on the left,A,A) First on the left,A,100.0,38.77,39,207,1.0,False,249,7644,0.0326,392,2,15000,0,64,1
AutoEvalMetaData__270,770,STU,Which spoon is he touching with the test strip?,"['Fourth from the left', 'First from the left', 'Second from the right', 'Fourth from the right']",First from the left,B,A) Fourth from the left,A,0.0,48.77,49,207,1.0,False,254,9604,0.0264,588,3,15000,0,64,1
AutoEvalMetaData__270,771,STU,Which spoon is he touching with the test strip?,"['He is touching the second spoon from the left with the test strip.', 'He is touching the first spoon from the right with the test strip.', 'He is touching the third spoon from the left with the test strip.', 'He is touching the last spoon on the right with the test strip.']",He is touching the second spoon from the left with the test strip.,A,C) He is touching the third spoon from the left with the test strip.,C,0.0,102.77000000000001,103,207,1.0,False,349,20188,0.0173,784,4,15000,0,64,1
AutoEvalMetaData__270,772,STU,Which spoon is he touching with the test strip?,"['He is touching the second spoon from the right with the test strip.', 'He is touching the first spoon from the right with the test strip.', 'He is touching the fourth spoon from the left with the test strip.', 'He is touching the third spoon from the left with the test strip.']",He is touching the third spoon from the left with the test strip.,D,D) He is touching the third spoon from the left with the test strip.,D,100.0,139.77,140,207,1.0,False,402,27440,0.0147,980,5,15000,0,64,1
AutoEvalMetaData__270,773,STU,Which spoon is marked by the yellow circle?,"['The second from the left.', 'The third from the right.', 'The fourth from the right.', 'The third from the left.']",The third from the right.,B,D) The third from the left.,D,0.0,200.77,201,207,1.0,False,447,39396,0.0113,1176,6,15000,0,64,1
AutoEvalMetaData__270,768,STU,How many spoons are there on the table?,"['The table has nine spoons on it.', 'On the table, there are eight spoons.', 'There are five spoons on the table.', 'There are seven spoons on the table.']",There are seven spoons on the table.,D,C) There are five spoons on the table.,C,0.0,206.77,207,207,1.0,False,447,40572,0.011,1176,6,15000,0,64,1
AutoEvalMetaData__272,1357,OCR,What is written on the clear bottle beside the water bottle?,"['Distilled H2O', 'Demi Water', 'Deionized Solution', 'Filtered Liquid']",Demi Water,B,B) Demi Water,B,100.0,22.77,23,281,1.0,False,280,4508,0.0621,392,2,15000,0,64,1
AutoEvalMetaData__272,1358,OCR,What does the label on the bottle with the blue cap say?,"['Distilled Water H2O', 'Electrolyte Water Hydration', 'Demi Water', 'Purified Water pH 7']",Distilled Water H2O,A,C) Demi Water,C,0.0,33.3,34,281,1.0,False,326,6664,0.0489,588,3,15000,0,64,1
AutoEvalMetaData__272,1359,OCR,What does the label on the bottle?,"['EM 400', 'Distilled Water H2O', 'Demi Water', 'EM 100']",EM 100,D,D) EM 100,D,100.0,78.3,79,281,1.0,False,445,15484,0.0287,784,4,15000,0,64,1
AutoEvalMetaData__272,1360,OCR,What does the label on the bottle?,"['EM 400', 'Distilled Water H2O', 'Demi Water', 'EM 100']",Demi Water,C,D) EM 100,D,0.0,280.3,281,281,1.0,False,1099,55076,0.02,1568,8,15000,0,64,1
AutoEvalMetaData__274,1372,OCR,What is the current value displayed on the energy meter?,"['1.88 kWh', '3.12 kWh', '2.46 kWh', '0.95 kWh']",2.46 kWh,C,C) 2.46 kWh,C,100.0,21.0,22,189,1.0,False,339,4312,0.0786,392,2,15000,0,64,1
AutoEvalMetaData__274,1373,OCR,How does the text on the screen describe the extreme weather?,"['Extreme weather is recognized for its severity, volatility, anomaly, perilousness, and destruction.', 'Extreme weather is described as unusual, severe, unseasonal, dangerous, and damaging.', 'Extreme weather is noted for its harshness, irregularity, violence, hazards, and consequences.', 'Extreme weather is seen as intense, erratic, atypical, compromising, and disruptive.']","Extreme weather is described as unusual, severe, unseasonal, dangerous, and damaging.",B,"B) Extreme weather is described as unusual, severe, unseasonal, dangerous",B,100.0,48.0,49,189,1.0,False,590,9604,0.0614,784,4,15000,0,64,1
AutoEvalMetaData__274,1243,ACR,What is the person in the blue raincoat doing?,"['He is photographing the waves from the bridge during the storm.', 'He is walking his dog in the park while it rains heavily.', 'He is climbing a hill under the heavy rain for an adventure.', 'He is holding the railing during the hurricane.']",He is holding the railing during the hurricane.,D,A) He is photographing the waves from the bridge during the storm.,A,0.0,87.47,88,189,1.0,False,1097,17248,0.0636,1372,7,15000,0,64,1
AutoEvalMetaData__274,1244,ACR,How is the water flowing?,"['The water is flowing smoothly downstream.', 'The water is flowing turbulently.', 'The water is trickling gently over the rocks.', 'The water is cascading forcefully over the falls.']",The water is flowing turbulently.,B,B) The water is flowing turbulently.,B,100.0,188.47,189,189,1.0,False,2250,37044,0.0607,2548,13,15000,0,64,1
AutoEvalMetaData__275,1308,ACR,What is he doing?,"['He is setting the table.', 'He is pouring a drink into the glass.', 'He is reading a book.', 'He is playing a guitar.']",He is pouring a drink into the glass.,B,D) He is playing a guitar.,D,0.0,46.22,47,109,1.0,False,333,9212,0.0361,392,2,15000,0,64,1
AutoEvalMetaData__275,1309,ACR,What is she gesturing towards with her hand?,"['The sculpture behind them.', 'The sunset visible through the window.', 'The flower arrangement on the table.', 'The table in front of them.']",The sculpture behind them.,A,D) The table in front of them.,D,0.0,49.22,50,109,1.0,False,340,9800,0.0347,588,3,15000,0,64,1
AutoEvalMetaData__275,1310,ACR,What is he doing?,"['He is pouring a drink into the glass.', 'He is drinking water.', 'He is gesturing towards the mantelpiece.', 'He is talking to this woman.']",He is drinking water.,B,D) He is talking to this woman.,D,0.0,108.22,109,109,1.0,False,520,21364,0.0243,784,4,15000,0,64,1
AutoEvalMetaData__279,1424,OCR,What is the name on the small brown box?,"['The Eco Floss', 'Earthen Fiber', 'Planet String', 'Bio Bind']",The Eco Floss,A,A) The Eco Floss,A,100.0,137.05,138,387,1.0,False,526,27048,0.0194,588,3,15000,0,64,1
AutoEvalMetaData__279,1425,OCR,What is written on the little yellow house?,"['19\nFIREMAN', '19\nPOLICE', '19\nDOCTOR', '19\nLIFEGUARD']","19
LIFEGUARD",D,A) 19,A,0.0,257.05,258,387,1.0,False,888,50568,0.0176,980,5,15000,0,64,1
AutoEvalMetaData__279,1426,OCR,What's the label on this lid?,"['DRIED ROSE PETALS', 'DRIED LAVENDER BUDS', 'DRIED CHAMOMILE FLOWERS', 'DRIED JASMINE BLOSSOMS']",DRIED ROSE PETALS,A,A) DRIED ROSE PETALS,A,100.0,386.05,387,387,1.0,False,1205,75852,0.0159,1372,7,15000,0,64,1
AutoEvalMetaData__280,882,OJR,What type of bird is visible in the area where a person is sitting?,"['Black crow is present.', 'White pigeon is present.', 'Brown sparrow is present.', 'Gray seagull is present.']",White pigeon is present.,B,B) White pigeon is present.,B,100.0,87.33,88,177,1.0,False,502,17248,0.0291,588,3,15000,0,64,1
AutoEvalMetaData__280,883,OJR,What type of vehicle is parked in the background?,"['Green bicycle', 'Blue sedan', 'White van.', 'Red truck']",White van.,C,A) Green bicycle,A,0.0,176.63,177,177,1.0,False,722,34692,0.0208,980,5,15000,0,64,1
AutoEvalMetaData__282,1352,OCR,What word is on the board now?,"['Joy', 'Emerald', 'Life', 'Bread']",Life,C,D) Bread,D,0.0,48.03,49,613,1.0,False,259,9604,0.027,392,2,15000,0,64,1
AutoEvalMetaData__282,1353,OCR,What text is displayed now?,"['Milk Bucket', 'Butter', 'Peanut Butter Cup', 'Peppermint Swirl']",Peanut Butter Cup,C,B) Butter,B,0.0,612.38,613,613,1.0,False,1665,120148,0.0139,1960,10,15000,0,64,1
AutoEvalMetaData__286,1428,OCR,What is written on the red truck's license plate?,"['K243BM66', 'M659SR77', 'J547QP89', 'L732NT45']",K243BM66,A,B) M659SR77,B,0.0,36.0,37,504,1.0,False,332,7252,0.0458,392,2,15000,0,64,1
AutoEvalMetaData__286,1427,OCR,What time is displayed at the top left corner?,"['2010/12/31 23:59:59', '2012/01/02 03:26:15', '2019/04/30 09:00:00', '2018/07/22 06:12:45']",2012/01/02 03:26:15,B,A) 2010/12/31 23,A,0.0,37.1,38,504,1.0,False,335,7448,0.045,588,3,15000,0,64,1
AutoEvalMetaData__286,1429,OCR,What date and time is visible on the screen?,"['2012-11-11 14:23:45', '2017-09-27 09:00:00', '2014-07-15 08:45:20', '2013-05-21 12:59:33']",2013-05-21 12:59:33,D,D) 2013-05-21 12,D,100.0,44.0,45,504,1.0,False,350,8820,0.0397,784,4,15000,0,64,1
AutoEvalMetaData__286,1430,OCR,What is the license plate number of this car?,"['K243BM66', 'MA075H50', 'C451MHZZ', 'MA075H53']",MA075H50,B,D) MA075H53,D,0.0,447.0,448,504,1.0,False,1478,87808,0.0168,1960,10,15000,0,64,1
AutoEvalMetaData__286,1431,OCR,What is the license plate number of this car?,"['K243BM66', 'MA075H50', 'C451MHZZ', '3461EK-7']",3461EK-7,D,B) MA075H50,B,0.0,503.0,504,504,1.0,False,1595,98784,0.0161,2156,11,15000,0,64,1
AutoEvalMetaData__286,1432,OCR,What is the license plate number of this car?,"['K243BM66', 'MA075H50', 'BH8863EI', '3461EK-7']",BH8863EI,C,B) MA075H50,B,0.0,503.0,504,504,1.0,False,1595,98784,0.0161,2156,11,15000,0,64,1
AutoEvalMetaData__29,1031,ATR,What color pants is the person on the right wearing?,"['Khaki.', 'Light blue.', 'Dark green.', 'Black.']",Light blue.,B,A) Khaki.,A,0.0,634.6,635,779,1.0,False,1448,124460,0.0116,1568,8,15000,0,64,1
AutoEvalMetaData__29,1032,ATR,What is the hair type of the boxer on the right?,"['Short hair', 'Braids', 'Bald', 'Dreadlocks']",Dreadlocks,D,D) Dreadlocks,D,100.0,778.14,779,779,1.0,False,1644,152684,0.0108,1764,9,15000,0,64,1
AutoEvalMetaData__290,1065,ATR,What is the expression on their faces?,"['Peaceful and serene.', 'Quiet and composed.', 'Comfortable and tranquil.', 'Calm and relaxed.']",Calm and relaxed.,D,D) Calm and relaxed.,D,100.0,436.0,437,437,1.0,False,564,85652,0.0066,588,3,15000,0,64,1
AutoEvalMetaData__291,844,OJR,What object is being used to constructe the paper aircraft wing?,"['A plastic frame.', 'A wooden stick.', 'A paper sheet.', 'A metal rod.']",A wooden stick.,B,C) A paper sheet.,C,0.0,63.76,64,64,1.0,False,293,12544,0.0234,392,2,15000,0,64,1
AutoEvalMetaData__292,750,STU,What direction is the cannon under the green pipeline firing shells in?,"['right', 'left', 'up', 'down']",left,B,A) right,A,0.0,68.0,69,69,1.0,False,549,13524,0.0406,588,3,15000,0,64,1
AutoEvalMetaData__294,742,STU,What is the direction of the stairs here?,"['The stairs are broken and unsafe to use.', 'The stairs lead upward', 'There is no visible stairs in the scene', 'The stairs lead downward']",The stairs lead upward,B,B) The stairs lead upward,B,100.0,129.4,130,588,1.0,False,613,25480,0.0241,784,4,15000,0,64,1
AutoEvalMetaData__294,743,STU,What is the relative position of the large statue and the player character?,"['The large statue is directly in front of the player.', ""The large statue is to the player's left."", 'The large statue is behind the player.', ""The large statue is to the player's right.""]",The large statue is to the player's right.,D,C) The large statue is behind the player.,C,0.0,157.4,158,588,1.0,False,681,30968,0.022,980,5,15000,0,64,1
AutoEvalMetaData__294,744,STU,What is the relative position of the character on the right from the one holding the shield?,"['The character on the right is diagonally positioned relative to the shield holder.', 'The character on the right is slightly above the shield bearer.', 'The character on the right is slightly below the shield holder.', 'The character on the right is slightly behind the shield holder.']",The character on the right is slightly behind the shield holder.,D,A) The character on the right is diagonally positioned relative to the shield holder,A,0.0,587.57,588,588,1.0,False,1805,115248,0.0157,2156,11,15000,0,64,1
AutoEvalMetaData__30,787,STU,What is the pig facing as it eats the watermelon?,"['The pig is facing a woman in red.', 'The pig is facing a man in red.', 'The pig is facing a barn.', 'The pig is facing a tree.']",The pig is facing a woman in red.,A,A) The pig is facing a woman in red.,A,100.0,745.88,746,891,1.0,False,3626,146216,0.0248,3724,19,15000,0,64,1
AutoEvalMetaData__30,788,STU,Which direction is the driver facing while ordering?,"['The driver is facing left.', 'The driver is facing right.', 'The driver is facing backward.', 'The driver is facing forward.']",The driver is facing forward.,D,D) The driver is facing forward.,D,100.0,748.88,749,891,1.0,False,3649,146804,0.0249,3920,20,15000,0,64,1
AutoEvalMetaData__30,789,STU,Where is the person in the black sweatshirt standing?,"['middle', 'Stand first on the left', 'Stand first on the right', 'Stand last on the right']",middle,A,B) Stand first on the left,B,0.0,846.61,847,891,1.0,False,4209,166012,0.0254,4508,23,15000,0,64,1
AutoEvalMetaData__30,790,STU,Which direction is the open door facing relative to the person outside the bathroom?,"['The open door is positioned perpendicular to the person who is by the kitchen.', 'The open door is at a right angle to the person in the living room.', 'The open door is facing away from the person standing in the hallway.', 'The open door is facing towards the person outside the bathroom.']",The open door is facing towards the person outside the bathroom.,D,D) The open door is facing towards the person outside the bathroom.,D,100.0,853.62,854,891,1.0,False,4249,167384,0.0254,4704,24,15000,0,64,1
AutoEvalMetaData__30,791,STU,Which side shows a greater weight increase in the scales?,"['The left side demonstrates a more substantial gain in weight.', 'The right side shows a higher weight increase.', 'The increase in weight is more pronounced on the upper side.', 'The lower side reflects a greater increase in weight.']",The right side shows a higher weight increase.,B,A) The left side demonstrates a more substantial gain in weight.,A,0.0,890.65,891,891,1.0,False,4424,174636,0.0253,4900,25,15000,0,64,1
AutoEvalMetaData__305,1326,OCR,What is the name visible on the men's jacket?,"['A. Wade', 'B. Tyler', 'D. Carter', 'C. Jensen']",A. Wade,A,B) B. Tyler,B,0.0,266.48,267,509,1.0,False,733,52332,0.014,784,4,15000,0,64,1
AutoEvalMetaData__305,1327,OCR,What is written on the jacket of the person sitting on the bed?,"['CARPENTER 361850', 'CARPENTER 316512', 'CATERPILLAR 031789', 'CATERPILLAR 316920']",CARPENTER 361850,A,B) CATERPILLAR 316512,B,0.0,282.92,283,509,1.0,False,749,55468,0.0135,980,5,15000,0,64,1
AutoEvalMetaData__305,945,OJR,What object is being held by the person with light hair?,"['A bouquet of flowers.', 'A book.', 'A camera.', 'A crossbow.']",A crossbow.,D,D) A crossbow.,D,100.0,408.65,409,509,1.0,False,974,80164,0.0122,1372,7,15000,0,64,1
AutoEvalMetaData__305,946,OJR,What object is she holding in her hand?,"['A crossbow.', 'gun.', 'book', 'phone']",gun.,B,B) gun.,B,100.0,508.95,509,509,1.0,False,1170,99764,0.0117,1568,8,15000,0,64,1
AutoEvalMetaData__308,1298,ACR,What is he doing with his hands.,"['He is buttoning his pants.', 'He is folding a shirt.', 'He is taking a shower.', 'He is taking off his clothes.']",He is taking off his clothes.,D,D) He is taking off his clothes.,D,100.0,36.5,37,348,1.0,False,292,7252,0.0403,392,2,15000,0,64,1
AutoEvalMetaData__308,1300,ACR,What is he doing behind the glass?,"['He is taking a shower.', 'He is cleaning the aquarium.', 'He is repairing the window frame.', 'He is painting a mural on the wall.']",He is taking a shower.,A,A) He is taking a shower.,A,100.0,43.83,44,348,1.0,False,320,8624,0.0371,588,3,15000,0,64,1
AutoEvalMetaData__308,1299,ACR,What is he doing?,"['He is playing a musical instrument.', 'He is taking off his clothes.', 'He is taking a shower.', 'He is answering the phone.']",He is answering the phone.,D,C) He is taking a shower.,C,0.0,63.83,64,348,1.0,False,374,12544,0.0298,784,4,15000,0,64,1
AutoEvalMetaData__308,904,OJR,What object is displayed prominently on the red wall?,"['A painting of a woman in a black dress.', 'A large clock with Roman numerals.', 'A mirror with an ornate frame.', 'A tapestry featuring geometric patterns.']",A painting of a woman in a black dress.,A,A) A painting of a woman in a black dress.,A,100.0,116.49,117,348,1.0,False,491,22932,0.0214,980,5,15000,0,64,1
AutoEvalMetaData__308,905,OJR,What color is the wall behind the painting?,"['The wall behind the painting is blue.', 'The wall behind the painting is red.', 'The wall behind the painting is green.', 'The wall behind the painting is yellow.']",The wall behind the painting is red.,B,D) The wall behind the painting is yellow.,D,0.0,120.49,121,348,1.0,False,505,23716,0.0213,1176,6,15000,0,64,1
AutoEvalMetaData__308,1107,ATR,What color is the wall behind the painting?,"['The wall behind the painting is blue.', 'The wall behind the painting is red.', 'The wall behind the painting is green.', 'The wall behind the painting is yellow.']",The wall behind the painting is red.,B,D) The wall behind the painting is yellow.,D,0.0,120.49,121,348,1.0,False,505,23716,0.0213,1176,6,15000,0,64,1
AutoEvalMetaData__308,906,OJR,What is the item being carried by the person in the suit?,"['A square picture frame', 'A rectangular picture frame', 'A circular picture frame', 'A triangular picture frame']",A square picture frame,A,B) A rectangular picture frame,B,0.0,335.21,336,348,1.0,False,862,65856,0.0131,1568,8,15000,0,64,1
AutoEvalMetaData__308,1108,ATR,What is the item being carried by the person in the suit?,"['A square picture frame', 'A rectangular picture frame', 'A circular picture frame', 'A triangular picture frame']",A square picture frame,A,B) A rectangular picture frame,B,0.0,335.21,336,348,1.0,False,862,65856,0.0131,1568,8,15000,0,64,1
AutoEvalMetaData__308,907,OJR,What does the person in the striped shirt hold while examining the wall?,"['A sketchbook and a pencil.', 'A clipboard and a marker.', 'A diary and a highlighter.', 'A notebook and a pen.']",A notebook and a pen.,D,B) A clipboard and a marker.,B,0.0,347.22,348,348,1.0,False,880,68208,0.0129,1764,9,15000,0,64,1
AutoEvalMetaData__309,1254,ACR,What is he doing?,"['He is preparing the copier.', 'He is adjusting the copier.', 'He is looking at the paper.', 'He is operating the copier.']",He is looking at the paper.,C,D) He is operating the copier.,D,0.0,58.97,59,143,1.0,False,418,11564,0.0361,588,3,15000,0,64,1
AutoEvalMetaData__309,1255,ACR,What is he doing?,"['He is drinking water.', 'He is looking at the paper.', 'He is adjusting the copier.', 'He is talking on the phone.']",He is drinking water.,A,C) He is adjusting the copier.,C,0.0,66.97,67,143,1.0,False,435,13132,0.0331,784,4,15000,0,64,1
AutoEvalMetaData__309,922,OJR,What objects are visible on the floor?,"['Scattered papers', 'A pile of magazines', 'A pair of shoes', 'Bundles of money']",Bundles of money,D,D) Bundles of money,D,100.0,142.12,143,143,1.0,False,750,28028,0.0268,1176,6,15000,0,64,1
AutoEvalMetaData__31,1397,OCR,What is the height range of the eagle?,"['60cm to 79cm', '60cm to 90cm', '70cm to 90cm', '41cm to 70cm']",70cm to 90cm,C,A) 60cm to 79cm,A,0.0,472.67,473,814,1.0,False,3747,92708,0.0404,3920,20,15000,0,64,1
AutoEvalMetaData__31,1398,OCR,What animal's height range is listed as 60cm to 90cm?,"['Domestic Goat', 'Wild Boar', 'Coyote', 'Porcupine']",Porcupine,D,A) Domestic Goat,A,0.0,472.67,473,814,1.0,False,3747,92708,0.0404,3920,20,15000,0,64,1
AutoEvalMetaData__31,1399,OCR,What is the height range of the dog?,"['20cm to 1.2m', '10cm to 1.5m', '15cm to 1.1m', '25cm to 1.1m']",15cm to 1.1m,C,A) 20cm to 1.2m,A,0.0,518.67,519,814,1.0,False,4114,101724,0.0404,4312,22,15000,0,64,1
AutoEvalMetaData__31,1061,ATR,What is the color pattern of the creature on the left?,"['Green color', 'Blue color', 'Grey color', 'Black color']",Grey color,C,C) Grey color,C,100.0,812.12,813,814,1.0,False,5881,159348,0.0369,6272,32,15000,0,64,1
AutoEvalMetaData__31,1062,ATR,Which animal has a unique tail shape compared to the others?,"['The animal in the middle has a triangular-shaped tail.', 'The creature in the back has a diamond-shaped tail.', 'The creature on the right has a paddle-shaped tail.', 'The animal on the left has a spiral-shaped tail.']",The creature on the right has a paddle-shaped tail.,C,C) The creature on the right has a paddle-shaped tail.,C,100.0,813.12,814,814,1.0,False,5889,159544,0.0369,6468,33,15000,0,64,1
AutoEvalMetaData__311,1029,ATR,What shape can be observed in the object displayed?,"['The object has a triangular shape.', 'The object has an oval shape.', 'The object has a rectangular shape.', 'The object has a circular shape.']",The object has a circular shape.,D,D) The object has a circular shape.,D,100.0,525.93,526,526,1.0,False,1755,103096,0.017,1764,9,15000,0,64,1
AutoEvalMetaData__32,848,OJR,What animal is seen on the floor of the enclosure?,"['A lizard', 'A tortoise.', 'A meerkat', 'A guinea pig']",A tortoise.,B,B) A tortoise.,B,100.0,592.44,593,727,1.0,False,1316,116228,0.0113,1372,7,15000,0,64,1
AutoEvalMetaData__32,849,OJR,What is located at the top of the chicken enclosure?,"['Birdhouse-like structure.', 'Solar-powered fan', 'Weather monitoring device', 'Rainwater collection system']",Birdhouse-like structure.,A,A) Birdhouse-like structure.,A,100.0,718.78,719,727,1.0,False,1585,140924,0.0112,1764,9,15000,0,64,1
AutoEvalMetaData__32,1060,ATR,What type of trees are surrounding the area with the sign?,"['The trees are palm trees.', 'The trees are oak trees.', 'The trees are maple trees.', 'The trees are birch trees.']",The trees are palm trees.,A,A) The trees are palm trees.,A,100.0,726.28,727,727,1.0,False,1593,142492,0.0112,1960,10,15000,0,64,1
AutoEvalMetaData__320,1447,OCR,What is the total score shown for Monica Gavaris?,"['41.50', '43.40', '42.75', '44.10']",43.40,B,C) 42.75,C,0.0,34.77,35,235,1.0,False,323,6860,0.0471,392,2,15000,0,64,1
AutoEvalMetaData__320,1448,OCR,Who is the diver being scored in Round 1?,"['Jessica Wong.', 'Monica Gavaris.', 'Alex Rivera.', 'Chris Thompson.']",Monica Gavaris.,B,B) Monica Gavaris.,B,100.0,34.77,35,235,1.0,False,323,6860,0.0471,392,2,15000,0,64,1
AutoEvalMetaData__320,1446,OCR,"What scores did J1,J2,J3,J4,J5,J6,and J7 give in Round 1?","['J1: 5.0, J2: 4.5, J3: 6.0, J4: 5.0, J5: 5.5, J6: 4.0, J7: 6.0.', 'J1: 4.5, J2: 5.5, J3: 4.5, J4: 5.0, J5: 5.0, J6: 5.0, J7: 5.0.', 'J1: 3.5, J2: 7.0, J3: 3.5, J4: 6.5, J5: 4.0, J6: 6.0, J7: 5.0.', 'J1: 6.5, J2: 4.0, J3: 5.5, J4: 3.0, J5: 5.0, J6: 4.5, J7: 5.5.']","J1: 4.5, J2: 5.5, J3: 4.5, J4: 5.0, J5: 5.0, J6: 5.0, J7: 5.0.",B,"B) J1: 4.5, J2: 5.",B,100.0,35.77,36,235,1.0,False,325,7056,0.0461,588,3,15000,0,64,1
AutoEvalMetaData__320,1064,ATR,How is the woman's hair styled?,"['Curly.', 'Wavy.', 'Braided.', 'Straight.']",Braided.,C,C) Braided.,C,100.0,160.93,161,235,1.0,False,741,31556,0.0235,1176,6,15000,0,64,1
AutoEvalMetaData__320,1450,OCR,What is the total score shown for Monica Gavaris?,"['43.40', '114.80', '194.75', '196.30']",114.80,B,C) 194.75,C,0.0,165.77,166,235,1.0,False,770,32536,0.0237,1372,7,15000,0,64,1
AutoEvalMetaData__320,1449,OCR,What is the total score shown for Monica Gavaris?,"['43.40', '114.80', '194.75', '196.30']",196.30,D,C) 194.75,C,0.0,234.77,235,235,1.0,False,1068,46060,0.0232,1764,9,15000,0,64,1
AutoEvalMetaData__322,942,OJR,What small animal appears next to them on the bridge?,"['A squirrel.', 'A cat.', 'A dog.', 'A raccoon.']",A raccoon.,D,A) A squirrel.,A,0.0,47.84,48,78,1.0,False,329,9408,0.035,392,2,15000,0,64,1
AutoEvalMetaData__322,943,OJR,What is the animal lying on the ground near the bridge?,"['Snow leopard.', 'Bear.', 'raccoon.', 'Fox.']",raccoon.,C,B) Bear.,B,0.0,59.6,60,78,1.0,False,347,11760,0.0295,588,3,15000,0,64,1
AutoEvalMetaData__322,944,OJR,What type of animal is being held above the bridge?,"['A cat.', 'A raccoon.', 'A parrot.', 'A rabbit.']",A rabbit.,D,B) A raccoon.,B,0.0,77.62,78,78,1.0,False,374,15288,0.0245,784,4,15000,0,64,1
AutoEvalMetaData__326,718,STU,What direction is the man facing?,"['The man is facing the center of the room.', 'The man is facing the cabinet.', 'The man is facing the ipad.', 'The man is facing mirror.']",The man is facing the cabinet.,B,C) The man is facing the ipad.,C,0.0,25.44,26,135,1.0,False,218,5096,0.0428,392,2,15000,0,64,1
AutoEvalMetaData__326,719,STU,What is the relative position of the knives to the door?,"['The knives are left of the door.', 'The knives are right of the door.', 'The knives are above the door.', 'The knives are below the door.']",The knives are left of the door.,A,A) The knives are left of the door.,A,100.0,58.84,59,135,1.0,False,348,11564,0.0301,588,3,15000,0,64,1
AutoEvalMetaData__326,720,STU,What is the man doing in relation to the elevator?,"['The man is exiting the elevator.', 'The man is moving away the elevator.', 'The man is moving towards the elevator.', 'The man is waiting for the elevator to arrive.']",The man is moving towards the elevator.,C,C) The man is moving towards the elevator.,C,100.0,66.84,67,135,1.0,False,372,13132,0.0283,784,4,15000,0,64,1
AutoEvalMetaData__326,721,STU,Where is the person's hand positioned?,"['The hand is holding the pole below the toothbrush, while the other hand holds the toothbrush.', 'The hand is holding the pole below the newspaper, while the other hand holds the newspaper.', 'The hand is holding the pole above the toothbrush, while the other hand holds the toothbrush.', 'The hand is holding the pole above the newspaper, while the other hand holds the newspaper.']","The hand is holding the pole above the newspaper, while the other hand holds the newspaper.",D,"A) The hand is holding the pole below the toothbrush, while the other",A,0.0,72.84,73,135,1.0,False,417,14308,0.0291,980,5,15000,0,64,1
AutoEvalMetaData__326,722,STU,"What is the position of the note ""I'm here for you!"" in relation to ""CALL ON ME""?","['The note ""I\'m here for you!"" is directly beneath ""CALL ON ME.""', 'The note ""I\'m here for you!"" is to the left of ""CALL ON ME.""', 'The note ""I\'m here for you!"" is directly above ""CALL ON ME.""', 'The note ""I\'m here for you!"" is to the right of ""CALL ON ME.""']","The note ""I'm here for you!"" is to the right of ""CALL ON ME.""",D,"A) The note ""I'm here for you!"" is directly beneath ""CALL",A,0.0,128.64,129,135,1.0,False,574,25284,0.0227,1176,6,15000,0,64,1
AutoEvalMetaData__326,723,STU,"What are the relative positions of the notes saying ""I'm still here..."" and ""Love you loads"" on the counter?","['The note ""I\'m still here..."" is to the right of ""Love you loads.""', 'The note ""I\'m still here..."" is below ""Love you loads.""', 'The note ""I\'m still here..."" is above ""Love you loads.""', 'The note ""I\'m still here..."" is to the left of ""Love you loads.""']","The note ""I'm still here..."" is to the left of ""Love you loads.""",D,"D) The note ""I'm still here..."" is to the left of """,D,100.0,134.64,135,135,1.0,False,592,26460,0.0224,1372,7,15000,0,64,1
AutoEvalMetaData__34,864,OJR,How many players in yellow uniforms are near the blue player with the ball?,"['Two players in yellow uniforms.', 'Three players in yellow uniforms.', 'Four players in yellow uniforms.', 'Five players in yellow uniforms.']",Two players in yellow uniforms.,A,B) Three players in yellow uniforms.,B,0.0,62.2,63,259,1.0,False,410,12348,0.0332,588,3,15000,0,64,1
AutoEvalMetaData__34,865,OJR,What object is being played by the player in blue?,"['Soccer ball.', 'Tennis ball', 'Handball', 'Rugby ball']",Soccer ball.,A,A) Soccer ball.,A,100.0,139.51,140,259,1.0,False,644,27440,0.0235,980,5,15000,0,64,1
AutoEvalMetaData__34,724,STU,Where are the players in blue going?,"['The players in blue are approaching the Stadium penalty area.', 'The players in blue are heading towards the right side.', 'The players in blue are heading towards the left side.', 'The players in blue are moving towards the auditorium.']",The players in blue are heading towards the right side.,B,A) The players in blue are approaching the Stadium penalty area.,A,0.0,170.94,171,259,1.0,False,717,33516,0.0214,1176,6,15000,0,64,1
AutoEvalMetaData__34,725,STU,What is the position of the player in the yellow jersey relative to the blue team?,"['The player in the yellow jersey is in the middle of the blue team.', 'The player in the yellow jersey is to the left of the blue team.', 'The player in the yellow jersey is to the right of the blue team.', 'The player in the yellow jersey is in front of the blue team.']",The player in the yellow jersey is to the left of the blue team.,B,D) The player in the yellow jersey is in front of the blue team.,D,0.0,173.94,174,259,1.0,False,722,34104,0.0212,1372,7,15000,0,64,1
AutoEvalMetaData__34,726,STU,Where is the ball currently located on the field?,"[""The ball is near the left sideline towards the opponent's goal area."", 'The ball is close to the intersection of the penalty arc and the center circle.', 'The ball is positioned in the defensive half closer to the centerline.', 'The ball is in the right half of the center circle.']",The ball is in the right half of the center circle.,D,D) The ball is in the right half of the center circle.,D,100.0,176.94,177,259,1.0,False,726,34692,0.0209,1568,8,15000,0,64,1
AutoEvalMetaData__34,727,STU,What is the player in the yellow jersey trying to do with the ball?,"['The player in the yellow jersey is trying to intercept the ball.', 'The player in the yellow jersey is trying to dribble past the blue players.', 'The player in the yellow jersey is trying to score a goal.', 'The player in the yellow jersey is trying to Shoot the ball.']",The player in the yellow jersey is trying to intercept the ball.,A,B) The player in the yellow jersey is trying to dribble past the blue,B,0.0,204.4,205,259,1.0,False,826,40180,0.0206,1764,9,15000,0,64,1
AutoEvalMetaData__34,728,STU,From which direction is the ball approaching the goal area?,"['The ball is coming from the left side.', 'The ball is coming from the top.', 'The ball is coming from the center.', 'The ball is coming from the right side.']",The ball is coming from the right side.,D,D) The ball is coming from the right side.,D,100.0,215.42000000000002,216,259,1.0,False,849,42336,0.0201,1960,10,15000,0,64,1
AutoEvalMetaData__34,1396,OCR,What does the sign read?,"['Always Signal', ""The billboard reads 'Gerayo Amahoro'."", 'Keep Your Distance', 'Safety First']",The billboard reads 'Gerayo Amahoro'.,B,B) The billboard reads 'Gerayo Amahoro'.,B,100.0,258.29,259,259,1.0,False,975,50764,0.0192,2156,11,15000,0,64,1
AutoEvalMetaData__35,1093,ATR,What style is the tattoo on the person's neck?,"['Neo-traditional.', 'Geometric.', 'Watercolor.', 'Tribal.']",Geometric.,B,B) Geometric.,B,100.0,485.85,486,486,1.0,False,812,95256,0.0085,980,5,15000,0,64,1
AutoEvalMetaData__37,1092,ATR,What is the texture of the sofa fabric?,"['The texture of the sofa fabric is patterned.', 'The texture of the sofa fabric is smooth.', 'The texture of the sofa fabric is rough.', 'The texture of the sofa fabric is velvety.']",The texture of the sofa fabric is patterned.,A,A) The texture of the sofa fabric is patterned.,A,100.0,722.92,723,723,1.0,False,2232,141708,0.0158,2352,12,15000,0,64,1
AutoEvalMetaData__38,1289,ACR,What is she doing with the cushion?,"['She is washing the clothes.', 'She is combing her hair.', ""She's cleaning the closet."", 'She is putting the cushion back on the sofa.']",She is putting the cushion back on the sofa.,D,D) She is putting the cushion back on the sofa.,D,100.0,894.43,895,919,1.0,False,2208,175420,0.0126,2352,12,15000,0,64,1
AutoEvalMetaData__38,1290,ACR,What is she doing with the blanket?,"['She is folding the blanket.', 'She is spreading the blanket over the bed.', 'She is shaking out the blanket to remove dust.', 'She is wrapping herself in the blanket.']",She is folding the blanket.,A,B) She is spreading the blanket over the bed.,B,0.0,904.44,905,919,1.0,False,2213,177380,0.0125,2548,13,15000,0,64,1
AutoEvalMetaData__38,1291,ACR,What is her posture while cleaning the mirror?,"['She is crouching.', 'She is standing upright.', 'She is stretching her arms upward.', 'She is leaning forward.']",She is crouching.,A,B) She is standing upright.,B,0.0,918.45,919,919,1.0,False,2226,180124,0.0124,2744,14,15000,0,64,1
AutoEvalMetaData__4,782,STU,Which object is directly behind the girl?,"['A blue square painting is directly behind them.', 'The yellow triangular warning signal is directly behind them.', 'The red circular pattern is directly behind them.', 'The green rectangular sign is directly behind them.']",The red circular pattern is directly behind them.,C,A) A blue square painting is directly behind them.,A,0.0,81.84,82,240,1.0,False,332,16072,0.0207,392,2,15000,0,64,1
AutoEvalMetaData__4,780,STU,What direction is she facing?,"['She is facing to the left.', 'She is facing to the right.', 'She is facing backward.', 'She is facing forward.']",She is facing to the left.,A,A) She is facing to the left.,A,100.0,87.84,88,240,1.0,False,349,17248,0.0202,588,3,15000,0,64,1
AutoEvalMetaData__4,781,STU,What is the relative position of the two people on stage?,"['The person in the pink top is to the left of the person in the blue sweater.', 'The person in the pink top is behind the person in the blue sweater.', 'The person in the pink top is in front of the person in the blue sweater.', 'The person in the pink top is to the right of the person in the blue sweater.']",The person in the pink top is to the right of the person in the blue sweater.,D,C) The person in the pink top is in front of the person in the,C,0.0,89.84,90,240,1.0,False,356,17640,0.0202,784,4,15000,0,64,1
AutoEvalMetaData__4,783,STU,What is the girl in the pink shirt holding in her hand?,"['The girl in the pink shirt is holding a yellow pencil.', 'The girl in the pink shirt is holding a green notebook.', 'The girl in the pink shirt is holding a blue water bottle.', 'The girl in the pink shirt is holding a red apple.']",The girl in the pink shirt is holding a blue water bottle.,C,C) The girl in the pink shirt is holding a blue water bottle.,C,100.0,232.19,233,240,1.0,False,600,45668,0.0131,1176,6,15000,0,64,1
AutoEvalMetaData__4,784,STU,What is the relative position of the lockers compared to the person in black?,"['The lockers are to the left of the person in black.', 'The lockers are behind the person in black.', 'The lockers are far away from the person in black.', 'The lockers are to the right of the person in black.']",The lockers are to the right of the person in black.,D,B) The lockers are behind the person in black.,B,0.0,239.19,240,240,1.0,False,611,47040,0.013,1372,7,15000,0,64,1
AutoEvalMetaData__40,1089,ATR,What is the pattern on the potato's skin?,"['Smooth.', 'Bumpy.', 'Speckled.', 'Dotted.']",Speckled.,C,C) Speckled.,C,100.0,37.73,38,39,1.0,False,302,7448,0.0405,392,2,15000,0,64,1
AutoEvalMetaData__40,1090,ATR,What is the tool made of?,"['The tool comprises aluminum and silicone.', 'The tool consists of stainless steel and carbon fiber.', 'The tool is made of metal and plastic.', 'The tool is constructed from wood and rubber.']",The tool is made of metal and plastic.,C,C) The tool is made of metal and plastic.,C,100.0,38.73,39,39,1.0,False,303,7644,0.0396,588,3,15000,0,64,1
AutoEvalMetaData__42,697,STU,What is the position of the red and green parrot relative to the blue parrot?,"['The red and green parrot is below the blue parrot.', 'The red and green parrot is left of the blue parrot.', 'The red and green parrot is above the white parrot.', 'The red and green parrot is right of the blue parrot.']",The red and green parrot is above the white parrot.,C,A) The red and green parrot is below the blue parrot.,A,0.0,223.79,224,1332,1.0,False,813,43904,0.0185,980,5,15000,0,64,1
AutoEvalMetaData__42,698,STU,Which direction is the blue parrot facing from your perspective?,"['The parrot is facing down.', 'The parrot is facing Back to you', 'The parrot is facing towards the left side.', 'The parrot is facing towards the right side.']",The parrot is facing towards the left side.,C,B) The parrot is facing Back to you,B,0.0,224.79,225,1332,1.0,False,815,44100,0.0185,1176,6,15000,0,64,1
AutoEvalMetaData__42,699,STU,Is the bird standing on top of the cage facing you or away from you?,"['The bird is not facing you.', 'The bird is facing away from you.', ""The bird's orientation is unclear."", 'The bird is facing you.']",The bird is facing you.,D,D) The bird is facing you.,D,100.0,304.4,305,1332,1.0,False,938,59780,0.0157,1372,7,15000,0,64,1
AutoEvalMetaData__42,700,STU,What is the position of the blue bird relative to the human?,"[""The blue bird is on top of the human's head."", 'The blue bird is hovering a few feet away in front of the human.', 'The blue bird is sitting on a branch directly above the human.', 'The blue bird is on the left shoulder of the human.']",The blue bird is on top of the human's head.,A,A) The blue bird is on top of the human's head.,A,100.0,318.42,319,1332,1.0,False,956,62524,0.0153,1568,8,15000,0,64,1
AutoEvalMetaData__42,701,STU,What is the position of the blue bird relative to the stacked toys from Your perspective?,"['the bird is perched to the right of the stacked toys.', 'the bird is perched to the left of the stacked toys.', 'the bird is below the stacked toys.', 'the bird is neither to the left nor right of the stacked toys.']",the bird is perched to the left of the stacked toys.,B,A) the bird is perched to the right of the stacked toys.,A,0.0,327.43,328,1332,1.0,False,965,64288,0.015,1764,9,15000,0,64,1
AutoEvalMetaData__42,702,STU,How is the cage door?,"['The cage door is open', 'The cage door is broken', 'The cage door is gone', 'The cage door is closed']",The cage door is closed,D,D) The cage door is closed,D,100.0,382.98,383,1332,1.0,False,1080,75068,0.0144,1960,10,15000,0,64,1
AutoEvalMetaData__42,703,STU,"From your perspective, What is the position of the person relative to the the cage?","['The person is standing to the right of the cage.', 'The person is positioned inside the cage.', 'The person is standing to the left of the cage.', 'The person is standing directly on top of the cage.']",The person is standing to the left of the cage.,C,A) The person is standing to the right of the cage.,A,0.0,384.98,385,1332,1.0,False,1082,75460,0.0143,2156,11,15000,0,64,1
AutoEvalMetaData__42,852,OJR,What type of bird is being held by the person?,"['Red and Green Parrot', 'Yellow and Blue Parrot', 'African Grey parrot', 'blue macaw']",African Grey parrot,C,D) blue macaw,D,0.0,772.97,773,1332,1.0,False,1860,151508,0.0123,2940,15,15000,0,64,1
AutoEvalMetaData__42,704,STU,Which direction is the parrot facing?,"['The parrot is facing left.', 'The parrot is facing right.', 'The parrot is facing a dog.', 'The parrot is facing a person.']",The parrot is facing right.,B,A) The parrot is facing left.,A,0.0,850.55,851,1332,1.0,False,2108,166796,0.0126,3332,17,15000,0,64,1
AutoEvalMetaData__42,705,STU,"From your perspective, where is the green parrot in relation to the woman's head?","[""The green parrot is perched on the woman's left shoulder."", ""The green parrot is perched on the woman's right shoulder."", ""The green parrot is hovering above the woman's head."", ""The green parrot is perched on top of the woman's head.""]",The green parrot is perched on the woman's left shoulder.,A,B) The green parrot is perched on the woman's right shoulder.,B,0.0,854.55,855,1332,1.0,False,2116,167580,0.0126,3528,18,15000,0,64,1
AutoEvalMetaData__42,853,OJR,"What animal is seen prominently in the vicinity, close to the person in the blue shirt?","['Blue macaw', 'Red and Green Parrot', 'Yellow and Blue Parrot', 'African Grey parrot']",Blue macaw,A,A) Blue macaw,A,100.0,1087.35,1088,1332,1.0,False,2716,213248,0.0127,4312,22,15000,0,64,1
AutoEvalMetaData__42,854,OJR,What type of item is present near the bottom of the cage with the smaller birds?,"['A water dish.', 'A food bowl.', 'A branch for perching.', 'A bird toy.']",A food bowl.,B,B) A food bowl.,B,100.0,1116.38,1117,1332,1.0,False,2749,218932,0.0126,4508,23,15000,0,64,1
AutoEvalMetaData__42,706,STU,Where is this person placing the green parrot?,"['placing it on his shoulder.', 'placing it on the window sill.', 'placing it inside the cage.', 'placing it on his hand.']",placing it inside the cage.,C,D) placing it on his hand.,D,0.0,1325.12,1326,1332,1.0,False,3258,259896,0.0125,5096,26,15000,0,64,1
AutoEvalMetaData__42,707,STU,Which cage did the man put the parrot in?,"['The cage on the lower left.', 'The cage on the upper left.', 'The cage on the upper right.', 'The cage on the lower right.']",The cage on the lower right.,D,D) The cage on the lower right.,D,100.0,1327.13,1328,1332,1.0,False,3259,260288,0.0125,5292,27,15000,0,64,1
AutoEvalMetaData__42,708,STU,What is the position of the person relative to the cage she put the green parrot on?,"['The person is back the bird cage.', 'The person is to the left of the bird cage.', 'The person is to the right of the bird cage.', 'The person is inside the bird cage.']",The person is to the right of the bird cage.,C,A) The person is back the bird cage.,A,0.0,1331.13,1332,1332,1.0,False,3269,261072,0.0125,5488,28,15000,0,64,1
AutoEvalMetaData__43,1292,ACR,What is he doing with the bird?,"['He is releasing and watching the bird fly away.', 'He is holding and examining the bird.', 'He is documenting and photographing the bird.', 'He is feeding and observing the bird.']",He is holding and examining the bird.,B,A) He is releasing and watching the bird fly away.,A,0.0,340.14,341,343,1.0,False,841,66836,0.0126,980,5,15000,0,64,1
AutoEvalMetaData__43,1293,ACR,What gesture is he making while interacting with the birds?,"['He is holding the ball with one hand and gently touching it with the other.', 'He is gently sprinkling seeds in front of them.', 'He is waving his arms to keep them at a distance.', 'He is clapping his hands slowly to attract their attention.']",He is holding the ball with one hand and gently touching it with the other.,A,A) He is holding the ball with one hand and gently touching it with the,A,100.0,341.14,342,343,1.0,False,844,67032,0.0126,1176,6,15000,0,64,1
AutoEvalMetaData__43,1294,ACR,What is he doing?,"['He is inspecting the metal cage.', 'He is observing his surroundings.', 'He is picking up the metal cage.', 'He is holding the bird.']",He is holding the bird.,D,D) He is holding the bird.,D,100.0,342.14,343,343,1.0,False,849,67228,0.0126,1372,7,15000,0,64,1
AutoEvalMetaData__44,755,STU,What is the position of the woman relative to the tree branches?,"['The person is crouching on a branch with arms around it.', 'The person is lying down on a branch, looking up.', 'The person is standing on a branch and holding another branch for support.', 'This person is climbing up from under the tree.']",The person is standing on a branch and holding another branch for support.,C,C) The person is standing on a branch and holding another branch for support.,C,100.0,234.07999999999998,235,870,1.0,False,1008,46060,0.0219,1176,6,15000,0,64,1
AutoEvalMetaData__44,756,STU,How is the person at the base of the tree supporting the climber's movement?,"['The person is supporting the climber by spotting them from below.', 'The person is supporting the climber by stabilizing their legs.', 'The person is supporting the climber by giving verbal guidance.', 'The person is supporting the climber by holding the climbing rope.']",The person is supporting the climber by stabilizing their legs.,B,D) The person is supporting the climber by holding the climbing rope.,D,0.0,869.33,870,870,1.0,False,2802,170520,0.0164,3136,16,15000,0,64,1
AutoEvalMetaData__45,1361,OCR,What is written below the logo on the building?,"['AEGIS', 'HORIZON', 'SUMMIT', 'BEACON']",AEGIS,A,C) SUMMIT,C,0.0,115.46,116,116,1.0,False,615,22736,0.027,784,4,15000,0,64,1
AutoEvalMetaData__48,1354,OCR,What is written on the shirt they are wearing?,"['伊之助', '我妻 善逸', '天道酬勤', '炭治郎']",我妻 善逸,B,C) 天道酬勤,C,0.0,47.6,48,297,1.0,False,234,9408,0.0249,392,2,15000,0,64,1
AutoEvalMetaData__48,1355,OCR,What is the name of the book?,"[""Winter's Tale"", 'A Time for Mercy', 'The Glass Castle', 'Someone You Love']",Someone You Love,D,D) Someone You Love,D,100.0,117.2,118,297,1.0,False,366,23128,0.0158,588,3,15000,0,64,1
AutoEvalMetaData__48,1356,OCR,What is written on the shirt they are wearing?,"['伊之助', '我妻 善逸', ""VIRGIN WHO CAN'T DRIVE"", '炭治郎']",VIRGIN WHO CAN'T DRIVE,C,A) 伊之助,A,0.0,296.6,297,297,1.0,False,775,58212,0.0133,1176,6,15000,0,64,1
AutoEvalMetaData__49,1343,OCR,What number is on the mailbox?,"['6895', '5120', '1150', '4030']",1150,C,C) 1150,C,100.0,154.95,155,590,1.0,False,413,30380,0.0136,588,3,15000,0,64,1
AutoEvalMetaData__49,1103,ATR,What is the pattern on the woman's clothing?,"['Striped.', 'Polka dots.', 'Geometric shapes.', 'Floral.']",Floral.,D,D) Floral.,D,100.0,217.01,218,590,1.0,False,540,42728,0.0126,784,4,15000,0,64,1
AutoEvalMetaData__49,1104,ATR,What is notable about the man's tie?,"[""The man's tie is yellow and textured."", ""The man's tie has a geometric pattern."", ""The man's tie is purple and striped."", ""The man's tie features cartoon characters.""]",The man's tie is yellow and textured.,A,A) The man's tie is yellow and textured.,A,100.0,219.01,220,590,1.0,False,541,43120,0.0125,980,5,15000,0,64,1
AutoEvalMetaData__49,1346,OCR,What is written on this bottle?,"['ladylee Milk', 'ladylee Water', 'ladylee Juice', 'ladylee Soda']",ladylee Milk,A,B) ladylee Water,B,0.0,257.17,258,590,1.0,False,605,50568,0.012,1176,6,15000,0,64,1
AutoEvalMetaData__49,1347,OCR,What is written on this bottle?,"['ladylee Milk', 'Laxative', 'Painkiller', 'Antibiotic']",Laxative,B,B) Laxative,B,100.0,308.17,309,590,1.0,False,708,60564,0.0117,1372,7,15000,0,64,1
AutoEvalMetaData__49,1344,OCR,What name appears on the small license plate attached to the wall?,"['JASON', 'SHOW DANCE', 'KEVIN', 'BOXING']",KEVIN,C,C) KEVIN,C,100.0,317.8,318,590,1.0,False,765,62328,0.0123,1568,8,15000,0,64,1
AutoEvalMetaData__49,1271,ACR,What is he doing with the mug?,"['He is washing the mug under the tap.', 'He is stirring the mug quickly.', 'He is filling the mug with coffee.', 'He is drying the mug with a towel.']",He is stirring the mug quickly.,B,B) He is stirring the mug quickly.,B,100.0,402.23,403,590,1.0,False,993,78988,0.0126,1960,10,15000,0,64,1
AutoEvalMetaData__49,1272,ACR,What is he doing?,"['He is typing on a laptop keyboard.', 'He is sketching a portrait with a pencil.', 'He is reading a book intently.', 'He is taking a sip from the mug.']",He is taking a sip from the mug.,D,D) He is taking a sip from the mug.,D,100.0,425.76,426,590,1.0,False,1073,83496,0.0129,2156,11,15000,0,64,1
AutoEvalMetaData__49,1348,OCR,What is the label on this?,"['ladylee Milk', 'Laxative', 'SONY', 'SAMSUNG']",SONY,C,B) Laxative,B,0.0,495.17,496,590,1.0,False,1316,97216,0.0135,2548,13,15000,0,64,1
AutoEvalMetaData__49,1345,OCR,What is the name written on the sign in front of the building?,"['TEMPLETON', 'FENTON', 'LARKINS', 'GRIERSON']",GRIERSON,D,C) LARKINS,C,0.0,589.17,590,590,1.0,False,1551,115640,0.0134,2940,15,15000,0,64,1
AutoEvalMetaData__53,1047,ATR,What shape is the piece of bread on the plate?,"['The piece of bread is shaped like a bone.', 'The piece of bread is shaped like a star.', 'The piece of bread is shaped like a circle.', 'The piece of bread is shaped like a triangle.']",The piece of bread is shaped like a bone.,A,D) The piece of bread is shaped like a triangle.,D,0.0,907.91,908,908,1.0,False,1484,177968,0.0083,1568,8,15000,0,64,1
AutoEvalMetaData__54,1094,ATR,What kind of expression does the small animal wrapped in the cloth have?,"['Curious.', 'Startled.', 'Content.', 'Sleepy.']",Sleepy.,D,B) Startled.,B,0.0,93.43,94,94,1.0,False,473,18424,0.0257,588,3,15000,0,64,1
AutoEvalMetaData__59,1377,OCR,What text appears on the shirts worn by the players?,"['17', '3', 'VALLEY', 'OCEAN']",17,A,A) 17,A,100.0,23.92,24,182,1.0,False,297,4704,0.0631,392,2,15000,0,64,1
AutoEvalMetaData__59,1376,OCR,What text appears on the shirts worn by the players?,"['17', '3', 'VALLEY', 'OCEAN']",VALLEY,C,A) 17,A,0.0,62.92,63,182,1.0,False,411,12348,0.0333,588,3,15000,0,64,1
AutoEvalMetaData__59,1374,OCR,What text appears on the white shirts worn by the players in the dugout?,"[""The shirts display 'Marauders.'"", ""The shirts display 'Privateers.'"", ""The shirts display 'Corsairs.'"", ""The shirts display 'Buccaneers.'""]",The shirts display 'Privateers.',B,B) The shirts display 'Privateers.',B,100.0,143.92,144,182,1.0,False,654,28224,0.0232,980,5,15000,0,64,1
AutoEvalMetaData__59,796,STU,What is the relative position of the person in the light shirt to the person in the dark shirt?,"['The person in the light shirt is in front of the person in the dark shirt.', 'The person in the light shirt is to the left of the person in the dark shirt.', 'The person in the light shirt is to the right of the person in the dark shirt.', 'The person in the light shirt is behind the person in the dark shirt.']",The person in the light shirt is to the right of the person in the dark shirt.,C,D) The person in the light shirt is behind the person in the dark shirt,D,0.0,158.05,159,182,1.0,False,686,31164,0.022,1176,6,15000,0,64,1
AutoEvalMetaData__59,1375,OCR,What happened to the umpire in the series?,"['the umpire has been removed from the series and suspended indefinitely.', 'The umpire was given a new role outside the series.', 'The umpire was placed on paid administrative leave.', 'The umpire decided to leave due to personal reasons.']",the umpire has been removed from the series and suspended indefinitely.,A,A) the umpire has been removed from the series and suspended indefinitely.,A,100.0,181.92,182,182,1.0,False,815,35672,0.0228,1372,7,15000,0,64,1
AutoEvalMetaData__6,709,STU,What is the position of the person relative to the bench?,"['He is leaning against the bench.', 'He is lying under the bench.', 'He is sitting on the bench.', 'He is standing next to the bench.']",He is sitting on the bench.,C,C) He is sitting on the bench.,C,100.0,55.31,56,63,1.0,False,351,10976,0.032,392,2,15000,0,64,1
AutoEvalMetaData__6,710,STU,Which side is the motorcycle facing from your perspective?,"['The motorcycle is facing to the left from my perspective.', 'The motorcycle is facing towards the Green shed from my perspective.', 'The motorcycle is facing away from the man from my perspective.', 'The motorcycle is facing to the right from my perspective.']",The motorcycle is facing to the left from my perspective.,A,D) The motorcycle is facing to the right from my perspective.,D,0.0,61.31,62,63,1.0,False,364,12152,0.03,588,3,15000,0,64,1
AutoEvalMetaData__6,711,STU,Which side of the motorcycle is the person standing on?,"['The person is behind the motorcycle.', 'The individual is positioned to the right of the motorcycle.', 'The person is on the left of the motorcycle.', 'The person stands on top of the motorcycle.']",The person is on the left of the motorcycle.,C,C) The person is on the left of the motorcycle.,C,100.0,62.31,63,63,1.0,False,366,12348,0.0296,784,4,15000,0,64,1
AutoEvalMetaData__60,1030,ATR,What type of traffic light is visible in the scene?,"['There is a green traffic light illuminated.', 'There is a yellow traffic light illuminated.', 'There is a blinking amber traffic light.', 'There is no traffic light visible.']",There is a yellow traffic light illuminated.,B,D) There is no traffic light visible.,D,0.0,162.57,163,163,1.0,False,255,31948,0.008,392,2,15000,0,64,1
AutoEvalMetaData__61,846,OJR,How many dogs are visible?,"['Three dogs are visible.', 'Four dogs are visible.', 'Two dogs are visible.', 'Five dogs are visible.']",Two dogs are visible.,C,C) Two dogs are visible.,C,100.0,43.92,44,212,1.0,False,237,8624,0.0275,392,2,15000,0,64,1
AutoEvalMetaData__61,845,OJR,How many dogs are visible?,"['Three dogs are visible.', 'Four dogs are visible.', 'Two dogs are visible.', 'Five dogs are visible.']",Three dogs are visible.,A,C) Two dogs are visible.,C,0.0,211.92,212,212,1.0,False,390,41552,0.0094,588,3,15000,0,64,1
AutoEvalMetaData__62,1071,ATR,What color is the helmet he's wearing?,"['The helmet is white.', 'The helmet is yellow.', 'The helmet is black.', 'The helmet is grey.']",The helmet is black.,C,C) The helmet is black.,C,100.0,6.27,7,26,1.0,False,208,1372,0.1516,392,2,15000,0,64,1
AutoEvalMetaData__62,1072,ATR,What type of pattern is on the girl's shirt?,"['The shirt has a striped pattern in pink and white.', 'The shirt features a floral pattern in pink and white.', 'The shirt has a polka dot design in pink and white.', 'The shirt is solid pink with white text.']",The shirt is solid pink with white text.,D,B) The shirt features a floral pattern in pink and white.,B,0.0,10.28,11,26,1.0,False,215,2156,0.0997,588,3,15000,0,64,1
AutoEvalMetaData__62,741,STU,How are the apples positioned along the wire?,"['Three apples are arranged in a straight line.', 'Two apples are arranged side by side on the wire.', 'Two apples are arranged in a zigzag pattern.', 'Three apples are arranged in a circular pattern.']",Two apples are arranged side by side on the wire.,B,B) Two apples are arranged side by side on the wire.,B,100.0,25.06,26,26,1.0,False,260,5096,0.051,784,4,15000,0,64,1
AutoEvalMetaData__64,1261,ACR,What is he doing?,"['He is preparing to shoot.', 'He is celebrating the goal they just scored.', 'He is looking for an open teammate to pass to.', 'He is dribbling the ball with skill and control.']",He is celebrating the goal they just scored.,B,B) He is celebrating the goal they just scored.,B,100.0,64.12,65,223,1.0,False,681,12740,0.0535,784,4,15000,0,64,1
AutoEvalMetaData__64,1262,ACR,What gesture is he making to the goalkeeper?,"['He is extending his arms for balance.', 'He is leaning forward in an aggressive stance.', 'He is raising his foot for a kick.', 'He is sidestepping.']",He is sidestepping.,D,C) He is raising his foot for a kick.,C,0.0,65.12,66,223,1.0,False,688,12936,0.0532,980,5,15000,0,64,1
AutoEvalMetaData__64,1263,ACR,What is he doing with the ball?,"[""He's driving forward with the ball."", ""He's passing the ball to a teammate."", ""He's shooting the ball towards the goal."", ""He's juggling the ball to maintain control.""]",He's driving forward with the ball.,A,C) He's shooting the ball towards the goal.,C,0.0,100.12,101,223,1.0,False,818,19796,0.0413,1176,6,15000,0,64,1
AutoEvalMetaData__64,1264,ACR,How does this player score a goal?,"['He scored with a long shot.', 'He found the net with a header.', 'He slotted it home from close range.', 'He curled it into the corner.']",He scored with a long shot.,A,C) He slotted it home from close range.,C,0.0,135.82,136,223,1.0,False,949,26656,0.0356,1372,7,15000,0,64,1
AutoEvalMetaData__64,1265,ACR,How does this player score a goal?,"['He scored with a penalty kick.', 'He scored with a free kick.', 'He scored after a counter-attack.', 'He scored with a header from a cross.']",He scored with a free kick.,B,A) He scored with a penalty kick.,A,0.0,222.12,223,223,1.0,False,1289,43708,0.0295,1764,9,15000,0,64,1
AutoEvalMetaData__65,1389,OCR,What is the current score displayed on the scoreboard?,"['Patriots BC 5, Rivers Hoopers 13', 'Patriots BC 8, Rivers Hoopers 13', 'Patriots BC 35, Rivers Hoopers 20', 'Patriots BC 15, Rivers Hoopers 18']","Patriots BC 8, Rivers Hoopers 13",B,"B) Patriots BC 8, Rivers Hoopers 13",B,100.0,45.67,46,238,1.0,False,369,9016,0.0409,392,2,15000,0,64,1
AutoEvalMetaData__65,1387,OCR,What is the current score displayed on the scoreboard?,"['Patriots BC 35, Rivers Hoopers 20', 'Patriots BC 8, Rivers Hoopers 13', 'Patriots BC 5, Rivers Hoopers 13', 'Patriots BC 15, Rivers Hoopers 18']","Patriots BC 35, Rivers Hoopers 20",A,"B) Patriots BC 8, Rivers Hoopers 13",B,0.0,73.67,74,238,1.0,False,492,14504,0.0339,588,3,15000,0,64,1
AutoEvalMetaData__65,1388,OCR,How much time is left for the offensive team in basketball?,"['19s', '8s', '5s', '15s']",19s,A,A) 19s,A,100.0,75.67,76,238,1.0,False,495,14896,0.0332,784,4,15000,0,64,1
AutoEvalMetaData__65,1057,ATR,What is the color of the jersey worn by the person sitting on the bench?,"['The person on the bench is wearing a blue jersey.', 'The person on the bench is wearing a red jersey.', 'The person on the bench is wearing a black jersey.', 'The person on the bench is wearing a green jersey.']",The person on the bench is wearing a black jersey.,C,A) The person on the bench is wearing a blue jersey.,A,0.0,143.67,144,238,1.0,False,701,28224,0.0248,1176,6,15000,0,64,1
AutoEvalMetaData__65,1390,OCR,What is the current score displayed on the scoreboard?,"['Patriots BC 8, Rivers Hoopers 13', 'Patriots BC 35, Rivers Hoopers 20', 'Patriots BC 5, Rivers Hoopers 13', 'Patriots BC 55, Rivers Hoopers 40']","Patriots BC 55, Rivers Hoopers 40",D,"B) Patriots BC 35, Rivers Hoopers 20",B,0.0,150.67,151,238,1.0,False,736,29596,0.0249,1372,7,15000,0,64,1
AutoEvalMetaData__65,1391,OCR,Which player is making a free throw?,"['12', '22', '32', '14']",14,D,C) 32,C,0.0,237.0,238,238,1.0,False,1069,46648,0.0229,1764,9,15000,0,64,1
AutoEvalMetaData__66,1058,ATR,What is the pattern on the jerseys of the player in white running towards the goal?,"['The jersey is primarily white with bold, contrasting bands along the sleeves.', 'The jersey is predominantly white with minimal decoration or pattern.', 'The jersey is mainly white with a small colored collar and cuffs.', 'The jersey is mostly white, with an intricate pattern of dots along the sides.']",The jersey is predominantly white with minimal decoration or pattern.,B,B) The jersey is predominantly white with minimal decoration or pattern.,B,100.0,2.04,3,5,1.0,False,197,588,0.335,392,2,15000,0,64,1
AutoEvalMetaData__66,1059,ATR,What is the expression of the crowd in the background as the ball heads towards the goal?,"['The crowd appears restless and murmuring with anticipation.', 'The crowd looks anxious and hopeful, holding their breath.', ""The crowd seems tense and focused on the ball's trajectory."", 'The crowd appears excited and is cheering.']",The crowd appears excited and is cheering.,D,C) The crowd seems tense and focused on the ball's trajectory.,C,0.0,4.04,5,5,1.0,False,202,980,0.2061,588,3,15000,0,64,1
AutoEvalMetaData__67,1042,ATR,What shape are the pieces of potato in the pan?,"['The pieces of potato in the pan are thin slices.', 'The pieces of potato in the pan are wedges.', 'The pieces of potato in the pan are in large chunks.', 'The pieces of potato in the pan are diced cubes.']",The pieces of potato in the pan are diced cubes.,D,D) The pieces of potato in the pan are diced cubes.,D,100.0,25.25,26,26,1.0,False,348,5096,0.0683,392,2,15000,0,64,1
AutoEvalMetaData__68,879,OJR,What cars are visible on the left side of the road?,"['There are many yellow auto-rickshaws visible on the left side of the road.', 'There are many red auto-rickshaws visible on the left side of the road.', 'There are many blue auto-rickshaws visible on the left side of the road.', 'There are many green auto-rickshaws visible on the left side of the road.']",There are many yellow auto-rickshaws visible on the left side of the road.,A,A) There are many yellow auto-rickshaws visible on the left side,A,100.0,40.03,41,289,1.0,False,264,8036,0.0329,392,2,15000,0,64,1
AutoEvalMetaData__68,880,OJR,What type of vehicle is being observed?,"['Sedan', 'Motorcycle.', 'Bicycle', 'SUV']",Motorcycle.,B,B) Motorcycle.,B,100.0,287.47,288,289,1.0,False,703,56448,0.0125,980,5,15000,0,64,1
AutoEvalMetaData__68,881,OJR,How many motorcycles are visible in the area?,"['Two motorcycles are visible.', 'Three motorcycles are visible.', 'Four motorcycles are visible.', 'One motorcycle is visible.']",Two motorcycles are visible.,A,A) Two motorcycles are visible.,A,100.0,288.47,289,289,1.0,False,706,56644,0.0125,1176,6,15000,0,64,1
AutoEvalMetaData__7,850,OJR,What is the elderly woman using to assist her in moving?,"['Cane.', 'Wheelchair.', 'Crutches.', 'Walker.']",Walker.,D,D) Walker.,D,100.0,5.04,6,64,1.0,False,222,1176,0.1888,392,2,15000,0,64,1
AutoEvalMetaData__7,851,OJR,What is the object being used by the elderly in the left?,"['walker.', 'mobility scooter.', 'wheelchair.', 'cane.']",wheelchair.,C,C) wheelchair.,C,100.0,63.56,64,64,1.0,False,487,12544,0.0388,784,4,15000,0,64,1
AutoEvalMetaData__72,1079,ATR,What emotion is evident on their face after the play?,"['They appear elated.', 'They look disappointed.', 'They seem confused.', 'They look relieved.']",They look disappointed.,B,B) They look disappointed.,B,100.0,40.6,41,50,1.0,False,373,8036,0.0464,392,2,15000,0,64,1
AutoEvalMetaData__72,1080,ATR,What pattern is on the black and red uniform?,"['Plaid.', 'Dotted.', 'Striped.', 'Checkered.']",Striped.,C,C) Striped.,C,100.0,41.6,42,50,1.0,False,377,8232,0.0458,588,3,15000,0,64,1
AutoEvalMetaData__72,1318,ACR,What is the activity occurring with the football?,"['A player in a red uniform is attempting to Shoot the football.', 'A player in a red uniform is attempting to Pass the football.', 'A player in a red uniform is attempting to Dribble the football.', 'A player in a red uniform is attempting to Tackle the football.']",A player in a red uniform is attempting to Shoot the football.,A,A) A player in a red uniform is attempting to Shoot the football.,A,100.0,49.16,50,50,1.0,False,452,9800,0.0461,784,4,15000,0,64,1
AutoEvalMetaData__79,1099,ATR,What color pattern is on the person's shorts?,"['Red with a yellow stripe and black trim.', 'Blue with green stripe and white trim.', 'Black with a white stripe and blue trim.', 'Green with a purple stripe and orange trim.']",Blue with green stripe and white trim.,B,C) Black with a white stripe and blue trim.,C,0.0,3.04,4,4,1.0,False,213,784,0.2717,392,2,15000,0,64,1
AutoEvalMetaData__8,1443,OCR,What does title on the screen say?,"[""'Wildlife Conservation Display'"", ""'Pet Adoption Pavilion'"", ""'Like + Subscribe'"", ""'Husky Rescue Booth'""]",'Husky Rescue Booth',D,C) 'Like + Subscribe',C,0.0,170.07,171,395,1.0,False,617,33516,0.0184,784,4,15000,0,64,1
AutoEvalMetaData__8,1444,OCR,What text can be seen on the tablecloth?,"['black ops', 'blue rescue', 'yellow zone', 'white flag']",blue rescue,B,B) blue rescue,B,100.0,184.07,185,395,1.0,False,643,36260,0.0177,980,5,15000,0,64,1
AutoEvalMetaData__8,855,OJR,How many dogs are visible in the current observation?,"['Five dogs.', 'Four dogs.', 'Two dogs.', 'Three dogs.']",Two dogs.,C,C) Two dogs.,C,100.0,237.73,238,395,1.0,False,765,46648,0.0164,1176,6,15000,0,64,1
AutoEvalMetaData__8,1087,ATR,What pattern is visible on the harness of the dog lying on the floor?,"['The harness has a red plaid pattern with white accents.', 'The harness has a blue striped pattern with gray accents.', 'The harness has a yellow pattern with black accents.', 'The harness has a green camouflage pattern with brown accents.']",The harness has a yellow pattern with black accents.,C,C) The harness has a yellow pattern with black accents.,C,100.0,276.57,277,395,1.0,False,874,54292,0.0161,1372,7,15000,0,64,1
AutoEvalMetaData__8,1088,ATR,What distinctive color and pattern is present on the small dog walking away?,"['White coat with brown patches.', 'Black coat with white spots.', 'Brown coat with black patches.', 'White coat with black spots.']",White coat with brown patches.,A,C) Brown coat with black patches.,C,0.0,278.57,279,395,1.0,False,880,54684,0.0161,1568,8,15000,0,64,1
AutoEvalMetaData__8,857,OJR,What is the person behind the dog holding in his hand?,"['A green bag.', 'A red bag.', 'A blue bag.', 'A yellow bag.']",A green bag.,A,A) A green bag.,A,100.0,390.43,391,395,1.0,False,1038,76636,0.0135,1764,9,15000,0,64,1
AutoEvalMetaData__8,856,OJR,What type of animals are visible in the scene?,"['Cats.', 'Birds.', 'Dogs.', 'Rabbits.']",Dogs.,C,C) Dogs.,C,100.0,394.43,395,395,1.0,False,1045,77420,0.0135,1960,10,15000,0,64,1
AutoEvalMetaData__80,1068,ATR,What is the pattern on the wall behind him?,"['The wall has a floral pattern with golden leaves and vines.', 'The wall has a geometric pattern with interlocking circles and squares.', 'The wall has a striped pattern with alternating blue and white lines.', 'The wall has a paisley pattern with intricate designs and teardrop shapes.']",The wall has a floral pattern with golden leaves and vines.,A,A) The wall has a floral pattern with golden leaves and vines.,A,100.0,241.72,242,242,1.0,False,790,47432,0.0167,980,5,15000,0,64,1
AutoEvalMetaData__81,1054,ATR,What is the expression on his face?,"['He seems anxious.', 'He looks surprised.', 'He appears to be focused.', 'He appears joyful.']",He appears to be focused.,C,C) He appears to be focused.,C,100.0,2.04,3,3,1.0,False,198,588,0.3367,392,2,15000,0,64,1
AutoEvalMetaData__82,1050,ATR,How does the animal's facial expression appear?,"['The facial expression appears concerned.', 'The facial expression appears surprised.', 'The facial expression appears relaxed.', 'The facial expression appears curious.']",The facial expression appears curious.,D,C) The facial expression appears relaxed.,C,0.0,175.23,176,176,1.0,False,431,34496,0.0125,588,3,15000,0,64,1
AutoEvalMetaData__84,1056,ATR,What is the color of the clothing of the individual on the digital display?,"['Blue and white.', 'Green and yellow.', 'Grey and pink.', 'Red and black.']",Red and black.,D,D) Red and black.,D,100.0,289.37,290,290,1.0,False,1913,56840,0.0337,1960,10,15000,0,64,1
AutoEvalMetaData__87,932,OJR,How many people are in the picture?,"['1', '2', '3', '0']",2,B,B) 2,B,100.0,1002.65,1003,1441,1.0,False,2694,196588,0.0137,2744,14,15000,0,64,1
AutoEvalMetaData__87,933,OJR,How many people are in the picture?,"['1', '2', '3', '0']",1,A,B) 2,B,0.0,1440.65,1441,1441,1.0,False,3575,282436,0.0127,3724,19,15000,0,64,1
AutoEvalMetaData__88,1453,OCR,What is the title of the book?,"['The BestYear Planner', 'The BestYear Diary', 'The BestYear Journal', 'The BestYear Notebook']",The BestYear Journal,C,C) The BestYear Journal,C,100.0,28.98,29,976,1.0,False,378,5684,0.0665,392,2,15000,0,64,1
AutoEvalMetaData__88,1451,OCR,What's written on the side of the white plastic bag?,"['Nike', 'lululemon', 'Adidas', 'Under Armour']",lululemon,B,B) lululemon,B,100.0,968.97,969,976,1.0,False,2309,189924,0.0122,2352,12,15000,0,64,1
AutoEvalMetaData__88,1452,OCR,What does the subtitle say during the bed making?,"['making comfort happen <3', ""'clean bed sheets <3'."", 'soft pillows await you', 'a cozy haven awaits <3']",'clean bed sheets <3'.,B,A) making comfort happen <3,A,0.0,975.98,976,976,1.0,False,2334,191296,0.0122,2548,13,15000,0,64,1
AutoEvalMetaData__89,1268,ACR,What is he doing with the object in his hand?,"['He is unwrapping the chocolate bar.', 'He is reading the book.', 'He is sketching with the pencil.', 'He is texting on his phone.']",He is unwrapping the chocolate bar.,A,A) He is unwrapping the chocolate bar.,A,100.0,439.94,440,845,1.0,False,1403,86240,0.0163,1568,8,15000,0,64,1
AutoEvalMetaData__89,1270,ACR,"In this moment, what is his posture while interacting with the person opposite him?","['He is sitting on the rug, facing the other person directly.', 'He is sitting cross-legged on the floor.', 'He is lying in bed, leaning against the headboard.', 'He is reclining on the sofa, propping himself up with one elbow.']","He is lying in bed, leaning against the headboard.",C,"C) He is lying in bed, leaning against the headboard.",C,100.0,445.95,446,845,1.0,False,1419,87416,0.0162,1764,9,15000,0,64,1
AutoEvalMetaData__89,947,OJR,What is on the table in front of them?,"['glass of water with a straw', 'fork with some crumbs', 'napkin with stains', 'plate with food remnants and glass of yellow liquid']",plate with food remnants and glass of yellow liquid,D,D) plate with food remnants and glass of yellow liquid,D,100.0,490.29,491,845,1.0,False,1658,96236,0.0172,2156,11,15000,0,64,1
AutoEvalMetaData__89,1269,ACR,What are they doing?,"['holding the object towards the camera while nodding his head.', 'displaying the object palm upwards with a slight tilt towards the lens.', 'raising the object with one hand while circling it with the other.', 'Arm wrestle.']",Arm wrestle.,D,D) Arm wrestle.,D,100.0,539.94,540,845,1.0,False,1810,105840,0.0171,2352,12,15000,0,64,1
AutoEvalMetaData__89,948,OJR,What is the person on the left holding in their hand?,"['They are holding a cup.', 'They are holding a smartphone.', 'They are holding a book.', 'They are holding a pen.']",They are holding a smartphone.,B,B) They are holding a smartphone.,B,100.0,844.58,845,845,1.0,False,2797,165620,0.0169,3528,18,15000,0,64,1
AutoEvalMetaData__9,1330,OCR,What is the text on the package?,"['ANDOUILLE', 'THICK CUT HAM', 'THICK CUT PORK', 'THICK CUT BACON']",ANDOUILLE,A,D) THICK CUT BACON,D,0.0,23.24,24,299,1.0,False,231,4704,0.0491,392,2,15000,0,64,1
AutoEvalMetaData__9,1329,OCR,What is the text on the package?,"['ANDOUILLE', 'THICK CUT HAM', 'THICK CUT PORK', 'THICK CUT BACON']",THICK CUT BACON,D,D) THICK CUT BACON,D,100.0,95.24,96,299,1.0,False,383,18816,0.0204,588,3,15000,0,64,1
AutoEvalMetaData__9,1328,OCR,What is the text on the shirt?,"['Miami Beach', 'Paris Fashion', 'I Love New York', 'Los Angeles']",Los Angeles,D,D) Los Angeles,D,100.0,298.06,299,299,1.0,False,849,58604,0.0145,1176,6,15000,0,64,1
AutoEvalMetaData__94,1402,OCR,What's the time left on the clock?,"['5.1 seconds', '2.9 seconds', '4.2 seconds', '6.3 seconds']",4.2 seconds,C,A) 5.1 seconds,A,0.0,24.24,25,142,1.0,False,376,4900,0.0767,392,2,15000,0,64,1
AutoEvalMetaData__94,1401,OCR,What is the score displayed at the bottom of the scene?,"['Phillies 90, Raptors 90', 'Heat 102, Mavericks 102', 'Celtics 88, Spurs 88', 'Giants 85, Red Sox 85']","Phillies 90, Raptors 90",A,"A) Phillies 90, Raptors 90",A,100.0,25.24,26,142,1.0,False,376,5096,0.0738,392,2,15000,0,64,1
AutoEvalMetaData__94,1083,ATR,What is the expression of the man in the white jersey with braided hair?,"['He appears contemplative.', 'He appears uncomfortable.', 'He appears serious.', 'He appears calm.']",He appears serious.,C,C) He appears serious.,C,100.0,46.72,47,142,1.0,False,503,9212,0.0546,588,3,15000,0,64,1
AutoEvalMetaData__94,1403,OCR,Which player is shooting?,"['23', '2', '33', '9']",2,B,A) 23,A,0.0,141.24,142,142,1.0,False,687,27832,0.0247,784,4,15000,0,64,1
AutoEvalMetaData__95,757,STU,Can the player in the number 10 shirt fit between the defender and the goal line?,"['No, its the player in the number 11 shirt.', 'No, its the player in the number 32 shirt.', 'Yes, the player in the number 11 can fit between the defender and the goal line.', 'The player is too tall to fit between the defender and the goal line.']","Yes, the player in the number 11 can fit between the defender and the goal line.",C,"C) Yes, the player in the number 11 can fit between the",C,100.0,31.02,32,164,1.0,False,479,6272,0.0764,588,3,15000,0,64,1
AutoEvalMetaData__95,759,STU,Where did the football hit?,"['The football hit the goal.', 'The football hit the crossbar.', 'The football hit the stands.', 'The football hit the post.']",The football hit the goal.,A,A) The football hit the goal.,A,100.0,150.87,151,164,1.0,False,1154,29596,0.039,1372,7,15000,0,64,1
AutoEvalMetaData__95,758,STU,What is the position of the blue player relative to the yellow goalkeeper when the ball is about to be struck?,"['The blue player is near the yellow goalkeeper, in front and to the right.', 'The blue player is near the yellow goalkeeper, slightly to his right.', 'The blue player is near the yellow goalkeeper, slightly to his left.', 'The blue player is behind the yellow goalkeeper, closer to the left post.']","The blue player is near the yellow goalkeeper, slightly to his left.",C,"B) The blue player is near the yellow goalkeeper, slightly to his right.",B,0.0,163.87,164,164,1.0,False,1193,32144,0.0371,1568,8,15000,0,64,1
AutoEvalMetaData__97,1066,ATR,What color is the material being used?,"['The material in question is green.', 'The color of the material is red.', 'The material being tied is orange.', 'The material being used is blue.']",The material being tied is orange.,C,A) The material in question is green.,A,0.0,190.22,191,442,1.0,False,406,37436,0.0108,588,3,15000,0,64,1
AutoEvalMetaData__97,1067,ATR,What kind of material seems to be on the ground around the structure?,"['Concrete and asphalt', 'Sand and pebbles', 'Grass and soil.', 'Leaves and small branches']",Grass and soil.,C,C) Grass and soil.,C,100.0,192.23,193,442,1.0,False,411,37828,0.0109,784,4,15000,0,64,1
AutoEvalMetaData__97,1250,ACR,What is being done with the black mesh?,"['It is being laid flat on the ground.', 'It is being secured over the crate.', 'It is being wrapped around a piece of equipment.', 'It is being used to cover a garden bed.']",It is being secured over the crate.,B,B) It is being secured over the crate.,B,100.0,207.17,208,442,1.0,False,433,40768,0.0106,980,5,15000,0,64,1
AutoEvalMetaData__97,1251,ACR,How is the wire being used?,"['The wire is twisted to form a decorative pattern.', 'The wire is wrapped and tied to secure the mesh.', 'The wire is strung along the fence to act as a deterrent.', 'The wire is connected to the battery to power the device.']",The wire is wrapped and tied to secure the mesh.,B,B) The wire is wrapped and tied to secure the mesh.,B,100.0,209.18,210,442,1.0,False,437,41160,0.0106,1176,6,15000,0,64,1
AutoEvalMetaData__97,1252,ACR,What is he doing with the crate?,"['He is sealing the crate shut.', 'He is moving the crate to a different spot.', 'He is examining the contents of the crate carefully.', 'He is opening the crate to release the animal.']",He is opening the crate to release the animal.,D,A) He is sealing the crate shut.,A,0.0,432.36,433,442,1.0,False,674,84868,0.0079,1568,8,15000,0,64,1
AutoEvalMetaData__97,1253,ACR,What is he doing with the animal?,"['He is training the animal to follow commands.', 'He is observing and sketching the animal.', 'He is feeding and talking to the animal.', 'He is holding and petting the animal.']",He is holding and petting the animal.,D,D) He is holding and petting the animal.,D,100.0,441.37,442,442,1.0,False,682,86632,0.0079,1764,9,15000,0,64,1
AutoEvalMetaData__99,860,OJR,How many people are sitting on the bench?,"['Two people are sitting on the bench.', 'Three people are sitting on the bench.', 'Four people are sitting on the bench.', 'Five people are sitting on the bench.']",Two people are sitting on the bench.,A,A) Two people are sitting on the bench.,A,100.0,116.83,117,232,1.0,False,759,22932,0.0331,784,4,15000,0,64,1
AutoEvalMetaData__99,861,OJR,What signage is visible behind the ticket counter at the cinema?,"['Cineplex', 'Regal Cinemas', 'Landmark Theatres', 'AMC']",AMC,D,D) AMC,D,100.0,116.83,117,232,1.0,False,759,22932,0.0331,784,4,15000,0,64,1
AutoEvalMetaData__99,1105,ATR,What color is the plant pot located beside the two people on the bench?,"['Black.', 'White.', 'Red.', 'Blue.']",Black.,A,C) Red.,C,0.0,118.83,119,232,1.0,False,765,23324,0.0328,980,5,15000,0,64,1
AutoEvalMetaData__99,863,OJR,What type of bird is seen accompanying the person in the green outfit?,"['Blue-and-Gold Macaw.', 'Scarlet Macaw.', 'Great Green Macaw.', 'Hyacinth macaw.']",Hyacinth macaw.,D,A) Blue-and-Gold Macaw.,A,0.0,204.62,205,232,1.0,False,951,40180,0.0237,1176,6,15000,0,64,1
AutoEvalMetaData__99,1106,ATR,What is the color of the hat worn by the person in the green outfit?,"['Green.', 'Blue.', 'Red.', 'Yellow.']",Red.,C,C) Red.,C,100.0,210.62,211,232,1.0,False,962,41356,0.0233,1372,7,15000,0,64,1
AutoEvalMetaData__99,862,OJR,How many people are visible in the immediate area?,"['Two people are visible.', 'Three people are visible.', 'Four people are visible.', 'Five people are visible.']",Two people are visible.,A,A) Two people are visible.,A,100.0,231.65,232,232,1.0,False,1013,45472,0.0223,1568,8,15000,0,64,1
Ego4D__video__005efbab-c314-48d8-8dd9-bfc1263ec5df,1111,FPD,What is this person about to do?,"['The person is about to insert a battery into the cordless drill.', 'The person is preparing to tighten the clamp of the workbench.', 'The person is going to place safety goggles over their eyes.', 'The person is going to attach the drill bit to the drill.']",The person is going to attach the drill bit to the drill.,D,D) The person is going to attach the drill bit to the drill.,D,100.0,83.9,84,108,1.0,False,302,16464,0.0183,392,2,15000,0,64,1
Ego4D__video__005efbab-c314-48d8-8dd9-bfc1263ec5df,1109,FPD,What is this person going to do?,"['The individual intends to plant a tree.', 'The person is going to drill a hole.', 'The person is planning to paint a mural.', 'The person is preparing to change a tire.']",The person is going to drill a hole.,B,B) The person is going to drill a hole.,B,100.0,88.43,89,108,1.0,False,307,17444,0.0176,588,3,15000,0,64,1
Ego4D__video__005efbab-c314-48d8-8dd9-bfc1263ec5df,1110,FPD,What is the person preparing to manipulate?,"['The person is about to handle or manipulate the wire.', 'The person is about to handle or manipulate the plastic tubing.', 'The person is about to handle or manipulate the circuit board.', 'The person is about to handle or manipulate the metal sheet.']",The person is about to handle or manipulate the wire.,A,A) The person is about to handle or manipulate the wire.,A,100.0,107.03,108,108,1.0,False,324,21168,0.0153,784,4,15000,0,64,1
Ego4D__video__045fcc4d-ad1b-441c-a28c-45bebb88f9bf,1150,FPD,What is this person going to do with the containers?,"['The person is going to fill the container with ingredients.', 'The person is going to wash the containers.', 'The person is going to stack the containers together.', 'The person is going to put the lid on the container.']",The person is going to put the lid on the container.,D,B) The person is going to wash the containers.,B,0.0,93.13,94,306,1.0,False,320,18424,0.0174,392,2,15000,0,64,1
Ego4D__video__045fcc4d-ad1b-441c-a28c-45bebb88f9bf,1151,FPD,What is this person going to prepare to do?,"['start a car', 'open the faucet', 'switch on the stove', 'turn on the light']",open the faucet,B,B) open the faucet,B,100.0,239.07,240,306,1.0,False,411,47040,0.0087,588,3,15000,0,64,1
Ego4D__video__045fcc4d-ad1b-441c-a28c-45bebb88f9bf,1152,FPD,What is this person about to do with the large item on the counter?,"['The person is going to lift the pot.', 'The person is going to serve the food.', 'The person is going to move the pot.', 'The person is going to stir the contents.']",The person is going to lift the pot.,A,C) The person is going to move the pot.,C,0.0,305.6,306,306,1.0,False,462,59976,0.0077,784,4,15000,0,64,1
Ego4D__video__08a7fe30-3f6c-42f7-8b92-88df11e59175,1202,FPD,What is this person going to do next?,"['The person is going to make a phone call.', 'The person is going to read a book.', 'The person is going to wash their hands.', 'The person is going to write an email.']",The person is going to wash their hands.,C,C) The person is going to wash their hands.,C,100.0,144.57,145,195,1.0,False,306,28420,0.0108,392,2,15000,0,64,1
Ego4D__video__08a7fe30-3f6c-42f7-8b92-88df11e59175,1204,FPD,What is this person preparing to do?,"['The person is preparing to cook a meal.', 'The person is preparing to wash their hands.', 'The person is preparing to write a letter.', 'The person is preparing to take a photograph.']",The person is preparing to wash their hands.,B,A) The person is preparing to cook a meal.,A,0.0,176.33,177,195,1.0,False,335,34692,0.0097,588,3,15000,0,64,1
Ego4D__video__08a7fe30-3f6c-42f7-8b92-88df11e59175,1203,FPD,What is this person about to do with the object in their hand?,"['The person is about to swing a bat to hit a ball.', 'The person is about to use a screwdriver to tighten a screw.', 'The person is about to use a knife to cut.', 'The person is about to light a match to start a fire.']",The person is about to use a knife to cut.,C,C) The person is about to use a knife to cut.,C,100.0,194.13,195,195,1.0,False,341,38220,0.0089,784,4,15000,0,64,1
Ego4D__video__09b7cb24-5d39-47ef-bf45-1ae0284abdb6,1114,FPD,What is this person preparing to do?,"['The person is arranging flowers in a vase.', 'The person is pruning a bonsai tree.', 'The person is setting up a hydroponic system.', 'The person is planting the greenery into the pots.']",The person is planting the greenery into the pots.,D,D) The person is planting the greenery into the pots.,D,100.0,66.73,67,290,1.0,False,245,13132,0.0187,392,2,15000,0,64,1
Ego4D__video__09b7cb24-5d39-47ef-bf45-1ae0284abdb6,1113,FPD,What is the person about to do with the container and glass?,"['The person is about to transfer the liquid from the container into the glass to use it as an ingredient in a recipe.', 'The person is about to pour liquid from the container into the glass and then drink it.', 'The person is about to fill the glass with liquid from the container for decorative purposes.', 'The person is about to pour liquid from the container into the glass to assess its color.']",The person is about to pour liquid from the container into the glass and then drink it.,B,D) The person is about to pour liquid from the container into the glass to,D,0.0,142.0,143,290,1.0,False,294,28028,0.0105,588,3,15000,0,64,1
Ego4D__video__09b7cb24-5d39-47ef-bf45-1ae0284abdb6,1112,FPD,What is the person planning to do with the soil from the bag?,"['The person is preparing to plant something, likely in the pots using the soil from the bag.', 'The individual intends to spread the soil evenly over the garden plot to provide a nutritious bed for new seeds.', 'The individual is set to use the soil to create a new layer in their compost pile, helping to balance the mixture of organic waste.', 'The person plans to fill a large planter with the soil to grow a variety of herbs for their kitchen.']","The person is preparing to plant something, likely in the pots using the soil from the bag.",A,"A) The person is preparing to plant something, likely in the pots using the",A,100.0,289.23,290,290,1.0,False,365,56840,0.0064,784,4,15000,0,64,1
Ego4D__video__0b0f7069-ef6b-4d6e-bb84-6eaa151e739e,1154,FPD,What is this person preparing to do?,"['The person is preparing to write an essay.', 'The person is preparing to cook a meal.', 'The person is preparing to go for a jog.', 'The person is preparing to paint.']",The person is preparing to paint.,D,D) The person is preparing to paint.,D,100.0,58.23,59,259,1.0,False,212,11564,0.0183,392,2,15000,0,64,1
Ego4D__video__0b0f7069-ef6b-4d6e-bb84-6eaa151e739e,1153,FPD,What is this person going to do?,"['The person is going to start cooking.', 'The person is going to read a book.', 'The person is going to make a phone call.', 'The person is going to pour some water.']",The person is going to pour some water.,D,C) The person is going to make a phone call.,C,0.0,187.0,188,259,1.0,False,261,36848,0.0071,588,3,15000,0,64,1
Ego4D__video__0b0f7069-ef6b-4d6e-bb84-6eaa151e739e,1028,ATR,Which color is his brush picking?,"['Bright yellow', 'Blue', 'Black', 'Brown']",Brown,D,B) Blue,B,0.0,191.0,192,259,1.0,False,261,37632,0.0069,588,3,15000,0,64,1
Ego4D__video__0b0f7069-ef6b-4d6e-bb84-6eaa151e739e,1155,FPD,What is this person about to do?,"['The person is about to write.', 'The person is about to cook.', 'The person is about to draw.', 'The person is about to paint.']",The person is about to paint.,D,C) The person is about to draw.,C,0.0,258.57,259,259,1.0,False,283,50764,0.0056,784,4,15000,0,64,1
Ego4D__video__0bc8996b-85d5-4800-b840-f7ef647a21ee,1205,FPD,What is this person preparing to do next?,"['The person is going to screw in a bolt on the engine.', 'The person is setting up a toolkit for an engine repair task.', 'The person is preparing to check the oil level of the engine.', 'The person is about to replace a worn-out fan belt in the engine compartment.']",The person is going to screw in a bolt on the engine.,A,A) The person is going to screw in a bolt on the engine.,A,100.0,107.23,108,108,1.0,False,223,21168,0.0105,392,2,15000,0,64,1
Ego4D__video__151dbdab-9705-4641-a8f7-9f432cec8c2e,1232,ACR,What is this person doing?,"['Stepping outside the room.', 'Walking towards the bike.', 'Checking the tire pressure.', 'Organizing electrical wires.']",Walking towards the bike.,B,C) Checking the tire pressure.,C,0.0,107.37,108,231,1.0,False,325,21168,0.0154,392,2,15000,0,64,1
Ego4D__video__151dbdab-9705-4641-a8f7-9f432cec8c2e,1115,FPD,What is this person about to do?,"['The person is about to tighten a screw on the bicycle wheel.', 'The person is about to inspect the bicycle brake.', 'The person is about to inflate the bicycle tire.', 'The person is about to clean the bicycle spokes.']",The person is about to tighten a screw on the bicycle wheel.,A,A) The person is about to tighten a screw on the bicycle wheel.,A,100.0,227.77,228,231,1.0,False,464,44688,0.0104,588,3,15000,0,64,1
Ego4D__video__151dbdab-9705-4641-a8f7-9f432cec8c2e,1231,ACR,What is this person doing with the bike?,"['Repairing a flat tire on the bike.', 'Cleaning the frame of the bike.', 'Adjusting the seat height of the bike.', 'Adjusting the brake of the bike.']",Adjusting the brake of the bike.,D,C) Adjusting the seat height of the bike.,C,0.0,230.97,231,231,1.0,False,469,45276,0.0104,784,4,15000,0,64,1
Ego4D__video__15929976-8630-46c5-ae6b-84a4dacd2634,982,OJR,What tool is being used?,"['Black plastic shell', 'Cordless drill.', 'Impact wrench', 'Hammer']",Cordless drill.,B,A) Black plastic shell,A,0.0,37.97,38,111,1.0,False,265,7448,0.0356,392,2,15000,0,64,1
Ego4D__video__15929976-8630-46c5-ae6b-84a4dacd2634,1156,FPD,What is this person about to do?,"['The person is about to sweep with a broom.', 'The person is about to pour a glass of water.', 'The person is about to write a letter.', 'The person is about to play a song on a guitar.']",The person is about to sweep with a broom.,A,A) The person is about to sweep with a broom.,A,100.0,81.13,82,111,1.0,False,337,16072,0.021,588,3,15000,0,64,1
Ego4D__video__15929976-8630-46c5-ae6b-84a4dacd2634,1157,FPD,What is this person about to do?,"['The person is about to fill the gas tank.', 'The person is about to open the hood.', 'The person is about to check the oil level.', 'The person is about to clean the windshield.']",The person is about to check the oil level.,C,A) The person is about to fill the gas tank.,A,0.0,98.4,99,111,1.0,False,387,19404,0.0199,784,4,15000,0,64,1
Ego4D__video__15929976-8630-46c5-ae6b-84a4dacd2634,983,OJR,What is he holding in his hand?,"['A black plastic shell.', 'A black bottle that resembled motor oil.', 'A blue rag.', 'A Cordless drill.']",A black bottle that resembled motor oil.,B,D) A Cordless drill.,D,0.0,110.97,111,111,1.0,False,397,21756,0.0182,980,5,15000,0,64,1
Ego4D__video__16ba692f-cb3a-4998-be66-f7e5e74b49f2,1206,FPD,What is this person about to do?,"['The person is reaching for a napkin on the table.', 'The person is preparing to stand up from their chair.', 'The person is reaching to adjust their glasses.', 'The person is about to take a sip of their drink.']",The person is reaching for a napkin on the table.,A,A) The person is reaching for a napkin on the table.,A,100.0,27.13,28,201,1.0,False,273,5488,0.0497,392,2,15000,0,64,1
Ego4D__video__16ba692f-cb3a-4998-be66-f7e5e74b49f2,1207,FPD,What is this person going to do with the small object in their hands?,"['The person is going to place the screw on the table.', 'The person is going to put the screw in a toolbox.', 'The person is going to throw the screw into the trash.', 'The person is going to use the screw to fix a chair.']",The person is going to place the screw on the table.,A,A) The person is going to place the screw on the table.,A,100.0,134.5,135,201,1.0,False,348,26460,0.0132,588,3,15000,0,64,1
Ego4D__video__16ba692f-cb3a-4998-be66-f7e5e74b49f2,1208,FPD,What is this person going to do?,"['The person is going to assemble a new piece of furniture.', 'The person is going to fix a leak under the sink.', 'The person is going to change the batteries in a toy.', 'The person is going to pick up a screwdriver.']",The person is going to pick up a screwdriver.,D,D) The person is going to pick up a screwdriver.,D,100.0,200.43,201,201,1.0,False,390,39396,0.0099,784,4,15000,0,64,1
Ego4D__video__1b2f1101-b3d9-4be5-bc92-393c983be9b4,1225,ACR,What is he doing with his hands above the table?,"['He is stacking coins on the table.', 'He is decorating cupcakes on the table.', 'He is sorting beads on the table.', 'He is placing nuts on the table.']",He is placing nuts on the table.,D,D) He is placing nuts on the table.,D,100.0,94.47,95,136,1.0,False,259,18620,0.0139,392,2,15000,0,64,1
Ego4D__video__1b2f1101-b3d9-4be5-bc92-393c983be9b4,1227,ACR,What action is he doing as he moves to the side?,"['He is pushing a shopping cart.', 'He is swinging a rope back and forth.', 'He is guiding a toddler by the hand.', 'He is holding a cardboard piece.']",He is holding a cardboard piece.,D,D) He is holding a cardboard piece.,D,100.0,118.47,119,136,1.0,False,288,23324,0.0123,588,3,15000,0,64,1
Ego4D__video__1b2f1101-b3d9-4be5-bc92-393c983be9b4,1226,ACR,What is he doing?,"['carry small parts.', 'take out screws.', 'tape the bag.', 'organize bolts.']",take out screws.,B,B) take out screws.,B,100.0,135.47,136,136,1.0,False,312,26656,0.0117,784,4,15000,0,64,1
Ego4D__video__22969066-24e1-4711-b808-bb89e0a84c9c,1209,FPD,What is this person about to do next?,"['The person is going to put the drawer in place.', 'The person is going to open a drawer nearby.', 'The person is going to close the drawer.', 'The person is going to adjust the contents of the drawer.']",The person is going to put the drawer in place.,A,A) The person is going to put the drawer in place.,A,100.0,142.73,143,143,1.0,False,378,28028,0.0135,392,2,15000,0,64,1
Ego4D__video__26bfc767-548a-43de-9631-0598a32411a7,677,STU,What is the relative position of the person to the car?,"['The person is standing at the front of the car.', 'The person is on the co-pilot side of the car.', ""The person is standing beside the driver's side of the car."", 'The person is behind the trunk of the car.']",The person is standing beside the driver's side of the car.,C,D) The person is behind the trunk of the car.,D,0.0,87.3,88,88,1.0,False,337,17248,0.0195,392,2,15000,0,64,1
Ego4D__video__342f509b-4aa9-47f0-8fb2-1efd1f3bdbfa,1117,FPD,What is this person about to do from the desk?,"['The person is going to take the bag from the desk.', 'The person is going to organize the documents on the desk.', 'The person is going to write a note on the desk.', 'The person is going to open the notebook on the desk.']",The person is going to take the bag from the desk.,A,A) The person is going to take the bag from the desk.,A,100.0,0.03,1,148,1.0,False,196,196,1.0,196,1,15000,0,64,1
Ego4D__video__342f509b-4aa9-47f0-8fb2-1efd1f3bdbfa,679,STU,Which toolbox do you remove the parts from?,"['Top box', 'Middle box', 'Bottom box', 'Outermost box']",Bottom box,C,C) Bottom box,C,100.0,140.5,141,148,1.0,False,312,27636,0.0113,392,2,15000,0,64,1
Ego4D__video__342f509b-4aa9-47f0-8fb2-1efd1f3bdbfa,1116,FPD,What is this person going to do?,"['The person is going to pick up a book.', 'The person is going to grab a box.', 'The person is going to turn off the light.', 'The person is going to reach for a pen.']",The person is going to grab a box.,B,B) The person is going to grab a box.,B,100.0,147.57,148,148,1.0,False,314,29008,0.0108,588,3,15000,0,64,1
Ego4D__video__3979214f-15fc-4f89-8226-eca1a9579a5e,984,OJR,What is lying on the ground beside the metal rods?,"['A pair of gloves and a small wrench.', 'A blue tape measure and a red pencil.', 'A screwdriver and a measuring tape.', 'A notebook and a ruler.']",A blue tape measure and a red pencil.,B,B) A blue tape measure and a red pencil.,B,100.0,226.9,227,243,1.0,False,568,44492,0.0128,588,3,15000,0,64,1
Ego4D__video__3979214f-15fc-4f89-8226-eca1a9579a5e,985,OJR,How many long metal rods are on the floor?,"['There are five long metal rods on the floor.', 'There are six long metal rods on the floor.', 'There are four long metal rods on the floor.', 'There are two long metal rods on the floor.']",There are four long metal rods on the floor.,C,C) There are four long metal rods on the floor.,C,100.0,242.9,243,243,1.0,False,611,47628,0.0128,784,4,15000,0,64,1
Ego4D__video__44045866-ed5e-4758-a136-10cc3719f75b,1118,FPD,What is the person about to do with the knife?,"['The person is about to use the knife to cut a piece of fruit.', 'The person is about to clean the knife after finishing their meal.', 'The person is about to pick up the knife.', 'The person is about to hand the knife to someone else.']",The person is about to pick up the knife.,C,C) The person is about to pick up the knife.,C,100.0,290.67,291,291,1.0,False,578,57036,0.0101,588,3,15000,0,64,1
Ego4D__video__474d78c1-5350-4271-828c-c68687bc7651,1158,FPD,What is this person going to do next?,"['The person is going to turn on the lamp beside the desk.', 'The person is going to pick up a book from the shelf.', 'The person is going to operate the smartphone on the desk.', 'The person is going to sit down on the chair near the desk.']",The person is going to operate the smartphone on the desk.,C,C) The person is going to operate the smartphone on the desk.,C,100.0,45.03,46,225,1.0,False,276,9016,0.0306,392,2,15000,0,64,1
Ego4D__video__474d78c1-5350-4271-828c-c68687bc7651,1160,FPD,What is this person preparing to do?,"['The person is preparing to cook a meal.', 'The person is preparing to go for a run.', 'The person is preparing to paint a wall.', 'The person is preparing to wash something.']",The person is preparing to wash something.,D,D) The person is preparing to wash something.,D,100.0,212.4,213,225,1.0,False,645,41748,0.0154,784,4,15000,0,64,1
Ego4D__video__474d78c1-5350-4271-828c-c68687bc7651,1159,FPD,What is the person planning to do with the sponge?,"['The person is going to use the sponge for an art project.', 'The person intends to wash dishes with the sponge.', 'The person is preparing to clean with the sponge.', 'The person plans to use the sponge for bathing.']",The person is preparing to clean with the sponge.,C,B) The person intends to wash dishes with the sponge.,B,0.0,224.37,225,225,1.0,False,649,44100,0.0147,980,5,15000,0,64,1
Ego4D__video__47b77375-1ac1-4d11-8c6f-9cbef488770f,981,OJR,What is this person placing on the grinder?,"['The person is placing a metal sheet on the grinder.', 'The person is placing a piece of wood on the grinder.', 'The person is placing a ceramic tile on the grinder.', 'The person is placing a lid on the grinder.']",The person is placing a lid on the grinder.,D,D) The person is placing a lid on the grinder.,D,100.0,244.3,245,245,1.0,False,392,48020,0.0082,392,2,15000,0,64,1
Ego4D__video__4921fa23-9b0a-4bed-b6d0-2255e9615132,1121,FPD,What is this person about to do?,"['The person is about to flatten the dough with a rolling pin.', 'The person is about to shape the dough into balls.', 'The person is about to cover the dough and let it rest.', 'The person is about to add ingredients to the dough.']",The person is about to shape the dough into balls.,B,B) The person is about to shape the dough into balls.,B,100.0,229.7,230,303,1.0,False,536,45080,0.0119,588,3,15000,0,64,1
Ego4D__video__4921fa23-9b0a-4bed-b6d0-2255e9615132,1120,FPD,What is this person going to do next with the prepared items?,"['The person is going to add toppings to the dough.', 'The person is going to bake the dough in the oven.', 'The person is going to cover the dough to let it rise.', 'The person is going to trim the dough into smaller pieces.']",The person is going to trim the dough into smaller pieces.,D,C) The person is going to cover the dough to let it rise.,C,0.0,232.73,233,303,1.0,False,538,45668,0.0118,784,4,15000,0,64,1
Ego4D__video__4921fa23-9b0a-4bed-b6d0-2255e9615132,1119,FPD,What is this person about to do?,"['The person is about to plant a seed.', 'The person is about to pick a flower.', 'The person is about to brew some coffee.', 'The person is about to take a pot.']",The person is about to take a pot.,D,D) The person is about to take a pot.,D,100.0,302.87,303,303,1.0,False,728,59388,0.0123,980,5,15000,0,64,1
Ego4D__video__513f88ec-6ae0-4c52-9908-8e2bafffa588,1162,FPD,What is this person about to do?,"['The person is about to press a button.', 'The person is about to grab a book.', 'The person is about to open the drawer.', 'The person is about to adjust the lamp.']",The person is about to open the drawer.,C,C) The person is about to open the drawer.,C,100.0,100.67,101,132,1.0,False,257,19796,0.013,392,2,15000,0,64,1
Ego4D__video__513f88ec-6ae0-4c52-9908-8e2bafffa588,979,OJR,What object is the person holding with both hands?,"['A metal rod.', 'A thick leather-bound book', 'A large wooden painting frame', 'A hammer']",A metal rod.,A,D) A hammer,D,0.0,105.0,106,132,1.0,False,266,20776,0.0128,588,3,15000,0,64,1
Ego4D__video__513f88ec-6ae0-4c52-9908-8e2bafffa588,1161,FPD,What is this person about to do with the tool they are holding?,"['The person is about to use it to dig into the soil.', 'The person is about to unscrew a bolt.', 'The person is about to insert the rod into a mechanism.', 'The person is about to tighten a loose screw.']",The person is about to insert the rod into a mechanism.,C,B) The person is about to unscrew a bolt.,B,0.0,111.8,112,132,1.0,False,273,21952,0.0124,784,4,15000,0,64,1
Ego4D__video__513f88ec-6ae0-4c52-9908-8e2bafffa588,980,OJR,What type of tool is being used by the person?,"['The tool being used is a saw.', 'The tool being used is a wrench.', 'The tool being used is a hammer.', 'The tool being used is a screwdriver.']",The tool being used is a hammer.,C,B) The tool being used is a wrench.,B,0.0,131.0,132,132,1.0,False,283,25872,0.0109,980,5,15000,0,64,1
Ego4D__video__62a88600-ba3e-4d10-ab9a-79f6306d630c,1123,FPD,What action is this person getting ready for?,"['They are likely preparing to write or take notes.', 'They could be preparing to read instructions or a manual.', 'They might be organizing a stack of papers or documents.', 'They are probably about to highlight or annotate a document.']",They are likely preparing to write or take notes.,A,A) They are likely preparing to write or take notes.,A,100.0,37.33,38,180,1.0,False,254,7448,0.0341,392,2,15000,0,64,1
Ego4D__video__62a88600-ba3e-4d10-ab9a-79f6306d630c,1122,FPD,What is this person about to do?,"['The person is about to press a button on the tablet.', 'The individual is preparing to swipe right on their smartphone screen.', 'The individual is leaning forward to type a command on a desktop keyboard.', 'The person is getting ready to tap an icon on the touchscreen of a laptop.']",The person is about to press a button on the tablet.,A,B) The individual is preparing to swipe right on their smartphone screen.,B,0.0,43.57,44,180,1.0,False,266,8624,0.0308,588,3,15000,0,64,1
Ego4D__video__62a88600-ba3e-4d10-ab9a-79f6306d630c,1124,FPD,What is the person going to do with the stylus?,"['The person is about to interact with the tablet using the stylus.', 'The person is aiming to write on a digital platform with the stylus.', 'The person is set to operate the touchscreen interface with the stylus.', 'The person is preparing to use the stylus for creating art on a tablet.']",The person is about to interact with the tablet using the stylus.,A,D) The person is preparing to use the stylus for creating art on a,D,0.0,179.07,180,180,1.0,False,439,35280,0.0124,784,4,15000,0,64,1
Ego4D__video__6774ba16-a7dc-4104-8d95-6feb6058b3e1,1165,FPD,What is this person about to do?,"['The person is about to throw a ball.', 'The person is about to spin the wheel.', 'The person is about to pick up a phone.', 'The person is about to open a door.']",The person is about to spin the wheel.,B,B) The person is about to spin the wheel.,B,100.0,114.5,115,301,1.0,False,374,22540,0.0166,392,2,15000,0,64,1
Ego4D__video__6774ba16-a7dc-4104-8d95-6feb6058b3e1,1164,FPD,What is this person about to do with the circular object?,"['The person is about to attach the wheel to the bicycle.', 'The person is about to throw the frisbee to a friend.', 'The person is about to hang the wreath on the door.', 'The person is about to roll the hoop down the street.']",The person is about to attach the wheel to the bicycle.,A,A) The person is about to attach the wheel to the bicycle.,A,100.0,152.9,153,301,1.0,False,435,29988,0.0145,588,3,15000,0,64,1
Ego4D__video__6774ba16-a7dc-4104-8d95-6feb6058b3e1,1235,ACR,What is this person doing?,"['inspect the tire for punctures.', 'shake a bottle in his hand.', 'tightens the wheel nuts.', 'clean the wheel rim.']",shake a bottle in his hand.,B,C) tightens the wheel nuts.,C,0.0,257.47,258,301,1.0,False,561,50568,0.0111,784,4,15000,0,64,1
Ego4D__video__6774ba16-a7dc-4104-8d95-6feb6058b3e1,1163,FPD,What is this person about to do with the object in the stand?,"['The person is about to fix or adjust the bicycle.', 'The person is about to tune or play the guitar.', 'The person is about to give a presentation or speech.', 'The person is about to photograph or take a picture.']",The person is about to fix or adjust the bicycle.,A,A) The person is about to fix or adjust the bicycle.,A,100.0,300.47,301,301,1.0,False,612,58996,0.0104,980,5,15000,0,64,1
Ego4D__video__67dce8e0-ea5f-44dd-a2fe-a8f8ed157625,1234,ACR,What is the man holding while using his phone?,"['The man is holding a briefcase while using his phone.', 'The man is holding a cup of coffee while using his phone.', 'The man is holding an iron while using his phone.', 'The man is holding a tennis racket while using his phone.']",The man is holding an iron while using his phone.,C,C) The man is holding an iron while using his phone.,C,100.0,201.97,202,202,1.0,False,984,39592,0.0249,1176,6,15000,0,64,1
Ego4D__video__68e54307-c0d1-4ed3-9c67-45827293c21e,956,OJR,What object is being attached to the back of it?,"['A bag', 'A saddlebag', 'A basket', 'A pannier']",A basket,C,C) A basket,C,100.0,128.73,129,259,1.0,False,367,25284,0.0145,392,2,15000,0,64,1
Ego4D__video__68e54307-c0d1-4ed3-9c67-45827293c21e,1219,ACR,What is this person doing with the basket?,"['Removing items from the basket on the bike.', 'Removing the basket from the bike.', 'Fitting a new basket onto the handlebars.', 'Adjusting the basket attached to the bike.']",Adjusting the basket attached to the bike.,D,B) Removing the basket from the bike.,B,0.0,134.8,135,259,1.0,False,371,26460,0.014,588,3,15000,0,64,1
Ego4D__video__68e54307-c0d1-4ed3-9c67-45827293c21e,1220,ACR,What is this man doing?,"['They pick up a tool from the workbench.', 'They place a tool back on the workbench.', 'They inspect a tool closely.', 'They organize tools on the workbench.']",They organize tools on the workbench.,D,C) They inspect a tool closely.,C,0.0,164.8,165,259,1.0,False,405,32340,0.0125,784,4,15000,0,64,1
Ego4D__video__68e54307-c0d1-4ed3-9c67-45827293c21e,1221,ACR,What action does this individual perform with the tool?,"['They use the tool to adjust the bicycle brakes.', ""They grasp the tool as they examine the bicycle's tire."", 'They approach the bicycle with the tool.', ""They apply the tool to tighten the bicycle's seat.""]",They approach the bicycle with the tool.,C,D) They apply the tool to tighten the bicycle's seat.,D,0.0,166.8,167,259,1.0,False,410,32732,0.0125,980,5,15000,0,64,1
Ego4D__video__68e54307-c0d1-4ed3-9c67-45827293c21e,957,OJR,What is being used to secure the basket?,"['A metal clasp.', 'A bungee cord.', 'A zip tie.', 'A piece of strong rope.']",A zip tie.,C,C) A zip tie.,C,100.0,258.73,259,259,1.0,False,525,50764,0.0103,1176,6,15000,0,64,1
Ego4D__video__697177fa-49e3-439d-9492-6a9810860572,975,OJR,What tool is being held in the right hand?,"['A hammer', 'A wrench', 'A screwdriver', 'A pair of pliers.']",A pair of pliers.,D,C) A screwdriver,C,0.0,24.97,25,161,1.0,False,248,4900,0.0506,392,2,15000,0,64,1
Ego4D__video__697177fa-49e3-439d-9492-6a9810860572,976,OJR,What is being worked on in the vehicle?,"['The brake', 'The engine', 'The wheel', 'The windshield']",The wheel,C,C) The wheel,C,100.0,59.97,60,161,1.0,False,271,11760,0.023,588,3,15000,0,64,1
Ego4D__video__697177fa-49e3-439d-9492-6a9810860572,1126,FPD,What is this person preparing to do?,"['The person is preparing to pump air into a pool float.', 'The person is preparing to inflate a balloon.', 'The person is preparing to inflate a tire.', 'The person is preparing to blow up an air mattress.']",The person is preparing to inflate a tire.,C,C) The person is preparing to inflate a tire.,C,100.0,75.2,76,161,1.0,False,273,14896,0.0183,784,4,15000,0,64,1
Ego4D__video__697177fa-49e3-439d-9492-6a9810860572,1125,FPD,What is this person preparing to do?,"['The person is preparing to write a letter.', 'The person is preparing to fasten a screw.', 'The person is preparing to read a book.', 'The person is preparing to paint a wall.']",The person is preparing to fasten a screw.,B,B) The person is preparing to fasten a screw.,B,100.0,160.03,161,161,1.0,False,329,31556,0.0104,980,5,15000,0,64,1
Ego4D__video__6a7972a1-4984-4680-b91c-3326dbbe97aa,1239,ACR,What action is being performed with the objects on her hands?,"['They are being folded.', 'They are being bought.', 'They are being worn.', 'They are being sorted.']",They are being worn.,C,D) They are being sorted.,D,0.0,9.5,10,171,1.0,False,216,1960,0.1102,392,2,15000,0,64,1
Ego4D__video__6a7972a1-4984-4680-b91c-3326dbbe97aa,1167,FPD,What is this person about to do?,"['The person is about to turn on the cooker.', 'The person is about to answer the phone.', 'The person is about to open a window.', 'The person is about to take a seat.']",The person is about to turn on the cooker.,A,D) The person is about to take a seat.,D,0.0,86.17,87,171,1.0,False,495,17052,0.029,784,4,15000,0,64,1
Ego4D__video__6a7972a1-4984-4680-b91c-3326dbbe97aa,1228,ACR,What is the person doing with the vegetables?,"['They are eating vegetables.', 'They are washing vegetables.', 'They are chopping vegetables.', 'They are cooking vegetables.']",They are chopping vegetables.,C,D) They are cooking vegetables.,D,0.0,119.3,120,171,1.0,False,551,23520,0.0234,980,5,15000,0,64,1
Ego4D__video__6a7972a1-4984-4680-b91c-3326dbbe97aa,1229,ACR,What does the person do after chopping the onion?,"['They grab a skillet to stir-fry the vegetables.', 'They take out the carrots to chop next.', 'They reach for the cutting board to slice tomatoes.', 'They start opening the package of mushrooms.']",They start opening the package of mushrooms.,D,B) They take out the carrots to chop next.,B,0.0,135.3,136,171,1.0,False,568,26656,0.0213,1176,6,15000,0,64,1
Ego4D__video__6a7972a1-4984-4680-b91c-3326dbbe97aa,1222,ACR,What action is being performed with the mushrooms?,"['They are being examined for quality.', 'They are being mixed into compost.', 'They are being arranged for display.', 'They are being prepared for cooking.']",They are being prepared for cooking.,D,D) They are being prepared for cooking.,D,100.0,142.77,143,171,1.0,False,576,28028,0.0206,1372,7,15000,0,64,1
Ego4D__video__6a7972a1-4984-4680-b91c-3326dbbe97aa,1166,FPD,What is this person about to do?,"['The person is reaching for a pen.', 'The person is reaching for a spoon.', 'The person is reaching for a knife.', 'The person is reaching for a phone.']",The person is reaching for a knife.,C,D) The person is reaching for a phone.,D,0.0,147.07,148,171,1.0,False,579,29008,0.02,1568,8,15000,0,64,1
Ego4D__video__6a7972a1-4984-4680-b91c-3326dbbe97aa,676,STU,What is the arrangement of the mushrooms on the cutting board?,"['The mushrooms are arranged closely together.', 'The mushrooms are aligned in a straight line down the center of the board.', 'The mushrooms are grouped in clusters of three across different areas of the board.', 'The mushrooms are placed in a circular pattern around the edge of the board.']",The mushrooms are arranged closely together.,A,C) The mushrooms are grouped in clusters of three across different areas of the board,C,0.0,148.43,149,171,1.0,False,581,29204,0.0199,1764,9,15000,0,64,1
Ego4D__video__6a7972a1-4984-4680-b91c-3326dbbe97aa,1230,ACR,What action takes place with the pan on the stove?,"['Pasta is boiled in the pan.', 'Oil is poured into the pan.', 'Water is heated in the pan.', 'Vegetables are sautéd in the pan.']",Oil is poured into the pan.,B,B) Oil is poured into the pan.,B,100.0,153.3,154,171,1.0,False,595,30184,0.0197,1960,10,15000,0,64,1
Ego4D__video__6a7972a1-4984-4680-b91c-3326dbbe97aa,1223,ACR,What is being added to the pan?,"['Salt.', 'Butter.', 'Water.', 'Oil.']",Oil.,D,D) Oil.,D,100.0,153.77,154,171,1.0,False,595,30184,0.0197,1960,10,15000,0,64,1
Ego4D__video__6a7972a1-4984-4680-b91c-3326dbbe97aa,1224,ACR,What is done after retrieving the bottle cap from the floor?,"['It is thrown into the recycling bin.', 'It is placed near the sink.', 'It is set on the bottle.', 'It is dropped into the trash can.']",It is placed near the sink.,B,C) It is set on the bottle.,C,0.0,170.77,171,171,1.0,False,664,33516,0.0198,2156,11,15000,0,64,1
Ego4D__video__740202e6-5d33-45d3-a088-cbd310a14187,978,OJR,What is he holding in his hand?,"['a yellow tape measure', 'a blue umbrella', 'a silver smartphone', 'a black notebook']",a yellow tape measure,A,A) a yellow tape measure,A,100.0,83.53,84,87,1.0,False,315,16464,0.0191,392,2,15000,0,64,1
Ego4D__video__740202e6-5d33-45d3-a088-cbd310a14187,977,OJR,What is the person on the right doing?,"['The person on the right is painting a wall.', 'The person on the right is holding a plank of wood.', 'The person on the right is reading a book.', 'The person on the right is drinking a cup of coffee.']",The person on the right is holding a plank of wood.,B,B) The person on the right is holding a plank of wood.,B,100.0,86.53,87,87,1.0,False,316,17052,0.0185,588,3,15000,0,64,1
Ego4D__video__75048701-73b6-4e63-a861-09111bcc246c,1168,FPD,What is this person going to do?,"['Cut an apple.', 'Dice a cucumber.', 'Chop broccoli.', 'Peel a carrot.']",Peel a carrot.,D,D) Peel a carrot.,D,100.0,120.53,121,121,1.0,False,578,23716,0.0244,588,3,15000,0,64,1
Ego4D__video__7548cced-9bce-4606-b513-5b019813e1ab,954,OJR,How many lime halves are on the cutting board?,"['6', '4', '2', '0']",2,C,C) 2,C,100.0,91.3,92,138,1.0,False,428,18032,0.0237,588,3,15000,0,64,1
Ego4D__video__7548cced-9bce-4606-b513-5b019813e1ab,955,OJR,How many lime halves are on the cutting board?,"['6', '4', '2', '0']",4,B,C) 2,C,0.0,96.3,97,138,1.0,False,435,19012,0.0229,784,4,15000,0,64,1
Ego4D__video__7548cced-9bce-4606-b513-5b019813e1ab,953,OJR,How many lime halves are on the cutting board?,"['6', '4', '2', '0']",6,A,C) 2,C,0.0,101.3,102,138,1.0,False,449,19992,0.0225,980,5,15000,0,64,1
Ego4D__video__7548cced-9bce-4606-b513-5b019813e1ab,952,OJR,What tool is being used to squeeze the limes?,"['Lime squeezer', 'Electric citrus juicer', 'Manual citrus juicer.', 'Handheld press']",Manual citrus juicer.,C,A) Lime squeezer,A,0.0,105.3,106,138,1.0,False,457,20776,0.022,1176,6,15000,0,64,1
Ego4D__video__7548cced-9bce-4606-b513-5b019813e1ab,1027,ATR,What type of container holds the liquid?,"['The liquid is held in glass bottles.', 'The liquid is held in metal cans.', 'The liquid is held in ceramic mugs.', 'The liquid is held in plastic cups.']",The liquid is held in plastic cups.,D,B) The liquid is held in metal cans.,B,0.0,137.37,138,138,1.0,False,498,27048,0.0184,1372,7,15000,0,64,1
Ego4D__video__760a2d62-d580-4422-b32f-2c4fc9a35c7c,694,STU,Which direction is the mop in relation to the person holding it?,"[""The mop is to the person's right."", ""The mop is to the person's left."", 'The mop is facing upward.', 'The mop is behind the person, facing the wall.']",The mop is to the person's right.,A,"D) The mop is behind the person, facing the wall.",D,0.0,167.93,168,240,1.0,False,537,32928,0.0163,588,3,15000,0,64,1
Ego4D__video__760a2d62-d580-4422-b32f-2c4fc9a35c7c,695,STU,Where is the yellow soap located on the faucet?,"['On the left side of the faucet.', 'On the right side of the faucet.', 'On the top of the faucet.', 'On the bottom of the faucet.']",On the right side of the faucet.,B,B) On the right side of the faucet.,B,100.0,182.93,183,240,1.0,False,558,35868,0.0156,784,4,15000,0,64,1
Ego4D__video__760a2d62-d580-4422-b32f-2c4fc9a35c7c,696,STU,Where is the pink playhouse located in the room?,"['The pink playhouse is at the back wall between the windows and in front of the sliding glass doors.', 'The pink playhouse is to the left of the entrance, beside the toy chest and near the indoor plant.', 'The pink playhouse is near the ceiling fan, under the loft bed and beside the bean bag chairs.', 'The pink playhouse is in the corner, adjacent to the bookshelf and next to the study table.']",The pink playhouse is at the back wall between the windows and in front of the sliding glass doors.,A,"B) The pink playhouse is to the left of the entrance, beside the",B,0.0,239.93,240,240,1.0,False,607,47040,0.0129,980,5,15000,0,64,1
Ego4D__video__77975a87-6cb3-45fa-ac8b-a503b6b7c9b5,1128,FPD,What is this person going to do after cleaning the item?,"['Check the item for any remaining dirt.', 'Turn off the faucet.', 'Dry the item.', 'Dispose of the cleaning waste.']",Turn off the faucet.,B,C) Dry the item.,C,0.0,9.23,10,49,1.0,False,215,1960,0.1097,392,2,15000,0,64,1
Ego4D__video__77975a87-6cb3-45fa-ac8b-a503b6b7c9b5,1129,FPD,What is this person preparing to do?,"['Cleaning up after ingredient preparation.', 'Organizing a kitchen space.', 'Preparing a meal for dinner.', 'Checking the pantry for supplies.']",Cleaning up after ingredient preparation.,A,C) Preparing a meal for dinner.,C,0.0,14.67,15,49,1.0,False,224,2940,0.0762,588,3,15000,0,64,1
Ego4D__video__77975a87-6cb3-45fa-ac8b-a503b6b7c9b5,1127,FPD,What is the person about to do?,"['The person is about to slice vegetables.', 'The person is about to paint a picture.', 'The person is about to write a letter.', 'The person is about to start a workout.']",The person is about to slice vegetables.,A,A) The person is about to slice vegetables.,A,100.0,48.47,49,49,1.0,False,243,9604,0.0253,784,4,15000,0,64,1
Ego4D__video__779d8772-d716-4db2-883e-831d822e721f,1171,FPD,What is this person about to do with the object they are holding?,"['The person is about to inflate the tire with a pump.', 'The person is about to change the tire on the vehicle.', 'The person is about to measure the tire pressure with a gauge.', 'The person is about to wash the tire with a hose.']",The person is about to change the tire on the vehicle.,B,B) The person is about to change the tire on the vehicle.,B,100.0,48.1,49,95,1.0,False,277,9604,0.0288,392,2,15000,0,64,1
Ego4D__video__779d8772-d716-4db2-883e-831d822e721f,1170,FPD,What is this person about to do?,"['The person is about to pick up a wrench.', 'The person is about to start fixing the bike.', 'The person is about to tighten the screws on a bookshelf.', 'The person is about to check the engine.']",The person is about to pick up a wrench.,A,B) The person is about to start fixing the bike.,B,0.0,90.63,91,95,1.0,False,355,17836,0.0199,588,3,15000,0,64,1
Ego4D__video__779d8772-d716-4db2-883e-831d822e721f,1169,FPD,What is this person about to do?,"['The person is about to open a can of paint using a flathead screwdriver. This involves inserting the tool under the lid and applying upward pressure to pry it open. Such a task suggests preparations for a painting job, possibly on a wall or furniture, where ensuring that the paint is well-mixed and evenly applied will contribute to a professional finish.', ""The person is about to take a screw and insert it into a hole to fasten two pieces together using a screwdriver, likely a Phillips head screwdriver as indicated by the tool's design and the type of screw head visible. The process suggests a construction or repair activity, where precision and alignment of the pieces are critical for a secure fit. Ensuring that the screwdriver matches the screw head type is crucial for effective fastening, as it prevents stripping of the screw and ensures a tight fit, which is necessary for the structural integrity of the assembled pieces. "", 'The individual is preparing to lift a wooden plank and position it onto a workbench for sanding. This task involves smoothing the surface of the wood, potentially using sanding paper to lightly buff the imperfections, likely in preparation for painting or varnishing. The focus will be on consistent pressure to maintain a uniform surface texture, which is important for the aesthetic appeal of the final product.', 'The individual is about to measure the length of a piece of fabric using a tape measure, ensuring accuracy before cutting. This action implies that the fabric will be used for sewing, where precision is crucial to align patterns and seams properly. Attention to detail during this preparation stage is essential for the completed textile item to have the desired fit and appearance.']","The person is about to take a screw and insert it into a hole to fasten two pieces together using a screwdriver, likely a Phillips head screwdriver as indicated by the tool's design and the type of screw head visible. The process suggests a construction or repair activity, where precision and alignment of the pieces are critical for a secure fit. Ensuring that the screwdriver matches the screw head type is crucial for effective fastening, as it prevents stripping of the screw and ensures a tight fit, which is necessary for the structural integrity of the assembled pieces. ",B,B) The person is about to take a screw and insert it into a hole,B,100.0,94.33,95,95,1.0,False,363,18620,0.0195,784,4,15000,0,64,1
Ego4D__video__7a0cbfad-7cb3-44bd-9f0a-926faf5b3479,958,OJR,What is being washed in the sink?,"['A plastic basin', 'A colander', 'A dish rack', 'A cutting board']",A plastic basin,A,A) A plastic basin,A,100.0,14.13,15,312,1.0,False,206,2940,0.0701,392,2,15000,0,64,1
Ego4D__video__7a0cbfad-7cb3-44bd-9f0a-926faf5b3479,959,OJR,What is being washed in the sink?,"['A plastic basin', 'A colander', 'A lid', 'A cutting board']",A lid,C,C) A lid,C,100.0,33.13,34,312,1.0,False,216,6664,0.0324,588,3,15000,0,64,1
Ego4D__video__7a0cbfad-7cb3-44bd-9f0a-926faf5b3479,960,OJR,What is being washed in the sink?,"['A plastic basin', 'A colander', 'A lid', 'A Black cutting board']",A Black cutting board,D,C) A lid,C,0.0,60.13,61,312,1.0,False,258,11956,0.0216,784,4,15000,0,64,1
Ego4D__video__7a0cbfad-7cb3-44bd-9f0a-926faf5b3479,1130,FPD,What is this person going to do with the object?,"['Put the glass on the shelf.', 'Use the glass to drink water.', 'Place the glass on the countertop.', 'Wash the glass under the tap.']",Place the glass on the countertop.,C,D) Wash the glass under the tap.,D,0.0,125.73,126,312,1.0,False,331,24696,0.0134,980,5,15000,0,64,1
Ego4D__video__7a0cbfad-7cb3-44bd-9f0a-926faf5b3479,961,OJR,What is being washed in the sink?,"['A plastic basin', 'A white bowl.', 'A lid', 'A Black cutting board']",A white bowl.,B,D) A Black cutting board,D,0.0,130.13,131,312,1.0,False,340,25676,0.0132,1176,6,15000,0,64,1
Ego4D__video__7a0cbfad-7cb3-44bd-9f0a-926faf5b3479,962,OJR,What is being washed in the sink?,"['A plastic basin', 'A white bowl.', 'A glass.', 'A Black cutting board']",A glass.,C,D) A Black cutting board,D,0.0,166.13,167,312,1.0,False,370,32732,0.0113,1372,7,15000,0,64,1
Ego4D__video__7a0cbfad-7cb3-44bd-9f0a-926faf5b3479,1131,FPD,What is this person about to do next with the container?,"['The person is about to remove the label from the container.', 'The person is about to pour contents out of the container.', 'The person is about to pick up the bottle.', 'The person is about to open the lid of the container.']",The person is about to pick up the bottle.,C,D) The person is about to open the lid of the container.,D,0.0,191.4,192,312,1.0,False,380,37632,0.0101,1568,8,15000,0,64,1
Ego4D__video__7a0cbfad-7cb3-44bd-9f0a-926faf5b3479,963,OJR,What is being washed in the sink?,"['Vegetables.', 'A water bottle.', 'A colander.', 'Dishes.']",A colander.,C,D) Dishes.,D,0.0,247.13,248,312,1.0,False,438,48608,0.009,1764,9,15000,0,64,1
Ego4D__video__7a0cbfad-7cb3-44bd-9f0a-926faf5b3479,1132,FPD,What is this person preparing to do?,"['The person is preparing to package the items.', 'The person is preparing to open the container.', 'The person is preparing to clean the area.', 'The person is preparing to dispose of the trash.']",The person is preparing to open the container.,B,C) The person is preparing to clean the area.,C,0.0,282.73,283,312,1.0,False,476,55468,0.0086,1960,10,15000,0,64,1
Ego4D__video__7a0cbfad-7cb3-44bd-9f0a-926faf5b3479,964,OJR,How many white bowls are visible?,"['Two.', 'One.', 'Three.', 'Four.']",Two.,A,B).,B,0.0,286.13,287,312,1.0,False,485,56252,0.0086,2156,11,15000,0,64,1
Ego4D__video__7a0cbfad-7cb3-44bd-9f0a-926faf5b3479,965,OJR,What is being washed in the sink?,"['A plastic basin', 'A white bowl.', 'A glass.', 'A green cutting board.']",A green cutting board.,D,B) A white bowl.,B,0.0,311.13,312,312,1.0,False,519,61152,0.0085,2352,12,15000,0,64,1
Ego4D__video__7eb6abcd-443e-4354-9742-6f5bf5bd9626,1172,FPD,What is this person about to do?,"['The person is about to take a picture.', 'The person is about to write in a notebook.', 'The person is about to open a bag.', 'The person is about to answer a phone call.']",The person is about to open a bag.,C,C) The person is about to open a bag.,C,100.0,137.3,138,284,1.0,False,764,27048,0.0282,784,4,15000,0,64,1
Ego4D__video__7eb6abcd-443e-4354-9742-6f5bf5bd9626,1173,FPD,What is this person about to do with the item in their hand?,"['The person is about to eat something from the item.', 'The person is about to open a bag.', 'The person is about to write something.', 'The person is about to throw the item away.']",The person is about to open a bag.,B,B) The person is about to open a bag.,B,100.0,146.17,147,284,1.0,False,788,28812,0.0273,980,5,15000,0,64,1
Ego4D__video__7eb6abcd-443e-4354-9742-6f5bf5bd9626,990,OJR,What is located on top of the washing machine?,"['A blue bucket.', 'A green basket.', 'A red towel.', 'A yellow bag.']",A yellow bag.,D,D) A yellow bag.,D,100.0,258.97,259,284,1.0,False,1096,50764,0.0216,1372,7,15000,0,64,1
Ego4D__video__7eb6abcd-443e-4354-9742-6f5bf5bd9626,991,OJR,How many brooms are visible in the hallway?,"['Four brooms can be seen.', 'Three brooms are visible.', 'Only one broom is visible.', 'Two brooms are visible.']",Two brooms are visible.,D,D) Two brooms are visible.,D,100.0,259.97,260,284,1.0,False,1097,50960,0.0215,1568,8,15000,0,64,1
Ego4D__video__7eb6abcd-443e-4354-9742-6f5bf5bd9626,1174,FPD,What is this person going to do with the items on the floor?,"['Put the trash in a bin.', 'Clean up the items by sorting them into boxes.', 'Pack them into bags for donation.', 'Arrange the items neatly on the shelves.']",Put the trash in a bin.,A,D) Arrange the items neatly on the shelves.,D,0.0,272.57,273,284,1.0,False,1139,53508,0.0213,1764,9,15000,0,64,1
Ego4D__video__7eb6abcd-443e-4354-9742-6f5bf5bd9626,992,OJR,What's on the washing machine?,"['A large bottle of fabric softener.', 'There are two bottles of laundry detergent.', 'A box of dryer sheets.', 'There is a basket of folded clothes.']",There are two bottles of laundry detergent.,B,B) There are two bottles of laundry detergent.,B,100.0,283.97,284,284,1.0,False,1165,55664,0.0209,1960,10,15000,0,64,1
Ego4D__video__80c835c8-d7ec-4c6d-b1af-58315c333cbf,1238,ACR,What is the man doing with the motorcycle?,"['He is fastening a bolt on the motorcycle.', 'He is adjusting the handlebars of the motorcycle.', 'He is inspecting the brakes on the motorcycle.', 'He is checking the tire pressure on the motorcycle.']",He is fastening a bolt on the motorcycle.,A,C) He is inspecting the brakes on the motorcycle.,C,0.0,61.43,62,160,1.0,False,231,12152,0.019,392,2,15000,0,64,1
Ego4D__video__80c835c8-d7ec-4c6d-b1af-58315c333cbf,1216,ACR,What is being done with the object in his hands?,"['He is holding a yellow card.', 'He is grasping a white notebook.', 'He is spinning a small globe.', 'He is examining a blue envelope.']",He is holding a yellow card.,A,C) He is spinning a small globe.,C,0.0,113.87,114,160,1.0,False,275,22344,0.0123,588,3,15000,0,64,1
Ego4D__video__80c835c8-d7ec-4c6d-b1af-58315c333cbf,1217,ACR,How does he interact with the object on the floor?,"['He sets the object aside carefully.', 'He examines the object closely.', 'He picks up the object.', 'He steps on the object.']",He picks up the object.,C,C) He picks up the object.,C,100.0,115.87,116,160,1.0,False,284,22736,0.0125,784,4,15000,0,64,1
Ego4D__video__80c835c8-d7ec-4c6d-b1af-58315c333cbf,1218,ACR,What is he adjusting?,"['adjusting the brakes of his motorcycle.', 'adjusting the Front wheel screw.', 'adjusting the thermostat in his home.', 'adjusting the headset on his bicycle.']",adjusting the brakes of his motorcycle.,A,A) adjusting the brakes of his motorcycle.,A,100.0,140.87,141,160,1.0,False,335,27636,0.0121,980,5,15000,0,64,1
Ego4D__video__80c835c8-d7ec-4c6d-b1af-58315c333cbf,1021,ATR,What texture does the surface the person is walking on appear to have?,"['The floor has a bumpy sensation.', 'The ground is textured.', 'The surface is rough.', 'The pathway feels uneven.']",The surface is rough.,C,C) The surface is rough.,C,100.0,159.67,160,160,1.0,False,363,31360,0.0116,1176,6,15000,0,64,1
Ego4D__video__8693853d-e39d-4af7-a702-11ba9129db50,969,OJR,What is the person holding in their right hand?,"['A red pen.', 'A welding tool.', 'A hammer.', 'A measuring tape.']",A red pen.,A,D) A measuring tape.,D,0.0,50.0,51,275,1.0,False,363,9996,0.0363,392,2,15000,0,64,1
Ego4D__video__8693853d-e39d-4af7-a702-11ba9129db50,970,OJR,What is the person holding in their right hand?,"['A red pen.', 'A welding tool.', 'A hammer.', 'A measuring tape.']",A welding tool.,B,D) A measuring tape.,D,0.0,128.3,129,275,1.0,False,545,25284,0.0216,588,3,15000,0,64,1
Ego4D__video__8693853d-e39d-4af7-a702-11ba9129db50,971,OJR,What is the person holding in their right hand?,"['A red pen.', 'A welding tool.', 'A hammer.', 'A measuring tape.']",A hammer.,C,D) A measuring tape.,D,0.0,156.3,157,275,1.0,False,610,30772,0.0198,784,4,15000,0,64,1
Ego4D__video__8693853d-e39d-4af7-a702-11ba9129db50,972,OJR,What is the person holding in their right hand?,"['A red pen.', 'A welding tool.', 'A hammer.', 'A measuring tape.']",A measuring tape.,D,D) A measuring tape.,D,100.0,266.3,267,275,1.0,False,837,52332,0.016,1176,6,15000,0,64,1
Ego4D__video__8693853d-e39d-4af7-a702-11ba9129db50,973,OJR,What tool is on the floor near the person's right foot?,"['A yellow utility knife.', 'A blue tape measure.', 'A red screwdriver.', 'A roll of duct tape.']",A blue tape measure.,B,B) A blue tape measure.,B,100.0,274.3,275,275,1.0,False,856,53900,0.0159,1372,7,15000,0,64,1
Ego4D__video__8918b804-75aa-4bc2-b35b-c22f7fd4a9cd,691,STU,Can this saw handle fit in the blue bucket?,"['The saw handle can fit in the blue bucket.', 'The saw handle cannot fit in the blue bucket.', 'The size of saw handle cannot be measured.', 'There is no visible blue bucket in the scene.']",The saw handle can fit in the blue bucket.,A,B) The saw handle cannot fit in the blue bucket.,B,0.0,8.73,9,289,1.0,False,200,1764,0.1134,392,2,15000,0,64,1
Ego4D__video__8918b804-75aa-4bc2-b35b-c22f7fd4a9cd,692,STU,Where is the blue pen?,"['In the front left', 'In the front right', 'In the back left', 'In the back right']",In the back right,D,B) In the front right,B,0.0,271.73,272,289,1.0,False,452,53312,0.0085,784,4,15000,0,64,1
Ego4D__video__8918b804-75aa-4bc2-b35b-c22f7fd4a9cd,693,STU,What is the arrangement of the cut wooden pieces on the floor?,"['The wooden pieces are placed in a circular pattern, with each piece touching the next.', 'The pieces are arranged in a spiral configuration, starting from the center.', 'The pieces are scattered, with some leaning and others laid flat.', 'The wooden pieces appear to be sorted by size, forming a gradient arrangement.']","The pieces are scattered, with some leaning and others laid flat.",C,"C) The pieces are scattered, with some leaning and others laid flat.",C,100.0,288.73,289,289,1.0,False,483,56644,0.0085,980,5,15000,0,64,1
Ego4D__video__8989a6e3-bb75-420e-ac76-cb444b08bdd1,688,STU,Where is the green ladder positioned relative this man?,"['The green ladder is to the left of the man.', 'The green ladder is to the right of the man.', 'The green ladder is behind the man.', 'The green ladder is in front of the man.']",The green ladder is to the right of the man.,B,A) The green ladder is to the left of the man.,A,0.0,53.7,54,283,1.0,False,295,10584,0.0279,392,2,15000,0,64,1
Ego4D__video__8989a6e3-bb75-420e-ac76-cb444b08bdd1,689,STU,What is the man doing?,"['The man is touching the plank.', 'The man is climbing the stairs.', 'The man is writing a letter at his desk.', 'The man is jogging through the park.']",The man is climbing the stairs.,B,A) The man is touching the plank.,A,0.0,58.7,59,283,1.0,False,308,11564,0.0266,588,3,15000,0,64,1
Ego4D__video__8989a6e3-bb75-420e-ac76-cb444b08bdd1,690,STU,What is the man doing?,"['The man is touching the plank.', 'The man is climbing the stairs.', 'The man is descending the stairs.', 'The man is squatting on the stairs.']",The man is descending the stairs.,C,A) The man is touching the plank.,A,0.0,93.7,94,283,1.0,False,370,18424,0.0201,784,4,15000,0,64,1
Ego4D__video__8989a6e3-bb75-420e-ac76-cb444b08bdd1,1175,FPD,What is this person about to do?,"['The person is about to cut a piece of wood with a saw.', 'The person is about to sand the wood with sandpaper.', 'The person is about to paint the wooden surface with a brush.', 'The person is about to measure a plank with a tape measure.']",The person is about to cut a piece of wood with a saw.,A,D) The person is about to measure a plank with a tape measure.,D,0.0,190.2,191,283,1.0,False,535,37436,0.0143,980,5,15000,0,64,1
Ego4D__video__8989a6e3-bb75-420e-ac76-cb444b08bdd1,1177,FPD,What is this person about to do?,"['The person is about to saw a piece of wood.', 'The person is about to climb a ladder.', 'The person is about to paint a wall.', 'The person is about to cut a piece of fabric.']",The person is about to saw a piece of wood.,A,A) The person is about to saw a piece of wood.,A,100.0,253.6,254,283,1.0,False,617,49784,0.0124,1176,6,15000,0,64,1
Ego4D__video__8989a6e3-bb75-420e-ac76-cb444b08bdd1,1176,FPD,What is this person about to do?,"['The person is about to cut a piece of wood.', 'The person is about to climb a ladder.', 'The person is about to bake a loaf of bread.', 'The person is about to ride a bicycle.']",The person is about to cut a piece of wood.,A,A) The person is about to cut a piece of wood.,A,100.0,282.87,283,283,1.0,False,663,55468,0.012,1372,7,15000,0,64,1
Ego4D__video__8ccb4f1d-d0ce-48a4-8eca-339084de7366,1233,ACR,What is he doing with the carrot?,"['He is dicing the carrot.', 'He is eating the carrot.', 'He is grating the carrot.', 'He is washing the carrot.']",He is grating the carrot.,C,C) He is grating the carrot.,C,100.0,74.0,75,222,1.0,False,318,14700,0.0216,392,2,15000,0,64,1
Ego4D__video__8ccb4f1d-d0ce-48a4-8eca-339084de7366,686,STU,Where is the orange carrot positioned in relation to the green bowl?,"['There are orange carrots on the left side of the green bowl.', 'There are orange carrots on the right side of the green bowl.', 'There are orange carrots on the both sides of the green bowl.', 'There are orange carrots inside the green bowl.']",There are orange carrots on the both sides of the green bowl.,C,A) There are orange carrots on the left side of the green bowl.,A,0.0,196.7,197,222,1.0,False,523,38612,0.0135,784,4,15000,0,64,1
Ego4D__video__8ccb4f1d-d0ce-48a4-8eca-339084de7366,685,STU,What is the relative position of the green grater to the wooden bowl?,"['The green grater is behind the wooden bowl.', 'The green grater is next to the wooden bowl.', 'The green grater is under the wooden bowl.', 'The green grater is in the wooden bowl.']",The green grater is in the wooden bowl.,D,C) The green grater is under the wooden bowl.,C,0.0,200.7,201,222,1.0,False,526,39396,0.0134,980,5,15000,0,64,1
Ego4D__video__8ccb4f1d-d0ce-48a4-8eca-339084de7366,687,STU,Describe the positions of these dishes to me,"['A dish is leaning against the wall, another rests next to a bowl on the shelf, and a third is lying flat on a nearby table.', ""A dish is balanced on the pot's edge, another dish is beneath the pot, and a third dish sits on a high shelf across the room."", 'One dish is inside the pot, another is to the right of the pot, and a third is in the corner of the countertop.', 'One dish is tucked behind a stack of plates, another is placed on a lower shelf beside the pot, and a third is inside a cupboard.']","One dish is inside the pot, another is to the right of the pot, and a third is in the corner of the countertop.",C,"C) One dish is inside the pot, another is to the right of the",C,100.0,221.7,222,222,1.0,False,572,43512,0.0131,1176,6,15000,0,64,1
Ego4D__video__94d1b58c-cca3-4509-a217-f30c481ea63b,1134,FPD,What is this person about to do?,"['The person is about to climb a tree.', 'The person is about to point to something.', 'The person is about to grab a rod.', ""The person is about to shake someone's hand.""]",The person is about to grab a rod.,C,C) The person is about to grab a rod.,C,100.0,65.8,66,231,1.0,False,275,12936,0.0213,392,2,15000,0,64,1
Ego4D__video__94d1b58c-cca3-4509-a217-f30c481ea63b,1133,FPD,What is this person about to do?,"['The person is about to adjust the mask.', 'The person is about to tie their shoelace.', 'The person is about to take a photograph.', 'The person is about to apply hand sanitizer.']",The person is about to adjust the mask.,A,A) The person is about to adjust the mask.,A,100.0,230.7,231,231,1.0,False,541,45276,0.0119,784,4,15000,0,64,1
Ego4D__video__982458ba-0e25-4fec-9b11-d0b378b6e922,1178,FPD,What is this person about to do?,"['The person is about to pour a drink into a glass.', 'The person is about to put a lid on a container.', 'The person is about to pick up a pen.', 'The person is about to open a window.']",The person is about to put a lid on a container.,B,B) The person is about to put a lid on a container.,B,100.0,73.5,74,249,1.0,False,389,14504,0.0268,392,2,15000,0,64,1
Ego4D__video__982458ba-0e25-4fec-9b11-d0b378b6e922,1179,FPD,What is this person preparing to do?,"['The person is preparing to clean a container.', 'The person is preparing to cook with the liquid.', 'The person is preparing to dispose of the liquid.', 'The person is preparing to store the liquid.']",The person is preparing to clean a container.,A,B) The person is preparing to cook with the liquid.,B,0.0,248.83,249,249,1.0,False,620,48804,0.0127,784,4,15000,0,64,1
Ego4D__video__9c20c227-5f30-45c3-8c7c-4d556c24eaed,1236,ACR,What action is he performing with the blue checkered cloth?,"['He is wiping the tabletop with the cloth.', 'He is folding the cloth.', 'He is covering a basket with the cloth.', 'He is tying the cloth around his neck.']",He is folding the cloth.,B,B) He is folding the cloth.,B,100.0,258.97,259,270,1.0,False,526,50764,0.0104,588,3,15000,0,64,1
Ego4D__video__9c20c227-5f30-45c3-8c7c-4d556c24eaed,1237,ACR,How does he do with the laundry basket.,"['He lifts the laundry basket to take it to the washing machine.', 'He puts folded clothes in the laundry basket.', 'He throws dirty clothes into the laundry basket.', 'He adds freshly washed clothes to the laundry basket.']",He puts folded clothes in the laundry basket.,B,B) He puts folded clothes in the laundry basket.,B,100.0,269.97,270,270,1.0,False,542,52920,0.0102,784,4,15000,0,64,1
Ego4D__video__a27fc25f-d008-4e1c-aa22-a1c3f4286481,1181,FPD,What is this person about to do with the material they're holding?,"['The person is about to apply cement with a trowel.', 'The person is preparing to spread adhesive on tiles with a brush.', 'The person is getting ready to fill a crack with putty using a knife.', 'The person is about to level drywall compound using a scraper.']",The person is about to apply cement with a trowel.,A,A) The person is about to apply cement with a trowel.,A,100.0,177.43,178,195,1.0,False,400,34888,0.0115,588,3,15000,0,64,1
Ego4D__video__a27fc25f-d008-4e1c-aa22-a1c3f4286481,1180,FPD,What is this person about to do?,"['The person is about to stir the mixture.', 'The person is about to pour the mixture into a baking dish.', 'The person is about to cover the mixture and let it marinate.', 'The person is about to taste the mixture for seasoning.']",The person is about to stir the mixture.,A,A) The person is about to stir the mixture.,A,100.0,194.0,195,195,1.0,False,413,38220,0.0108,784,4,15000,0,64,1
Ego4D__video__a4385c9b-84f0-4d8f-9227-1efe9f264d50,1184,FPD,What is this person about to do?,"['The person is about to take a paper towel to wipe the counter.', 'The person is about to take a paper towel to dry their hands.', 'The person is about to take a paper towel to clean a spill.', 'The person is about to take a paper towel to cover the dough.']",The person is about to take a paper towel to cover the dough.,D,D) The person is about to take a paper towel to cover the dough.,D,100.0,39.13,40,247,1.0,False,275,7840,0.0351,392,2,15000,0,64,1
Ego4D__video__a4385c9b-84f0-4d8f-9227-1efe9f264d50,1183,FPD,What is this person about to do?,"['The person is about to take or pick up something using the paper.', 'The person is about to offer the paper to someone.', 'The person is about to open a door.', 'The person is about to wrap something with the paper.']",The person is about to take or pick up something using the paper.,A,A) The person is about to take or pick up something using the paper.,A,100.0,45.67,46,247,1.0,False,295,9016,0.0327,588,3,15000,0,64,1
Ego4D__video__a4385c9b-84f0-4d8f-9227-1efe9f264d50,989,OJR,What is this person holding in his hands?,"['A black phone.', 'A red book.', 'A blue folder.', 'A white box.']",A white box.,D,D) A white box.,D,100.0,186.97,187,247,1.0,False,686,36652,0.0187,980,5,15000,0,64,1
Ego4D__video__a4385c9b-84f0-4d8f-9227-1efe9f264d50,1182,FPD,What is this person about to do?,"['The person is setting up to play the drums.', 'The individual is about to start a barbecue.', 'The person is about to knead the dough.', 'The individual is preparing to paint a canvas.']",The person is about to knead the dough.,C,C) The person is about to knead the dough.,C,100.0,194.1,195,247,1.0,False,696,38220,0.0182,1176,6,15000,0,64,1
Ego4D__video__a4385c9b-84f0-4d8f-9227-1efe9f264d50,988,OJR,What object is being manipulated by the person?,"['The object being manipulated by the person is dough.', 'The object being manipulated by the person is a musical instrument.', 'The object being manipulated by the person is a ball of yarn.', 'The object being manipulated by the person is modeling clay.']",The object being manipulated by the person is dough.,A,A) The object being manipulated by the person is dough.,A,100.0,246.97,247,247,1.0,False,783,48412,0.0162,1372,7,15000,0,64,1
Ego4D__video__aef3563d-4a20-4283-a97b-e51e4836c11d,674,STU,Which box are you holding?,"['First from the left', 'Second from the left', 'Third from the left', 'The outermost box']",Second from the left,B,D) The outermost box,D,0.0,211.82999999999998,212,274,1.0,False,361,41552,0.0087,392,2,15000,0,64,1
Ego4D__video__aef3563d-4a20-4283-a97b-e51e4836c11d,675,STU,Where did you get this board?,"['Pot on the left', 'Pot on the right', 'In the pool', 'In the refrigerator']",Pot on the right,B,A) Pot on the left,A,0.0,273.83,274,274,1.0,False,456,53704,0.0085,588,3,15000,0,64,1
Ego4D__video__b5bd7bfa-271f-4237-ac6e-f42348adc2a4,1135,FPD,What is this person going to do?,"['Give the bicycle to a friend.', 'Repair the bicycle at the workshop.', 'Sell the bicycle at a garage sale.', 'Move the bicycle to the table.']",Move the bicycle to the table.,D,B) Repair the bicycle at the workshop.,B,0.0,73.93,74,180,1.0,False,350,14504,0.0241,392,2,15000,0,64,1
Ego4D__video__b5bd7bfa-271f-4237-ac6e-f42348adc2a4,1137,FPD,What is this person about to do?,"['The person is about to spin the wheel.', 'The person is about to draw a card.', 'The person is about to roll the dice.', 'The person is about to toss the coin.']",The person is about to spin the wheel.,A,A) The person is about to spin the wheel.,A,100.0,171.8,172,180,1.0,False,579,33712,0.0172,784,4,15000,0,64,1
Ego4D__video__b5bd7bfa-271f-4237-ac6e-f42348adc2a4,1136,FPD,What is this person going to do?,"['The person is going to change the tire.', 'The person is going to rotate the tires.', 'The person is going to wash the car.', 'The person is going to spin the wheel.']",The person is going to spin the wheel.,D,A) The person is going to change the tire.,A,0.0,179.9,180,180,1.0,False,596,35280,0.0169,980,5,15000,0,64,1
Ego4D__video__b62fc89b-9bd2-4f79-b0cb-b3895a05f454,1187,FPD,What is this person about to do next?,"['The person is about to pay for the items.', 'The person is about to walk out of the store.', 'The person is about to take the wires from the counter.', 'The person is about to call someone.']",The person is about to take the wires from the counter.,C,C) The person is about to take the wires from the counter.,C,100.0,64.5,65,286,1.0,False,371,12740,0.0291,392,2,15000,0,64,1
Ego4D__video__b62fc89b-9bd2-4f79-b0cb-b3895a05f454,1185,FPD,What is this person going to do next?,"['The person is going to grab a container.', 'The person is going to pick up a pen.', 'The person is going to open a window.', 'The person is going to make a phone call.']",The person is going to grab a container.,A,A) The person is going to grab a container.,A,100.0,265.73,266,286,1.0,False,620,52136,0.0119,784,4,15000,0,64,1
Ego4D__video__b62fc89b-9bd2-4f79-b0cb-b3895a05f454,1186,FPD,What is this person about to do?,"['The person is about to turn off the faucet.', 'The person is about to wash their hands.', 'The person is about to dry their hands.', 'The person is about to grab paper towels.']",The person is about to grab paper towels.,D,D) The person is about to grab paper towels.,D,100.0,285.17,286,286,1.0,False,630,56056,0.0112,980,5,15000,0,64,1
Ego4D__video__bd66979f-2921-420c-98ed-3512e67f79a4,987,OJR,What part of the vehicle is being worked on?,"['The front side panel.', 'The rear bumper.', ""The driver's side door."", 'The hood.']",The front side panel.,A,A) The front side panel.,A,100.0,70.0,71,103,1.0,False,290,13916,0.0208,392,2,15000,0,64,1
Ego4D__video__bd66979f-2921-420c-98ed-3512e67f79a4,986,OJR,What is the person holding in their hand?,"['A screwdriver.', 'A paintbrush.', 'A hammer.', 'A pencil.']",A screwdriver.,A,A) A screwdriver.,A,100.0,102.0,103,103,1.0,False,341,20188,0.0169,588,3,15000,0,64,1
Ego4D__video__c41634ed-20ee-4c2e-9776-47d4445f0f1e,1138,FPD,What is this person preparing to do?,"['The person is preparing to reassemble the engine components.', 'The person is preparing to learn about the engine mechanics.', 'The person is preparing to install new parts into the engine.', 'The person is preparing to perform maintenance on the vehicle.']",The person is preparing to reassemble the engine components.,A,A) The person is preparing to reassemble the engine components.,A,100.0,23.97,24,217,1.0,False,217,4704,0.0461,392,2,15000,0,64,1
Ego4D__video__c41634ed-20ee-4c2e-9776-47d4445f0f1e,1139,FPD,What is this person about to do?,"['The person is about to tighten a bolt.', 'The person is about to cut a wire.', 'The person is about to take out a screw.', 'The person is about to hammer in a nail.']",The person is about to take out a screw.,C,A) The person is about to tighten a bolt.,A,0.0,109.97,110,217,1.0,False,281,21560,0.013,588,3,15000,0,64,1
Ego4D__video__c41634ed-20ee-4c2e-9776-47d4445f0f1e,1140,FPD,What is this person preparing to do?,"['The person is preparing to clean the engine component.', 'The person is preparing to replace the engine component.', 'The person is preparing to install the engine component.', 'The person is preparing to inspect the engine component.']",The person is preparing to clean the engine component.,A,D) The person is preparing to inspect the engine component.,D,0.0,216.8,217,217,1.0,False,359,42532,0.0084,784,4,15000,0,64,1
Ego4D__video__c60dc185-49ca-42c2-8ba1-be359bcfb57b,1190,FPD,What is this person about to do with these items?,"['The person is crafting an origami boat.', 'The person is making a paper crane.', 'The person is constructing a model airplane.', 'The person is folding a flower.']",The person is folding a flower.,D,D) The person is folding a flower.,D,100.0,31.57,32,182,1.0,False,227,6272,0.0362,392,2,15000,0,64,1
Ego4D__video__c60dc185-49ca-42c2-8ba1-be359bcfb57b,1188,FPD,What is this person preparing to do?,"['The person is preparing to water the flowers.', 'The person is preparing to clean the flowers.', 'The person is preparing to arrange the flowers.', 'The person is preparing to prune the flowers.']",The person is preparing to clean the flowers.,B,A) The person is preparing to water the flowers.,A,0.0,107.87,108,182,1.0,False,353,21168,0.0167,588,3,15000,0,64,1
Ego4D__video__c60dc185-49ca-42c2-8ba1-be359bcfb57b,1189,FPD,What is this person about to do?,"['The person is about to smell the flower.', 'The person is about to photograph the flower.', 'The person is about to water the plant.', 'The person is about to cut the flower from the stem.']",The person is about to cut the flower from the stem.,D,D) The person is about to cut the flower from the stem.,D,100.0,181.83,182,182,1.0,False,514,35672,0.0144,784,4,15000,0,64,1
Ego4D__video__c66c30dd-f7c1-492a-9649-84e9147a3fd2,678,STU,Where is the phone positioned relative to the scissors?,"['The phone is to the right of the scissors.', 'The phone is situated to the left of the scissors.', 'The phone is placed in front of the scissors.', 'The phone is located above the scissors.']",The phone is to the right of the scissors.,A,A) The phone is to the right of the scissors.,A,100.0,11.9,12,12,1.0,False,202,2352,0.0859,392,2,15000,0,64,1
Ego4D__video__c85d9006-00b3-450e-be12-cc3a1a0ca070,1014,ATR,What is the material of the object being cleaned?,"['Plastic', 'Metal', 'Wood', 'Glass']",Metal,B,D) Glass,D,0.0,99.37,100,121,1.0,False,337,19600,0.0172,392,2,15000,0,64,1
Ego4D__video__c85d9006-00b3-450e-be12-cc3a1a0ca070,1015,ATR,What is the color of the rag being used?,"['The rag is green.', 'The rag is red.', 'The rag is blue.', 'The rag is yellow.']",The rag is green.,A,B) The rag is red.,B,0.0,120.37,121,121,1.0,False,412,23716,0.0174,588,3,15000,0,64,1
Ego4D__video__c984e958-2f3a-4260-b155-d59a443350bf,1143,FPD,What is this person doing with the drawer?,"[""The person is testing the drawer's mechanisms for maintenance."", 'The person is opening the drawer to retrieve or place an item inside.', 'The person is cleaning out the drawer for cleanliness.', 'The person is inspecting the contents for safety.']",The person is opening the drawer to retrieve or place an item inside.,B,B) The person is opening the drawer to retrieve or place an item inside.,B,100.0,15.13,16,187,1.0,False,212,3136,0.0676,392,2,15000,0,64,1
Ego4D__video__c984e958-2f3a-4260-b155-d59a443350bf,1141,FPD,What is this person about to do?,"['The person is going to turn on the light.', 'The person is about to pick up a book.', 'The person is going to open a drawer.', 'The person is going to drink a cup of coffee.']",The person is going to open a drawer.,C,C) The person is going to open a drawer.,C,100.0,32.03,33,187,1.0,False,258,6468,0.0399,588,3,15000,0,64,1
Ego4D__video__c984e958-2f3a-4260-b155-d59a443350bf,1018,ATR,What pattern is on the fabric being folded?,"['The fabric displays a checkered design.', 'The fabric is covered with polka dots.', 'The fabric features a floral pattern.', 'The fabric has black and white stripes.']",The fabric has black and white stripes.,D,D) The fabric has black and white stripes.,D,100.0,71.5,72,187,1.0,False,304,14112,0.0215,784,4,15000,0,64,1
Ego4D__video__c984e958-2f3a-4260-b155-d59a443350bf,1020,ATR,What is the texture of the floor in this area?,"['Tile floor', 'Terrazzo floor.', 'Hardwood floor', 'Polished concrete floor']",Terrazzo floor.,B,C) Hardwood floor,C,0.0,104.5,105,187,1.0,False,354,20580,0.0172,980,5,15000,0,64,1
Ego4D__video__c984e958-2f3a-4260-b155-d59a443350bf,1019,ATR,What color is the object in your hand?,"['The object is opaque.', 'The object is white.', 'The object is translucent.', 'The object is transparent.']",The object is transparent.,D,D) The object is transparent.,D,100.0,156.5,157,187,1.0,False,440,30772,0.0143,1176,6,15000,0,64,1
Ego4D__video__c984e958-2f3a-4260-b155-d59a443350bf,1022,ATR,What is the material of the container being handled?,"['The container is made of glass.', 'The container is made of transparent plastic.', 'The container is made of translucent plastic.', 'The container is made of metal.']",The container is made of transparent plastic.,B,B) The container is made of transparent plastic.,B,100.0,159.6,160,187,1.0,False,447,31360,0.0143,1372,7,15000,0,64,1
Ego4D__video__c984e958-2f3a-4260-b155-d59a443350bf,1142,FPD,What activity is the person getting ready for?,"['They could be about to start exercising at home.', 'They might be setting up for a meditation session.', 'They could be getting ready for a skincare routine.', 'They are likely preparing to take a bath or shower.']",They are likely preparing to take a bath or shower.,D,D) They are likely preparing to take a bath or shower.,D,100.0,181.9,182,187,1.0,False,484,35672,0.0136,1568,8,15000,0,64,1
Ego4D__video__c984e958-2f3a-4260-b155-d59a443350bf,1023,ATR,What pattern is on the rectangular mat?,"['The mat has red and yellow polka dots.', 'The mat has blue and white stripes.', 'The mat has a floral pattern with pink and orange flowers.', 'The mat has green and brown checkered squares.']",The mat has blue and white stripes.,B,B) The mat has blue and white stripes.,B,100.0,186.6,187,187,1.0,False,497,36652,0.0136,1764,9,15000,0,64,1
Ego4D__video__ccf8a14a-e815-4a2d-8ddc-8863b4e158a6,1193,FPD,What is this person about to do?,"['The person seems to be getting ready to write or draw using a pencil or pen.', 'The person is preparing to attach something using a stapler or similar device.', 'The individual appears ready to apply a coating or color to a surface using a brush or similar tool.', 'The person is about to measure something using a ruler or tape measure.']",The individual appears ready to apply a coating or color to a surface using a brush or similar tool.,C,C) The individual appears ready to apply a coating or color to a surface using,C,100.0,38.7,39,279,1.0,False,273,7644,0.0357,392,2,15000,0,64,1
Ego4D__video__ccf8a14a-e815-4a2d-8ddc-8863b4e158a6,1192,FPD,What is this person preparing to do?,"['The person is preparing to exercise or work out.', 'The person is preparing to go on a trip or travel.', 'The person is preparing to perform or play music.', 'The person is preparing to give a speech or presentation.']",The person is preparing to perform or play music.,C,A) The person is preparing to exercise or work out.,A,0.0,161.6,162,279,1.0,False,461,31752,0.0145,588,3,15000,0,64,1
Ego4D__video__ccf8a14a-e815-4a2d-8ddc-8863b4e158a6,1191,FPD,What is this person about to do?,"['The person is about to dip the brush into the can.', 'The person is about to clean the brush with a cloth.', 'The individual is preparing to wash the brushes in the sink.', 'The person is getting ready to paint on the canvas.']",The person is about to dip the brush into the can.,A,A) The person is about to dip the brush into the can.,A,100.0,278.3,279,279,1.0,False,654,54684,0.012,784,4,15000,0,64,1
Ego4D__video__d2ebfa5c-961b-4759-a243-0ea66d074362,974,OJR,What is he holding in his hands?,"['He is holding a Iron basin.', 'He is holding a chopsticks', 'He is holding a steaming cup of coffee.', 'He is holding a mobile phone.']",He is holding a mobile phone.,D,B) He is holding a chopsticks,B,0.0,110.8,111,117,1.0,False,272,21756,0.0125,392,2,15000,0,64,1
Ego4D__video__d2ebfa5c-961b-4759-a243-0ea66d074362,680,STU,What is the relative positional relationship between the mobile phone and the upside-down pan?,"[""It's in the front of the pan."", ""It's in the back of the pan."", ""It's on the left of the pan."", ""It's on the right of the pan.""]",It's in the back of the pan.,B,A) It's in the front of the pan.,A,0.0,116.03,117,117,1.0,False,277,22932,0.0121,588,3,15000,0,64,1
Ego4D__video__d62f9c1c-7d01-4350-a0fb-ec553dad8cf2,1145,FPD,What action is the person about to take?,"['The person is about to open a window.', 'The person is about to adjust the mirror.', 'The person is about to turn on the faucet.', 'The person is about to switch on the kitchen light.']",The person is about to turn on the faucet.,C,C) The person is about to turn on the faucet.,C,100.0,37.37,38,132,1.0,False,282,7448,0.0379,392,2,15000,0,64,1
Ego4D__video__d62f9c1c-7d01-4350-a0fb-ec553dad8cf2,1144,FPD,What action is this person preparing to take?,"['The person is about to turn on the faucet.', 'The person is preparing to start the car engine.', 'The person is about to open the refrigerator door.', 'The person is reaching for the light switch.']",The person is about to turn on the faucet.,A,A) The person is about to turn on the faucet.,A,100.0,59.27,60,132,1.0,False,314,11760,0.0267,588,3,15000,0,64,1
Ego4D__video__d62f9c1c-7d01-4350-a0fb-ec553dad8cf2,1146,FPD,What is this person about to do?,"['The person is picking a book from the shelf.', 'The person is arranging flowers in a vase.', 'The person is reaching for the bowl on the table.', 'The person is dialing a number on their phone.']",The person is reaching for the bowl on the table.,C,C) The person is reaching for the bowl on the table.,C,100.0,131.83,132,132,1.0,False,509,25872,0.0197,784,4,15000,0,64,1
Ego4D__video__e1fa5de2-eb21-41a3-85b3-882a3652df42,1210,ACR,What is he doing with that tool?,"['He is repairing a bicycle.', 'She is using a jack to lift a car.', 'He is tightening bolts on a wheel.', 'He is inflating a tire.']",He is inflating a tire.,D,C) He is tightening bolts on a wheel.,C,0.0,201.93,202,229,1.0,False,465,39592,0.0117,588,3,15000,0,64,1
Ego4D__video__e1fa5de2-eb21-41a3-85b3-882a3652df42,1212,ACR,What action is being done to the tire?,"['She is lubricating the tire to improve performance.', 'They are rotating the tire to maintain even wear.', 'He is adjusting the alignment of the tire for better handling.', 'He is pressing down on the tire to check its firmness.']",He is pressing down on the tire to check its firmness.,D,D) He is pressing down on the tire to check its firmness.,D,100.0,210.93,211,229,1.0,False,470,41356,0.0114,784,4,15000,0,64,1
Ego4D__video__e1fa5de2-eb21-41a3-85b3-882a3652df42,1211,ACR,What is he doing?,"['He is using a gauge to measure the pressure.', 'He is repairing a bicycle.', 'He is inflating a tire.', 'He is opening the window.']",He is opening the window.,D,B) He is repairing a bicycle.,B,0.0,228.93,229,229,1.0,False,518,44884,0.0115,980,5,15000,0,64,1
Ego4D__video__e2508048-e8d3-4e48-8129-a1b6abebba74,1149,FPD,What is this person going to do?,"['The person is going to fix a loose hinge.', 'The person plans to tighten a loose screw on a cabinet door.', 'The person is intending to assemble a piece of furniture.', 'The person is going to take a screwdriver.']",The person is going to take a screwdriver.,D,D) The person is going to take a screwdriver.,D,100.0,90.83,91,262,1.0,False,326,17836,0.0183,392,2,15000,0,64,1
Ego4D__video__e2508048-e8d3-4e48-8129-a1b6abebba74,1147,FPD,What is this person about to do with the handle?,"['The person is about to steer the bicycle using the handle.', 'The person is about to adjust the brakes using the handle on the bicycle.', 'The person is gripping the handle to lift the bicycle onto the rack.', 'The person is preparing to change gears using the handle on the bicycle.']",The person is about to adjust the brakes using the handle on the bicycle.,B,D) The person is preparing to change gears using the handle on the bicycle.,D,0.0,213.43,214,262,1.0,False,441,41944,0.0105,588,3,15000,0,64,1
Ego4D__video__e2508048-e8d3-4e48-8129-a1b6abebba74,1148,FPD,What is this person about to do?,"['The person is about to read a book.', 'The person is about to drive.', 'The person is about to take a photograph.', 'The person is about to start exercising.']",The person is about to drive.,B,D) The person is about to start exercising.,D,0.0,261.27,262,262,1.0,False,498,51352,0.0097,784,4,15000,0,64,1
Ego4D__video__ebc98edd-f56e-431a-acb5-9d40fea9d4c6,1194,FPD,What is this person about to do with the objects around them?,"['The person is about to start a cooking lesson.', 'The person is going to clean the cooker.', 'The person is arranging the utensils.', 'The person is about to prepare a meal.']",The person is going to clean the cooker.,B,D) The person is about to prepare a meal.,D,0.0,69.03,70,238,1.0,False,288,13720,0.021,392,2,15000,0,64,1
Ego4D__video__ebc98edd-f56e-431a-acb5-9d40fea9d4c6,1195,FPD,What is this person preparing to do?,"['The person is preparing to mix a cocktail.', 'The person is preparing to set the table for dinner.', 'The person is preparing to brew coffee.', 'The person is preparing to pour water from a jug.']",The person is preparing to pour water from a jug.,D,C) The person is preparing to brew coffee.,C,0.0,237.5,238,238,1.0,False,430,46648,0.0092,588,3,15000,0,64,1
Ego4D__video__ec2d6927-d5d4-4c8a-9da7-3e40345cf78f,966,OJR,What tool is on the ground next to the person's knee?,"['A pair of pliers', 'A screwdriver', 'A sledgehammer', 'A wrench']",A sledgehammer,C,D) A wrench,D,0.0,4.13,5,66,1.0,False,211,980,0.2153,392,2,15000,0,64,1
Ego4D__video__ec2d6927-d5d4-4c8a-9da7-3e40345cf78f,967,OJR,What is the person holding in their hand?,"['A pencil', 'A measuring tape', 'A smartphone', 'A coffee cup']",A measuring tape,B,B) A measuring tape,B,100.0,23.13,24,66,1.0,False,265,4704,0.0563,588,3,15000,0,64,1
Ego4D__video__ec2d6927-d5d4-4c8a-9da7-3e40345cf78f,968,OJR,What is the person holding in their hand?,"['A hammer', 'A measuring tape', 'A phone', 'A wrench']",A hammer,A,B) A measuring tape,B,0.0,65.13,66,66,1.0,False,331,12936,0.0256,784,4,15000,0,64,1
Ego4D__video__f43e2a97-b81b-4271-befd-569552d8129c,1215,ACR,What is he doing?,"['He is connecting the pipe to the interface.', 'He is disconnecting the pipe from the interface.', 'He is inspecting the pipe for any damage.', 'He is cleaning the pipe with a cloth.']",He is connecting the pipe to the interface.,A,A) He is connecting the pipe to the interface.,A,100.0,103.0,104,288,1.0,False,413,20384,0.0203,588,3,15000,0,64,1
Ego4D__video__f43e2a97-b81b-4271-befd-569552d8129c,1213,ACR,What is he doing with the tool in his left hand?,"['He is adjusting a bolt with a tool', 'He is tightening a loose connection with a wrench', 'He is aligning two components precisely with a spanner', 'He is connecting the pipe to the interface.']",He is adjusting a bolt with a tool,A,A) He is adjusting a bolt with a tool,A,100.0,201.0,202,288,1.0,False,543,39592,0.0137,784,4,15000,0,64,1
Ego4D__video__f43e2a97-b81b-4271-befd-569552d8129c,1214,ACR,What is he doing?,"['He is wiping something with a rag.', 'He is hitting objects with a tool.', 'He is inspecting an object closely.', 'He is connecting the pipe to the interface.']",He is wiping something with a rag.,A,A) He is wiping something with a rag.,A,100.0,287.0,288,288,1.0,False,672,56448,0.0119,980,5,15000,0,64,1
Ego4D__video__f4e2d43a-9fd2-48c0-b1d3-ca32c82ec2c4,1197,FPD,What is the person about to do with the object?,"['The person is preparing to put the pen back into its case.', 'The person is about to hand over a pen to someone else.', 'The person is about to take a pen.', 'The person is about to use the pen to take notes.']",The person is about to take a pen.,C,C) The person is about to take a pen.,C,100.0,50.17,51,262,1.0,False,255,9996,0.0255,392,2,15000,0,64,1
Ego4D__video__f4e2d43a-9fd2-48c0-b1d3-ca32c82ec2c4,1198,FPD,What is this person about to do?,"['The person is about to paint the wall with a brush.', 'The person is about to drill a hole with the power drill.', 'The person is about to assemble the furniture with a screwdriver.', 'The person is about to make cuts with the saw.']",The person is about to make cuts with the saw.,D,B) The person is about to drill a hole with the power drill.,B,0.0,251.53,252,262,1.0,False,552,49392,0.0112,784,4,15000,0,64,1
Ego4D__video__f4e2d43a-9fd2-48c0-b1d3-ca32c82ec2c4,1196,FPD,What is this person about to do after finishing with the equipment?,"['The person is going to check the paperwork.', 'The person is going to make a phone call.', 'The person is going to leave the room.', 'The person is going to open a cabinet.']",The person is going to open a cabinet.,D,C) The person is going to leave the room.,C,0.0,261.97,262,262,1.0,False,554,51352,0.0108,980,5,15000,0,64,1
Ego4D__video__f5613680-1dbc-4945-8a77-949098bc13dd,1016,ATR,What color is the dress in your hand?,"['Yellow', 'Blue', 'Green', 'Red']",Yellow,A,A) Yellow,A,100.0,40.0,41,125,1.0,False,254,8036,0.0316,392,2,15000,0,64,1
Ego4D__video__f5613680-1dbc-4945-8a77-949098bc13dd,1017,ATR,What is the bottle made of?,"['Stainless steel.', 'Plastic.', 'Aluminum.', 'Glass.']",Plastic.,B,B) Plastic.,B,100.0,124.0,125,125,1.0,False,411,24500,0.0168,588,3,15000,0,64,1
Ego4D__video__f801d038-60b9-4957-bd9d-87263202cbb7,1011,ATR,What pattern is on the pot in the middle?,"['The pot in the middle has a geometric pattern of black triangles.', 'The pot in the middle has a floral design with red roses.', 'The pot in the middle is adorned with a checkered design in green and yellow.', 'The pot in the middle has a stripe pattern with blue and white lines.']",The pot in the middle has a geometric pattern of black triangles.,A,A) The pot in the middle has a geometric pattern of black triangles.,A,100.0,69.1,70,247,1.0,False,318,13720,0.0232,392,2,15000,0,64,1
Ego4D__video__f801d038-60b9-4957-bd9d-87263202cbb7,1012,ATR,What is the surface texture of the pot on the left?,"['Rough, with a matte finish.', 'Smooth, with a shiny glaze.', 'Bumpy, polka dot-like texture.', 'Indented with geometric shapes.']","Bumpy, polka dot-like texture.",C,D) Indented with geometric shapes.,D,0.0,73.1,74,247,1.0,False,318,14504,0.0219,392,2,15000,0,64,1
Ego4D__video__f801d038-60b9-4957-bd9d-87263202cbb7,1013,ATR,What decoration is on the pot on the right?,"['The pot on the right features a diamond pattern.', 'The pot on the right is decorated with stripes.', 'The pot on the right features polka dot-like pattern.', 'The pot on the right displays a geometric pattern.']",The pot on the right features a diamond pattern.,A,D) The pot on the right displays a geometric pattern.,D,0.0,78.1,79,247,1.0,False,320,15484,0.0207,588,3,15000,0,64,1
Ego4D__video__f801d038-60b9-4957-bd9d-87263202cbb7,1025,ATR,What type of clothing pattern is on the person's sweater?,"['The sweater features a pattern of snowflakes.', 'The sweater features a pattern of stars.', 'The sweater features a pattern of stripes.', 'The sweater features a pattern of bicycles.']",The sweater features a pattern of bicycles.,D,B) The sweater features a pattern of stars.,B,0.0,216.9,217,247,1.0,False,359,42532,0.0084,784,4,15000,0,64,1
Ego4D__video__f801d038-60b9-4957-bd9d-87263202cbb7,1026,ATR,What art supplies are being used for painting?,"['Watercolors, brushes.', 'Oil paints, canvas.', 'Pastels, paper.', 'Gouache, sponges.']","Watercolors, brushes.",A,"A) Watercolors, brushes.",A,100.0,217.9,218,247,1.0,False,359,42728,0.0084,784,4,15000,0,64,1
Ego4D__video__f801d038-60b9-4957-bd9d-87263202cbb7,1024,ATR,What patterns are present on the pots?,"['Stripes, zigzags, and squares', 'Triangles, diamonds, and zigzags', 'Polka dots, triangles, and diamonds.', 'Wavy lines, squares, and triangles']","Polka dots, triangles, and diamonds.",C,"B) Triangles, diamonds, and zigzags.",B,0.0,246.9,247,247,1.0,False,376,48412,0.0078,980,5,15000,0,64,1
Ego4D__video__f84f7484-5109-43bc-a54c-7e66478dfb6f,682,STU,Where is the wooden spatula positioned in relation to the frying pan?,"['The wooden spatula is resting on a hook above the frying pan.', 'The wooden spatula is leaning against the handle of the frying pan.', 'The wooden spatula is positioned on the counter beside the frying pan.', 'The wooden spatula is inside the frying pan.']",The wooden spatula is inside the frying pan.,D,B) The wooden spatula is leaning against the handle of the frying pan.,B,0.0,16.2,17,45,1.0,False,218,3332,0.0654,392,2,15000,0,64,1
Ego4D__video__f84f7484-5109-43bc-a54c-7e66478dfb6f,684,STU,Where are the eggs in the fridge?,"['The eggs are on the top shelf of the fridge.', 'The eggs are on the door of the fridge.', 'The eggs are on the bottom shelf of the fridge.', 'The eggs are on the middle shelf of the fridge.']",The eggs are on the middle shelf of the fridge.,D,B) The eggs are on the door of the fridge.,B,0.0,25.2,26,45,1.0,False,226,5096,0.0443,588,3,15000,0,64,1
Ego4D__video__f84f7484-5109-43bc-a54c-7e66478dfb6f,683,STU,Where is the milk in the fridge?,"['The milk is stored on the third shelf from the top, directly in front.', 'The milk is in the second and fourth compartments from the top on the side.', 'The milk can be found on the bottom shelf to the right, behind the fruit basket.', 'The milk is placed in the door of the fridge, on the middle shelf within the bottle holder.']",The milk is in the second and fourth compartments from the top on the side.,B,"D) The milk is placed in the door of the fridge, on the middle",D,0.0,44.2,45,45,1.0,False,253,8820,0.0287,784,4,15000,0,64,1
Ego4D__video__f93e485e-9ec3-4856-809d-f050c6439b7b,1199,FPD,What is the person getting ready to do?,"['The person is getting ready to go for a run.', 'The person is preparing to bake a cake.', 'The person is preparing to paint a wall.', 'The person is preparing to screw something.']",The person is preparing to screw something.,D,D) The person is preparing to screw something.,D,100.0,113.57,114,165,1.0,False,303,22344,0.0136,392,2,15000,0,64,1
Ego4D__video__f93e485e-9ec3-4856-809d-f050c6439b7b,1201,FPD,What is this person about to do?,"['The person is about to tighten the screw.', 'The person is about to adjust the position of the screwdriver.', 'The person holds a screwdriver near a screw, indicating they are about to remove the screw.', 'The person is about to clean the area around the screw.']","The person holds a screwdriver near a screw, indicating they are about to remove the screw.",C,"C) The person holds a screwdriver near a screw, indicating they are about",C,100.0,159.07,160,165,1.0,False,325,31360,0.0104,588,3,15000,0,64,1
Ego4D__video__f93e485e-9ec3-4856-809d-f050c6439b7b,1200,FPD,What is this person about to do?,"['The person is about to hammer a nail.', 'The person is about to start painting a wall.', 'The person is about to plant a tree.', 'The person is about to use a screwdriver.']",The person is about to use a screwdriver.,D,D) The person is about to use a screwdriver.,D,100.0,164.03,165,165,1.0,False,330,32340,0.0102,784,4,15000,0,64,1
Ego4D__video__faff3741-7e3b-443f-93ba-f8a5199c1c59,681,STU,Which basin do you take the clothes from?,"['The big red basin on the left.', 'The small red basin on the right.', 'The big blue basin on the left.', 'The small blue basin on the right.']",The big red basin on the left.,A,A) The big red basin on the left.,A,100.0,186.57,187,187,1.0,False,473,36652,0.0129,588,3,15000,0,64,1
YouTube_Games__8gtpP2Toigg_list=PL3bIgEVl_gDzIfuotDjHjcXzUkB6ZvMXk_index=2,826,OJR,What animals bite me in my back?,"['Wolf.', 'Bear.', 'Lion.', 'Tiger.']",Wolf.,A,A) Wolf.,A,100.0,52.0,53,1578,1.0,False,346,10388,0.0333,392,2,15000,0,64,1
YouTube_Games__8gtpP2Toigg_list=PL3bIgEVl_gDzIfuotDjHjcXzUkB6ZvMXk_index=2,656,STU,What direction am I riding?,"['Directions left the mountain.', 'Directions up the mountain.', 'Directions down the mountain.', 'Directions right the mountain.']",Directions up the mountain.,B,D) Directions right the mountain.,D,0.0,329.0,330,1578,1.0,False,1301,64680,0.0201,1372,7,15000,0,64,1
YouTube_Games__8gtpP2Toigg_list=PL3bIgEVl_gDzIfuotDjHjcXzUkB6ZvMXk_index=2,827,OJR,What was standing on a branch in front of me?,"['A giant crow.', 'A giant eagle.', 'A giant bat.', 'A giant owl.']",A giant crow.,A,B) A giant eagle.,B,0.0,427.0,428,1578,1.0,False,1632,83888,0.0195,1764,9,15000,0,64,1
YouTube_Games__8gtpP2Toigg_list=PL3bIgEVl_gDzIfuotDjHjcXzUkB6ZvMXk_index=2,657,STU,What is the relative direction between me and the black tree?,"['To the right and back.', 'To the right and front.', 'To the left and back.', 'To the left and front.']",To the right and front.,B,A) To the right and back.,A,0.0,507.0,508,1578,1.0,False,1818,99568,0.0183,1960,10,15000,0,64,1
YouTube_Games__8gtpP2Toigg_list=PL3bIgEVl_gDzIfuotDjHjcXzUkB6ZvMXk_index=2,828,OJR,What is fighting each other below me?,"['Black cat, wolves and humans.', 'Green chariots, wolves and soldiers.', 'Red mice, wolves and humans.', 'Green chariots, black dogs and soldiers.']","Green chariots, wolves and soldiers.",B,"B) Green chariots, wolves and soldiers.",B,100.0,1391.0,1392,1578,1.0,False,4352,272832,0.016,4508,23,15000,0,64,1
YouTube_Games__8gtpP2Toigg_list=PL3bIgEVl_gDzIfuotDjHjcXzUkB6ZvMXk_index=2,829,OJR,What's inside the green chariot?,"['A cat.', 'A soldier.', 'A horse.', 'A dog.']",A soldier.,B,C) A horse.,C,0.0,1577.0,1578,1578,1.0,False,4913,309288,0.0159,5096,26,15000,0,64,1
YouTube_Games__Bu0z7pxeIes_list=PL3bIgEVl_gDzIfuotDjHjcXzUkB6ZvMXk_index=3,658,STU,In what direction does the road ahead of me lead??,"['Left back.', 'Right front.', 'Right back.', 'Left front.']",Right front.,B,B) Right front.,B,100.0,52.0,53,786,1.0,False,400,10388,0.0385,588,3,15000,0,64,1
YouTube_Games__Bu0z7pxeIes_list=PL3bIgEVl_gDzIfuotDjHjcXzUkB6ZvMXk_index=3,830,OJR,What is the scene in front of me on the right??,"['Pond.', 'Sea.', 'River.', 'Lake.']",Lake.,D,B) Sea.,B,0.0,73.0,74,786,1.0,False,449,14504,0.031,784,4,15000,0,64,1
YouTube_Games__Bu0z7pxeIes_list=PL3bIgEVl_gDzIfuotDjHjcXzUkB6ZvMXk_index=3,659,STU,In what direction is the purple light in me?,"['In front of me.', 'On the left of me.', 'Behind me.', 'On the right of me.']",In front of me.,A,C) Behind me.,C,0.0,425.0,426,786,1.0,False,1752,83496,0.021,2156,11,15000,0,64,1
YouTube_Games__Bu0z7pxeIes_list=PL3bIgEVl_gDzIfuotDjHjcXzUkB6ZvMXk_index=3,831,OJR,What building I'm in now?,"['A wooden bridge.', 'A wooden bridge.', 'A stone bridge.', 'A stone house.']",A wooden bridge.,A,A) A wooden bridge.,A,100.0,503.0,504,786,1.0,False,1991,98784,0.0202,2548,13,15000,0,64,1
YouTube_Games__Bu0z7pxeIes_list=PL3bIgEVl_gDzIfuotDjHjcXzUkB6ZvMXk_index=3,832,OJR,What's on the ground??,"['Grass.', 'Water.', 'Sand.', 'Blood.']",Blood.,D,A) Grass.,A,0.0,562.0,563,786,1.0,False,2176,110348,0.0197,2744,14,15000,0,64,1
YouTube_Games__Bu0z7pxeIes_list=PL3bIgEVl_gDzIfuotDjHjcXzUkB6ZvMXk_index=3,660,STU,In what direction is the blue beam in front of me in the wooden house?,"['On the left side of the tree.', 'On the right side of the tree.']",On the right side of the tree.,B,B) On the right side of the tree.,B,100.0,785.0,786,786,1.0,False,2870,154056,0.0186,3528,18,15000,0,64,1
YouTube_Games__KN9AaPgGkPI_list=PL3bIgEVl_gDzIfuotDjHjcXzUkB6ZvMXk_index=7,838,OJR,What kind of monster is on my left?,"['Giant spider.', 'Giant crab.', 'Giant frog.', 'Giant snake.']",Giant crab.,B,B) Giant crab.,B,100.0,146.0,147,440,1.0,False,625,28812,0.0217,784,4,15000,0,64,1
YouTube_Games__KN9AaPgGkPI_list=PL3bIgEVl_gDzIfuotDjHjcXzUkB6ZvMXk_index=7,839,OJR,What weapon do I have in my hand?,"['Bow.', 'Sword.', 'Axe.', 'Spear.']",Bow.,A,B) Sword.,B,0.0,268.0,269,440,1.0,False,1090,52724,0.0207,1372,7,15000,0,64,1
YouTube_Games__KN9AaPgGkPI_list=PL3bIgEVl_gDzIfuotDjHjcXzUkB6ZvMXk_index=7,669,STU,Which direction am I moving?,"['Move forward while moving up.', 'Move forward while moving down.', 'Move backward while moving up.', 'Move backward while moving down.']",Move forward while moving down.,B,A) Move forward while moving up.,A,0.0,330.0,331,440,1.0,False,1290,64876,0.0199,1764,9,15000,0,64,1
YouTube_Games__KN9AaPgGkPI_list=PL3bIgEVl_gDzIfuotDjHjcXzUkB6ZvMXk_index=7,668,STU,What is the relative position of the monster like a ball?,"['The knight is in the right of the giants', 'The knight is in the rear of the giants', 'The knight is in the front of the giants', 'The knight is in the left of the giants']",The knight is in the rear of the giants,B,C) The knight is in the front of the giants,C,0.0,422.0,423,440,1.0,False,1533,82908,0.0185,2156,11,15000,0,64,1
YouTube_Games__KN9AaPgGkPI_list=PL3bIgEVl_gDzIfuotDjHjcXzUkB6ZvMXk_index=7,670,STU,Where is the silver goddess statue in me?,"['Behind me.', 'On the left of me.', 'On the right of me.', 'In front of me.']",In front of me.,D,A) Behind me.,A,0.0,439.0,440,440,1.0,False,1566,86240,0.0182,2352,12,15000,0,64,1
YouTube_Games__PLJ3VIGhVd3r8Int6IZT_v3S_BzG9RVfiG_index=1,633,STU,How many giants monster are there?,"['5', '7', '4', '6']",5,A,B) 7,B,0.0,171.0,172,489,1.0,False,556,33712,0.0165,588,3,15000,0,64,1
YouTube_Games__PLJ3VIGhVd3r8Int6IZT_v3S_BzG9RVfiG_index=1,631,STU,Where is the biggest giant standing?,"['In the front of other four giants.', 'In the back of other four giants.', 'In the left of other four giants.', 'In the right of other four giants.']",In the back of other four giants.,B,B) In the back of other four giants.,B,100.0,172.0,173,489,1.0,False,560,33908,0.0165,784,4,15000,0,64,1
YouTube_Games__PLJ3VIGhVd3r8Int6IZT_v3S_BzG9RVfiG_index=1,809,OJR,What is under the monkey?,"['The trees', 'A piece of rock.', 'A piece of cloud.', 'The ground.']",A piece of cloud.,C,B) A piece of rock.,B,0.0,172.0,173,489,1.0,False,560,33908,0.0165,784,4,15000,0,64,1
YouTube_Games__PLJ3VIGhVd3r8Int6IZT_v3S_BzG9RVfiG_index=1,993,ATR,What is the color of the dog?,"['White.', 'Black.', 'Pink.', 'Brown.']",Black.,B,D) Brown.,D,0.0,279.0,280,489,1.0,False,728,54880,0.0133,980,5,15000,0,64,1
YouTube_Games__PLJ3VIGhVd3r8Int6IZT_v3S_BzG9RVfiG_index=1,634,STU,How many monkeys did I summon?,"['7', '6', '8', '4']",6,B,A) 7,A,0.0,472.0,473,489,1.0,False,1116,92708,0.012,1372,7,15000,0,64,1
YouTube_Games__PLJ3VIGhVd3r8Int6IZT_v3S_BzG9RVfiG_index=1,632,STU,In what direction is the man in white attacking the monkey?,"['From the front.', 'From the top.', 'From the left.', 'From the bottom.']",From the top.,B,C) From the left.,C,0.0,488.0,489,489,1.0,False,1166,95844,0.0122,1568,8,15000,0,64,1
YouTube_Games__PLJ3VIGhVd3r8Int6IZT_v3S_BzG9RVfiG_index=2,996,ATR,What color is the gourd on the man's back?,"['Green and yellow', 'Green and white', 'Red and white', 'Red and yellow']",Green and yellow,A,D) Red and yellow,D,0.0,279.0,280,1696,1.0,False,924,54880,0.0168,980,5,15000,0,64,1
YouTube_Games__PLJ3VIGhVd3r8Int6IZT_v3S_BzG9RVfiG_index=2,812,OJR,What object am I holding?,"['A shield.', 'A bow.', 'A incense.', 'A sword.']",A incense.,C,B) A bow.,B,0.0,352.0,353,1696,1.0,False,1109,69188,0.016,1176,6,15000,0,64,1
YouTube_Games__PLJ3VIGhVd3r8Int6IZT_v3S_BzG9RVfiG_index=2,810,OJR,What is in the bottom and right side?,"['The ground.', 'The trees', 'An orange fire.', 'A piece of rock.']",An orange fire.,C,C) An orange fire.,C,100.0,506.0,507,1696,1.0,False,1450,99372,0.0146,1568,8,15000,0,64,1
YouTube_Games__PLJ3VIGhVd3r8Int6IZT_v3S_BzG9RVfiG_index=2,813,OJR,What is the planet along my way?,"['Trees', 'Bamboos.', 'Flowers.', 'Reeds.']",Bamboos.,B,A) Trees,A,0.0,553.0,554,1696,1.0,False,1532,108584,0.0141,1764,9,15000,0,64,1
YouTube_Games__PLJ3VIGhVd3r8Int6IZT_v3S_BzG9RVfiG_index=2,635,STU,Which direction am I moving?,"['Move backward while moving up', 'Move forward while moving down', 'Move backward while moving down', 'Move forward while moving up']",Move forward while moving up,D,D) Move forward while moving up,D,100.0,560.0,561,1696,1.0,False,1551,109956,0.0141,1960,10,15000,0,64,1
YouTube_Games__PLJ3VIGhVd3r8Int6IZT_v3S_BzG9RVfiG_index=2,811,OJR,What is the planet around me?,"['Reeds.', 'Bamboos.', 'Flowers.', 'Trees']",Reeds.,A,D) Trees,D,0.0,560.0,561,1696,1.0,False,1551,109956,0.0141,1960,10,15000,0,64,1
YouTube_Games__PLJ3VIGhVd3r8Int6IZT_v3S_BzG9RVfiG_index=2,994,ATR,What is the color of the fire I'm collecting?,"['Green', 'Purple', 'Yellow', 'Red']",Green,A,D) Red,D,0.0,725.0,726,1696,1.0,False,2084,142296,0.0146,2548,13,15000,0,64,1
YouTube_Games__PLJ3VIGhVd3r8Int6IZT_v3S_BzG9RVfiG_index=2,998,ATR,What is the color of the head of the boss?,"['Red', 'Blue', 'Yellow', 'Green']",Green,D,A) Red,A,0.0,1058.0,1059,1696,1.0,False,2874,207564,0.0138,3528,18,15000,0,64,1
YouTube_Games__PLJ3VIGhVd3r8Int6IZT_v3S_BzG9RVfiG_index=2,639,STU,What is the position of bamboos relative to the wooden gate I'm heading toward?,"['On the top of the door', 'On the bottom of the door', 'On the left of the door', 'On either side of the door']",On either side of the door,D,D) On either side of the door,D,100.0,1236.0,1237,1696,1.0,False,3337,242452,0.0138,4116,21,15000,0,64,1
YouTube_Games__PLJ3VIGhVd3r8Int6IZT_v3S_BzG9RVfiG_index=2,638,STU,What is the position of the monkey relative to the character/me now?,"['In front of me.', 'Behind me.', 'On my left.', 'On my right.']",In front of me.,A,A) In front of me.,A,100.0,1336.0,1337,1696,1.0,False,3637,262052,0.0139,4508,23,15000,0,64,1
YouTube_Games__PLJ3VIGhVd3r8Int6IZT_v3S_BzG9RVfiG_index=2,637,STU,What is the position of the gourd relative to me now?,"['On my down', 'On my right', 'On my left', 'On my top']",On my top,D,C) On my left,C,0.0,1415.0,1416,1696,1.0,False,3831,277536,0.0138,4704,24,15000,0,64,1
YouTube_Games__PLJ3VIGhVd3r8Int6IZT_v3S_BzG9RVfiG_index=2,997,ATR,What color is the gourd in the man's hand on the right of the frame?,"['Green', 'Blue', 'Red', 'Yellow']",Red,C,C) Red,C,100.0,1415.0,1416,1696,1.0,False,3831,277536,0.0138,4704,24,15000,0,64,1
YouTube_Games__PLJ3VIGhVd3r8Int6IZT_v3S_BzG9RVfiG_index=2,636,STU,Which direction am I moving?,"['Move forward while moving up', 'Move forward while moving down', 'Move backward while moving up', 'Move backward while moving down']",Move forward while moving down,B,A) Move forward while moving up,A,0.0,1480.0,1481,1696,1.0,False,4000,290276,0.0138,4900,25,15000,0,64,1
YouTube_Games__PLJ3VIGhVd3r8Int6IZT_v3S_BzG9RVfiG_index=2,999,ATR,What is the color of the tip of the weapon the man is holding?,"['Red', 'Cyan', 'Yellow', 'Green']",Cyan,B,B) Cyan,B,100.0,1528.0,1529,1696,1.0,False,4148,299684,0.0138,5096,26,15000,0,64,1
YouTube_Games__PLJ3VIGhVd3r8Int6IZT_v3S_BzG9RVfiG_index=2,995,ATR,What is the color of the fire I'm collecting?,"['Purple', 'Red', 'Yellow', 'Green']",Purple,A,D) Green,D,0.0,1695.0,1696,1696,1.0,False,4515,332416,0.0136,5488,28,15000,0,64,1
YouTube_Games__PLJ3VIGhVd3r8Int6IZT_v3S_BzG9RVfiG_index=3,640,STU,Which road did I take?,"['The road on the left.', 'The road on the right.']",The road on the right.,B,B) The road on the right.,B,100.0,12.0,13,686,1.0,False,210,2548,0.0824,392,2,15000,0,64,1
YouTube_Games__PLJ3VIGhVd3r8Int6IZT_v3S_BzG9RVfiG_index=3,1000,ATR,What is the box made of?,"['Plastic.', 'Wood.', 'Metal.', 'Paper.']",Wood.,B,B) Wood.,B,100.0,222.0,223,686,1.0,False,535,43708,0.0122,784,4,15000,0,64,1
YouTube_Games__PLJ3VIGhVd3r8Int6IZT_v3S_BzG9RVfiG_index=3,814,OJR,What is on the back of the old man?,"['Gourd.', 'Bamboo.', 'Rock.', 'Monkey.']",Gourd.,A,A) Gourd.,A,100.0,393.0,394,686,1.0,False,904,77224,0.0117,1176,6,15000,0,64,1
YouTube_Games__PLJ3VIGhVd3r8Int6IZT_v3S_BzG9RVfiG_index=3,815,OJR,What did I broke?,"['Crocks.', 'Gourds.', 'Bamboos.', 'Rock.']",Crocks.,A,B) Gourds.,B,0.0,605.0,606,686,1.0,False,1276,118776,0.0107,1568,8,15000,0,64,1
YouTube_Games__PLJ3VIGhVd3r8Int6IZT_v3S_BzG9RVfiG_index=3,641,STU,What is the relative position between the monkey and the gaint frog?,"['The monkey is to the right of the gaint frog.', 'The monkey is to the left of the gaint frog.', 'The monkey is to the front of the gaint frog.', 'The monkey is to the back of the gaint frog.']",The monkey is to the back of the gaint frog.,D,A) The monkey is to the right of the gaint frog.,A,0.0,685.0,686,686,1.0,False,1464,134456,0.0109,1764,9,15000,0,64,1
YouTube_Games__PLJ3VIGhVd3r8Int6IZT_v3S_BzG9RVfiG_index=4,642,STU,Where is the man sitting?,"['In the front of a wooden building at the edge of a space.', 'In the back of a wooden building at the center of a space.', 'In the front of a wooden building at the edge of a space.', 'In the front of a wooden building at the center of a space.']",In the front of a wooden building at the center of a space.,D,C) In the front of a wooden building at the edge of a space.,C,0.0,65.0,66,931,1.0,False,430,12936,0.0332,588,3,15000,0,64,1
YouTube_Games__PLJ3VIGhVd3r8Int6IZT_v3S_BzG9RVfiG_index=4,816,OJR,What did I broke?,"['Gourds.', 'Crocks.', 'Rock.', 'Bamboos.']",Crocks.,B,C) Rock.,C,0.0,317.0,318,931,1.0,False,999,62328,0.016,1176,6,15000,0,64,1
YouTube_Games__PLJ3VIGhVd3r8Int6IZT_v3S_BzG9RVfiG_index=4,1001,ATR,What is the color of the monster I'm fighting?,"['White.', 'Red.', 'Black.', 'Gold.']",Black.,C,B).,B,0.0,930.0,931,931,1.0,False,2622,182476,0.0144,2940,15,15000,0,64,1
YouTube_Games__PLJ3VIGhVd3r8Int6IZT_v3S_BzG9RVfiG_index=5,1002,ATR,What is the color of the land?,"['Yellow.', 'Green.', 'White.', 'Black.']",Yellow.,A,C) White.,C,0.0,23.0,24,865,1.0,False,234,4704,0.0497,392,2,15000,0,64,1
YouTube_Games__PLJ3VIGhVd3r8Int6IZT_v3S_BzG9RVfiG_index=5,1003,ATR,What is the color of the monster's head?,"['Blue.', 'Orange.', 'Green.', 'Black.']",Orange.,B,B) Orange.,B,100.0,422.0,423,865,1.0,False,1368,82908,0.0165,1568,8,15000,0,64,1
YouTube_Games__PLJ3VIGhVd3r8Int6IZT_v3S_BzG9RVfiG_index=5,643,STU,Where is the frog sitting?,"['On the stone platform.', 'At the corner of a pool.', 'On the wooden platform.', 'At the center of a pool.']",At the center of a pool.,D,C) On the wooden platform.,C,0.0,545.0,546,865,1.0,False,1641,107016,0.0153,1960,10,15000,0,64,1
YouTube_Games__PLJ3VIGhVd3r8Int6IZT_v3S_BzG9RVfiG_index=5,644,STU,Where am I standing,"['In the right of a Buddha painting.', 'In the left of a Buddha sculpture.', 'In the back of a Buddha statue.', 'In the front of a Buddha head.']",In the front of a Buddha head.,D,C) In the back of a Buddha statue.,C,0.0,778.0,779,865,1.0,False,2242,152684,0.0147,2744,14,15000,0,64,1
YouTube_Games__PLJ3VIGhVd3r8Int6IZT_v3S_BzG9RVfiG_index=5,817,OJR,What am I looking at?,"['A pedal.', 'A grass.', 'A green fire.', 'A purple fire.']",A green fire.,C,C) A green fire.,C,100.0,864.0,865,865,1.0,False,2488,169540,0.0147,3136,16,15000,0,64,1
YouTube_Games__PLJ3VIGhVd3r8Int6IZT_v3S_BzG9RVfiG_index=6,1004,ATR,What is the color of the eyes?,"['White.', 'Black.', 'Green.', 'Yellow.']",Yellow.,D,B) Black.,B,0.0,143.0,144,586,1.0,False,537,28224,0.019,588,3,15000,0,64,1
YouTube_Games__PLJ3VIGhVd3r8Int6IZT_v3S_BzG9RVfiG_index=6,1005,ATR,What is the box made of?,"['Metal.', 'Plastic.', 'Stone.', 'Wood.']",Wood.,D,D) Wood.,D,100.0,284.0,285,586,1.0,False,906,55860,0.0162,980,5,15000,0,64,1
YouTube_Games__PLJ3VIGhVd3r8Int6IZT_v3S_BzG9RVfiG_index=6,645,STU,Where is the monster?,"['On the bottom of a rock.', 'On the top of the wooden platform.', 'On the bottom of the wooden platform.', 'On the top of a rock.']",On the top of the wooden platform.,B,B) On the top of the wooden platform.,B,100.0,310.0,311,586,1.0,False,974,60956,0.016,1176,6,15000,0,64,1
YouTube_Games__PLJ3VIGhVd3r8Int6IZT_v3S_BzG9RVfiG_index=6,646,STU,Where is the golden buddha placed,"['Behind me.', 'In front of me.', 'On the right of me.', 'On the left of me.']",In front of me.,B,A) Behind me.,A,0.0,585.0,586,586,1.0,False,1519,114856,0.0132,1764,9,15000,0,64,1
YouTube_Games__PLJ3VIGhVd3r8Int6IZT_v3S_BzG9RVfiG_index=7,1006,ATR,What is the color of the ground?,"['Black.', 'Red.', 'Yellow.', 'Green.']",Red.,B,C) Yellow.,C,0.0,183.0,184,381,1.0,False,770,36064,0.0214,784,4,15000,0,64,1
YouTube_Games__PLJ3VIGhVd3r8Int6IZT_v3S_BzG9RVfiG_index=7,647,STU,Where is the golden box?,"['On the left of me.', 'In front of me.', 'On the right of me.', 'Behind me.']",In front of me.,B,B) In front of me.,B,100.0,334.0,335,381,1.0,False,1165,65660,0.0177,1372,7,15000,0,64,1
YouTube_Games__PLJ3VIGhVd3r8Int6IZT_v3S_BzG9RVfiG_index=7,648,STU,Where is the dog standing,"['Beside me.', 'At the back of me.', 'Between me and the alchemy furnace.', 'In front of me.']",Between me and the alchemy furnace.,C,C) Between me and the alchemy furnace.,C,100.0,380.0,381,381,1.0,False,1312,74676,0.0176,1568,8,15000,0,64,1
YouTube_Games__PLJ3VIGhVd3r8Int6IZT_v3S_BzG9RVfiG_index=8,649,STU,Where is the monster with a shield,"['On the right side of the bridge.', 'On the left side of the bridge.', 'In front of the bridge.', 'Behind the bridge.']",On the right side of the bridge.,A,A) On the right side of the bridge.,A,100.0,139.0,140,906,1.0,False,547,27440,0.0199,588,3,15000,0,64,1
YouTube_Games__PLJ3VIGhVd3r8Int6IZT_v3S_BzG9RVfiG_index=8,1007,ATR,What is the color of the monsters' clothes?,"['Red.', 'Blue.', 'Yellow.', 'Green.']",Red.,A,A) Red.,A,100.0,504.0,505,906,1.0,False,1502,98980,0.0152,1568,8,15000,0,64,1
YouTube_Games__PLJ3VIGhVd3r8Int6IZT_v3S_BzG9RVfiG_index=8,818,OJR,What was the monster holding?,"['A shield.', 'A flower.', 'A sword.', 'A bow.']",A shield.,A,C) A sword.,C,0.0,767.0,768,906,1.0,False,2198,150528,0.0146,2352,12,15000,0,64,1
YouTube_Games__PLJ3VIGhVd3r8Int6IZT_v3S_BzG9RVfiG_index=8,1008,ATR,What is the color of the fire?,"['Green.', 'Purple.', 'Red.', 'Blue.']",Purple.,B,C) Red.,C,0.0,905.0,906,906,1.0,False,2489,177576,0.014,2744,14,15000,0,64,1
YouTube_Games__PLJ3VIGhVd3r8Int6IZT_v3S_BzG9RVfiG_index=9,819,OJR,What is placed by the cliff?,"['Sculptures of Gods.', 'Red Flowers.', 'A painting.', 'Five campfires.']",Sculptures of Gods.,A,A) Sculptures of Gods.,A,100.0,30.0,31,471,1.0,False,236,6076,0.0388,392,2,15000,0,64,1
YouTube_Games__PLJ3VIGhVd3r8Int6IZT_v3S_BzG9RVfiG_index=9,820,OJR,What was the monster holding?,"['A flower.', 'A shield.', 'A stone.', 'A sword.']",A stone.,C,D) A sword.,D,0.0,98.0,99,471,1.0,False,388,19404,0.02,588,3,15000,0,64,1
YouTube_Games__PLJ3VIGhVd3r8Int6IZT_v3S_BzG9RVfiG_index=9,1009,ATR,What is the color of the monster's wings?,"['Red.', 'Green.', 'Blue.', 'Yellow.']",Red.,A,A) Red.,A,100.0,125.0,126,471,1.0,False,451,24696,0.0183,784,4,15000,0,64,1
YouTube_Games__PLJ3VIGhVd3r8Int6IZT_v3S_BzG9RVfiG_index=9,650,STU,Where is the monster?,"['Under me.', 'On the right of me.', 'Over me.', 'On the left of me.']",Over me.,C,B) On the right of me.,B,0.0,128.0,129,471,1.0,False,456,25284,0.018,980,5,15000,0,64,1
YouTube_Games__PLJ3VIGhVd3r8Int6IZT_v3S_BzG9RVfiG_index=9,1010,ATR,How is the weather?,"['Cloudy.', 'Snowy.', 'Sunny.', 'Rainy.']",Snowy.,B,B) Snowy.,B,100.0,169.0,170,471,1.0,False,538,33320,0.0161,1176,6,15000,0,64,1
YouTube_Games__PLJ3VIGhVd3r8Int6IZT_v3S_BzG9RVfiG_index=9,651,STU,Where is the monster with an apple in its hand,"['On the wall.', 'On the ground.', 'On the roof.', 'On the tree.']",On the roof.,C,B) On the ground.,B,0.0,470.0,471,471,1.0,False,1559,92316,0.0169,2352,12,15000,0,64,1
YouTube_Games__QRJDDR_z3Lk_list=PL3bIgEVl_gDzIfuotDjHjcXzUkB6ZvMXk_index=5,835,OJR,What did I walk in?,"['A window.', 'A wall.', 'A door.', 'A gate.']",A gate.,D,C) A door.,C,0.0,81.0,82,1474,1.0,False,509,16072,0.0317,588,3,15000,0,64,1
YouTube_Games__QRJDDR_z3Lk_list=PL3bIgEVl_gDzIfuotDjHjcXzUkB6ZvMXk_index=5,836,OJR,What kind of animal is fighting me?,"['Mice.', 'Bear.', 'Lion.', 'Wolf.']",Mice.,A,B) Bear.,B,0.0,120.0,121,1474,1.0,False,599,23716,0.0253,784,4,15000,0,64,1
YouTube_Games__QRJDDR_z3Lk_list=PL3bIgEVl_gDzIfuotDjHjcXzUkB6ZvMXk_index=5,662,STU,Which direction am I moving?,"['Upstairs.', 'Right.', 'Left.', 'Downstairs.']",Upstairs.,A,B) Right.,B,0.0,258.0,259,1474,1.0,False,1049,50764,0.0207,1372,7,15000,0,64,1
YouTube_Games__QRJDDR_z3Lk_list=PL3bIgEVl_gDzIfuotDjHjcXzUkB6ZvMXk_index=5,663,STU,In what direction is Ghost Rider in me?,"['Right.', 'Front.', 'Back.', 'Left.']",Back.,C,D).,D,0.0,561.0,562,1474,1.0,False,1983,110152,0.018,2352,12,15000,0,64,1
YouTube_Games__QRJDDR_z3Lk_list=PL3bIgEVl_gDzIfuotDjHjcXzUkB6ZvMXk_index=5,833,OJR,What building is in front of me?,"['A bridge.', 'A house.', 'A castle.', 'A tower.']",A castle.,C,C) A castle.,C,100.0,578.0,579,1474,1.0,False,2043,113484,0.018,2548,13,15000,0,64,1
YouTube_Games__QRJDDR_z3Lk_list=PL3bIgEVl_gDzIfuotDjHjcXzUkB6ZvMXk_index=5,834,OJR,What am I standing on now?,"['A single-plank bridge.', 'A double-plank bridge.', 'A quadruple-plank bridge.', 'A triple-plank bridge.']",A single-plank bridge.,A,D) A triple-plank bridge.,D,0.0,1134.0,1135,1474,1.0,False,3572,222460,0.0161,4116,21,15000,0,64,1
YouTube_Games__QRJDDR_z3Lk_list=PL3bIgEVl_gDzIfuotDjHjcXzUkB6ZvMXk_index=5,661,STU,In what direction are the wolves in me?,"['Behind me', 'On my right', 'In front of me', 'On my left']",On my left,D,C) In front of me,C,0.0,1473.0,1474,1474,1.0,False,4420,288904,0.0153,5096,26,15000,0,64,1
YouTube_Games__RiIYSrrwjuU_list=PL3bIgEVl_gDzIfuotDjHjcXzUkB6ZvMXk_index=6,665,STU,Which direction am I moving?,"['Move backward while moving down.', 'Move forward while moving up.', 'Move forward while moving down.', 'Move backward while moving up.']",Move forward while moving up.,B,C) Move forward while moving down.,C,0.0,258.0,259,417,1.0,False,1086,50764,0.0214,1176,6,15000,0,64,1
YouTube_Games__RiIYSrrwjuU_list=PL3bIgEVl_gDzIfuotDjHjcXzUkB6ZvMXk_index=6,664,STU,What is the relative position of the sword and me?,"['On my right.', 'On my back.', 'On top of my head.', 'On my left.']",On top of my head.,C,D) On my left.,D,0.0,269.0,270,417,1.0,False,1135,52920,0.0214,1372,7,15000,0,64,1
YouTube_Games__RiIYSrrwjuU_list=PL3bIgEVl_gDzIfuotDjHjcXzUkB6ZvMXk_index=6,837,OJR,What's in front of me on the right?,"['A house.', 'A tree.', 'A rock.', 'A bonfire.']",A bonfire.,D,D) A bonfire.,D,100.0,288.0,289,417,1.0,False,1192,56644,0.021,1568,8,15000,0,64,1
YouTube_Games__RiIYSrrwjuU_list=PL3bIgEVl_gDzIfuotDjHjcXzUkB6ZvMXk_index=6,667,STU,What is the relative position of the crockpot and mine?,"['Behind my back.', 'Above me.', 'Below me.', 'In front of me.']",Behind my back.,A,D) In front of me.,D,0.0,316.0,317,417,1.0,False,1273,62132,0.0205,1764,9,15000,0,64,1
YouTube_Games__RiIYSrrwjuU_list=PL3bIgEVl_gDzIfuotDjHjcXzUkB6ZvMXk_index=6,666,STU,What is the relative position of the monster that is going to cut me with a knife and me?,"['In front of me.', 'Below me.', 'Above me.', 'Behind my back.']",Below me.,B,D) Behind my back.,D,0.0,416.0,417,417,1.0,False,1558,81732,0.0191,2156,11,15000,0,64,1
YouTube_Games__fu2ANlxm7i8_list=PL3bIgEVl_gDzIfuotDjHjcXzUkB6ZvMXk,822,OJR,What object am i pushing?,"['A big rock.', 'A big door.', 'A big tree.', 'A big box.']",A big door.,B,B) A big door.,B,100.0,35.0,36,815,1.0,False,311,7056,0.0441,392,2,15000,0,64,1
YouTube_Games__fu2ANlxm7i8_list=PL3bIgEVl_gDzIfuotDjHjcXzUkB6ZvMXk,821,OJR,What is in front of me?,"['A big tree with many green leaves.', 'A giant car with many wheels.', 'A pool of water.', 'A wall made of stones.']",A giant car with many wheels.,B,D) A wall made of stones.,D,0.0,87.0,88,815,1.0,False,462,17248,0.0268,588,3,15000,0,64,1
YouTube_Games__fu2ANlxm7i8_list=PL3bIgEVl_gDzIfuotDjHjcXzUkB6ZvMXk,652,STU,Which direction am I moving?,"['Move forward while moving up.', 'Move backward while moving up.', 'Move backward while moving down.', 'Move forward while moving down.']",Move forward while moving down.,D,D) Move forward while moving down.,D,100.0,95.0,96,815,1.0,False,469,18816,0.0249,784,4,15000,0,64,1
YouTube_Games__fu2ANlxm7i8_list=PL3bIgEVl_gDzIfuotDjHjcXzUkB6ZvMXk,653,STU,Which direction the fire is spreading to me?,"['From the front.', 'From the right.', 'From the left.', 'From the back.']",From the front.,A,B) From the right.,B,0.0,130.0,131,815,1.0,False,587,25676,0.0229,980,5,15000,0,64,1
YouTube_Games__fu2ANlxm7i8_list=PL3bIgEVl_gDzIfuotDjHjcXzUkB6ZvMXk,823,OJR,What makes the light around me??,"['A torch.', 'Bonfires.', 'A lantern.', 'Candles.']",Candles.,D,B) Bonfires.,B,0.0,147.0,148,815,1.0,False,635,29008,0.0219,1176,6,15000,0,64,1
YouTube_Games__fu2ANlxm7i8_list=PL3bIgEVl_gDzIfuotDjHjcXzUkB6ZvMXk,824,OJR,What's shining on my right side?,"['A camel.', 'A torch.', 'A bonfire.', 'A red tree.']",A bonfire.,C,B) A torch.,B,0.0,220.0,221,815,1.0,False,886,43316,0.0205,1568,8,15000,0,64,1
YouTube_Games__fu2ANlxm7i8_list=PL3bIgEVl_gDzIfuotDjHjcXzUkB6ZvMXk,654,STU,What is the position of the woman to me now?,"['Right front.', 'Left front.', 'Front me.', 'Behind me.']",Right front.,A,B) Left front.,B,0.0,279.0,280,815,1.0,False,1073,54880,0.0196,1764,9,15000,0,64,1
YouTube_Games__fu2ANlxm7i8_list=PL3bIgEVl_gDzIfuotDjHjcXzUkB6ZvMXk,825,OJR,What are the animals around me?,"['Mice.', 'Wolves.', 'Lions.', 'Bears.']",Mice.,A,B) Wolves.,B,0.0,430.0,431,815,1.0,False,1524,84476,0.018,2352,12,15000,0,64,1
YouTube_Games__fu2ANlxm7i8_list=PL3bIgEVl_gDzIfuotDjHjcXzUkB6ZvMXk,655,STU,In what direction am I on guard with shield now?,"['Right.', 'Back.', 'Left.', 'Front.']",Back.,B,C) Left.,C,0.0,814.0,815,815,1.0,False,2755,159740,0.0172,3724,19,15000,0,64,1
YouTube_Games__lhL3SUb078g_list=PL3bIgEVl_gDzIfuotDjHjcXzUkB6ZvMXk_index=9,673,STU,What is the relative position of the jellyfish and me?,"['On my back.', 'On my left and right sides.', 'Behind me.', 'In front of me.']",On my left and right sides.,B,C) Behind me.,C,0.0,76.0,77,599,1.0,False,410,15092,0.0272,588,3,15000,0,64,1
YouTube_Games__lhL3SUb078g_list=PL3bIgEVl_gDzIfuotDjHjcXzUkB6ZvMXk_index=9,671,STU,What is the relative position of the NPC and me?,"['He is on my right.', 'He is on my left.', 'He is in front of me.', 'He is behind me.']",He is in front of me.,C,C) He is in front of me.,C,100.0,277.0,278,599,1.0,False,1063,54488,0.0195,1372,7,15000,0,64,1
YouTube_Games__lhL3SUb078g_list=PL3bIgEVl_gDzIfuotDjHjcXzUkB6ZvMXk_index=9,842,OJR,What kind of animal is scratching the tree next to me?,"['Wolf.', 'Lion.', 'Tiger.', 'Bear.']",Bear.,D,D) Bear.,D,100.0,355.0,356,599,1.0,False,1310,69776,0.0188,1764,9,15000,0,64,1
YouTube_Games__lhL3SUb078g_list=PL3bIgEVl_gDzIfuotDjHjcXzUkB6ZvMXk_index=9,672,STU,Which direction am I moving?,"['Move forward while moving down.', 'Move backward while moving up.', 'Move backward while moving down.', 'Move forward while moving up.']",Move forward while moving down.,A,D) Move forward while moving up.,D,0.0,438.0,439,599,1.0,False,1568,86044,0.0182,2156,11,15000,0,64,1
YouTube_Games__lhL3SUb078g_list=PL3bIgEVl_gDzIfuotDjHjcXzUkB6ZvMXk_index=9,843,OJR,What am I pushing?,"['A quadruple door.', 'A double door.', 'A triple door.', 'A single door.']",A double door.,B,B) A double door.,B,100.0,598.0,599,599,1.0,False,2017,117404,0.0172,2744,14,15000,0,64,1
YouTube_Games__m-7k8KfT9s8_list=PL3bIgEVl_gDzIfuotDjHjcXzUkB6ZvMXk_index=8,841,OJR,Who am I talking to?,"['A woman with a silver veil.', 'A woman with a silver mask.', 'A man with a golden mask.', 'A woman with a golden mask.']",A woman with a silver veil.,A,D) A woman with a golden mask.,D,0.0,6.0,7,68,1.0,False,210,1372,0.1531,392,2,15000,0,64,1
YouTube_Games__m-7k8KfT9s8_list=PL3bIgEVl_gDzIfuotDjHjcXzUkB6ZvMXk_index=8,840,OJR,What kind of animal is on my left?,"['goat.', 'Wolf.', 'Bear.', 'Lion.']",goat.,A,A) goat.,A,100.0,67.0,68,68,1.0,False,348,13328,0.0261,588,3,15000,0,64,1
