video_id,question,answer,pred_answer,tokens_kept,tokens_seen,token_keep_rate,n_tokens_fed,num_blocks,n_local,kv_cache_bytes,retrieve_size,chunk_size
tt0067116,Where does much of the surveillance take place?,"Across city streets, bridges, and inside restaurants and buildings.",The surveillance takes place in a city with a bridge and a river.,1857,92512,0.0201,1960,10,15000,0,64,1
tt0067116,What atmosphere is created by the surveillance activities?,A tense and vigilant atmosphere with anticipation of action.,The surveillance activities create a sense of tension and suspense.,1857,92512,0.0201,1960,10,15000,0,64,1
tt0067116,What indicates a high level of precaution in the operation?,"Covert communication, use of urban landscapes for cover, and secretive exchanges.","The presence of multiple workers in safety gear, including helmets and reflective vests, indicates a high level of precaution in the operation.",1857,92512,0.0201,1960,10,15000,0,64,1
tt0067116,How do indoor and outdoor settings contribute to the operation?,"Provide varied environments for surveillance, offering both challenges and advantages.","Indoor settings, such as the bar and the office, provide a private and intimate atmosphere for the characters to interact and discuss their plans. Outdoor settings, like the city streets and the harbor, offer a public and dynamic environment where the characters can observe and navigate their surroundings. Both settings contribute to the overall operation by providing different contexts for the characters to carry out their tasks and interact with each other.",1857,92512,0.0201,1960,10,15000,0,64,1
tt0067116,What ultimate goal does the surveillance seem to aim for?,Monitoring a group of individuals for gathering important information or capture.,The ultimate goal of the surveillance seems to be to uncover the truth behind the mysterious events unfolding in the city.,1857,92512,0.0201,1960,10,15000,0,64,1
tt0067116,Describe the surveillance techniques used in the video.,"Wiretapping, tailing suspects, and discreetly observing from a distance.","The video showcases a variety of surveillance techniques, including the use of multiple cameras and security personnel. The footage includes scenes of individuals being observed from different angles, with some shots showing the security personnel in the background. The video also features a scene where a person is being followed by a car, indicating a more covert surveillance method.",1857,92512,0.0201,1960,10,15000,0,64,1
tt0067116,Can you provide an overview of the action involving vehicles?,Cars are used to tail suspects across bridges and through city streets.,"The video features several scenes involving vehicles. In one scene, a car is seen driving on a city street with a sign that reads ""CANDY MACHINES."" In another scene, a car is driving on a bridge with a sign that reads ""SODA."" In a third scene, a car is driving on a city street with a sign that reads ""Westerly."" Additionally, there is a scene where a car is driving on a city street with a sign that reads ""CANDY MACHINES.""",1857,92512,0.0201,1960,10,15000,0,64,1
tt0067116,How is foot surveillance conducted in the video?,"Characters follow targets on foot, using the crowd and urban elements for cover.",Foot surveillance is conducted by a man in a hat and coat walking through a city street.,1857,92512,0.0201,1960,10,15000,0,64,1
tt0067116,Describe an action that indicates covert communication.,"Characters glance around cautiously, observing without directly interacting.","A man in a hat and coat is seen whispering to another man in a dark alley, indicating a covert communication.",1857,92512,0.0201,1960,10,15000,0,64,1
tt0067116,How do characters react to potential detection?,They utilize cover and quickly change locations or blend into crowds.,Characters react to potential detection by running away.,1857,92512,0.0201,1960,10,15000,0,64,1
tt0067116,Describe an indoor surveillance scene.,Observing suspects dining in a restaurant from a discrete distance.,"The indoor surveillance scene takes place in a dimly lit room with a large window on the right side. There are two people in the room, one standing near the window and the other sitting at a desk. The person standing is wearing a dark jacket and a hat, while the person sitting is wearing a light-colored jacket and a scarf. The room has a few objects on the desk, including a computer monitor and a telephone. The window has a curtain that is partially drawn, allowing some light to enter the room. The overall atmosphere of the scene is quiet and focused, suggesting that the individuals are engaged in some form of surveillance or monitoring activity.",1857,92512,0.0201,1960,10,15000,0,64,1
tt0067116,Does the video show direct confrontation between characters?,No.,"Yes, the video shows a direct confrontation between characters, as indicated by the text ""When a man doesn't finish what he starts, it's a mistake to come back here.""",1857,92512,0.0201,1960,10,15000,0,64,1
tt0067116,Is there a scene where a suspect becomes aware of being followed?,Yes.,Yes.,1857,92512,0.0201,1960,10,15000,0,64,1
tt0067116,Do characters use any technical equipment for surveillance?,Yes.,"Yes, characters use a camera to capture footage.",1857,92512,0.0201,1960,10,15000,0,64,1
tt0067116,Is there a high-speed chase scene in the video?,No.,Yes.,1857,92512,0.0201,1960,10,15000,0,64,1
tt0067116,Can you see a peaceful moment in the video?,"Yes, during the dining scene.","Yes, there is a peaceful moment in the video where a man is sitting at a bar, enjoying a drink and a conversation with a woman.",1857,92512,0.0201,1960,10,15000,0,64,1
tt0067116,Is there a moment where someone loses their tail?,No.,"Yes, there is a moment where someone loses their tail.",1857,92512,0.0201,1960,10,15000,0,64,1
tt0067116,Is the wiretap setup before the surveillance on the streets?,Yes.,"Yes, the wiretap setup is before the surveillance on the streets.",1857,92512,0.0201,1960,10,15000,0,64,1
tt0067116,Does tailing on foot precede car surveillance activities?,No.,"Yes, tailing on foot precedes car surveillance activities.",1857,92512,0.0201,1960,10,15000,0,64,1
tt0067116,Is the observation of the dining scene before the stakeout in a car?,Yes.,"Yes, the observation of the dining scene is before the stakeout in a car.",1857,92512,0.0201,1960,10,15000,0,64,1
tt0067116,Does the nighttime surveillance occur after the daytime operations?,Yes.,"Yes, the nighttime surveillance occurs after the daytime operations.",1857,92512,0.0201,1960,10,15000,0,64,1
tt0067116,Is the use of technical equipment shown before manual tailing scenes?,Yes.,"Yes, the use of technical equipment is shown before manual tailing scenes.",1857,92512,0.0201,1960,10,15000,0,64,1
tt0067116,Do characters engage in covert communication before conducting a stakeout?,Yes.,"Yes, characters engage in covert communication before conducting a stakeout.",1857,92512,0.0201,1960,10,15000,0,64,1
tt0067116,What leads up to the bridge crossing scene?,Characters decide to follow a target and then start tailing them by car.,A car driving on a city street,1857,92512,0.0201,1960,10,15000,0,64,1
tt0067116,"Before engaging in a foot pursuit, what triggers this action?",A suspect's sudden movement or attempt to evade surveillance.,The man in the red Santa suit is chased by the man in the black suit.,1857,92512,0.0201,1960,10,15000,0,64,1
tt0067116,Describe the nature of interactions among the characters.,"Mainly serious discussions, negotiations concerning narcotics, and product inspections.","The interactions among the characters in the video are varied and suggest different scenarios. In the first scene, the interaction is between two characters, one dressed in a Santa Claus costume and the other in a checkered jacket, indicating a festive or holiday setting. The second scene shows a man in a dark suit and hat, seemingly in a conversation or confrontation with another character, which could imply a tense or dramatic situation. The third scene features a man in a suit and hat at a bar, suggesting a social or professional interaction. The fourth scene shows a man in a dark suit and hat walking down a street, possibly indicating a solitary or contemplative moment. The fifth scene shows a man in a dark suit and hat at a bar, engaging with another character, which could be a social or professional interaction. The sixth scene shows a man in a dark suit and hat walking down a street, possibly indicating a solitary or contemplative moment. The seventh scene shows a man in a dark suit and hat at a bar, engaging with another character, which could be a social or professional interaction. The eighth scene shows a man in a dark suit and hat at a bar, engaging with another character, which could be a social or professional interaction. The ninth scene shows a man in a dark suit",1986,99176,0.02,2156,11,15000,0,64,1
tt0067116,How are the scientific apparatus used in the video?,For careful drug purity testing and examination.,The scientific apparatus is used to analyze and understand the behavior of the characters in the video.,1986,99176,0.02,2156,11,15000,0,64,1
tt0067116,What can be inferred from the surveillance scenes?,A sense of caution and monitoring involved in the drug trade operations.,"The surveillance scenes suggest a narrative of espionage or investigation. The presence of a man in a trench coat and fedora, along with a woman in a red dress, indicates a possible undercover operation or a clandestine meeting. The scenes are likely part of a larger plot involving secret activities, as indicated by the text overlays such as ""When a day doesn't go as planned"" and ""The truth is a mist."" The surveillance suggests that the characters are being watched or are watching others, which is a common element in spy or thriller genres.",1986,99176,0.02,2156,11,15000,0,64,1
tt0067116,What actions are displayed in the drug testing scenes?,"Careful measuring, heating chemicals, and using a thermometer.","The drug testing scenes display a person administering a test to another individual, with the test tube being held up to the face of the person being tested.",1986,99176,0.02,2156,11,15000,0,64,1
tt0067116,How are conversations and negotiations depicted?,"Through serious dialogue, emphatic gestures, and moments of contemplation.","In the video, conversations and negotiations are depicted through various scenes. One scene shows a man in a suit and hat sitting at a bar, holding a drink, and engaged in a conversation with another man who is standing. The atmosphere suggests a casual yet serious discussion, possibly related to business or personal matters. Another scene shows a man in a suit and hat walking down a street, talking to someone off-camera, which implies a conversation or negotiation taking place. The man's body language and the context suggest that he is either explaining something or trying to persuade someone. The video also includes a scene where a man is sitting in a car, talking on the phone, which could be a negotiation or a conversation with someone else. The overall tone of the video suggests that conversations and negotiations are an important part of the storyline, and they are depicted in a realistic and engaging way.",1986,99176,0.02,2156,11,15000,0,64,1
tt0067116,What actions are taken in scenes involving chemical handling?,"Pouring, dripping, and heating chemicals with precision.","In the scenes involving chemical handling, a person is seen pouring a red liquid from a bottle into a container, and another person is shown holding a bottle with a red label. These actions suggest the handling or preparation of chemicals, possibly for a specific purpose or experiment.",1986,99176,0.02,2156,11,15000,0,64,1
tt0067116,How is the chemical examination process portrayed?,Through meticulous handling and observation of reactions.,"The chemical examination process is portrayed with a close-up of a hand holding a test tube, suggesting a scientific or forensic context.",1986,99176,0.02,2156,11,15000,0,64,1
tt0067116,Outline the activities observed in the high-stakes meetings.,"Discussions, smoking, drinking, and inspecting a substance.","The video features a series of scenes from a movie, each with distinct activities and settings. Here's a summary of the activities observed in the high-stakes meetings:1. **20th Century Fox Logo**: The video begins with the iconic 20th Century Fox logo, which is a well-known symbol of the film studio.2. **Cityscape and Car Chase**: The scene transitions to a cityscape with a car chase, where a car is seen driving through the streets, suggesting a high-speed, action-packed sequence.3. **Bar Scene**: The next scene shows a bar setting where a man is seen drinking, indicating a social or possibly a planning meeting in a relaxed environment.4. **Street View**: A street view is shown with a car driving by, which could imply a scene of surveillance or a chase.5. **Candy Store**: The video then shows a scene at a candy store, which might be a location for a clandestine meeting or a casual encounter.6. **Bar with Drinks**: Another bar scene is depicted, this time with drinks on the table, suggesting a social gathering or a meeting in a more relaxed setting.7. **Car Chase Continues**: The car chase continues, with a car driving through the streets",1986,99176,0.02,2156,11,15000,0,64,1
tt0067116,How do individuals interact in the negotiation scenes?,"With intensive discussions, possibly arguing or concluding deals.","In the negotiation scenes, individuals interact in a professional and direct manner.",1986,99176,0.02,2156,11,15000,0,64,1
tt0067116,Does the video include laboratory settings for drug testing?,No.,"No, the video does not include laboratory settings for drug testing.",1986,99176,0.02,2156,11,15000,0,64,1
tt0067116,Is there a visible reaction during the chemical testing?,No.,"Yes, there is a visible reaction during the chemical testing.",1986,99176,0.02,2156,11,15000,0,64,1
tt0067116,Is a cooling process shown after heating the chemicals?,No.,No,1986,99176,0.02,2156,11,15000,0,64,1
tt0067116,Does the negotiation result in a physical altercation?,No.,"No, the negotiation does not result in a physical altercation.",1986,99176,0.02,2156,11,15000,0,64,1
tt0067116,Is there an explicit exchange of goods or payment?,No.,No,1986,99176,0.02,2156,11,15000,0,64,1
tt0067116,Does the standing man participate in the substance examination?,No.,"No, the standing man does not participate in the substance examination.",1986,99176,0.02,2156,11,15000,0,64,1
tt0067116,Does the surveillance scene occur before the chemical examination?,Yes.,"Yes, the surveillance scene occurs before the chemical examination.",1986,99176,0.02,2156,11,15000,0,64,1
tt0067116,Is the drug purity test completed before the discussions start?,Yes.,"The image you've provided shows a scene from a movie where a character is holding a test tube, suggesting that a drug purity test is being conducted. However, the image does not provide enough context to determine if the test is completed before the discussions start. The test appears to be in progress, as indicated by the character holding the test tube and looking at it. The discussions could be about the results of the test or related to the drug itself. Without additional context or a sequence of images, it's not possible to determine the timing of the test completion relative to the discussions.",1986,99176,0.02,2156,11,15000,0,64,1
tt0067116,Does the chemical heating happen before the thermometer is checked?,Yes.,"The images provided do not show any direct evidence of a chemical heating process or a thermometer being checked. The scenes depict various urban settings and characters engaged in different activities, but none of them involve a chemical reaction or temperature measurement. If you have a specific image in mind that you would like to discuss, please provide more details or a different image.",1986,99176,0.02,2156,11,15000,0,64,1
tt0067116,Is the intense negotiation shown before the product inspection?,No.,No.,1986,99176,0.02,2156,11,15000,0,64,1
tt0067116,"In the video, does the conversation in the upscale condo happen before the scene of surveillance?",No.,"No, the conversation in the upscale condo happens after the scene of surveillance.",1986,99176,0.02,2156,11,15000,0,64,1
tt0067116,Is the liquid poured into apparatus before the heat is applied?,Yes.,"The image you've provided shows a person pouring a liquid into an apparatus, but it's not clear from the image whether the heat is applied before or after the liquid is poured. The context of the image suggests that it might be a scientific or laboratory setting, where heat could be applied to the liquid for various purposes such as heating a reaction, dissolving a substance, or preparing a sample for analysis. However, without additional information or a sequence of images, it's not possible to determine the exact timing of the heat application relative to the pouring of the liquid.",1986,99176,0.02,2156,11,15000,0,64,1
tt0067116,What occurs just before the chemical testing?,Preliminary examination and setup of equipment.,"A man is seen driving a car on a bridge, with a woman standing on the sidewalk, and the scene transitions to a close-up of a man's face with a concerned expression.",1986,99176,0.02,2156,11,15000,0,64,1
tt0067116,"In the sequence, what happens before the intense discussion scenes?",Surveillance and scientific analysis of substances.,"The sequence starts with the 20th Century Fox logo, followed by a cityscape with a car driving by, a man in a hat and coat, a woman in a red dress, a man in a suit and hat, a car driving on a bridge, a man in a brown coat, a man in a white shirt, a man in a brown coat, a man in a white shirt, a man in a brown coat, a man in a white shirt, a man in a brown coat, a man in a white shirt, a man in a brown coat, a man in a white shirt, a man in a brown coat, a man in a white shirt, a man in a brown coat, a man in a white shirt, a man in a brown coat, a man in a white shirt, a man in a brown coat, a man in a white shirt, a man in a brown coat, a man in a white shirt, a man in a brown coat, a man in a white shirt, a man in a brown coat, a man in a white shirt, a man in a brown coat, a man in a white shirt, a man in a brown coat, a man in a white shirt, a man in a brown coat",1986,99176,0.02,2156,11,15000,0,64,1
tt0067116,"Before the heat is applied to chemicals, what do we see?",Preparation and measurement of substances.,"The image you've provided is from the opening scene of the movie ""The Maltese Falcon,"" which is a classic film noir. The scene shows the iconic 20th Century Fox logo, which is a well-known symbol of the film studio. The logo is illuminated by spotlights against a dark sky, and the studio's name is prominently displayed in large, bold letters. This image is often associated with the beginning of a film and sets the tone for the cinematic experience that follows.",1986,99176,0.02,2156,11,15000,0,64,1
tt0067116,What occurs just before the meetings in the upscale rooms?,Chemical testing and examination of drugs.,"A man is seen walking through a room with a sign that reads ""CANDY PAPER"" and another sign that says ""WENDY'S RESTAURANT.""",1986,99176,0.02,2156,11,15000,0,64,1
tt0067116,"Before the substance is heated, what preparations are made?",Measuring and transferring chemicals to appropriate containers.,The substance is placed in a glass container and a heating element is applied to it.,1986,99176,0.02,2156,11,15000,0,64,1
tt0067116,What's the main theme portrayed throughout the video?,Surveillance and pursuit in urban environments.,"The main theme portrayed throughout the video is the iconic 20th Century Fox logo, which is prominently displayed at the beginning. The video then transitions to various scenes from different movies, showcasing a range of settings and characters, but the consistent presence of the 20th Century Fox logo suggests a connection to the studio's filmography.",2223,119364,0.0186,2548,13,15000,0,64,1
tt0067116,How can the protagonist's actions in the video be summarized?,The protagonist conducts discreet surveillance and tails a target through city and subway.,"The protagonist's actions in the video can be summarized as follows:1. The video begins with a logo for ""20th Century Fox,"" indicating the production company behind the film.2. The protagonist is seen walking down a street in a city, possibly Paris, as suggested by the architecture and the presence of a character dressed as Santa Claus.3. The protagonist is then shown in a bar, engaging in a conversation with another character.4. The protagonist is seen driving a car on a city street, with a focus on the car's license plate.5. The protagonist is shown walking down a street, passing by a sign for ""Candy Land,"" which could be a reference to a location or a metaphorical place.6. The protagonist is seen in a room with a man in a hat, possibly discussing something of importance.7. The protagonist is shown driving a car on a city street, with a focus on the car's license plate.8. The protagonist is seen walking down a street, passing by a sign for ""Westbury,"" which could be a reference to a location.9. The protagonist is shown in a room with a man in a hat, possibly discussing something of importance.10. The video concludes with the protagonist walking down",2223,119364,0.0186,2548,13,15000,0,64,1
tt0067116,What is the climax of the pursuit depicted in the video?,"A dramatic chase in the subway tunnel, culminating in a tense encounter.","The climax of the pursuit depicted in the video is when the character in the red Santa suit is chased by another character in a dark coat and hat through a narrow alleyway in a European city. The Santa character is seen running away from the pursuer, and the scene ends with the Santa character disappearing into the distance, leaving the pursuer to continue the chase.",2223,119364,0.0186,2548,13,15000,0,64,1
tt0067116,How does the environment contribute to the pursuit?,The busy city and crowded subway add complexity to the covert operations.,"The environment contributes to the pursuit by providing a backdrop that is both urban and somewhat isolated, which allows for a sense of urgency and isolation for the characters. The city streets and buildings create a maze-like setting that can be both a hindrance and a help to the pursuers, depending on their familiarity with the area. The presence of a bridge and a river adds to the complexity of the environment, offering potential escape routes or hiding spots. The lighting conditions, such as the night setting and the use of shadows, also contribute to the atmosphere of the pursuit, making it more intense and suspenseful.",2223,119364,0.0186,2548,13,15000,0,64,1
tt0067116,What challenges does the protagonist face during the pursuit?,Maintaining discretion while navigating through busy urban settings.,"The protagonist faces challenges such as navigating through a crowded city, evading capture, and dealing with the consequences of his actions.",2223,119364,0.0186,2548,13,15000,0,64,1
tt0067116,What tactics does the protagonist employ to track the target?,"Discreet following, covert observations, and strategic positioning in crowds.","The protagonist uses a variety of tactics to track the target, including following the target through a crowded city street, using a car chase to keep up with the target, and employing a motorcycle to navigate through traffic. The protagonist also uses a fire hydrant as a vantage point to observe the target from a distance.",2223,119364,0.0186,2548,13,15000,0,64,1
tt0067116,Where does the suspense peak in the story?,During a desperate chase alongside a departing subway train.,"The suspense peaks when the man in the red suit is seen running down the street, suggesting a high-stakes chase or escape.",2223,119364,0.0186,2548,13,15000,0,64,1
tt0067116,What is the outcome of the protagonist's pursuit?,The pursuit ends with the protagonist unable to catch the departing train.,The outcome of the protagonist's pursuit is not provided in the given images.,2223,119364,0.0186,2548,13,15000,0,64,1
tt0067116,Describe the protagonist's method of tailing the target.,Covertly observing and following through streets and subways.,The protagonist is tailing the target by following them in a car while maintaining a safe distance.,2223,119364,0.0186,2548,13,15000,0,64,1
tt0067116,How does the protagonist handle crowded environments?,By blending in with the crowd and maintaining a watchful distance.,The protagonist navigates crowded environments with a sense of purpose and determination.,2223,119364,0.0186,2548,13,15000,0,64,1
tt0067116,What action signifies the protagonist's urgency?,Running through a subway tunnel and alongside a moving train.,The protagonist's urgency is signified by him running down the street.,2223,119364,0.0186,2548,13,15000,0,64,1
tt0067116,Can you highlight a tactic used in the subway chase?,Discreetly trailing behind while navigating crowded platforms.,"The subway chase scene in the movie involves a tactic where the character is seen running through the subway station, dodging trains and passengers, and using the subway system to evade capture. The scene is fast-paced and intense, with the character using the environment to their advantage by quickly moving through the station and taking advantage of the crowded conditions to avoid being caught.",2223,119364,0.0186,2548,13,15000,0,64,1
tt0067116,How does the protagonist adjust to the target's movements?,Swiftly moving through traffic and dodging between vehicles.,The protagonist adjusts to the target's movements by following them through the streets.,2223,119364,0.0186,2548,13,15000,0,64,1
tt0067116,Does the protagonist ever confront the target directly?,No.,"The images provided do not show a direct confrontation between the protagonist and the target. The scenes depict various characters in different settings, some of which may be related to the plot, but none of them show a direct confrontation. The images include urban landscapes, characters in different environments, and a few scenes that might suggest a narrative progression, but without more context, it's not possible to confirm a direct confrontation.",2223,119364,0.0186,2548,13,15000,0,64,1
tt0067116,Is there a scene depicting an arrest or capture?,No.,"Yes, there is a scene depicting an arrest or capture. A man in a dark suit is seen being led away by police officers in a dimly lit room.",2223,119364,0.0186,2548,13,15000,0,64,1
tt0067116,Does the protagonist utilize a disguise during surveillance?,Yes.,"Yes, the protagonist utilizes a disguise during surveillance.",2223,119364,0.0186,2548,13,15000,0,64,1
tt0067116,Is the pursuit contained within the subway system?,No.,"No, the pursuit is not contained within the subway system. The scene transitions from the subway to a street scene where the characters are seen running and chasing each other.",2223,119364,0.0186,2548,13,15000,0,64,1
tt0067116,Does the target become aware of being followed?,Yes.,"The image you've provided appears to be a montage of scenes from a movie, and it's not possible to determine from these stills alone whether the target becomes aware of being followed. The montage includes various scenes with different characters and settings, and without additional context or the ability to watch the movie, it's not possible to answer this question definitively.",2223,119364,0.0186,2548,13,15000,0,64,1
tt0067116,Does the protagonist lose the target at any point?,Yes.,"The images provided do not show any direct evidence of the protagonist losing the target. The scenes depict various characters and settings, but none of them specifically show the protagonist losing track of the target. The images focus on different characters and locations, suggesting a narrative that involves multiple characters and possibly a chase or pursuit, but the specific outcome of the protagonist losing the target is not depicted in these images.",2223,119364,0.0186,2548,13,15000,0,64,1
tt0067116,Does the chase scene result in a public disturbance?,No.,The chase scene does not result in a public disturbance.,2223,119364,0.0186,2548,13,15000,0,64,1
tt0067116,Does the protagonist start tailing the subject before entering the subway?,Yes.,"Yes, the protagonist starts tailing the subject before entering the subway.",2223,119364,0.0186,2548,13,15000,0,64,1
tt0067116,Is the payphone used before the subway tunnel chase?,Yes.,"No, the payphone is used after the subway tunnel chase.",2223,119364,0.0186,2548,13,15000,0,64,1
tt0067116,Does the protagonist observe the target from a distance before a close pursuit?,Yes.,"Yes, the protagonist observes the target from a distance before a close pursuit.",2223,119364,0.0186,2548,13,15000,0,64,1
tt0067116,Does the surveillance operation begin during daylight?,Yes.,"No, the surveillance operation begins during nighttime.",2223,119364,0.0186,2548,13,15000,0,64,1
tt0067116,Does the foot chase precede the subway platform encounter?,Yes.,"Yes, the foot chase precedes the subway platform encounter.",2223,119364,0.0186,2548,13,15000,0,64,1
tt0067116,Is the encounter on the stairs before the final train departure scene?,Yes.,"Yes, the encounter on the stairs is before the final train departure scene.",2223,119364,0.0186,2548,13,15000,0,64,1
tt0067116,"Before the chase on the subway platform, what does the protagonist do?",Follows the target through a crowded city street.,"The protagonist is seen walking on a city street, passing by a storefront with a sign that reads ""CANDY & SODA"".",2223,119364,0.0186,2548,13,15000,0,64,1
tt0067116,What happens before the protagonist fails to catch the departing train?,A desperate attempt to navigate through the crowd.,"The protagonist is seen running towards the train, but it is too late, and the train departs without him.",2223,119364,0.0186,2548,13,15000,0,64,1
tt0067116,"Before the struggle on the staircase, what leads up to the encounter?",A tense chase inside the subway station.,"The encounter is preceded by a scene where a man in a brown coat and hat is seen walking down a street, passing by a storefront with a sign that reads ""CANDY PAPER.""",2223,119364,0.0186,2548,13,15000,0,64,1
tt0067116,What happens right before the individual in the subway car catches the attention of the one on the platform?,Casual observation and blending in with the commuters.,"The individual in the subway car is seen talking on the phone, while the one on the platform is looking at the subway car.",2223,119364,0.0186,2548,13,15000,0,64,1
tt0067116,"Before the tense final scenes, how does the protagonist track the target?",Through covert observation and following at a safe distance.,"The protagonist tracks the target by following them through a crowded city street, navigating through traffic, and using a fire hydrant as a vantage point to observe the target from a distance.",2223,119364,0.0186,2548,13,15000,0,64,1
tt0067116,What precedes the protagonist's attempt to maintain low profile amidst busy commuters?,Discreetly observing the surroundings at the subway station.,A scene of a man in a red car driving through a city street.,2223,119364,0.0186,2548,13,15000,0,64,1
tt0067116,What is the main theme of the unfolding events?,A high-speed chase involving multiple modes of pursuit in urban settings.,"The main theme of the unfolding events in the video is a series of interconnected scenes that suggest a narrative involving characters in various urban settings. The scenes include a nighttime cityscape with the ""20th Century Fox"" logo, a man in a Santa costume, a man in a hat and coat, a car driving through a tunnel, a man in a hat and coat walking on a street, a man in a hat and coat talking on a phone, a man in a hat and coat walking on a sidewalk, a man in a hat and coat walking on a street, a man in a hat and coat walking on a sidewalk, a man in a hat and coat walking on a street, a man in a hat and coat walking on a sidewalk, a man in a hat and coat walking on a street, a man in a hat and coat walking on a sidewalk, a man in a hat and coat walking on a street, a man in a hat and coat walking on a sidewalk, a man in a hat and coat walking on a street, a man in a hat and coat walking on a sidewalk, a man in a hat and coat walking on a street, a man in a hat and coat walking on a sidewalk, a man in a hat and coat walking on",3081,172088,0.0179,3528,18,15000,0,64,1
tt0067116,How do the characters interact during the chase?,"Through confrontations, evasion, and strategic movements across various environments.","The characters interact in a high-stakes chase, with one character driving a car and another character running alongside. The chase is intense, with the characters exchanging gunfire and the driver losing control of the car.",3081,172088,0.0179,3528,18,15000,0,64,1
tt0067116,What environments are central to the chase scenes?,"City streets, train stations, inside moving trains, and under elevated train structures.","The chase scenes take place in various environments, including a city street with a car chase, a train station with a man running, and a subway platform with a man looking out the window.",3081,172088,0.0179,3528,18,15000,0,64,1
tt0067116,How does the narrative transition between scenes of pursuit?,By shifting from foot chases to car pursuits and confrontations within trains.,"The narrative transitions between scenes of pursuit through a series of images that depict various characters in different locations, all seemingly involved in a chase or a high-stakes situation. The first image shows a nighttime scene with the text ""20th Century Fox"" illuminated by spotlights, setting a dramatic tone. The subsequent images show characters in different urban environments, such as a city street, a bar, and a train station, suggesting a fast-paced and dynamic storyline. The characters are dressed in period-appropriate attire, indicating a setting from the mid-20th century. The scenes are interspersed with text overlays that provide context, such as ""The screenplay by ROBBIE D'ANTONI"" and ""When a day doesn't go as planned,"" which hint at the plot's themes and character motivations. The overall transition between scenes is seamless, maintaining the viewer's engagement with the story's progression.",3081,172088,0.0179,3528,18,15000,0,64,1
tt0067116,What elements add tension to the chase sequences?,"Tight urban settings, high-speed movements, and direct confrontations.","The chase sequences are tense due to the high-speed action, the presence of multiple vehicles, and the urgency of the situation.",3081,172088,0.0179,3528,18,15000,0,64,1
tt0067116,Are the motives behind the chase made clear?,Motives are implied through the urgency and determination of the individuals involved.,no,3081,172088,0.0179,3528,18,15000,0,64,1
tt0067116,How do non-participants react to the unfolding chase?,"With panic or shock, especially within enclosed spaces like trains.",The non-participants react with concern and urgency as the chase unfolds.,3081,172088,0.0179,3528,18,15000,0,64,1
tt0067116,Describe the progression of the chase.,"Starts on foot, extends to vehicle pursuits, and involves tense interactions within a train.","The chase begins with a man in a red car driving aggressively through a city street, pursued by a police car. The man in the red car speeds away, weaving through traffic and narrowly avoiding a collision with a pedestrian. The police car follows closely, with the man in the red car maintaining a high speed. The chase continues with the man in the red car driving erratically, narrowly avoiding a pedestrian and a parked car. The police car maintains a close pursuit, with the man in the red car eventually losing control and crashing into a parked car. The chase concludes with the man in the red car being apprehended by the police.",3081,172088,0.0179,3528,18,15000,0,64,1
tt0067116,How do characters navigate the urban landscape?,"By dodging vehicles, ascending and descending staircases, and moving through trains.","Characters navigate the urban landscape by walking, driving, and using public transportation.",3081,172088,0.0179,3528,18,15000,0,64,1
tt0067116,What specific tactics are used in the vehicle chase?,"High-speed driving, evasive maneuvers, and near-misses with obstacles.","The vehicle chase involves a man in a brown coat and hat driving a car, with a police officer in a uniform on the back of the car. The man in the brown coat is seen driving aggressively, while the police officer is holding onto the back of the car. The chase takes place on a city street with other cars and pedestrians visible in the background. The man in the brown coat is seen driving past a sign that reads ""EXIT"" and a yellow taxi is also visible in the scene. The chase ends with the man in the brown coat crashing into a parked car.",3081,172088,0.0179,3528,18,15000,0,64,1
tt0067116,What actions occur within the train compartments?,"Confrontations, a struggle for control, and reactions of panic among passengers.","The actions within the train compartments include a man talking on a phone, a man pointing at something, and a man looking out the window.",3081,172088,0.0179,3528,18,15000,0,64,1
tt0067116,How do characters utilize their surroundings?,For cover during confrontations or shortcuts during foot chases.,"In the video, characters are seen utilizing their surroundings in various ways:1. **Urban Navigation**: Characters are seen walking down streets, navigating through cityscapes, and using the urban environment to their advantage. For example, one character is seen running down a street, possibly to avoid being caught.2. **Disguise and Cover**: Characters use their surroundings to disguise themselves or seek cover. For instance, a character is seen wearing a Santa Claus costume, which could be a disguise or a way to blend into a festive setting.3. **Communication**: Characters use the environment for communication. One character is seen talking on a phone, likely coordinating with someone else.4. **Transportation**: Characters use various modes of transportation, such as cars and trains, to move around the city. This is evident in scenes where characters are seen driving or riding in vehicles.5. **Social Interaction**: Characters engage in social interactions in public spaces. For example, a character is seen talking to another character in a bar, which could be a social gathering or a meeting point.6. **Escape and Pursuit**: Characters use the environment to escape or pursue others. This is seen in scenes where characters are running or chasing each other through the streets.7. **Observation",3081,172088,0.0179,3528,18,15000,0,64,1
tt0067116,What factors contribute to the urgency of the chase?,The relentless pursuit of characters and the imminent confrontations.,"The urgency of the chase is heightened by the presence of a police officer, the man's determined expression, and the fast-paced action of the scene.",3081,172088,0.0179,3528,18,15000,0,64,1
tt0067116,Are there any decisive actions taken during the pursuit?,"Yes, including drawing weapons and physically engaging opponents.","Yes, there are decisive actions taken during the pursuit.",3081,172088,0.0179,3528,18,15000,0,64,1
tt0067116,Describe a critical moment in the chase.,A stand-off on a staircase with one character drawing a weapon on another.,"The critical moment in the chase occurs when the man in the black coat and hat is seen running down the street, pursued by the man in the red coat and Santa hat. The man in the black coat is seen dodging a car and running towards a building, while the man in the red coat is seen chasing him. The man in the black coat then runs into a building and the man in the red coat follows him. The man in the black coat then runs up a staircase and the man in the red coat follows him. The man in the black coat then runs into a room and the man in the red coat follows him. The man in the black coat then runs towards a window and the man in the red coat follows him. The man in the black coat then jumps out of the window and the man in the red coat follows him. The man in the black coat then runs down the street and the man in the red coat follows him. The man in the black coat then runs into a car and the man in the red coat follows him. The man in the black coat then runs into a building and the man in the red coat follows him. The man in the black coat then runs up a staircase and the man in the red coat follows him. The",3081,172088,0.0179,3528,18,15000,0,64,1
tt0067116,Is there a moment of calm before the chase escalates?,No.,"Yes, there is a moment of calm before the chase escalates.",3081,172088,0.0179,3528,18,15000,0,64,1
tt0067116,Does the chase involve multiple parties?,Yes.,"Yes, the chase involves multiple parties.",3081,172088,0.0179,3528,18,15000,0,64,1
tt0067116,Are weapons drawn during the chase?,Yes.,"Yes, weapons are drawn during the chase.",3081,172088,0.0179,3528,18,15000,0,64,1
tt0067116,Is there a visible leader of the pursuit?,No.,"Yes, there is a visible leader of the pursuit.",3081,172088,0.0179,3528,18,15000,0,64,1
tt0067116,Is public safety compromised during the pursuit?,Yes.,"The image you've provided shows a scene from a movie where a man is driving a car in a city environment, with a police officer in pursuit. The man is speeding away from the camera, and the police officer is following closely behind. The scene suggests a high-speed chase, which could potentially compromise public safety. The presence of other vehicles and pedestrians in the vicinity increases the risk of accidents or injuries if the chase were to escalate. However, without additional context, it's not possible to determine the exact nature of the pursuit or the actions of the individuals involved.",3081,172088,0.0179,3528,18,15000,0,64,1
tt0067116,Does the chase end in a physical altercation?,Yes.,"The chase in the video does not end in a physical altercation. The scene transitions from the chase to a man standing on a rooftop, looking down at the street below. The man appears to be contemplating or observing something, but there is no physical altercation depicted in the provided scenes.",3081,172088,0.0179,3528,18,15000,0,64,1
tt0067116,Is the outcome of the chase clearly resolved?,No.,"No, the outcome of the chase is not clearly resolved in the provided images.",3081,172088,0.0179,3528,18,15000,0,64,1
tt0067116,Did the car chase occur before the train confrontation?,Yes.,"Yes, the car chase occurred before the train confrontation.",3081,172088,0.0179,3528,18,15000,0,64,1
tt0067116,Is a transit officer involved before a passenger reaction in the train?,Yes.,"The image you've provided shows a scene from a movie where a transit officer is involved before a passenger reaction in the train. The officer is standing in the aisle of the train, and the passenger reaction is shown in the following image.",3081,172088,0.0179,3528,18,15000,0,64,1
tt0067116,Is the weapon drawn after the foot chase?,Yes.,"Yes, the weapon is drawn after the foot chase.",3081,172088,0.0179,3528,18,15000,0,64,1
tt0067116,Does the train scenes unfold before the urban street chase?,No.,"No, the train scenes unfold after the urban street chase.",3081,172088,0.0179,3528,18,15000,0,64,1
tt0067116,Does the car narrowly avoid obstacles before the train chase intensifies?,Yes.,"Yes, the car narrowly avoids obstacles before the train chase intensifies.",3081,172088,0.0179,3528,18,15000,0,64,1
tt0067116,Is there a moment of surveillance before the pursuit on the street?,Yes.,"Yes, there is a moment of surveillance before the pursuit on the street.",3081,172088,0.0179,3528,18,15000,0,64,1
tt0067116,What occurs just before the car and train chase start?,Surveillance of suspects.,"A man is seen walking on the street, and there is a scene with a car driving on a road.",3081,172088,0.0179,3528,18,15000,0,64,1
tt0067116,What happens just before a character crashes into street debris?,High-speed driving and evasion.,"A character is seen driving a car on a city street, and the scene transitions to a close-up of a person's face with a concerned expression.",3081,172088,0.0179,3528,18,15000,0,64,1
tt0067116,What precedes the moment of the car narrowly avoiding obstacles?,Aggressive pursuit under an elevated train.,A man in a brown coat and hat is seen walking on a city street.,3081,172088,0.0179,3528,18,15000,0,64,1
tt0067116,"Before descending the staircase, what action takes place?",A chase into a building or transit station.,"The man in the brown coat and hat is seen walking towards the staircase, and he appears to be in a hurry.",3081,172088,0.0179,3528,18,15000,0,64,1
tt0076759,Summarize the droids' actions aboard the spacecraft.,"Escaping chaos, receiving transmissions, and launching into space.",The droids are working together to repair a damaged part of the spacecraft.,383,27832,0.0138,392,2,15000,0,64,1
tt0076759,How do troopers react during the spaceship battle?,"They advance, take fire, and some are hit.",The troopers are seen firing their blasters and dodging explosions during the spaceship battle.,383,27832,0.0138,392,2,15000,0,64,1
tt0076759,Describe the initial action of the droids in the crisis.,They navigate through blaster fire and chaos.,The droids are firing blasters at the stormtroopers.,383,27832,0.0138,392,2,15000,0,64,1
tt0076759,Is there a scene where the escape pod gets destroyed?,No.,"Yes, there is a scene where the escape pod gets destroyed.",383,27832,0.0138,392,2,15000,0,64,1
tt0076759,Are the troopers hit by blaster fire before the droids find the escape pod?,Yes.,"The image you've provided shows a scene from the Star Wars franchise, specifically featuring the Imperial Stormtroopers and the character Darth Vader. However, the image does not show any direct action of the troopers being hit by blaster fire. It appears to be a still from a scene where the troopers are in a corridor, possibly preparing for or engaging in a battle. The presence of blaster fire is implied, but the specific moment of impact is not captured in this still image. The droids, which are not clearly visible in this image, would likely be involved in the action of finding the escape pod, but the image does not provide enough context to determine if they are hit by blaster fire before they find it.",383,27832,0.0138,392,2,15000,0,64,1
tt0076759,How do the droids initially explore the desert planet?,"Separately, navigating the vast dunes and isolated terrain.",The droids initially explore the desert planet by walking through the sandy terrain.,551,45080,0.0122,588,3,15000,0,64,1
tt0076759,What challenges do the droids encounter on the desert planet?,"Harsh, desolate environment and the threat of being captured.","The droids encounter a sandy environment, which is a challenge for their mechanical nature.",551,45080,0.0122,588,3,15000,0,64,1
tt0076759,How does the desert landscape influence the droids' experiences?,"It isolates them, complicating their navigation and mission.",The desert landscape influences the droids' experiences by providing a challenging and unforgiving environment that tests their resilience and adaptability.,551,45080,0.0122,588,3,15000,0,64,1
tt0076759,Describe a moment of interaction between the droids.,"They engage in non-verbal communication, possibly debating their next steps.","The droids are standing in a room, with one of them extending its arm towards the other.",551,45080,0.0122,588,3,15000,0,64,1
tt0076759,Does the desert environment include any vegetation?,No.,"No, the desert environment is devoid of vegetation.",551,45080,0.0122,588,3,15000,0,64,1
tt0076759,Are the droids able to evade capture for a significant time?,No.,"Yes, the droids are able to evade capture for a significant time.",551,45080,0.0122,588,3,15000,0,64,1
tt0076759,Is the dimly lit cave a safe haven for the droids?,"No, it's a harbinger of their capture.","No, the cave is not a safe haven for the droids.",551,45080,0.0122,588,3,15000,0,64,1
tt0076759,Do the droids attempt to communicate before making separate ways in the desert?,Yes.,"The image you've provided shows two droids, R2-D2 and C-3PO, standing in a desert environment. They appear to be looking at each other, which could be interpreted as an attempt to communicate. However, without additional context or audio from the scene, it's not possible to determine if they are attempting to communicate before making separate ways. In the Star Wars universe, droids often communicate through beeps and whistles, which are not visible in this image.",551,45080,0.0122,588,3,15000,0,64,1
tt0076759,What do the droids experience before their eventual capture and confinement?,"A period of separation, exploration, and caution in the desert.",The droids experience a moment of freedom and exploration before their eventual capture and confinement.,551,45080,0.0122,588,3,15000,0,64,1
tt0076759,What occurs just before the two cloaked figures navigate the rocky terrain?,"The droids land on the desert planet, setting off their separate paths.",A red lightsaber is ignited.,551,45080,0.0122,588,3,15000,0,64,1
tt0076759,How do the interactions with the Jawas and droids unfold?,Transactions and negotiations take place with occasional droid malfunctions.,"The interactions with the Jawas and droids unfold as follows:1. The droid is seen in a desert-like environment, possibly Tatooine, with two Jawas approaching it. The droid is on the ground, and the Jawas seem to be examining or repairing it.2. The droid is then shown in a close-up, with its head and upper body visible. It appears to be in a state of distress or malfunction, with its eyes glowing red.3. The droid is seen in a corridor or hallway, with two other droids in the background. The droid is standing upright and appears to be in a state of alertness or readiness.4. The droid is shown in a close-up, with its head and upper body visible. It appears to be in a state of distress or malfunction, with its eyes glowing red.5. The droid is seen in a close-up, with its head and upper body visible. It appears to be in a state of distress or malfunction, with its eyes glowing red.6. The droid is shown in a close-up, with its head and upper body visible. It appears to be in a state of distress or malfunction, with its eyes glowing red.7. The d",741,69580,0.0106,784,4,15000,0,64,1
tt0076759,What does the figure in the utility vest do with the droid?,The figure seems to inspect or address the droid.,"The figure in the utility vest is seen interacting with the droid, possibly performing a task or conducting an inspection.",741,69580,0.0106,784,4,15000,0,64,1
tt0076759,Does the holographic figure reveal an urgent request for assistance?,Yes.,"The holographic figure in the image appears to be a representation of a character from a science fiction universe, possibly a droid or a holographic projection of a character. The figure is shown with a red eye, which could indicate a warning or an urgent message. However, without additional context or the ability to hear the dialogue, it's not possible to determine the exact nature of the request for assistance. The urgency is suggested by the red eye, which is often used in visual storytelling to denote danger or critical information.",741,69580,0.0106,784,4,15000,0,64,1
tt0076759,Is the environment predominantly urban or city-like?,No.,"No, the environment is not predominantly urban or city-like.",741,69580,0.0106,784,4,15000,0,64,1
tt0076759,Does the interaction within the spacecraft happen before the desert meeting?,No.,"Yes, the interaction within the spacecraft happens before the desert meeting.",741,69580,0.0106,784,4,15000,0,64,1
tt0076759,Is the golden droid's conversation with a figure seen before nighttime scenes?,Yes.,"No, the golden droid's conversation with a figure is seen during daytime scenes.",741,69580,0.0106,784,4,15000,0,64,1
tt0076759,Do scenes involving mechanical workshops precede the outdoor transactions?,No.,Yes,741,69580,0.0106,784,4,15000,0,64,1
tt0076759,What precedes the interaction with the droids and Jawas at the Lars homestead?,The Jawas' arrival and presentation of the droids.,"The scene with the droids and Jawas at the Lars homestead is preceded by a shot of a desert landscape with a large, imposing structure in the background.",741,69580,0.0106,784,4,15000,0,64,1
tt0076759,What event happens before the detailed inspection and negotiation with the Jawas?,A viewing and testing of the droids' functionalities.,The detailed inspection and negotiation with the Jawas happens after the detailed inspection and negotiation with the Jawas.,741,69580,0.0106,784,4,15000,0,64,1
tt0076759,What is the primary setting of the depicted scenes?,A dining area in a desert home during a meal.,"The primary setting of the depicted scenes is a space environment, with a focus on a starry sky and a desert-like landscape.",819,77420,0.0106,980,5,15000,0,64,1
tt0076759,What underlying themes are evident in this exchange?,"Family conflict, hidden pasts, and a desire for adventure.","The exchange between the two characters in the image suggests a theme of communication and understanding. The character on the left, who appears to be a droid, is holding a device that could be a communication device or a tool for interaction. The character on the right, who appears to be a human, is listening intently, indicating a desire to understand or receive information. This exchange could represent the theme of bridging the gap between different species or beings, highlighting the importance of communication in overcoming differences. It also touches on the theme of trust, as the droid seems to be sharing something of value with the human, and the human is shown to be receptive and attentive to what is being shared.",819,77420,0.0106,980,5,15000,0,64,1
tt0076759,What actions indicate the seriousness of the discussion?,"Urgent talking, concerned listening, and Luke's abrupt departure.","The actions that indicate the seriousness of the discussion include the characters' focused expressions, the intensity of the conversation, and the use of a blaster.",819,77420,0.0106,980,5,15000,0,64,1
tt0076759,How do the characters interact with their surroundings during the conversation?,"They are seated around a table, speaking earnestly.","The characters are standing in a room with a window, and the conversation seems to be taking place in a calm and composed manner.",819,77420,0.0106,980,5,15000,0,64,1
tt0076759,What visual clues hint at the conflict during the meal?,Facial expressions of concern and the tension in their postures.,The conflict during the meal is hinted at by the presence of blasters and the tense expressions of the characters.,819,77420,0.0106,980,5,15000,0,64,1
tt0076759,Is there a visible reaction to the conversation topic?,"Yes, visible distress and frustration from Luke.","No, there is no visible reaction to the conversation topic.",819,77420,0.0106,980,5,15000,0,64,1
tt0076759,How does the lighting influence the scene's mood?,"Warm lighting contrasts with the serious, tense atmosphere.","The lighting in the scene contributes to the mood by creating a sense of mystery and tension. The dark space scene with the ""Star Wars"" logo is illuminated by a soft, golden glow, which contrasts with the stark, industrial setting of the stormtroopers and the ominous red lights of the droid. The dimly lit corridor with the droid and the red lights adds to the eerie atmosphere. The scene with the hooded figure and the droid is bathed in a blue light, which gives it a cool, otherworldly feel. The lighting in the scene with the hooded figure and the droid also creates a sense of intimacy and focus on the characters. Overall, the lighting in the scene helps to create a mood that is both mysterious and tense.",819,77420,0.0106,980,5,15000,0,64,1
tt0076759,Are there moments of contemplation shown by any character?,"Yes, moments of contemplation and reflection are seen.","Yes, there are moments of contemplation shown by characters in the images provided. In the fourth image, a character is seen with a contemplative expression, possibly reflecting on a situation or decision.",819,77420,0.0106,980,5,15000,0,64,1
tt0076759,Is there a resolve to the family conflict by the end of the meal?,No.,"Based on the images provided, it appears that the family conflict has been resolved by the end of the meal. The final image shows a group of people sitting together at a table, suggesting a sense of unity and togetherness. The expressions on their faces seem to convey happiness and contentment, indicating that the conflict has been resolved and the family is enjoying their time together.",819,77420,0.0106,980,5,15000,0,64,1
tt0076759,Is there an indication of a physical altercation during the discussion?,No.,"No, there is no indication of a physical altercation during the discussion.",819,77420,0.0106,980,5,15000,0,64,1
tt0076759,"Does the scene end on a positive, resolved note?",No.,"No, the scene ends on a negative, unresolved note.",819,77420,0.0106,980,5,15000,0,64,1
tt0076759,Is the meal already on the table before the conversation starts?,Yes.,"Yes, the meal is already on the table before the conversation starts.",819,77420,0.0106,980,5,15000,0,64,1
tt0084726,What is the initial setup of the situation depicted across the frames?,Crew in a spacecraft preparing for an adversarial encounter.,"The initial setup of the situation depicted across the frames is a serene and majestic view of a mountain peak with a clear blue sky and fluffy white clouds, symbolizing a peaceful and natural setting.",1408,87220,0.0161,1568,8,15000,0,64,1
tt0084726,How do the crew members respond as the crisis unfolds?,"By operating controls, coordinating efforts, and attempting damage control.","The crew members respond with urgency and coordination, working together to address the situation.",1408,87220,0.0161,1568,8,15000,0,64,1
tt0084726,What kinds of emergencies do the crew face?,"Attacks from an adversary, system failures, and internal damage.","The images provided are from the Star Trek franchise, which is known for its science fiction setting and various space-related emergencies. While the specific emergencies are not depicted in these stills, the crew of the USS Enterprise typically faces a wide range of challenges, including space battles, alien encounters, technical malfunctions, and personal crises. The crew's uniforms and the interior of the ship suggest they are in a futuristic setting, and the presence of control panels and screens indicates they are dealing with complex systems and situations.",1408,87220,0.0161,1568,8,15000,0,64,1
tt0084726,Describe the environment inside the spacecraft during the climax of the events.,"Chaotic, with significant damage, injured crew, and emergency alerts.","The environment inside the spacecraft during the climax of the events is tense and filled with urgency. The lighting is dim, with a reddish hue, and the walls are lined with various control panels and screens displaying critical information. The characters are dressed in red uniforms, indicating their roles as crew members. The atmosphere is one of high tension and focus, with the characters engaged in critical decision-making and action. The spacecraft appears to be in a state of emergency, with the characters working together to address a significant threat.",1408,87220,0.0161,1568,8,15000,0,64,1
tt0084726,What are the visible consequences of the battle within the spacecraft?,"Smoke, damage to the infrastructure, and injured crew members.","The visible consequences of the battle within the spacecraft include damage to the ship's interior, with visible dents and scratches on the walls and floors. There are also signs of fire and smoke, indicating that some parts of the ship have been severely damaged. Additionally, there are several characters who appear to be injured or incapacitated, with one character lying on the ground and another character with a bandaged arm. The overall atmosphere of the scene is chaotic and intense, with a sense of urgency and danger.",1408,87220,0.0161,1568,8,15000,0,64,1
tt0084726,How is the emergency addressed by the crew?,"Through coordinated efforts at control panels, rush to aid wounded, and damage control.","The emergency is addressed by the crew through a series of actions and decisions. In the first image, the crew is shown in a state of alertness, with one individual in a red uniform looking at a console with a red alert symbol. This suggests that they are monitoring the situation and preparing to respond.In the second image, the crew is shown in a state of urgency, with one individual in a red uniform looking at a console with a red alert symbol, while another individual in a red uniform is looking at a screen with a red alert symbol. This suggests that they are actively working to address the emergency.In the third image, the crew is shown in a state of calm, with one individual in a red uniform looking at a console with a red alert symbol, while another individual in a red uniform is looking at a screen with a red alert symbol. This suggests that they have taken control of the situation and are working to resolve it.In the fourth image, the crew is shown in a state of urgency, with one individual in a red uniform looking at a console with a red alert symbol, while another individual in a red uniform is looking at a screen with a red alert symbol. This suggests that they are actively working to address the emergency.In the fifth image",1408,87220,0.0161,1568,8,15000,0,64,1
tt0084726,What indicates the crew's struggle to manage the crisis?,"Frantic movements, intense consultations at control panels, and emergency actions.","The crew's struggle to manage the crisis is indicated by the chaotic and urgent atmosphere in the scenes, with characters in distress and the ship's systems malfunctioning.",1408,87220,0.0161,1568,8,15000,0,64,1
tt0084726,Does the narrative show a successful counterattack by the crew?,No.,"The images provided do not show a clear narrative or sequence of events that would indicate a successful counterattack by the crew. They seem to be individual scenes from a science fiction setting, possibly from a television show or movie, featuring characters in uniforms and futuristic environments. To determine if there is a successful counterattack, we would need to see the context of the scenes and the progression of the story.",1408,87220,0.0161,1568,8,15000,0,64,1
tt0084726,Is there a moment where the crew regains full control of the situation?,No.,"Yes, there is a moment where the crew regains full control of the situation.",1408,87220,0.0161,1568,8,15000,0,64,1
tt0084726,Are the crew’s actions sufficient to prevent the spacecraft’s critical damage?,No.,"The images provided do not show any specific actions taken by the crew to prevent critical damage to the spacecraft. The scenes depict various crew members in different situations, such as in a control room, in a spacewalk, or in a tense conversation, but none of these images show direct actions related to damage prevention. To determine if their actions are sufficient, we would need to see the specific events or sequences leading up to and following the damage.",1408,87220,0.0161,1568,8,15000,0,64,1
tt0084726,Is there any clear victory against the adversary seen?,No.,No,1408,87220,0.0161,1568,8,15000,0,64,1
tt0084726,Does the emergency situation resolve by the end of the frames?,No.,"The video does not provide a clear resolution to the emergency situation depicted in the frames provided. The last frame shows a character in a red uniform with a concerned expression, looking at a screen with an ""ALERT"" message, which suggests that the situation is still ongoing.",1408,87220,0.0161,1568,8,15000,0,64,1
tt0084726,Do all crew members safely navigate through the crisis?,No.,"The images you've provided appear to be from the Star Trek franchise, which is known for its science fiction setting and exploration of various themes. While I can't provide specific details about the plot of a particular episode or movie, I can tell you that the crew members in Star Trek often work together to overcome challenges and crises. The franchise is famous for its ensemble cast and the idea that teamwork and cooperation are key to success.In the images you've shown, the crew members are depicted in different situations, some of which seem to be tense or critical. However, without more context, it's not possible to determine the outcome of these specific scenes. In general, though, the crew of Star Trek often manages to navigate through crises and come out on top, thanks to their resourcefulness, intelligence, and the power of their ship, the USS Enterprise.",1408,87220,0.0161,1568,8,15000,0,64,1
tt0084726,Does the first sign of the spacecraft’s damage occur before the crew members react?,Yes.,"Yes, the first sign of the spacecraft's damage occurs before the crew members react.",1408,87220,0.0161,1568,8,15000,0,64,1
tt0084726,Is the operation of control panels shown before any signs of an emergency?,Yes.,"Yes, the operation of control panels is shown before any signs of an emergency.",1408,87220,0.0161,1568,8,15000,0,64,1
tt0084726,Does the intense engagement at the control panels happen after the crew is seen preparing for an emergency?,Yes.,"Yes, the intense engagement at the control panels happens after the crew is seen preparing for an emergency.",1408,87220,0.0161,1568,8,15000,0,64,1
tt0084726,Are damage control efforts visible before the crew experiences physical impacts?,Yes.,"Yes, damage control efforts are visible before the crew experiences physical impacts.",1408,87220,0.0161,1568,8,15000,0,64,1
tt0084726,Is the spaceship seen navigating through space before the control room chaos?,Yes.,"Yes, the spaceship is seen navigating through space before the control room chaos.",1408,87220,0.0161,1568,8,15000,0,64,1
tt0084726,Are emergency alerts activated before the spacecraft is critically damaged?,Yes.,"The images provided do not show any direct evidence of emergency alerts being activated before the spacecraft is critically damaged. However, the context suggests that the crew is aware of the situation and is responding to it. In the fourth image, a character is seen with a device that could be used to activate emergency alerts or communicate with others. The urgency in the scene implies that the crew is taking immediate action to address the situation.",1408,87220,0.0161,1568,8,15000,0,64,1
tt0084726,What happens just before the spacecraft is shown adrift?,It suffers critical damage during the battle.,"A character is seen in a red uniform, standing in a control room with a view of the stars and a planet in the distance.",1408,87220,0.0161,1568,8,15000,0,64,1
tt0084726,What occurs immediately before the crew prepares for an emergency?,Anticipation of an adversarial encounter.,"The crew is shown in a tense moment, with one character looking at a monitor displaying a countdown, indicating a critical situation.",1408,87220,0.0161,1568,8,15000,0,64,1
tt0084726,What is observed right before the damage control efforts?,The spacecraft receives direct hits and shows internal chaos.,A red alert is observed right before the damage control efforts.,1408,87220,0.0161,1568,8,15000,0,64,1
tt0084726,"Before the red emergency lighting is activated, what can be seen?",Increasing intensity of the crisis and initial damage.,"In the image before the red emergency lighting is activated, we see a scene with a character in a red uniform standing in a corridor of a spaceship. The character is looking at a console with various controls and displays. The environment suggests a futuristic setting with metallic walls and a control panel with illuminated buttons and screens. The lighting is normal, and there is no visible emergency situation. The character appears to be engaged in some sort of work or monitoring activity.",1408,87220,0.0161,1568,8,15000,0,64,1
tt0084726,What is depicted just before the frantic actions at the control panels?,The crew facing an escalation of the emergency situation.,A serene view of a mountain peak with a ring of stars around it.,1408,87220,0.0161,1568,8,15000,0,64,1
tt0084726,What event is shown right before the assistance to fallen crew members?,The impact of the attack causing injuries and chaos.,"The event shown right before the assistance to fallen crew members is a scene where a character is seen in a space environment, possibly on a planet or in a space station, with a backdrop of a large celestial body and a bright light source. The character appears to be in a contemplative or concerned state, looking off to the side.",1408,87220,0.0161,1568,8,15000,0,64,1
tt0084726,"Immediately before the final set of frames, what is displayed?",A desperate attempt at managing the crisis amidst widespread damage.,"A blue screen with the text ""ALERT"" and ""OPERATION ALARM"" in white, indicating a state of emergency or high alert within the spaceship's systems.",1408,87220,0.0161,1568,8,15000,0,64,1
tt0084726,What is the primary conflict depicted in the movie?,The standoff and subsequent battle between the Enterprise and the Reliant.,"The primary conflict depicted in the movie is the battle between the crew of the USS Enterprise and the Romulans, a hostile alien species.",1561,100940,0.0155,1764,9,15000,0,64,1
tt0084726,What are the settings for the critical moments in the film?,The bridge/control rooms of the starships and space itself.,"1. The first image shows a majestic mountain peak with a starry sky, which could be a symbol of a significant location or event in the film.2. The second image features a character in a red uniform, likely from a science fiction setting, with a futuristic control panel in the background, suggesting a high-tech environment.3. The third image depicts a character in a white spacesuit, standing on a rocky surface with a bright light in the distance, which could indicate a space exploration scene.4. The fourth image shows a group of characters in red uniforms, gathered around a control panel with a large circular display, indicating a moment of decision or action in a command center.5. The fifth image is a close-up of a character in a red uniform, with a blue screen displaying ""IDENTITY MATCH"" and ""APPROVED,"" suggesting a security or identification check.6. The sixth image shows a character in a red uniform, standing in front of a control panel with a large circular display, similar to the previous image, indicating a moment of command or oversight.7. The seventh image is a close-up of a character in a red uniform, with a blue screen displaying ""ALERT"" and ""WARNING,"" indicating a critical situation or emergency.8",1561,100940,0.0155,1764,9,15000,0,64,1
tt0084726,What thematic elements are explored through the crew's actions?,"Leadership, resilience, and the challenges of space confrontation.","The thematic elements explored through the crew's actions include teamwork, exploration, and the challenges of space travel.",1561,100940,0.0155,1764,9,15000,0,64,1
tt0084726,How does the use of lighting affect the atmosphere aboard the Enterprise?,Red emergency lighting underscores the urgency and danger.,The use of lighting aboard the Enterprise creates a futuristic and high-tech atmosphere.,1561,100940,0.0155,1764,9,15000,0,64,1
tt0084726,What role does communication play in the crew's strategy?,"It's pivotal for strategizing, negotiating, and coordinating under pressure.","In the Star Trek universe, communication is a crucial element of the crew's strategy. The characters are often seen using communicators, which are handheld devices that allow them to communicate with each other and with other beings across vast distances. These communicators are essential for coordinating missions, sharing information, and conveying orders. The crew's reliance on communication highlights the importance of teamwork and collaboration in their operations.",1561,100940,0.0155,1764,9,15000,0,64,1
tt0084726,How does the movie conclude the conflict between the ships?,With a space battle that shows strategic firing and maneuvering.,"The movie concludes the conflict between the ships through a series of events that involve a rescue mission, a confrontation, and a resolution. Here's a brief summary of the conclusion:1. **Rescue Mission**: The USS Enterprise, led by Captain Kirk, is sent to rescue the crew of the USS Enterprise NCC-1701-D, which is stranded on a planet. This sets the stage for the main conflict.2. **Confrontation**: The Enterprise encounters the Romulan ship, the USS Enterprise NCC-1701-D, which is now under the command of the Romulan commander, Gowron. The two ships engage in a tense standoff, with the Romulans demanding that the Enterprise leave the planet and the Federation crew.3. **Resolution**: The conflict is resolved when the Enterprise's crew, led by Captain Kirk, outmaneuvers the Romulans and manages to escape. The Romulans are left stranded on the planet, and the Enterprise crew is able to return to their ship.4. **Final Confrontation**: The movie culminates in a final confrontation between Captain Kirk and the Romulan commander, Gowron. This confrontation is intense and ends with the Romulan commander being defeated and the Enterprise crew",1561,100940,0.0155,1764,9,15000,0,64,1
tt0084726,Describe the action involving the starship's control panels?,"Crew members operate panels intensely, responding to the crisis.","The starship's control panels are illuminated with various lights and symbols, indicating active systems and operational status.",1561,100940,0.0155,1764,9,15000,0,64,1
tt0084726,What tactical decisions are depicted in the movie?,"Strategic maneuvering, weapon firing, and utilizing communications for advantage.","The images you've provided appear to be from the Star Trek franchise, specifically from the original series and possibly some of the movies. The tactical decisions depicted in Star Trek often involve strategic planning, communication, and the use of technology to outmaneuver adversaries. Here are some general tactical decisions that are common in the Star Trek universe:1. **Engagement and Disengagement**: Starfleet officers often decide when to engage in combat with the enemy and when to retreat or disengage to avoid unnecessary losses.2. **Use of Technology**: The USS Enterprise and its crew frequently use advanced technology to their advantage, such as the transporter for rapid deployment, the warp drive for faster-than-light travel, and various sensors and scanning equipment to gather intelligence on hostile vessels.3. **Diplomacy and Negotiation**: Star Trek often emphasizes the importance of diplomacy and finding peaceful resolutions to conflicts. Characters like Captain Kirk and Mr. Spock engage in diplomatic missions and negotiations to resolve disputes without violence.4. **Adaptation and Flexibility**: Starfleet personnel are trained to adapt quickly to new situations. This might involve changing tactics mid-battle or adjusting plans based on new information.5. **Teamwork and Coordination**: The success of missions in Star Trek often depends",1561,100940,0.0155,1764,9,15000,0,64,1
tt0084726,What kind of preparations are shown for the space battle?,"Crew members ready the ship, analyze tactical data, and engage weapons.","The image you've provided appears to be a montage of scenes from a science fiction series, likely ""Star Trek,"" showing various preparations for a space battle. Here's a breakdown of the preparations shown:1. **Mission Briefing**: A character is seen reviewing mission details on a screen, which suggests strategic planning and preparation for the upcoming battle.2. **Spacecraft Operations**: A crew member is shown operating controls on a bridge of a spaceship, indicating the activation or adjustment of systems for the battle.3. **Crew Readiness**: A group of crew members in red uniforms are standing at attention, which implies readiness and discipline among the crew.4. **Spacecraft Deployment**: A spaceship is shown in space, possibly preparing for or engaged in a battle, with its weapons systems activated.5. **Crew Communication**: A character is seen using a communicator, which is a standard tool for communication in space battles for coordinating with other crew members and receiving updates.6. **Space Battle Simulation**: A holographic display shows a simulated space battle, which could be a training exercise or a tactical analysis of the enemy's position.7. **Crew Alert**: A character is shown with an alert status, indicated by a red light on their uniform, suggesting that they",1561,100940,0.0155,1764,9,15000,0,64,1
tt0084726,How do crew members react to the ship taking damage?,"With focus, urgency, and efforts to maintain control and safety.",The crew members react with concern and urgency.,1561,100940,0.0155,1764,9,15000,0,64,1
tt0084726,Is teamwork emphasized in the crew's actions?,"Yes, through collaborative problem-solving and shared responsibilities.","Yes, teamwork is emphasized in the crew's actions.",1561,100940,0.0155,1764,9,15000,0,64,1
tt0084726,How are external views of space utilized in the film?,"To show ship positioning, the environment of battles, and maneuvers.","The external views of space in the film are used to showcase the vastness and beauty of the universe, as well as to provide a sense of the ship's location and movement. The shots of the stars and the planet's surface are used to create a sense of wonder and to emphasize the isolation of the characters in space.",1561,100940,0.0155,1764,9,15000,0,64,1
tt0084726,Does the movie show a successful negotiation over the Genesis Device?,No.,"The image you've provided appears to be a montage of scenes from a science fiction movie, likely from the ""Star Trek"" franchise, given the distinctive uniforms and settings. However, without specific context or the ability to analyze the entire sequence, it's not possible to determine the outcome of any negotiation involving the Genesis Device or any other plot points from these stills alone. The images show characters in various situations, but without additional information, we cannot conclude whether the negotiation was successful or not.",1561,100940,0.0155,1764,9,15000,0,64,1
tt0084726,Does the conflict resolve without any space battle?,No.,"No, the conflict does not resolve without a space battle.",1561,100940,0.0155,1764,9,15000,0,64,1
tt0084726,Is the strategizing between crew members done before engaging in battle?,Yes.,"The images you've provided seem to depict scenes from the Star Trek franchise, which is known for its science fiction setting and themes of exploration and diplomacy. While the exact context of the scenes is not clear from the images alone, the presence of crew members in uniform and the strategic discussions suggest that they are indeed strategizing, possibly before engaging in a mission or battle.In the Star Trek universe, characters often engage in discussions and planning to ensure the success of their missions. These discussions can take place in various settings, from the bridge of the USS Enterprise to the more casual environments of the crew's quarters. The strategic nature of these interactions is a key part of the franchise's narrative, as the crew often faces complex challenges that require careful planning and cooperation.If you have a specific scene or episode in mind that you'd like to discuss further, feel free to provide more details, and I can offer a more detailed analysis.",1561,100940,0.0155,1764,9,15000,0,64,1
tt0084726,Does the emergency lighting activate before the confrontation escalates?,Yes.,"The sequence of images from the video suggests a progression of events, but it does not provide a clear indication of whether the emergency lighting activates before the confrontation escalates. The images show a variety of scenes, including a serene view of a mountain with a starry sky, a character in a red uniform, a character in a white spacesuit, and a group of characters in a spaceship setting. The lighting conditions vary from image to image, but there is no clear indication of an emergency lighting activation before the confrontation escalates.",1561,100940,0.0155,1764,9,15000,0,64,1
tt0084726,Is there an attempt to negotiate before the ship takes damage?,Yes.,"The image you've provided appears to be a montage of scenes from the Star Trek franchise, specifically featuring the character Captain Jean-Luc Picard from the series ""Star Trek: The Next Generation."" While the images do not explicitly show a negotiation attempt before the ship takes damage, they do depict various scenarios that could be interpreted as situations where characters might negotiate or attempt to prevent damage to their ship.In the first image, we see the iconic ""Star Trek"" logo, which does not directly relate to the scenes of negotiation or damage prevention. However, it sets the stage for the science fiction universe where such scenarios often occur.The second image shows Captain Picard in a contemplative pose, which could suggest he is thinking about strategies or negotiations. The third image shows a character in a space suit, which might imply a situation where the ship is in a hostile environment, and negotiations could be part of the effort to avoid damage.The fourth image shows a character in a red uniform, which is typical of the Starfleet uniforms seen in the Star Trek series. This character could be involved in a negotiation or a situation where the ship is at risk.The fifth image shows a character in a red uniform with a badge, which is consistent with the Starfleet uniforms. This character could",1561,100940,0.0155,1764,9,15000,0,64,1
tt0084726,Does the crew discuss strategy before emergency lighting is shown?,No.,"Yes, the crew discusses strategy before emergency lighting is shown.",1561,100940,0.0155,1764,9,15000,0,64,1
tt0084726,What do we see happening before a crew member operates the control panel?,"The situation grows urgent, requiring action.","Before a crew member operates the control panel, we see a close-up of a control panel with various buttons and screens, indicating a high-tech environment.",1561,100940,0.0155,1764,9,15000,0,64,1
tt0084726,What is depicted before the ships exchange fire?,Preparations and weapon system activations.,"The image you've provided is from the Star Trek franchise, specifically from the original series. It shows a scene where two starships are exchanging fire, which is a common occurrence in the Star Trek universe as the characters often engage in space battles. The image captures the intensity and action of the scene, with the ships' weapons firing and the aftermath of the battle visible. The ships are depicted in a state of conflict, with visible damage and energy blasts, which is typical of the Star Trek depiction of space warfare.",1561,100940,0.0155,1764,9,15000,0,64,1
tt0084726,What challenges do the characters face throughout the movie?,"Hostile encounters, emergencies on board, and investigatory missions.","The challenges faced by the characters in the movie include navigating through a hostile alien environment, dealing with the consequences of a catastrophic event, and confronting the moral implications of their actions.",1686,111720,0.0151,1960,10,15000,0,64,1
tt0084726,How do the crew members interact with their surroundings?,"Engaging with technology, attending to the wounded, and strategizing.",The crew members interact with their surroundings by using technology and engaging in conversation.,1686,111720,0.0151,1960,10,15000,0,64,1
tt0084726,What actions are predominantly seen in the interior spaceship scenes?,"Operation of control panels, attending to injuries, and strategizing.","The interior spaceship scenes predominantly show characters in conversation, with one character standing and another sitting, and a third character in a red uniform standing in the background.",1686,111720,0.0151,1960,10,15000,0,64,1
tt0084726,How do the exterior scenes of spaceships contribute to the narrative?,"Illustrate travel, approaching danger, or strategic positioning.","The exterior scenes of spaceships, such as the one with the planet and the ship's name, provide context and setting for the narrative, indicating that the story takes place in a space exploration setting.",1686,111720,0.0151,1960,10,15000,0,64,1
tt0084726,Describe the engagement of crew members in emergency situations.,They attempt to assist the injured and coordinate a critical response.,"The video showcases a series of scenes from a science fiction setting, likely from a television show or movie. The first image features a majestic mountain peak with a ring of stars around it, which is a common logo for a well-known film production company. The second image shows a character in a red uniform, which is indicative of a uniform worn by a specific character in a popular science fiction series. The third image depicts a character in a white spacesuit, suggesting an astronaut or space explorer, standing in a foggy environment, possibly indicating a space station or a similar setting. The fourth image shows a group of characters in red uniforms, with one character in a white uniform, indicating a mix of roles or ranks within the crew. The fifth image shows a character in a red uniform with a badge, standing in front of a control panel with a blue screen displaying ""ALERT"" and ""OPERATION ALARM,"" suggesting a high-stakes situation. The sixth image shows a character in a red uniform with a badge, standing in front of a control panel with a blue screen displaying ""ALERT"" and ""OPERATION ALARM,"" similar to the previous image, reinforcing the theme of a critical situation. The seventh image shows a character in a red uniform with a badge, standing",1686,111720,0.0151,1960,10,15000,0,64,1
tt0084726,Detail the actions in situations involving incapacitated crew.,"Discovery, attempt at assistance, and coordination for help.","The image sequence depicts a series of scenes from what appears to be a science fiction setting, likely from a television show or film. Here's a detailed description of the actions and situations involving incapacitated crew members:1. **Scene with a Starry Sky and Mountain**: The image shows a mountainous landscape with a starry sky above. This could be a title card or a scene setting for a science fiction story.2. **Crew Member in Red Uniform**: A crew member in a red uniform is shown in a dimly lit room with a futuristic design. The individual appears to be in distress or unconscious, as indicated by the posture and the lack of movement.3. **Space Station or Ship Interior**: The scene transitions to a space station or ship interior with a crew member in a red uniform lying on the floor. Another crew member in a similar uniform is standing nearby, looking concerned. The environment suggests a high-tech setting with various screens and controls in the background.4. **Crew Member in White Uniform**: A crew member in a white uniform is shown in a space station or ship interior, seemingly unconscious or incapacitated. The environment is similar to the previous scene, with screens and controls visible in the background.5. **Crew Member in Red",1686,111720,0.0151,1960,10,15000,0,64,1
tt0084726,How do scenes involving technology convey urgency?,Through focused operation of consoles and examination of critical indicators.,"Scenes involving technology convey urgency through the use of red lighting, flashing lights, and a sense of chaos.",1686,111720,0.0151,1960,10,15000,0,64,1
tt0084726,What activities conclude the intense narrative?,"Strategic planning, reconnaissance, and preparation for potential conflicts.","The activities that conclude the intense narrative involve a character in a red uniform standing in front of a control panel with a blue screen displaying ""ALERT"" and ""OPERATION ALARM"" in white text. The character appears to be monitoring or responding to the situation. The scene transitions to a close-up of a character in a red uniform with a badge on the left side of the chest, looking at a screen with a blue background and white text that reads ""ALERT"" and ""OPERATION ALARM."" The character's expression is serious, indicating a high level of concentration or concern. The narrative concludes with a character in a red uniform standing in front of a control panel with a blue screen displaying ""ALERT"" and ""OPERATION ALARM"" in white text. The character appears to be monitoring or responding to the situation. The scene transitions to a close-up of a character in a red uniform with a badge on the left side of the chest, looking at a screen with a blue background and white text that reads ""ALERT"" and ""OPERATION ALARM."" The character's expression is serious, indicating a high level of concentration or concern.",1686,111720,0.0151,1960,10,15000,0,64,1
tt0084726,Does the movie feature scenes of space combat?,No.,"Yes, the movie features scenes of space combat.",1686,111720,0.0151,1960,10,15000,0,64,1
tt0084726,Are all crew members shown to be unharmed by the end?,No.,"Yes, all crew members shown are unharmed by the end.",1686,111720,0.0151,1960,10,15000,0,64,1
tt0084726,Is there a peaceful exploration scene without any urgency or conflict?,No.,"Yes, there is a peaceful exploration scene without any urgency or conflict.",1686,111720,0.0151,1960,10,15000,0,64,1
tt0084726,Does the crew encounter other survivors or allies in their mission?,Yes.,"Yes, the crew encounters other survivors or allies in their mission, as indicated by the scenes where characters are seen in groups, suggesting teamwork and collaboration.",1686,111720,0.0151,1960,10,15000,0,64,1
tt0084726,Is the technology operation scene shown before the tense strategizing discussions?,No.,"Yes, the technology operation scene is shown before the tense strategizing discussions.",1686,111720,0.0151,1960,10,15000,0,64,1
tt0084726,Are the crew members shown responding to an emergency before engaging in a confrontation?,Yes.,"Yes, the crew members shown are responding to an emergency before engaging in a confrontation.",1686,111720,0.0151,1960,10,15000,0,64,1
tt0084726,What action precedes the emergency response scenes aboard the spaceship?,The distressing aftermath of an incident.,The action that precedes the emergency response scenes aboard the spaceship is a character in a red uniform standing in a control room with a view of a planet through a window.,1686,111720,0.0151,1960,10,15000,0,64,1
tt0084726,"Before the exploration of the scientific facility, what is depicted in the video?",The decision to investigate potential threats or discoveries.,"The video begins with a scenic view of a mountain peak surrounded by a ring of stars, followed by a character in a red uniform with a badge, standing in a futuristic control room with screens and holographic displays.",1686,111720,0.0151,1960,10,15000,0,64,1
tt0084726,How do the characters react to the tension-filled situations?,"With confrontations, discussions, and sometimes self-harm.","The characters in the video appear to be in a state of alertness and readiness to respond to the tension-filled situations. They are dressed in uniforms that suggest they are part of a crew or team, possibly in a space or science fiction setting. The scenes depict them in various states of action and reaction, such as looking at screens, conversing, and preparing for what appears to be a mission or emergency. The color palette is often dark and moody, with blues and reds dominating the scenes, which adds to the sense of tension and drama. The characters' expressions range from focused and serious to concerned and alert, indicating that they are taking the situations very seriously and are prepared to act accordingly.",1870,127988,0.0146,2156,11,15000,0,64,1
tt0084726,What triggers the distress among the crew members?,Resistance against external control and the threat of harm.,"The distress among the crew members is triggered by a malfunctioning system, as indicated by the ""ALERT"" sign and the ""OPERATION ALARM"" message on the screen.",1870,127988,0.0146,2156,11,15000,0,64,1
tt0084726,Can you outline the sequence of events in the story?,"Teleportation to a chamber, confrontations, distress, and strategic communication.","The video appears to be a montage of scenes from a science fiction television series, likely from the ""Star Trek"" franchise. Here's a summary of the sequence of events as depicted in the images:1. The video starts with a scenic view of a mountain peak with a ring of stars around it, which is a common opening shot for the ""Star Trek"" series.2. The next image shows a character in a red uniform, which is typical of the uniforms worn by the crew of the USS Enterprise, standing in a control room with various screens and consoles around.3. The third image shows a character in a white spacesuit, possibly an astronaut or a character from a different planet, standing in a foggy environment, which could be a space station or a planet's surface.4. The fourth image shows a group of characters in red uniforms, including one character who appears to be speaking or giving orders, indicating a scene of communication or mission briefing.5. The fifth image shows a close-up of a character's face with a concerned expression, possibly reacting to a situation or receiving news.6. The sixth image shows a character in a red uniform standing in front of a control panel with a blue screen displaying ""ALERT"" and other technical information, suggesting",1870,127988,0.0146,2156,11,15000,0,64,1
tt0084726,What actions do crew members take amidst tensions?,"Operate controls, engage in altercations, and communicate with adversaries.","In the video, we see various scenes from what appears to be a science fiction setting, likely from a television show or movie. The crew members are depicted in tense situations, with actions that suggest they are dealing with challenges or conflicts. Here are some specific actions taken by the crew members:1. Communication and Coordination: Crew members are seen communicating with each other, possibly discussing strategies or receiving updates. This is crucial in high-pressure situations to ensure that everyone is on the same page.2. Problem-Solving: There are scenes where crew members are working together to solve problems, which could involve repairing equipment or navigating through a difficult situation.3. Leadership and Decision-Making: A character is seen making a decision, possibly a critical one, which could involve the safety of the crew or the mission's success.4. Emotional Reactions: The crew members exhibit a range of emotions, from concern to determination, reflecting the high stakes of their situation.5. Technical Operations: Some scenes show crew members operating controls or monitoring systems, which is essential for the functioning of their vessel or station.6. Strategic Planning: There are moments where the crew is planning their next move, which could involve tactical maneuvers or resource allocation.These actions are typical in science fiction narratives where characters",1870,127988,0.0146,2156,11,15000,0,64,1
tt0084726,What emotional states do characters exhibit?,"Stress, distress, and determination.","The video shows a sequence of scenes from what appears to be a science fiction setting, likely from a television show or movie. In these scenes, characters exhibit a range of emotional states:1. The first scene shows a majestic mountain peak with a starry sky, which could evoke a sense of awe or wonder.2. The second scene features a character in a red uniform, possibly a spaceship captain, looking at a holographic display. The character's expression is not clearly visible, but the context suggests a moment of contemplation or decision-making.3. The third scene shows a character in a white spacesuit, possibly an astronaut, looking out a window at a rocky landscape. The character's expression is not visible, but the setting suggests a moment of reflection or concern.4. The fourth scene shows a character in a red uniform, possibly a spaceship captain, looking at a holographic display with a concerned or focused expression.5. The fifth scene shows a character in a red uniform, possibly a spaceship captain, looking at a holographic display with a calm or neutral expression.6. The sixth scene shows a character in a red uniform, possibly a spaceship captain, looking at a holographic display with a concerned or focused expression.7. The seventh scene shows a",1870,127988,0.0146,2156,11,15000,0,64,1
tt0084726,Where does the exploration take place in the movie?,On a spaceship and an asteroid's surface.,The exploration takes place in space and on a planet.,1870,127988,0.0146,2156,11,15000,0,64,1
tt0084726,What overarching theme emerges from the encounters?,The struggle to overcome control and the fight for survival.,"The overarching theme that emerges from the encounters in the images is exploration and discovery. The first image shows a majestic mountain peak, which could symbolize the vastness and mystery of the universe that the characters are exploring. The subsequent images depict various scenes from what appears to be a science fiction setting, with characters in spacesuits, suggesting they are on a mission to explore space or another planet. The presence of technology and the characters' attire indicate a futuristic context, where exploration is a central theme. The characters seem to be engaged in various activities that involve interaction with their environment, possibly conducting scientific research or navigating through unknown territories. The theme of exploration is further emphasized by the diverse environments shown, ranging from the natural landscape of the mountain to the technological interiors of spaceships or laboratories.",1870,127988,0.0146,2156,11,15000,0,64,1
tt0084726,How do characters operate within the spaceship?,"By using control panels, discussing strategies, and handling weapons.","The video showcases various scenes from a science fiction setting, likely from a television show or movie, featuring characters in a spaceship. Here's a breakdown of how characters operate within the spaceship based on the scenes depicted:1. **Control Room**: Characters are seen in a control room with multiple screens and consoles. They are dressed in uniforms that suggest they are part of a crew, possibly from a starship. The environment is filled with technology, indicating a high-tech setting where characters interact with computers and consoles to navigate and control the spaceship.2. **Communication and Navigation**: One scene shows a character using a device that could be a communicator or a navigation tool. This suggests that characters use advanced technology for communication and navigation within the spaceship.3. **Crew Interaction**: Characters are seen interacting with each other, which implies teamwork and collaboration. This is typical in a spaceship setting where different roles and skills are necessary for the crew's survival and mission success.4. **Alert and Emergency Situations**: There are scenes where characters are responding to an alert or emergency situation. This is indicated by the urgency in their actions and the presence of warning lights or screens.5. **Exploration and Discovery**: Characters are shown in spacesuits, suggesting they are either preparing for or returning from",1870,127988,0.0146,2156,11,15000,0,64,1
tt0084726,Describe the nature of confrontations depicted.,"Tense, sometimes leading to physical altercations or self-harm.","The images provided appear to be from the Star Trek franchise, specifically from the original series. The confrontations depicted are not overtly violent but rather seem to involve tense or serious interactions among characters. Here's a description of the confrontations shown in each image:1. The first image shows a serene landscape with a mountain and a ring of stars, which is not a confrontation but a scenic view that might be part of a larger narrative.2. The second image shows a character in a red uniform, which is typical of the Starfleet uniforms seen in Star Trek, standing in a room with a futuristic design. The character appears to be in a contemplative or serious mood, possibly discussing a matter of importance.3. The third image shows a character in a white spacesuit, which is indicative of a space exploration or rescue scenario. The character is looking at something off-screen, suggesting a moment of discovery or concern.4. The fourth image shows a group of characters in red uniforms, with one character in the foreground looking at a console. This could be a scene of teamwork or collaboration, possibly discussing a mission or situation.5. The fifth image shows a character in a red uniform with a badge, standing in a room with a futuristic design. The character appears to",1870,127988,0.0146,2156,11,15000,0,64,1
tt0084726,What is a critical action taken by a character under distress?,Communicating with a hostile force or attempting self-harm.,"In the video, a character is shown in distress, and a critical action taken by them is reaching out to a console or control panel, possibly to activate a system or send a distress signal. This action is crucial as it could potentially save their life or communicate their situation to others.",1870,127988,0.0146,2156,11,15000,0,64,1
tt0084726,How do the scenes transition among various settings?,"From inside a spacecraft to confrontations in chambers, then to landscapes.","The scenes transition among various settings in a way that suggests a narrative progression or a montage of different moments from a story. The first scene shows a majestic mountain peak with a starry sky, which could be a symbol of a goal or a destination. The second scene shifts to a character in a red uniform, likely from a science fiction setting, indicating a change in location or situation. The third scene shows a character in a white spacesuit, which reinforces the science fiction theme and suggests a change in environment, possibly to a space or alien setting. The fourth scene returns to the red-uniformed character, now in a different setting with a futuristic control panel, indicating another change in location or situation. The fifth scene shows a character in a red uniform with a badge, possibly indicating a rank or role, in a setting with a control panel and a holographic display, suggesting a high-tech environment. The sixth scene shows a character in a red uniform with a badge, possibly indicating a rank or role, in a setting with a control panel and a holographic display, suggesting a high-tech environment. The seventh scene shows a character in a red uniform with a badge, possibly indicating a rank or role, in a setting with a control panel and a holographic display, suggesting",1870,127988,0.0146,2156,11,15000,0,64,1
tt0084726,Detail an emergency action taken aboard the spacecraft.,A distressed individual uses a phaser on themselves.,"The video shows a scene where a character is seen in a state of distress, with a red alert symbol on the screen, indicating an emergency situation. The character is wearing a red uniform, which is typical of the Star Trek series, suggesting that this is a scene from one of the Star Trek movies or TV shows. The environment looks like the interior of a spaceship, with various control panels and screens displaying information. The red alert symbol is a common visual cue in the Star Trek universe, used to indicate a critical situation that requires immediate attention. The character's expression and body language suggest that they are experiencing a high-stress situation, possibly related to the emergency indicated by the alert.",1870,127988,0.0146,2156,11,15000,0,64,1
tt0084726,What occurs following a high-stress discussion?,"A character acts under distress, or a strategic plan is formulated.",A tense moment,1870,127988,0.0146,2156,11,15000,0,64,1
tt0084726,Is there a physical altercation between characters?,Yes.,"No, there is no physical altercation between characters in the images provided. The images depict various scenes from what appears to be a science fiction setting, possibly from a television show or movie, with characters in futuristic uniforms and settings. The images show characters in different situations, such as one character looking at a screen, another character in a space suit, and a group of characters in a room with screens and equipment. There is no indication of a physical altercation in these images.",1870,127988,0.0146,2156,11,15000,0,64,1
tt0084726,Does the crew successfully communicate with allies?,"No, communication is with a hostile party.","The images you've provided appear to be from the Star Trek franchise, which is known for its themes of exploration, communication, and cooperation. While I can't provide specific plot details from the images, the general theme of communication and interaction with allies is central to the Star Trek universe.In the images, we see characters in various settings that suggest they are aboard a spaceship, likely the USS Enterprise, given the uniforms and the style of the sets. The characters are shown in different situations, some in conversation, others in command of the ship, and one appears to be in a tense situation, possibly indicating a challenge or conflict.The success of communication with allies in Star Trek often depends on the specific episode or storyline. However, the franchise is built on the idea that characters work together, share information, and use diplomacy to resolve conflicts. The images do not provide enough context to determine the success of communication in a specific instance, but the overall tone suggests a narrative that values cooperation and understanding.",1870,127988,0.0146,2156,11,15000,0,64,1
tt0084726,Is the teleportation process thwarted by adversaries?,No.,"The images provided do not show any direct evidence of adversaries thwarting a teleportation process. They depict various scenes from what appears to be a science fiction setting, likely from a television show or movie, where characters are engaged in activities that could be related to teleportation or other advanced technologies. However, without specific context or a clear sequence of events, it's not possible to determine if the teleportation process is thwarted by adversaries based on these images alone.",1870,127988,0.0146,2156,11,15000,0,64,1
tt0084726,Does the crew encounter alien life forms?,Yes.,"The images provided do not show any direct encounters with alien life forms. However, the setting and attire suggest that the crew is part of a science fiction universe where such encounters are common. The uniforms and the spaceship design are reminiscent of the Star Trek series, which often features human and alien interactions. While the images do not depict aliens, the context implies that the crew may encounter them in the narrative.",1870,127988,0.0146,2156,11,15000,0,64,1
tt0084726,Are there scenes of self-harm triggered by external control?,Yes.,"No, there are no scenes of self-harm triggered by external control in the images provided. The images appear to be from various science fiction films or television shows, featuring characters in different settings and situations, but none of them depict self-harm.",1870,127988,0.0146,2156,11,15000,0,64,1
tt0084726,Does the physical altercation precede the discussion within the spacecraft?,No.,"No, the physical altercation does not precede the discussion within the spacecraft. The images provided do not show a physical altercation preceding the discussion. The images depict various scenes from a science fiction setting, including characters in uniforms, a spaceship, and a holographic display, but they do not show a physical altercation leading up to a discussion.",1870,127988,0.0146,2156,11,15000,0,64,1
tt0084726,Are the crew members seen operating the spacecraft controls before the teleportation?,Yes.,"Yes, the crew members are seen operating the spacecraft controls before the teleportation.",1870,127988,0.0146,2156,11,15000,0,64,1
tt0084726,What occurs just before the crew initiates teleportation?,Crew members prepare by standing on the teleportation pad.,"The crew is shown in a tense moment, with one character looking at a monitor displaying a countdown, indicating that they are about to initiate a teleportation sequence.",1870,127988,0.0146,2156,11,15000,0,64,1
tt0084726,What do we see happening before the confrontation escalates in the chamber?,Tense discussions and characters taking stances.,"The video shows a sequence of scenes from what appears to be a science fiction setting, likely from a television show or movie. The first image shows a mountainous landscape with a starry sky, which could be a logo or a title card. The second image shows a character in a red uniform, possibly a uniform from a science fiction series, with a badge on the left side of the chest, sitting in a dimly lit room with a futuristic design. The third image shows a character in a white spacesuit with a helmet in hand, standing in a sandy environment that resembles a desert, which could be a planet or space station. The fourth image shows a group of characters in red uniforms, standing in a corridor with a futuristic design, and one character is speaking or gesturing. The fifth image shows a character in a red uniform with a badge on the left side of the chest, standing in a room with a futuristic design, and there is a screen displaying ""IDENTITY MATCH"" and ""9999999999999999999999999999999999999999999999999999999",1870,127988,0.0146,2156,11,15000,0,64,1
tt0084726,"In the video sequence, what happens before the self-harm action?",A character experiences extreme distress or agony.,"The video sequence shows a person in a red uniform standing in a spaceship corridor, looking at a holographic display with a message that reads ""Self-harm is not approved."" This message is likely a warning or a reminder against harmful behavior. The scene transitions to a different setting where a person is seen in a white spacesuit with a helmet, seemingly in distress or in a situation that requires caution. The narrative suggests that the person in distress may be contemplating or engaging in self-harm, and the previous scene serves as a warning or a deterrent against such actions.",1870,127988,0.0146,2156,11,15000,0,64,1
tt0084726,What precedes the moment of communication with the hostile force?,A pivotal discussion or a distressful event.,"The moment of communication with the hostile force is preceded by a scene where a character is seen in a red uniform, standing in a spaceship corridor with a concerned expression. The scene transitions to a view of the spaceship's control panel with various lights and screens, indicating a state of alert or emergency. The character then appears to be in a tense conversation with someone off-screen, suggesting a critical situation that requires immediate attention. The next scene shows the character in a red uniform standing in front of a control panel with a large screen displaying a countdown timer, indicating a time-sensitive situation. The character appears to be in a state of urgency, possibly preparing for a confrontation or a critical decision. The final scene shows the character in a red uniform standing in a dimly lit room with a large circular object in the background, which could be a part of the spaceship's equipment or a portal. The character appears to be in a state of contemplation or decision-making, possibly before engaging with the hostile force.",1870,127988,0.0146,2156,11,15000,0,64,1
tt0084726,"Before the firing of a weapon, what is observed?",A character readies the weapon under distress or determination.,A countdown timer is observed.,1870,127988,0.0146,2156,11,15000,0,64,1
tt0084726,What happens before the crew lands on the asteroid's surface?,The crew undergoes teleportation from the spaceship.,"The crew is shown in a futuristic spaceship interior, with a character in a red uniform standing in front of a control panel with various lights and screens. The scene transitions to a character in a white spacesuit with a helmet in hand, standing on a rocky surface with a bright light in the distance, suggesting they are approaching the asteroid.",1870,127988,0.0146,2156,11,15000,0,64,1
tt0084726,"Before the destruction of the alien creature, what is depicted?",A character arms themselves with a weapon.,"The image you've provided is a montage of scenes from the Star Trek franchise. The specific scene you're referring to, before the destruction of the alien creature, is not directly depicted in the images provided. However, I can describe the general context of the scenes shown:1. The first image shows a mountainous landscape with a starry sky, which is a common motif in Star Trek, often used to represent the vastness of space and the beauty of the universe.2. The second image shows a character in a red uniform, which is typical of the uniforms worn by the crew of the USS Enterprise in the original Star Trek series. The character is standing in a corridor with a futuristic design, which is characteristic of the Star Trek universe's depiction of advanced technology.3. The third image shows a character in a white spacesuit, which is typical of the uniforms worn by the crew when they are on a planet or in a space environment. The character is standing in a foggy or misty environment, which could be a depiction of a planet's atmosphere or a space station.4. The fourth image shows a character in a red uniform, standing in a corridor with a futuristic design. The character is looking at a screen with a blue background and white text,",1870,127988,0.0146,2156,11,15000,0,64,1
tt0086250,What is the primary setting for the negotiations in the video?,An opulent estate in Bolivia.,The primary setting for the negotiations in the video is a room with a table and chairs.,2127,120932,0.0176,2156,11,15000,0,64,1
tt0086250,What indicates the beginning of serious discussions in the video?,Meetings at an outdoor dining area.,"The scene transitions to a group of people on a boat, with one person speaking into a megaphone, indicating a possible announcement or instruction.",2127,120932,0.0176,2156,11,15000,0,64,1
tt0086250,What's a common element in meetings depicted in the video?,Conversations over meals.,"A common element in the meetings depicted in the video is the presence of a person with a gun, suggesting a theme of conflict or danger.",2127,120932,0.0176,2156,11,15000,0,64,1
tt0086250,What atmosphere do the negotiation settings have?,Luxurious yet tense.,"The negotiation settings in the images from the movie ""Scarface"" have a tense and dramatic atmosphere. The scenes depict characters in high-stakes situations, with one character holding a gun, suggesting a confrontation or a standoff. The color palette is often muted with a focus on blues and greens, which adds to the serious and intense mood. The characters' expressions and body language convey a sense of urgency and danger.",2127,120932,0.0176,2156,11,15000,0,64,1
tt0086250,What actions do characters predominantly engage in during their meetings?,Serious discussions and negotiations.,"Based on the images provided, the characters predominantly engage in dialogue and interaction. They are seen talking to each other, with some characters gesturing as if they are explaining something or making a point. There is also a scene where one character is holding a gun, suggesting a tense or confrontational situation. The interactions seem to be central to the narrative, with characters exchanging information, discussing plans, or engaging in confrontations.",2127,120932,0.0176,2156,11,15000,0,64,1
tt0086250,How is the tension visually represented in the negotiations?,Through emphatic hand gestures and expressions.,"The tension is visually represented through the body language of the characters, with one character pointing a gun and the other looking on with a concerned expression.",2127,120932,0.0176,2156,11,15000,0,64,1
tt0086250,How is the outcome of a negotiation hinted at before the handshake?,Through one character making a phone call.,"The outcome of a negotiation is hinted at before the handshake by showing a man in a suit and sunglasses looking at a woman in a blue dress, suggesting a possible agreement or understanding between them.",2127,120932,0.0176,2156,11,15000,0,64,1
tt0086250,What action indicates a significant turn in discussions?,One person leaving to make a critical phone call.,The man in the yellow shirt pointing a gun at the man in the red shirt indicates a significant turn in discussions.,2127,120932,0.0176,2156,11,15000,0,64,1
tt0086250,How is a tea setting used in the narrative?,For a casual yet possibly tense meeting.,"The tea setting is used to create a sense of intimacy and informality, which contrasts with the tense and serious nature of the conversation between the characters.",2127,120932,0.0176,2156,11,15000,0,64,1
tt0086250,Does the setting imply that all discussions are indoors?,No.,"No, the setting does not imply that all discussions are indoors. The scenes include both indoor and outdoor settings.",2127,120932,0.0176,2156,11,15000,0,64,1
tt0086250,Does the narrative include a scene where an individual abruptly leaves a meeting?,Yes.,"Yes, the narrative includes a scene where an individual abruptly leaves a meeting.",2127,120932,0.0176,2156,11,15000,0,64,1
tt0086250,Is there a portrayal of a celebratory moment in the negotiations?,"No, the meetings are tense.","No, there is no portrayal of a celebratory moment in the negotiations.",2127,120932,0.0176,2156,11,15000,0,64,1
tt0086250,Does a conversation end with a clear visual disagreement between characters?,"Yes, shown by a character’s distressed gestures.","Yes, a conversation ends with a clear visual disagreement between characters.",2127,120932,0.0176,2156,11,15000,0,64,1
tt0086250,Is a critical phone call made at a turning point in the story?,Yes.,"The image you've provided appears to be a montage of scenes from a film, likely from the movie ""Scarface,"" directed by Brian De Palma. The montage includes various scenes that seem to be pivotal moments in the story, such as a character making a phone call, which could be a critical moment in the plot. However, without specific context or the ability to analyze the scenes in detail, it's not possible to pinpoint exactly which scene represents a turning point in the story. The montage is designed to give a quick overview of the film's key moments, but it doesn't provide enough detail to determine the significance of each scene.",2127,120932,0.0176,2156,11,15000,0,64,1
tt0086250,Does the heated discussion precede the urgent gesturing for attention?,Yes.,"No, the heated discussion does not precede the urgent gesturing for attention.",2127,120932,0.0176,2156,11,15000,0,64,1
tt0086250,Does the arrival or departure of individuals happen after the tense discussions?,Yes.,"Yes, the arrival or departure of individuals happens after the tense discussions.",2127,120932,0.0176,2156,11,15000,0,64,1
tt0086250,Is a tea setting scene positioned before the sequence of emphatic hand gestures?,No.,"No, the tea setting scene is not positioned before the sequence of emphatic hand gestures.",2127,120932,0.0176,2156,11,15000,0,64,1
tt0086250,What happens before the outdoor dining negotiations?,A tour of the facility and a transition to a luxurious estate.,A man with a gun enters a room.,2127,120932,0.0176,2156,11,15000,0,64,1
tt0086250,What happens just before someone makes an urgent gesture for attention?,An aggressive confrontation or argument.,"A man is seen on a boat with a crowd of people, and the text ""A Martin Scorsese Film"" appears, indicating that the scene is from a movie directed by Martin Scorsese.",2127,120932,0.0176,2156,11,15000,0,64,1
tt0086250,What happens just before the series of negotiation scenes at the estate?,The arrival at the luxurious location and initial greetings.,"A man in a white suit and sunglasses is seen walking through a room with a woman in a blue dress, and they are followed by another man in a white suit.",2127,120932,0.0176,2156,11,15000,0,64,1
tt0086250,What kind of interactions dominate the video?,Tense negotiations and confrontations.,"The video contains a series of scenes from a film, with a focus on interactions between characters. The interactions range from tense and serious, such as a man pointing a gun at another, to more casual and conversational, like two men talking in a room. There are also scenes of characters in different settings, such as a crowded boat, a room with a man in a suit, and a beachside location. The interactions seem to be pivotal to the plot, with some scenes suggesting conflict or confrontation.",2234,130928,0.0171,2352,12,15000,0,64,1
tt0086250,How does the atmosphere in the video change?,From serene to intense as discussions escalate.,"The atmosphere in the video changes from a cosmic and serene setting with the Universal logo to a more intense and dramatic scene with characters in a boat, followed by a series of scenes that suggest a narrative involving tension and confrontation. The color palette shifts from cool blues and blacks to warmer tones and more vibrant colors as the scenes progress. The characters' expressions and actions convey a sense of urgency and drama, indicating a storyline that involves conflict and possibly danger.",2234,130928,0.0171,2352,12,15000,0,64,1
tt0086250,Are there repeated themes in the conversations?,"Themes of ambition, trust, and betrayal recur.","The images provided appear to be from a film, and they show various scenes and characters that suggest a narrative with multiple themes. However, without the context of the entire film, it's difficult to determine if there are repeated themes in the conversations. The images show a mix of scenes that could be related to crime, relationships, and possibly a storyline involving betrayal or conflict. The characters' expressions and body language suggest tension and drama, which are common elements in crime or thriller genres. If you have specific scenes or conversations in mind, I could provide more detailed insights.",2234,130928,0.0171,2352,12,15000,0,64,1
tt0086250,How do personal dynamics affect business dealings in the video?,Personal trust issues and ambition drive risky decisions.,"The video showcases a series of scenes that suggest a complex web of personal dynamics affecting business dealings. Here are some observations:1. **Trust and Suspicion**: In one scene, a man is seen holding a gun, indicating a tense situation. This suggests that trust is a significant issue in this business environment, and there is a high level of suspicion among the characters.2. **Power Dynamics**: The presence of armed individuals and the use of weapons imply a power struggle or a display of power. This could be a reflection of the hierarchical structure within the business, where some individuals have more control or influence than others.3. **Communication and Miscommunication**: The scenes show characters in close proximity, suggesting frequent interaction. However, the expressions and body language indicate that communication is not always clear or effective, leading to misunderstandings and potential conflicts.4. **Emotional Intensity**: The video includes scenes with high emotional intensity, such as a man looking at another with a serious expression. This could indicate that personal feelings and emotions are intertwined with business decisions, leading to more complex and potentially volatile interactions.5. **Collaboration and Conflict**: There are scenes where characters are working together, such as a group of people on a boat, suggesting collaboration. However, there are",2234,130928,0.0171,2352,12,15000,0,64,1
tt0086250,What actions show characters in contemplation?,Scenes with characters looking reflective or troubled.,"In the images provided, several scenes depict characters in contemplative or thoughtful states:1. The first image shows a character looking out over a body of water, which suggests a moment of reflection or deep thought.2. The second image features a character with a contemplative expression, possibly considering the situation or the people around him.3. The third image shows a character looking off to the side with a serious expression, indicating he might be pondering something significant.4. The fourth image captures a character with a pensive look, possibly reflecting on a recent event or decision.5. The fifth image shows a character with a thoughtful expression, perhaps considering the implications of a situation.6. The sixth image depicts a character with a contemplative gaze, possibly reflecting on the events leading up to this moment.7. The seventh image shows a character looking off into the distance, which could imply a moment of introspection or planning.8. The eighth image captures a character with a thoughtful expression, possibly considering the next steps or the situation at hand.9. The ninth image shows a character looking off to the side with a serious expression, indicating he might be contemplating a significant decision or event.10. The tenth image features a character with a contemplative expression, possibly",2234,130928,0.0171,2352,12,15000,0,64,1
tt0086250,Describe an action that contrasts with the movie's overall tension.,The serene view of Lopez Motors and tropical backdrops.,The scene with the man in the yellow shirt and the woman in the blue dress is a contrast to the movie's overall tension as it depicts a more relaxed and casual interaction between the two characters.,2234,130928,0.0171,2352,12,15000,0,64,1
tt0086250,How is urgency conveyed through body language?,Through animated conversations and assertive posturing.,"Urgency can be conveyed through body language in several ways, which are often used in film and television to indicate a sense of haste, tension, or critical situation. Here are some common ways urgency is conveyed through body language:1. **Rapid Movement**: Characters may move quickly, with a sense of haste or urgency in their steps, gestures, or actions.2. **Facial Expressions**: Quick, intense, or worried facial expressions can indicate urgency. This can include furrowed brows, wide eyes, or a tense jawline.3. **Posture**: Slouching or leaning forward can suggest a need to get to a place or situation quickly. A more upright posture can indicate readiness or alertness.4. **Hand Gestures**: Quick, sweeping hand movements or pointing can be used to convey urgency, especially in situations where time is of the essence.5. **Eye Contact**: Rapid eye movements or darting glances can indicate that a character is trying to quickly assess a situation or communicate with others.6. **Proximity**: Characters may stand very close to each other, indicating a need for immediate communication or action.7. **Facial Proximity**: Characters may lean in close to speak, suggesting a need for secrecy or urgency",2234,130928,0.0171,2352,12,15000,0,64,1
tt0086250,Is there a visual shift that reflects a character's perspective change?,"Yes, from engaged discussions to solitary contemplation.","Yes, there is a visual shift that reflects a character's perspective change. In the sequence of images, the character's perspective changes from a crowded boat to a more private and intimate setting, such as a bedroom. This shift is indicated by the change in the environment and the character's position within it.",2234,130928,0.0171,2352,12,15000,0,64,1
tt0086250,Is there a scene without any tension or conflict?,No.,"No, there is no scene without any tension or conflict. All the scenes depict characters in various states of tension or conflict.",2234,130928,0.0171,2352,12,15000,0,64,1
tt0086250,Does the movie depict a successful drug deal?,"No, it focuses on negotiations and potential outcomes.","The images provided do not give a clear indication of whether the movie depicts a successful drug deal or not. The scenes show various characters in different situations, but without context, it's not possible to determine the outcome of any drug deal or the overall success of the movie's plot. The images seem to be from a film that involves crime and possibly drug-related activities, but the specific details of the plot are not discernible from these stills alone.",2234,130928,0.0171,2352,12,15000,0,64,1
tt0086250,Is any character portrayed as entirely trustworthy?,No.,"No, no character is portrayed as entirely trustworthy.",2234,130928,0.0171,2352,12,15000,0,64,1
tt0086250,Is a scene of contemplation shown before the discussions escalate?,"No, it typically follows tense discussions.","Yes, there is a scene of contemplation shown before the discussions escalate.",2234,130928,0.0171,2352,12,15000,0,64,1
tt0086250,Do gestures of aggression appear before moments of reflection?,Yes.,"The images you've provided seem to be from a film, and they depict various scenes and characters. While I can describe the images, I don't see a clear progression from gestures of aggression to moments of reflection. Each image captures a different moment or scene, and without additional context, it's difficult to establish a direct relationship between the gestures and the moments of reflection.If you're looking for a specific scene or moment in the film where this occurs, please provide more details or context, and I can try to help you find it.",2234,130928,0.0171,2352,12,15000,0,64,1
tt0086250,Is Tony shown engaging in negotiations before showing signs of agitation?,Yes.,"Yes, Tony is shown engaging in negotiations before showing signs of agitation.",2234,130928,0.0171,2352,12,15000,0,64,1
tt0086250,What do we see happening before the argument escalates to a physical confrontation?,Increasingly aggressive dialogue and posturing.,"Before the argument escalates to a physical confrontation, we see a scene where a man in a yellow shirt is speaking into a microphone, addressing a crowd of people on a boat. The crowd appears to be listening intently, and the man seems to be in a position of authority or leadership. The setting suggests a public event or gathering, possibly related to the storyline of the film. The man's expression and body language indicate that he is making an important announcement or giving instructions. The scene is followed by a close-up of a man's face, looking serious and focused, which could imply that he is the one being addressed by the man with the microphone. The next scene shows a man in a white shirt and sunglasses walking through a room with a woman in a blue dress, suggesting a social or professional setting. The man's demeanor is calm and composed, and the woman appears to be engaged in a conversation with him. The scene then cuts to a man in a yellow shirt and a woman in a blue dress standing in a room with a man in a white suit. The man in the yellow shirt is holding a gun, and the man in the white suit is speaking to him. The woman in the blue dress appears to be in a state of distress or concern. The",2234,130928,0.0171,2352,12,15000,0,64,1
tt0086250,What leads up to the scenes set against tropical backdrops?,Usually office-based confrontations or negotiations.,"The scenes set against tropical backdrops are preceded by a montage of various scenes, including a boat filled with people, a man speaking into a microphone, a man in a room with a concerned expression, a man in a yellow shirt with a gun, a man in a red hat with a gun, a man in a blue suit with a gun, a man in a white suit with a gun, a man in a white suit with a gun, a man in a white suit with a gun, a man in a white suit with a gun, a man in a white suit with a gun, a man in a white suit with a gun, a man in a white suit with a gun, a man in a white suit with a gun, a man in a white suit with a gun, a man in a white suit with a gun, a man in a white suit with a gun, a man in a white suit with a gun, a man in a white suit with a gun, a man in a white suit with a gun, a man in a white suit with a gun, a man in a white suit with a gun, a man in a white suit with a gun, a man in a white suit with a gun, a man in a white suit",2234,130928,0.0171,2352,12,15000,0,64,1
tt0086250,"Before Tony is seen in contemplation or reflection, what event usually occurs?",A confrontation or a significant exchange.,"Before Tony is seen in contemplation or reflection, he is usually involved in a high-stakes situation or confrontation.",2234,130928,0.0171,2352,12,15000,0,64,1
tt0086250,What is the overall tone of these combined clips?,Reflective and intensifying towards a serious tone.,"The overall tone of these combined clips from the movie ""Scarface"" is dramatic and intense. The opening scene with the ""Universal"" logo suggests a connection to a major film studio, which is known for producing high-quality films. The subsequent scenes show characters in various states of distress or confrontation, with one character holding a gun, indicating a tense and possibly violent situation. The color palette is often muted with a focus on blues and greens, which can contribute to a somber or serious atmosphere. The scenes also include moments of high tension, such as characters looking at each other with serious expressions, which suggests a narrative filled with conflict and drama.",2274,135828,0.0167,2548,13,15000,0,64,1
tt0086250,Describe the setting where the main interactions occur.,Luxurious poolside and outdoor patio with scenic views.,"The main interactions occur in a variety of settings. The first scene shows a group of people on a boat, with one person speaking into a megaphone. The second scene takes place in a room with a man in a white shirt and another in a colorful shirt, with a woman in a blue shirt in the background. The third scene shows a man in a white shirt and another in a colorful shirt, with a woman in a blue shirt in the background. The fourth scene shows a man in a white shirt and another in a colorful shirt, with a woman in a blue shirt in the background. The fifth scene shows a man in a white shirt and another in a colorful shirt, with a woman in a blue shirt in the background. The sixth scene shows a man in a white shirt and another in a colorful shirt, with a woman in a blue shirt in the background. The seventh scene shows a man in a white shirt and another in a colorful shirt, with a woman in a blue shirt in the background. The eighth scene shows a man in a white shirt and another in a colorful shirt, with a woman in a blue shirt in the background. The ninth scene shows a man in a white shirt and another in a colorful shirt, with a woman in a blue",2274,135828,0.0167,2548,13,15000,0,64,1
tt0086250,How do the interactions between the two main characters evolve?,"From casual poolside encounters to serious, focused discussions.",The interactions between the two main characters evolve from a tense and confrontational exchange to a more relaxed and amicable conversation.,2274,135828,0.0167,2548,13,15000,0,64,1
tt0086250,What significant action characterizes the man's approach in these dialogs?,"The man is seen making earnest gestures, emphasizing points.","The man's approach in these dialogues is characterized by a calm and collected demeanor, even in the face of potential danger. He is seen engaging in conversations with others, sometimes with a serious expression, and at other times with a more relaxed posture. In one scene, he is holding a gun, suggesting a readiness to act if necessary, but his overall demeanor remains composed. This suggests a strategic and calculated approach to the situations he encounters.",2274,135828,0.0167,2548,13,15000,0,64,1
tt0086250,How does the woman's posture change throughout the sequence?,She shifts from a relaxed posture to engaged and contemplative stances.,"The woman's posture changes from standing to leaning on a car, then to sitting on a car, and finally to standing again.",2274,135828,0.0167,2548,13,15000,0,64,1
tt0086250,What symbols of luxury and contemplation are visible in these clips?,"Poolside loungers, scenic views, and upscale clothing.","The symbols of luxury and contemplation visible in these clips include:1. The yacht scene with the text ""A Martin Scorsese Production"" and ""Music by Giorgio Moroder,"" indicating a high level of production quality and a famous composer, which are often associated with luxury and prestige in film.2. The scene with the man in the yellow shirt and the woman in the blue dress, which suggests a social gathering or event, possibly indicating a setting of affluence and social standing.3. The man in the white suit with a mustache, who appears to be in a contemplative or serious mood, possibly reflecting on a significant decision or situation, which can be a symbol of contemplation.4. The scene with the man in the white suit and the woman in the blue dress, which could be interpreted as a moment of reflection or a pause in a social setting, suggesting a contemplative moment.5. The man in the white suit with the mustache and the woman in the blue dress, who seem to be engaged in a serious conversation, which could symbolize contemplation or deep thought.6. The scene with the man in the white suit and the woman in the blue dress, which could be interpreted as a moment of contemplation or",2274,135828,0.0167,2548,13,15000,0,64,1
tt0086250,What emotions seem to be conveyed through the characters' body language?,"Earnestness, contemplation, and possibly apprehension.","The characters' body language conveys a range of emotions. In the first image, the characters appear to be in a state of distress or urgency, as indicated by their facial expressions and the chaotic scene of a boat filled with people. The second image shows a character with a stern expression, suggesting seriousness or concern. The third image captures a moment of tension, with one character pointing a gun, indicating a threatening or confrontational situation. The fourth image shows a character with a relaxed posture, suggesting a moment of calm or contemplation. The fifth image depicts a character with a concerned or questioning expression, while the sixth image shows a character with a stern or authoritative demeanor. The seventh image captures a moment of surprise or shock, as indicated by the character's wide eyes and open mouth. The eighth image shows a character with a relaxed posture, suggesting a moment of casual conversation or interaction. The ninth image captures a moment of tension or confrontation, as indicated by the characters' serious expressions and the context of a car chase. The tenth image shows a character with a relaxed posture, suggesting a moment of casual conversation or interaction. The eleventh image captures a moment of tension or confrontation, as indicated by the characters' serious expressions and the context of a car chase. The twelfth image",2274,135828,0.0167,2548,13,15000,0,64,1
tt0086250,Is there a moment of decision or revelation indicated in these interactions?,"Yes, moments of leaning in suggest pivotal moments or revelations.","Yes, there is a moment of decision or revelation indicated in these interactions. The sequence of images from the movie ""Scarface"" shows a progression of scenes that suggest a pivotal moment in the storyline. The first image shows the title card for ""Scarface,"" indicating the beginning of the film. The subsequent images depict characters in various states of tension and confrontation, which are typical of a dramatic turning point in a movie. The character in the yellow shirt pointing a gun, the tense interaction between characters in a room, and the scene with the man in the white suit and the woman in the blue dress all suggest high-stakes moments that could be critical to the plot's development. The final image, showing a man in a white suit looking out a window, could imply a moment of reflection or realization.",2274,135828,0.0167,2548,13,15000,0,64,1
tt0086250,How do the characters initially engage with each other?,Approaching and sitting by the poolside for conversation.,"The characters initially engage with each other in a crowded and chaotic setting, with one character speaking into a megaphone and others looking on with concern or anticipation.",2274,135828,0.0167,2548,13,15000,0,64,1
tt0086250,Describe the change in the man's actions through the clips.,From approaching and lounging to assertive talking and gesturing.,"The man's actions change from being in a crowded boat to being in a room with a woman, then to a scene with another man, and finally to a scene with a woman and another man in a different setting.",2274,135828,0.0167,2548,13,15000,0,64,1
tt0086250,What change occurs in the woman's behavior or position?,"From lounging, standing, and walking away to serious engagement.",The woman's behavior or position changes from being seated and leaning on a table to standing and engaging in conversation with a man.,2274,135828,0.0167,2548,13,15000,0,64,1
tt0086250,What actions signify the conversations' intensity?,"Leaning forward, crossed arms, and focused eye contact.","The actions that signify the conversations' intensity include one character pointing a gun at another, suggesting a threatening or confrontational situation.",2274,135828,0.0167,2548,13,15000,0,64,1
tt0086250,Is there physical movement that highlights the dialogue's climax?,"Yes, leaning in closely during the conversation.","Yes, there is physical movement that highlights the dialogue's climax.",2274,135828,0.0167,2548,13,15000,0,64,1
tt0086250,What visual cues indicate the setting's upscale nature?,"Luxurious poolside, upscale attire, and serene outdoor furniture.","The setting's upscale nature is indicated by the presence of a white fence, a well-maintained lawn, and a painting on the wall.",2274,135828,0.0167,2548,13,15000,0,64,1
tt0086250,Describe the overall action progression throughout the clips.,Casual rendezvous evolving into deeply engaged conversations.,"The video begins with the Universal Pictures logo, indicating the production company behind the film. The scene transitions to a boat filled with people, suggesting a crowded and possibly chaotic environment. The next clip shows a man in a yellow shirt with a microphone, likely addressing the crowd, which implies a public gathering or event. Following this, there is a scene with a man in a white shirt and a woman in a blue shirt, both looking concerned or surprised, indicating a moment of tension or surprise in the narrative. The video then shows a man in a red shirt with a gun, pointing it at someone, which suggests a threatening or dangerous situation. The next scene shows a man in a white shirt with a gun, pointing it at another man in a red shirt, indicating a confrontation or conflict. The video continues with a man in a white shirt with a gun, pointing it at a man in a blue shirt, suggesting a tense standoff. The final scene shows a man in a white shirt with a gun, pointing it at a man in a red shirt, indicating a continued confrontation.",2274,135828,0.0167,2548,13,15000,0,64,1
tt0086250,Is the conversation ever interrupted by other characters or events?,No.,"No, the conversation between the two characters is uninterrupted by other characters or events.",2274,135828,0.0167,2548,13,15000,0,64,1
tt0086250,Do the scenes depict any form of celebratory activity?,No.,"No, the scenes do not depict any form of celebratory activity.",2274,135828,0.0167,2548,13,15000,0,64,1
tt0086250,Does the woman appear to leave the scene in any clip?,Yes.,"Yes, in one of the clips, the woman appears to be leaving the scene as she is seen walking away from the group of people.",2274,135828,0.0167,2548,13,15000,0,64,1
tt0086250,Does the sequence include moments of silence or reflection?,Yes.,"Yes, the sequence includes moments of silence or reflection, as indicated by the man in the white shirt looking out the window and the man in the blue shirt standing in a doorway.",2274,135828,0.0167,2548,13,15000,0,64,1
tt0086250,Is there any indication of overt conflict or disagreement in the dialogues?,No.,"The images provided do not show any overt conflict or disagreement in the dialogues. The scenes depict various characters in different settings, some in groups and others in more isolated situations. The expressions and body language suggest a range of emotions from serious to contemplative, but there is no clear indication of overt conflict or disagreement. The characters appear to be engaged in conversations or interactions that are more nuanced and complex than a simple display of conflict.",2274,135828,0.0167,2548,13,15000,0,64,1
tt0086250,Are the conversations taking place exclusively during daytime?,Yes.,"No, the conversations are not exclusively taking place during daytime. The scenes include both daytime and nighttime settings.",2274,135828,0.0167,2548,13,15000,0,64,1
tt0086250,Is the man seen gesturing before he sits down?,No.,"Yes, the man is seen gesturing before he sits down.",2274,135828,0.0167,2548,13,15000,0,64,1
tt0086250,Does the intense conversation happen before the woman walks away?,No.,"Yes, the intense conversation happens before the woman walks away.",2274,135828,0.0167,2548,13,15000,0,64,1
tt0086250,"In the sequence, does the man lean forward before the woman reflects alone?",Yes.,"No, the man does not lean forward before the woman reflects alone.",2274,135828,0.0167,2548,13,15000,0,64,1
tt0086250,Is there a moment where the woman listens before the man starts gesturing?,Yes.,"Yes, there is a moment where the woman listens before the man starts gesturing.",2274,135828,0.0167,2548,13,15000,0,64,1
tt0086250,Does the man don a white suit before engaging in deep conversation?,Yes.,"Yes, the man dons a white suit before engaging in deep conversation.",2274,135828,0.0167,2548,13,15000,0,64,1
tt0086250,What occurs just before the man approaches the woman by the poolside?,The woman lounges calmly.,"The man is seen in a room with a woman, and they are engaged in a conversation.",2274,135828,0.0167,2548,13,15000,0,64,1
tt0086250,What precedes the man leaning forward during the conversation?,An earnest exchange of gestures and words.,The man leaning forward during the conversation is preceded by a scene where a man is seen walking through a room with a woman in a blue dress.,2274,135828,0.0167,2548,13,15000,0,64,1
tt0086250,"Before the conversation's intensity escalates, what is happening?",Casual initial engagement and sitting down.,"The scene shows a man in a white suit and another in a red shirt standing in a room with a painting on the wall. The man in the white suit is speaking to the man in the red shirt, who is holding a gun. The man in the white suit appears to be in a defensive posture, suggesting a tense situation. The conversation seems to be escalating in intensity, as indicated by the body language and the presence of the gun.",2274,135828,0.0167,2548,13,15000,0,64,1
tt0086250,What is shown before the woman reflects alone?,The man making an earnest appeal.,"A man in a white shirt and black pants is shown standing in a room with a painting on the wall, looking at the woman who is sitting on a couch.",2274,135828,0.0167,2548,13,15000,0,64,1
tt0086250,What scene is captured just before the focused communication between the man and woman?,The woman listening and the man talking.,The scene just before the focused communication between the man and woman shows a man in a white suit and a woman in a blue dress standing in a room with a painting on the wall.,2274,135828,0.0167,2548,13,15000,0,64,1
tt0086250,What is the primary setting where the movie's events unfold?,In and around a vibrant nightclub.,The primary setting where the movie's events unfold is a boat.,2545,162092,0.0157,2940,15,15000,0,64,1
tt0086250,How does the atmosphere of the nightclub contribute to the story?,It sets a lively but tense backdrop for serious interactions.,"The nightclub scene, with its vibrant colors and lively atmosphere, contrasts with the earlier scenes and adds a layer of complexity to the story. It suggests a world of glamour and excitement, which is juxtaposed with the more serious and tense moments of the film. The nightclub also serves as a backdrop for the characters to interact in a more relaxed setting, which can reveal different aspects of their personalities and relationships.",2545,162092,0.0157,2940,15,15000,0,64,1
tt0086250,Are there any scenes that occur outside the nightclub?,"Yes, including a significant nighttime car ride.","Yes, there are scenes that occur outside the nightclub.",2545,162092,0.0157,2940,15,15000,0,64,1
tt0086250,What activities dominate the nightclub scenes?,"Conversations, confrontations, and observing surroundings.",dancing,2545,162092,0.0157,2940,15,15000,0,64,1
tt0086250,How do characters interact during the nightclub scenes?,Through intense conversations and occasionally confrontations.,"In the nightclub scenes, characters interact in a manner that suggests a social gathering or party. There are scenes where individuals are dancing, others are engaged in conversation, and some are enjoying drinks. The atmosphere appears lively and festive, with people dressed in party attire, suggesting a celebratory or social event. The interactions range from casual conversations to more intimate exchanges, reflecting the dynamic nature of social gatherings.",2545,162092,0.0157,2940,15,15000,0,64,1
tt0086250,How does the narrative transition from the nightclub to other scenes?,Through a series of interpersonal exchanges leading to a car ride.,"The narrative transitions from the nightclub to other scenes through a series of images that suggest a progression of events. The first image shows a man in a nightclub, followed by a scene with a woman in a room, then a man in a room with a woman, and finally a man in a room with another man. The narrative seems to be moving from a social setting to more intimate and private interactions.",2545,162092,0.0157,2940,15,15000,0,64,1
tt0086250,What emotional states do characters exhibit in the nightclub?,A range from distress and agitation to contemplative silence.,"The characters exhibit a range of emotional states in the nightclub. There is a sense of enjoyment and celebration, as indicated by the dancing and socializing. However, there is also a moment of tension or confrontation, as one character appears to be in a heated discussion or argument with another. The overall atmosphere is lively and dynamic, with a mix of relaxed and intense interactions.",2545,162092,0.0157,2940,15,15000,0,64,1
tt0086250,Describe a common action displayed by characters in the nightclub.,"Engaging in serious, often confrontational discussions.","In the nightclub scene, characters are seen dancing and enjoying themselves.",2545,162092,0.0157,2940,15,15000,0,64,1
tt0086250,How are nightclub patrons depicted in the background of conversations?,"As enjoying the club's atmosphere, dancing, or socializing.","Club patrons are depicted in the background of conversations, suggesting a social setting.",2545,162092,0.0157,2940,15,15000,0,64,1
tt0086250,Is there any evidence of performances in the nightclub?,"Yes, including a notable scene with a performer on stage.","Yes, there is evidence of performances in the nightclub.",2545,162092,0.0157,2940,15,15000,0,64,1
tt0086250,Do the nightclub scenes involve any moments of solitude?,"Yes, including characters observing their surroundings alone.","Yes, the nightclub scenes involve moments of solitude.",2545,162092,0.0157,2940,15,15000,0,64,1
tt0086250,How does the setting affect the characters' interactions?,It contributes to the intensity and urgency of their conversations.,"The setting in the video, which includes a crowded boat, a room with a man in a yellow shirt, a room with a man in a red shirt, a room with a man in a white shirt, a room with a man in a blue shirt, a room with a man in a white shirt, a room with a man in a white shirt, a room with a man in a white shirt, a room with a man in a white shirt, a room with a man in a white shirt, a room with a man in a white shirt, a room with a man in a white shirt, a room with a man in a white shirt, a room with a man in a white shirt, a room with a man in a white shirt, a room with a man in a white shirt, a room with a man in a white shirt, a room with a man in a white shirt, a room with a man in a white shirt, a room with a man in a white shirt, a room with a man in a white shirt, a room with a man in a white shirt, a room with a man in a white shirt, a room with a man in a white shirt, a room with a man in a white shirt, a room with a",2545,162092,0.0157,2940,15,15000,0,64,1
tt0086250,What activities are shown during the car ride scenes?,Conversations reflecting on prior events or contemplating decisions.,"The car ride scenes show a man and a woman in a car, with the man driving and the woman in the passenger seat. The man is wearing a white shirt and a red tie, and the woman is wearing a blue dress. They are having a conversation, and the man is gesturing with his hands. The car is moving through a city street with buildings and trees in the background.",2545,162092,0.0157,2940,15,15000,0,64,1
tt0086250,Are any scenes explicitly peaceful or calming?,Some moments of contemplation or silence hint at calmness amidst tension.,"No, there are no scenes explicitly peaceful or calming in the video. The scenes depict various actions and interactions that suggest tension, drama, and conflict.",2545,162092,0.0157,2940,15,15000,0,64,1
tt0086250,How do characters react to the nightclub's vibrant atmosphere?,Reactions vary from enjoying the scene to focusing on personal exchanges.,"The characters in the nightclub scene appear to be enjoying themselves, with one character dancing and another looking on with a smile.",2545,162092,0.0157,2940,15,15000,0,64,1
tt0086250,Does the movie involve a physical altercation in the nightclub?,Yes.,"Yes, the movie involves a physical altercation in the nightclub.",2545,162092,0.0157,2940,15,15000,0,64,1
tt0086250,Are characters seen leaving the nightclub abruptly at any point?,Yes.,"Yes, characters are seen leaving the nightclub abruptly at one point.",2545,162092,0.0157,2940,15,15000,0,64,1
tt0086250,Is the car ride a result of the nightclub's events?,Yes.,"Based on the images provided, it appears that the car ride is not directly related to the nightclub's events. The images show a car ride with two individuals, one of whom is speaking, but there is no clear indication that this scene is a direct result of the nightclub's events. The car ride seems to be a separate scene, possibly depicting a conversation or a moment of travel.",2545,162092,0.0157,2940,15,15000,0,64,1
tt0086250,Does the movie depict any form of reconciliation between characters?,"No, the provided frames focus on tensions.","The movie ""Scarface"" does not depict a clear form of reconciliation between characters. The narrative is complex, with themes of crime, power, and the consequences of one's actions. The characters are often involved in confrontations and conflicts, and the ending is particularly tragic, suggesting a lack of reconciliation.",2545,162092,0.0157,2940,15,15000,0,64,1
tt0086250,Are there expressions of friendship or alliance among characters?,"Yes, during conversations and collaborative actions.","Yes, there are expressions of friendship or alliance among characters in the scenes provided. For example, in the scene where two men are sitting in a car, one man is leaning towards the other with a friendly gesture, suggesting a close relationship. In another scene, a man is seen embracing a woman, which is a clear expression of affection and alliance. Additionally, in a scene with a group of people, one individual is seen smiling and engaging with others, indicating a positive social interaction.",2545,162092,0.0157,2940,15,15000,0,64,1
tt0086250,Does anyone interrupt the performances happening in the club?,No.,"The images provided do not show any specific scene where someone interrupts a performance in a club. The images depict various scenes from what appears to be a film or television show, including characters in different settings and situations. If you are referring to a specific scene or context, please provide more details so I can give a more accurate answer.",2545,162092,0.0157,2940,15,15000,0,64,1
tt0086250,Is a character's change of heart or decision-making process shown?,"Yes, indicated through reflective moments and decisive actions.","The images provided do not show a clear depiction of a character's change of heart or decision-making process. They seem to be stills from various scenes, possibly from a film or television show, showing different characters in different situations. Some images show characters in tense or dramatic moments, which could suggest a change of heart or a pivotal decision, but without context, it's not possible to determine the exact nature of the change or decision.",2545,162092,0.0157,2940,15,15000,0,64,1
tt0086250,Is the car ride depicted after the nightclub scenes?,Yes.,Yes.,2545,162092,0.0157,2940,15,15000,0,64,1
tt0086250,Does a character observe the club atmosphere before engaging in a conversation?,Yes.,"Yes, a character observes the club atmosphere before engaging in a conversation.",2545,162092,0.0157,2940,15,15000,0,64,1
tt0086250,Is the personal conversation between characters shown before the larger group scenes?,No.,"Yes, the personal conversation between characters is shown before the larger group scenes.",2545,162092,0.0157,2940,15,15000,0,64,1
tt0086250,Is the reflective moment in the car shown before the intense club discussions?,No.,"Yes, the reflective moment in the car is shown before the intense club discussions.",2545,162092,0.0157,2940,15,15000,0,64,1
tt0086250,Is the altercation observed by other patrons before the performance scene?,No.,"No, the altercation observed by other patrons before the performance scene is not mentioned in the provided images.",2545,162092,0.0157,2940,15,15000,0,64,1
tt0086250,What happens before the man observes his surroundings in the nightclub?,Engaging in a conversation.,"The man is seen in a room with a woman, and they are engaged in a conversation.",2545,162092,0.0157,2940,15,15000,0,64,1
tt0086250,What do characters generally do before the scene shifts to the car ride?,Observe or reflect on the night's events.,"In the scene before the car ride, characters are seen in a room with a man in a white shirt and a woman in a blue dress. The man in the white shirt is speaking to the woman, who is listening attentively. The setting appears to be a domestic interior, possibly a living room or a study, with a painting on the wall and a lamp in the background. The interaction between the characters seems to be a conversation, with the man possibly explaining something to the woman. The scene shifts to a car ride where the same man in the white shirt is seen in the passenger seat, looking out of the window, while the woman in the blue dress is driving. The car is moving through a residential area with houses and trees visible outside. The man appears to be deep in thought or contemplative, while the woman is focused on driving.",2545,162092,0.0157,2940,15,15000,0,64,1
tt0086250,What occurs just before the physical altercation in the restroom scene?,A heated verbal exchange.,A man in a white shirt and black pants is seen walking away from a group of people in a room.,2545,162092,0.0157,2940,15,15000,0,64,1
tt0086250,"Before leaving the nightclub, what do characters typically engage in?",Intense discussions or confrontations.,"Before leaving the nightclub, characters typically engage in dancing.",2545,162092,0.0157,2940,15,15000,0,64,1
tt0086250,What happens before a character contemplates during the car ride?,Reflecting on nightclub interactions.,"A character is seen in a room with a painting on the wall, and another character is pointing at something off-screen.",2545,162092,0.0157,2940,15,15000,0,64,1
tt0086250,"Before the performance on stage, what is typically shown?",The vibrant atmosphere of the nightclub.,The preparation and backstage activities of the performers.,2545,162092,0.0157,2940,15,15000,0,64,1
tt0086250,What leads up to the scenes of solitude among characters?,Often after a tense interaction.,"The scenes of solitude among characters are preceded by a montage of various scenes from the movie, including a boat filled with people, a man speaking into a megaphone, a man in a yellow shirt looking at a woman, a man in a red shirt pointing a gun, a man in a white shirt looking at a woman, a man in a blue shirt looking at a woman, a man in a white shirt looking at a woman, a man in a white shirt looking at a woman, a man in a white shirt looking at a woman, a man in a white shirt looking at a woman, a man in a white shirt looking at a woman, a man in a white shirt looking at a woman, a man in a white shirt looking at a woman, a man in a white shirt looking at a woman, a man in a white shirt looking at a woman, a man in a white shirt looking at a woman, a man in a white shirt looking at a woman, a man in a white shirt looking at a woman, a man in a white shirt looking at a woman, a man in a white shirt looking at a woman, a man in a white shirt looking at a woman, a man in a white shirt looking at a woman, a man in",2545,162092,0.0157,2940,15,15000,0,64,1
tt0090756,What starts the sequence of events in the tranquil town?,The discovery of a severed ear among overgrown grass.,The arrival of a man in a suit at the police station.,461,11564,0.0399,588,3,15000,0,64,1
tt0090756,How does daily life in Lumberton appear before the unsettling discovery?,Peaceful and ordinary with community and domestic scenes.,"Daily life in Lumberton appears to be ordinary and peaceful, with a man walking down the street and a sign indicating the presence of a police station.",461,11564,0.0399,588,3,15000,0,64,1
tt0090756,What changes in the narrative after the found object in the field?,A shift from mundane tranquility to suspense and concern.,The narrative changes from a serene and ordinary setting to a more mysterious and suspenseful one.,461,11564,0.0399,588,3,15000,0,64,1
tt0090756,How do the visuals depict the town of Lumberton overall?,As a serene place with an underlying mystery.,"The visuals depict the town of Lumberton as a quaint and peaceful place, with a welcoming atmosphere.",461,11564,0.0399,588,3,15000,0,64,1
tt0090756,What actions reflect the protagonist's response to his discovery?,"Examining the ear, reflecting on finding it, and going to the police.","The protagonist's actions reflect a mix of curiosity and concern. He cautiously approaches the scene, indicating a desire to understand what he has discovered.",461,11564,0.0399,588,3,15000,0,64,1
tt0090756,Are the community services and daily activities in Lumberton shown?,"Yes, through yard work, local services, and indoor scenes.","Yes, the community services and daily activities in Lumberton are shown.",461,11564,0.0399,588,3,15000,0,64,1
tt0090756,How does the town's depiction shift with the narrative?,From idyllic to suspenseful with the introduction of a mystery.,"The town's depiction shifts from a welcoming and picturesque setting to a more ominous and foreboding atmosphere, reflecting the changing mood and events in the story.",461,11564,0.0399,588,3,15000,0,64,1
tt0090756,What symbolizes the normalcy before the pivotal finding?,"Activities like gardening, lounging indoors, and school crossings.",The billboard in the background,461,11564,0.0399,588,3,15000,0,64,1
tt0090756,What action does the person take upon discovering the object in the grass?,The person carefully inspects the severed ear.,"Upon discovering the object in the grass, the person picks it up.",461,11564,0.0399,588,3,15000,0,64,1
tt0090756,How is daily life depicted in the suburban setting of Lumberton?,Through peaceful activities like yard work and watching TV.,"The video shows a suburban setting with a sign that reads ""Lumberton"" and a house with a blue door. The scene is peaceful and quiet, with no visible people or activity.",461,11564,0.0399,588,3,15000,0,64,1
tt0090756,What triggers a shift towards investigation in the story?,The protagonist deciding to take the found ear to the police.,"The appearance of a man in a suit and tie, who is holding a sign that reads ""Welcome to the Museum of the History of the World,"" suggests that the story is about to shift towards investigation.",461,11564,0.0399,588,3,15000,0,64,1
tt0090756,Describe an activity shown that reflects a serene lifestyle.,A person watering the garden and adjusting a hose.,"A person is seen walking on a peaceful path surrounded by nature, reflecting a serene lifestyle.",461,11564,0.0399,588,3,15000,0,64,1
tt0090756,Is the community's tranquility depicted through specific actions?,"Yes, through gardening, traversing peaceful streets, and indoor relaxation.","Yes, the community's tranquility is depicted through specific actions such as the man walking on the sidewalk, the woman sitting on the bench, and the children playing in the park.",461,11564,0.0399,588,3,15000,0,64,1
tt0090756,How does the character react to the unsettling discovery?,By eventually deciding to report it to the police.,The character reacts with shock and alarm.,461,11564,0.0399,588,3,15000,0,64,1
tt0090756,What encapsulates the arrival to a crucial plot development?,The act of bringing the severed ear to the police station.,"The arrival to a crucial plot development is encapsulated by the billboard that reads ""Welcome to Ebbing, Missouri"" and the man in the suit walking towards the police station.",461,11564,0.0399,588,3,15000,0,64,1
tt0090756,What mundane tasks are highlighted in the clips?,"Adjusting a water hose, and walking in and out of domestic scenes.","The clips highlight mundane tasks such as watering plants, walking a dog, and working at a police station.",461,11564,0.0399,588,3,15000,0,64,1
tt0090756,Is the community shown in a state of crisis or panic?,No.,"No, the community is shown in a state of calmness and order.",461,11564,0.0399,588,3,15000,0,64,1
tt0090756,Does the character immediately recognize the severity of their find?,No.,"No, the character does not immediately recognize the severity of their find.",461,11564,0.0399,588,3,15000,0,64,1
tt0090756,Are there moments of distress or urgency depicted?,"Yes, with the decision to go to the police.","Yes, there are moments of distress or urgency depicted.",461,11564,0.0399,588,3,15000,0,64,1
tt0090756,Does the character ignore the found object in the grass?,No.,"No, the character picks up the object.",461,11564,0.0399,588,3,15000,0,64,1
tt0090756,Is there an indication of daily life continuing as normal?,Yes.,"Yes, there is an indication of daily life continuing as normal.",461,11564,0.0399,588,3,15000,0,64,1
tt0090756,Does the character communicate with others about the discovery in the field?,"No, he brings it to the police.","The image you've provided shows a character in a police uniform standing in front of a police station with a sign that reads ""POLICE"" and ""POLICE STATION"". The character is looking at something in the field, but there is no indication in the image that they are communicating with others about the discovery. The character appears to be alone in the image, and there are no other characters or people visible in the scene. Therefore, it is not possible to determine from this image whether the character is communicating with others about the discovery in the field.",461,11564,0.0399,588,3,15000,0,64,1
tt0090756,Does anyone else discover the ear alongside the character?,No.,no,461,11564,0.0399,588,3,15000,0,64,1
tt0090756,Does the character adjust the water hose before finding the ear?,Yes.,"Yes, the character adjusts the water hose before finding the ear.",461,11564,0.0399,588,3,15000,0,64,1
tt0090756,Does the character walk through the vacant lot after going to the police?,No.,"Yes, the character walks through the vacant lot after going to the police.",461,11564,0.0399,588,3,15000,0,64,1
tt0090756,Does the protagonist enter the police station before the ear is found?,No.,"Yes, the protagonist enters the police station before the ear is found.",461,11564,0.0399,588,3,15000,0,64,1
tt0090756,Is the conversation at the police station before the indoor lounging scene?,No.,"Yes, the conversation at the police station is before the indoor lounging scene.",461,11564,0.0399,588,3,15000,0,64,1
tt0090756,Does the character leave the store before finding the ear?,No.,"No, the character does not leave the store before finding the ear.",461,11564,0.0399,588,3,15000,0,64,1
tt0090756,What happens just before the character finds the ear?,The character traverses a grassy field.,The character is seen walking through a room with a police officer and a police car in the background.,461,11564,0.0399,588,3,15000,0,64,1
tt0090756,What occurs immediately before the ear is taken to the police?,The character seems perturbed by the discovery.,The ear is placed in a plastic bag.,461,11564,0.0399,588,3,15000,0,64,1
tt0090756,What is shown right before the indoor relaxation scene?,Yard work being done outside in a suburban setting.,"A billboard with the text ""Welcome to Bumbleton"" is shown right before the indoor relaxation scene.",461,11564,0.0399,588,3,15000,0,64,1
tt0090756,What do we see happening before the tranquil suburban shots?,A billboard welcoming to Lumberton.,The MGM logo.,461,11564,0.0399,588,3,15000,0,64,1
tt0090756,"In the video sequence, what happens before the garden is watered?",A close-up of the hose intertwined with plants.,A man wearing a suit and a woman wearing a white dress are shown walking towards a police station.,461,11564,0.0399,588,3,15000,0,64,1
tt0090756,What event directly precedes the character's hospital visit?,Scenes of normal everyday life in Lumberton.,"The character's hospital visit is preceded by a scene where he is seen walking down a street, passing by a sign that reads ""Welcome to Twin Peaks.""",461,11564,0.0399,588,3,15000,0,64,1
tt0090756,"Before arriving at the police station, what is observed?",The character walking away from the discovery scene unsettled.,"A sign that reads ""Welcome to Lumberton"" is observed.",461,11564,0.0399,588,3,15000,0,64,1
tt0090756,Where do significant conversations take place?,"Outside homes, diners, and a hardware store.","The significant conversations take place in a room with a window and a lamp, as well as in a room with a window and a lamp.",671,26656,0.0252,980,5,15000,0,64,1
tt0090756,Are there scenes with no visible action?,"Yes, some frames are too dark to discern any details.","Yes, there are scenes with no visible action.",671,26656,0.0252,980,5,15000,0,64,1
tt0090756,What type of locations are depicted?,Suburban settings including schools and apartment buildings.,"The locations depicted include a billboard in a rural setting, a police station, a room with a person in a pink dress, a room with a person in a striped shirt, and a room with a person in a pink shirt.",671,26656,0.0252,980,5,15000,0,64,1
tt0090756,What mood is created by the nighttime meetings?,A mood of intrigue and suspense.,The nighttime meetings create a mood of suspense and intrigue.,671,26656,0.0252,980,5,15000,0,64,1
tt0090756,How are conversations depicted?,"As crucial narrative vehicles, often in subdued settings.","In the images provided, conversations are depicted through various scenes that suggest dialogue and interaction between characters. The first image shows a title card with the Metro-Goldwyn-Mayer logo, which is not a scene but an introduction to the film. The second image shows a person standing in a room with a sign that reads ""Welcome to Twin Peaks,"" indicating a setting or location that might be significant to the conversation. The third image shows two people in a room, one of whom is speaking, as indicated by the open mouth and the attentive posture of the other person. The fourth image shows a person in a car, which could imply a conversation taking place during a drive. The fifth image shows two people in a room, one of whom is speaking, as indicated by the open mouth and the attentive posture of the other person. The sixth image shows a person in a room, which could imply a conversation taking place in a domestic setting. The seventh image shows a person in a room, which could imply a conversation taking place in a domestic setting. The eighth image shows a person in a room, which could imply a conversation taking place in a domestic setting. The ninth image shows a person in a room, which could imply a conversation taking place in a domestic setting. The tenth image",671,26656,0.0252,980,5,15000,0,64,1
tt0090756,What diversions do the characters engage in?,Conversations in diners and observations during drives.,"The characters engage in various activities such as walking, talking, and sitting.",671,26656,0.0252,980,5,15000,0,64,1
tt0090756,Is there an overt conflict among main characters?,No.,No overt conflict among main characters,671,26656,0.0252,980,5,15000,0,64,1
tt0090756,Do we see physical altercations?,No.,"No, there are no physical altercations depicted in the images provided. The images show various scenes from a movie or television show, including a title card, a scene with a person standing in front of a sign, a scene with a person in a pink dress, and a scene with a person in a white shirt. These images do not show any physical altercations.",671,26656,0.0252,980,5,15000,0,64,1
tt0090756,Do the dark frames reveal specific actions?,No.,"No, the dark frames do not reveal specific actions.",671,26656,0.0252,980,5,15000,0,64,1
tt0090756,Do the characters visit a well-lit location?,"Yes, a hardware store and a diner.","Yes, the characters visit a well-lit location.",671,26656,0.0252,980,5,15000,0,64,1
tt0090756,Is the conversation in the diner before the nighttime observations?,No.,"Yes, the conversation in the diner is before the nighttime observations.",671,26656,0.0252,980,5,15000,0,64,1
tt0090756,Is the workshop preparation done before the hardware store visit?,It's not clearly stated.,"Yes, the workshop preparation is done before the hardware store visit.",671,26656,0.0252,980,5,15000,0,64,1
tt0090756,Does the meeting outside the house occur before the diner scene?,Yes.,"Yes, the meeting outside the house occurs before the diner scene.",671,26656,0.0252,980,5,15000,0,64,1
tt0090756,Do the diner conversations happen after the school and street observations?,Yes.,"Yes, the diner conversations happen after the school and street observations.",671,26656,0.0252,980,5,15000,0,64,1
tt0090756,What happens before the nighttime observations?,A conversation outside a house.,"The nighttime observations occur after the daytime scenes, which include a person walking in a rural setting, a scene with a police officer and a person in a room, and a scene with a person in a pink dress and another person in a striped shirt.",671,26656,0.0252,980,5,15000,0,64,1
tt0090756,What do we see happening before the conversations in the diner?,Observations of school and street life.,"Before the conversations in the diner, we see a man walking towards a diner with a sign that reads ""Welcome to the Diner"" and a woman sitting inside.",671,26656,0.0252,980,5,15000,0,64,1
tt0090756,What occurs before the mysterious dark frames?,Nighttime external observations.,The MGM logo,671,26656,0.0252,980,5,15000,0,64,1
tt0090756,What is the woman's emotional state during the visit?,She appears anxious and apprehensive.,The woman appears to be in a state of distress or concern during the visit.,820,31556,0.026,1176,6,15000,0,64,1
tt0090756,What is the interaction between Jeffrey and the kitchen?,"Jeffrey snoops around, investigating.","Jeffrey is standing in the kitchen, looking at the refrigerator.",820,31556,0.026,1176,6,15000,0,64,1
tt0090756,Is there any physical altercation in the clips?,No.,"No, there is no physical altercation in the clips provided.",820,31556,0.026,1176,6,15000,0,64,1
tt0090756,Does the discovery in the closet happen after the missed warning signal?,Yes.,"Yes, the discovery in the closet happens after the missed warning signal.",1345,60368,0.0223,1764,9,15000,0,64,1
tt0100802,How does the video depict the relationship between the man and woman?,As complex and rooted in deception.,"The video depicts a dynamic and intense relationship between the man and woman, with the man appearing to be in a state of distress or confrontation, and the woman showing concern or aggression.",1533,66640,0.023,1568,8,15000,0,64,1
tt0100802,What escalates the tension between the characters?,The revelation of the man's true identity.,"The tension escalates when the characters are in a room with a large window, and one character is holding a gun, pointing it at the other.",1533,66640,0.023,1568,8,15000,0,64,1
tt0100802,What setting houses the majority of their confrontations?,A domestic environment.,The majority of their confrontations take place in a futuristic setting.,1533,66640,0.023,1568,8,15000,0,64,1
tt0100802,How does the man respond to the woman's attacks?,He defends himself and seeks answers.,The man responds to the woman's attacks by dodging and countering her moves.,1533,66640,0.023,1568,8,15000,0,64,1
tt0100802,What role does the woman play in the man's life as revealed later?,"A watcher, under the guise of his wife.","The woman plays a significant role in the man's life as revealed later, but the specific nature of their relationship is not clear from the images provided.",1533,66640,0.023,1568,8,15000,0,64,1
tt0100802,What triggers the fight between the man and woman?,The man's realization of his true identity.,"The fight between the man and woman is triggered by a disagreement or confrontation, as indicated by their body language and expressions.",1533,66640,0.023,1568,8,15000,0,64,1
tt0100802,How does the altercation conclude?,With the woman being overpowered and interrogated.,"The altercation concludes with the man being subdued by the woman, who holds him down with her arm.",1533,66640,0.023,1568,8,15000,0,64,1
tt0100802,What discovery affects the man deeply?,That his identity has been erased and implanted.,"The man is deeply affected by the discovery of a large, ominous creature in the room.",1533,66640,0.023,1568,8,15000,0,64,1
tt0100802,What initiates the confrontation in the video?,The woman's unexpected attack on the man.,The confrontation is initiated by a character in a green jacket who approaches another character in a brown jacket.,1533,66640,0.023,1568,8,15000,0,64,1
tt0100802,Describe the nature of the interrogation seen in the video.,"Coercive, with the man seeking truth from the woman.","The video depicts a tense and intense scene of an interrogation. The setting appears to be a dimly lit room with a table and chairs. The person being interrogated is seated at the table, while the interrogator stands across from them. The interrogator is holding a device that emits a high-pitched sound, which seems to be causing discomfort or pain to the person being interrogated. The person being interrogated is shown with a pained expression, and their body language suggests they are struggling to cope with the situation. The overall atmosphere of the scene is one of high tension and discomfort.",1533,66640,0.023,1568,8,15000,0,64,1
tt0100802,How are the physical altercations depicted?,As intense and involving physical dominance.,"The physical altercations are depicted with a sense of urgency and intensity, involving close physical contact and aggressive behavior.",1533,66640,0.023,1568,8,15000,0,64,1
tt0100802,What props are involved in their confrontations?,Furniture and a weapon.,"The props involved in the confrontations include a chair, a wall-mounted TV, a computer monitor, a wall-mounted clock, a wall-mounted lamp, a wall-mounted TV, a wall-mounted clock, a wall-mounted lamp, a wall-mounted TV, a wall-mounted clock, a wall-mounted lamp, a wall-mounted TV, a wall-mounted clock, a wall-mounted lamp, a wall-mounted TV, a wall-mounted clock, a wall-mounted lamp, a wall-mounted TV, a wall-mounted clock, a wall-mounted lamp, a wall-mounted TV, a wall-mounted clock, a wall-mounted lamp, a wall-mounted TV, a wall-mounted clock, a wall-mounted lamp, a wall-mounted TV, a wall-mounted clock, a wall-mounted lamp, a wall-mounted TV, a wall-mounted clock, a wall-mounted lamp, a wall-mounted TV, a wall-mounted clock, a wall-mounted lamp, a wall-mounted TV, a wall-mounted clock, a wall-mounted lamp, a wall-mounted TV, a wall-mounted clock, a wall-mounted lamp, a wall-mounted TV, a wall-mounted clock, a wall-mounted lamp, a wall-mounted TV, a wall-mounted clock, a wall-mounted lamp, a wall-mounted TV, a wall-mounted clock, a wall-mounted lamp, a",1533,66640,0.023,1568,8,15000,0,64,1
tt0100802,How does the man subdue the woman during their fights?,Through physical strength and strategic overpowering.,The man subdues the woman by using his strength and martial arts skills to overpower her.,1533,66640,0.023,1568,8,15000,0,64,1
tt0100802,Describe the aftermath of their fight.,A mess in the household with shattered items and distress.,"The aftermath of the fight in the scene from the movie ""The Terminator"" shows a room in disarray. There are broken objects scattered around, including a shattered chair and a knocked-over table. The walls are marked with scuff marks and there is visible damage to the room's structure. The floor is littered with debris, and the lighting is dim, suggesting that the fight was intense and caused significant destruction. The characters involved in the fight are not visible in the aftermath, but the scene conveys a sense of chaos and destruction.",1533,66640,0.023,1568,8,15000,0,64,1
tt0100802,How is the revelation of the man's identity portrayed?,Through a tense interrogation with the woman.,"The revelation of the man's identity is portrayed through a series of images that show him in different settings, including a room with a large window, a room with a computer monitor, and a room with a television. The images suggest that the man is being revealed or discovered in these different environments.",1533,66640,0.023,1568,8,15000,0,64,1
tt0100802,Does the woman succeed in her initial attack?,No.,"No, the woman is quickly disarmed and subdued by the man.",1533,66640,0.023,1568,8,15000,0,64,1
tt0100802,Is the man armed during the confrontations?,Yes.,"No, the man is not armed during the confrontations.",1533,66640,0.023,1568,8,15000,0,64,1
tt0100802,Do the characters engage in a physical fight?,Yes.,"Yes, the characters engage in a physical fight.",1533,66640,0.023,1568,8,15000,0,64,1
tt0100802,Does the woman reveal the man's true identity willingly?,No.,"No, the woman does not reveal the man's true identity willingly.",1533,66640,0.023,1568,8,15000,0,64,1
tt0100802,Is the domestic setting significantly damaged during their altercation?,Yes.,"No, the domestic setting is not significantly damaged during their altercation.",1533,66640,0.023,1568,8,15000,0,64,1
tt0100802,Does the altercation result in physical injuries?,Yes.,"No, the altercation does not result in physical injuries.",1533,66640,0.023,1568,8,15000,0,64,1
tt0100802,Does the man discover his true identity before subduing the woman?,No.,"No, the man does not discover his true identity before subduing the woman.",1533,66640,0.023,1568,8,15000,0,64,1
tt0100802,Is a weapon drawn before the physical altercation begins?,Yes.,"No, a weapon is not drawn before the physical altercation begins.",1533,66640,0.023,1568,8,15000,0,64,1
tt0100802,Does the woman attack first in every confrontation?,Yes.,"No, the woman does not attack first in every confrontation. In the images provided, it appears that the woman is either in a defensive posture or reacting to a situation, but it is not clear from the images whether she initiated the confrontation or was responding to someone or something off-camera.",1533,66640,0.023,1568,8,15000,0,64,1
tt0100802,Is the furniture used as leverage before the escape attempt?,Yes.,"Yes, the furniture is used as leverage before the escape attempt.",1533,66640,0.023,1568,8,15000,0,64,1
tt0100802,Does the woman admit her role before being overpowered?,No.,"No, the woman does not admit her role before being overpowered.",1533,66640,0.023,1568,8,15000,0,64,1
tt0100802,Does the man use physical strength to subdue the woman before interrogating her?,Yes.,"Yes, the man uses physical strength to subdue the woman before interrogating her.",1533,66640,0.023,1568,8,15000,0,64,1
tt0100802,What occurs just before the man subdues the woman?,A physical struggle.,"The man is in a room with a woman who is holding a gun, and he is trying to reason with her.",1533,66640,0.023,1568,8,15000,0,64,1
tt0100802,"Before the revelation of the man's identity, what does he seek?",Clues to his true identity.,The man seeks a way to escape the room.,1533,66640,0.023,1568,8,15000,0,64,1
tt0100802,What happens before the woman launches her initial attack?,A moment of apparent normalcy.,"Before the woman launches her initial attack, she is seen in a room with a large window, looking out at a view of a cityscape. She appears to be in a state of contemplation or observation.",1533,66640,0.023,1568,8,15000,0,64,1
tt0100802,What is shown before the physical altercation escalates?,An aggressive approach by the woman.,A tense conversation between two characters in a room with a large window and a view of a cityscape.,1533,66640,0.023,1568,8,15000,0,64,1
tt0100802,"Before the escape attempt, what event occurs?",An intense confrontation and revelation.,"The character is in a room with a large window, looking out at a landscape.",1533,66640,0.023,1568,8,15000,0,64,1
tt0100802,What do we see happening before the household becomes a mess?,An intense fight.,"A person is seen in a room with a large window, looking out at a landscape.",1533,66640,0.023,1568,8,15000,0,64,1
tt0100802,What leads to the interrogation scene?,The man overpowering the woman.,The interrogation scene is a pivotal moment in the movie where the protagonist is subjected to intense questioning by the authorities.,1533,66640,0.023,1568,8,15000,0,64,1
tt0100802,What impact does the chase have on bystanders?,"Chaos and panic ensue, involving them unintentionally.","The chase causes panic among bystanders, as they are seen running away from the scene.",1902,90160,0.0211,1960,10,15000,0,64,1
tt0100802,What settings are central to the chase sequence?,"An apartment, subway station, and various public spaces.",The chase sequence takes place in a corridor and a stairwell.,1902,90160,0.0211,1960,10,15000,0,64,1
tt0100802,How does the narrative combine different elements?,"Action, suspense, and strategic evasion.","The narrative combines elements of space exploration, personal relationships, and futuristic technology to create a cohesive and engaging storyline.",1902,90160,0.0211,1960,10,15000,0,64,1
tt0100802,How does the subway chase scene unfold?,"Through a daring escape, involving crowded areas and trains.","The subway chase scene unfolds with the man in the brown jacket being chased by the man in the black suit. The man in the brown jacket runs through the subway car, while the man in the black suit follows closely behind. The subway car is filled with passengers, and the man in the brown jacket eventually reaches the end of the car and jumps onto the tracks. The man in the black suit follows him, and they both fall onto the tracks. The scene ends with the man in the brown jacket lying on the tracks, while the man in the black suit stands over him.",1902,90160,0.0211,1960,10,15000,0,64,1
tt0100802,Describe the impact on the environment due to the chase.,"Disruption, chaos, and the involvement of bystanders.","The chase scene in the movie involves a high-speed chase through a city street, which results in significant damage to the surrounding environment. The chase is intense and fast-paced, with the characters driving at high speeds and colliding with various objects, including cars, buildings, and street furniture. The chase also causes a lot of noise and chaos, which disrupts the normal functioning of the city. The chase ends with the characters crashing into a building, causing further damage and destruction. Overall, the chase has a significant impact on the environment, causing damage to property and potentially putting people's lives at risk.",1902,90160,0.0211,1960,10,15000,0,64,1
tt0100802,Does the subway escape occur before the window break-in?,No.,"No, the subway escape occurs after the window break-in.",1902,90160,0.0211,1960,10,15000,0,64,1
tt0100802,Is there an attempt to use stealth before engaging in open combat?,Yes.,"Yes, there is an attempt to use stealth before engaging in open combat.",1902,90160,0.0211,1960,10,15000,0,64,1
tt0103074,What starts the series of confrontations in the video?,A state policeman pulls over the women for speeding.,The series of confrontations in the video starts with a person holding a gun and pointing it at another individual.,2850,173460,0.0164,2940,15,15000,0,64,1
tt0103074,How do the women respond to being pursued by law enforcement?,By disabling the police car's communication equipment and locking the officer in his cruiser.,"The women respond to being pursued by law enforcement with a mix of urgency and determination. They are seen running, hiding, and engaging in various actions to evade capture. Their expressions range from fear to determination, and they appear to be in a state of constant alertness and stress.",2850,173460,0.0164,2940,15,15000,0,64,1
tt0103074,What major challenge do the women face during the high-speed chase?,Navigating through obstacles like herds of cattle and horseback riders.,The women face the challenge of evading capture during the high-speed chase.,2850,173460,0.0164,2940,15,15000,0,64,1
tt0103074,What ultimate act of defiance do the women commit against the officer?,Threatening him with a firearm and overpowering him.,"The ultimate act of defiance shown in the video is when the women, despite being in a vulnerable and potentially dangerous situation, refuse to comply with the officer's commands. They engage in a physical confrontation, with one woman pushing the officer away and the other attempting to drive the car, indicating a refusal to be intimidated or arrested. This defiance is a significant moment in the narrative, showcasing the characters' determination and resistance.",2850,173460,0.0164,2940,15,15000,0,64,1
tt0103074,Where does the confrontation with the police officer primarily take place?,In a desolate desert landscape.,"The confrontation with the police officer primarily takes place in a room with a bed and a lamp, suggesting an indoor setting.",2850,173460,0.0164,2940,15,15000,0,64,1
tt0103074,What environments do the women navigate through to evade capture?,Desert landscapes and rural areas.,"The women navigate through various environments to evade capture, including a kitchen, a bar, a desert road, a diner, a gas station, a motel room, a diner, a desert road, a diner, and a desert road.",2850,173460,0.0164,2940,15,15000,0,64,1
tt0103074,What action leads to the confrontation with law enforcement?,The women speeding in a convertible.,"The confrontation with law enforcement is not directly caused by any of the actions shown in the images provided. However, the images suggest a narrative where characters are involved in various activities that could lead to a confrontation with law enforcement. For instance, one image shows a character driving a car with a police officer in pursuit, which could indicate a chase that might escalate into a confrontation. Another image shows a character in a diner, which could imply a situation that might attract law enforcement attention indirectly. The images do not provide explicit actions leading to the confrontation, but they do suggest a storyline where such an encounter could occur.",2850,173460,0.0164,2940,15,15000,0,64,1
tt0103074,How do the women evade the pursuing police officer?,By speeding off and navigating through rural terrains.,The women evade the pursuing police officer by driving away in a car.,2850,173460,0.0164,2940,15,15000,0,64,1
tt0103074,What specific tactics do the women use to disable the police car?,Shooting the car's radio and locking the officer in the trunk.,"The women use a combination of tactics to disable the police car. They first distract the police officer by engaging him in conversation and then use a flower pot to break the windshield. This damage to the windshield renders the car inoperable, as the officer is unable to see out of the broken window.",2850,173460,0.0164,2940,15,15000,0,64,1
tt0103074,How do the women prepare for their encounters?,"Through discussions, grabbing firearms, and strategic planning.","The women prepare for their encounters by engaging in various activities that suggest a sense of anticipation and readiness. In the first image, a woman is seen holding a cigarette, which could imply a moment of contemplation or preparation. In the second image, a woman is laughing, which might indicate a light-hearted or positive attitude towards the upcoming encounter. The third image shows a woman with a bloody shirt, suggesting she has been in a physical altercation and is possibly preparing for another confrontation. The fourth image captures a woman in a car, looking out the window, which could imply she is observing her surroundings or waiting for someone. The fifth image shows a woman in a diner, possibly preparing for a social interaction or meeting someone. The sixth image depicts a woman in a car, looking at a phone, which might suggest she is communicating with someone or gathering information. The seventh image shows a woman in a diner, possibly preparing for a social interaction or meeting someone. The eighth image captures a woman in a car, looking out the window, which could imply she is observing her surroundings or waiting for someone. The ninth image shows a woman in a car, possibly preparing for a social interaction or meeting someone. The tenth image depicts a woman in a car, looking at a phone, which might suggest",2850,173460,0.0164,2940,15,15000,0,64,1
tt0103074,How does the environment aid the women in their escape?,The dusty roads and rural terrains offer hiding spots and tricky paths.,"The environment aids the women in their escape through various means:1. **Isolation and Remote Location**: The remote and isolated setting of the diner and the desert road provides a sense of seclusion, making it easier for the women to escape without being noticed by others.2. **Nighttime**: The nighttime setting allows for a level of cover and anonymity, as the darkness can hide their actions and make it harder for others to spot them.3. **Diner's Interior**: The diner's interior, with its quiet and somewhat secluded atmosphere, offers a temporary refuge where the women can hide and plan their next move.4. **Desert Road**: The open desert road provides a clear path for escape, with fewer obstacles and less traffic compared to urban areas.5. **Weather and Lighting**: The clear sky and the lighting conditions at night can be advantageous for a quick getaway, as they can use the darkness to their advantage.6. **Surrounding Elements**: The presence of a horse and a truck in the desert setting can be used as tools for escape, depending on the context of the story.7. **Social Setting**: The social setting of the diner, where the women can blend in and interact with others, can provide opportunities for gathering information or resources",2850,173460,0.0164,2940,15,15000,0,64,1
tt0103074,How do the women handle obstacles during their escape?,By driving through and around obstacles like cattle and horseback riders.,"The women handle obstacles during their escape with a mix of determination and resourcefulness. They drive through a gas station, navigate a road with a police officer in pursuit, and manage to evade capture. Their actions are quick and decisive, showing their ability to think on their feet and adapt to the challenges they face.",2850,173460,0.0164,2940,15,15000,0,64,1
tt0103074,What is the outcome of the women's confrontation with the police?,"They successfully evade and overpower the policemen, asserting their autonomy.","The image you've provided is a collage of scenes from the movie ""The Big Lebowski,"" which is known for its complex and non-linear storytelling. The outcome of the women's confrontation with the police is not depicted in a single image but rather unfolds throughout the film's narrative. In the context of the movie, the women, Bunny and The Stranger, are involved in a series of events that lead to a confrontation with the police, which is a pivotal plot point.In the film, Bunny is a woman who is kidnapped and later found by The Dude, the main character, who is mistaken for a millionaire named Jeffrey Lebowski. The Stranger, who is actually a woman named The Stranger, is a character who is involved in a plot to rob the wrong Lebowski. The police are initially involved in the kidnapping case but later become entangled in the larger plot involving The Stranger and the kidnapping of Bunny.The outcome of the confrontation with the police is not a straightforward resolution but rather a series of events that lead to the unraveling of the plot and the eventual rescue of Bunny. The film's ending is intentionally ambiguous and open to interpretation, which is a hallmark of the Coen brothers' style. The final scene of the movie shows The Dude and Walter Sob",2850,173460,0.0164,2940,15,15000,0,64,1
tt0103074,Is the confrontation with the policeman friendly?,No.,no,2850,173460,0.0164,2940,15,15000,0,64,1
tt0103074,Do the women ever return to face legal consequences?,No.,"The image you've provided appears to be a montage of scenes from a movie or television show, featuring various characters in different settings. However, without specific context or knowledge of the plot, it's not possible to determine if the women in the scenes return to face legal consequences. The images show characters in various situations, but they do not provide enough information to answer your question definitively. If you can provide more context or details about the specific scenes or characters, I might be able to offer a more informed response.",2850,173460,0.0164,2940,15,15000,0,64,1
tt0103074,Are the women armed during their encounters with the police?,Yes.,"No, the women are not armed during their encounters with the police.",2850,173460,0.0164,2940,15,15000,0,64,1
tt0103074,Does anyone get physically harmed during the confrontations?,No.,"In the images provided, there are no clear signs of physical harm occurring during the confrontations. The scenes depict tense and dramatic moments, but the individuals are not shown being harmed. It's important to note that these images are stills from a movie, and the full context of the scenes is not captured in these single frames.",2850,173460,0.0164,2940,15,15000,0,64,1
tt0103074,Do the women manage to evade the pursuers at all times?,Yes.,"No, the women do not manage to evade the pursuers at all times. The sequence of images from the video shows moments of evasion and confrontation.",2850,173460,0.0164,2940,15,15000,0,64,1
tt0103074,Does the high-speed chase occur at night?,No.,"Yes, the high-speed chase occurs at night.",2850,173460,0.0164,2940,15,15000,0,64,1
tt0103074,Do the women lock the officer in his cruiser before shooting the radio?,No.,"No, the women do not lock the officer in his cruiser before shooting the radio. The sequence of events involves the women approaching the officer's cruiser, shooting the radio, and then the officer being seen in the cruiser, indicating that the cruiser was not locked.",2850,173460,0.0164,2940,15,15000,0,64,1
tt0103074,Is the confrontation with the officer before navigating through herds of cattle?,Yes.,"No, the confrontation with the officer is not before navigating through herds of cattle.",2850,173460,0.0164,2940,15,15000,0,64,1
tt0103074,Do the women grab firearms before being pursued by law enforcement?,No.,"Yes, the women grab firearms before being pursued by law enforcement.",2850,173460,0.0164,2940,15,15000,0,64,1
tt0103074,What happens just before the officer is locked in his cruiser?,The women threaten him with a firearm and shoot out the car radio.,"The scene transitions to a moment where the officer is in a room, seemingly in a state of distress or contemplation. He is sitting at a desk with a telephone, looking at something off-screen with a concerned or pensive expression. The lighting is dim, and the atmosphere appears tense. The officer then stands up, walks towards the door, and exits the room, leaving the door slightly ajar.",2850,173460,0.0164,2940,15,15000,0,64,1
tt0103074,What occurs before the high-speed chase through the desert?,The women speed off after disabling the police car.,"A man in a white cowboy hat and sunglasses is seen driving a car on a road, with a woman in a blue shirt and sunglasses in the passenger seat.",2850,173460,0.0164,2940,15,15000,0,64,1
tt0103074,What actions precede the secretive phone calls?,The realization that they are being pursued by law enforcement.,"The actions that precede the secretive phone calls include a character walking through a garage, another character standing in a room with a phone, and a third character sitting in a car with a phone.",2850,173460,0.0164,2940,15,15000,0,64,1
tt0103074,What leads to the confrontation with horseback riders?,The women's desperate attempt to escape along rural roads.,"The confrontation with horseback riders is a pivotal moment in the movie, and it's sparked by a series of events that lead up to it. Here's a breakdown of the key moments that contribute to the confrontation:1. **The Roadhouse**: The story begins at a roadhouse, where the main character, a woman, is seen dancing and enjoying herself. This setting introduces the themes of freedom, rebellion, and the allure of the open road.2. **The Roadhouse Incident**: The woman's carefree spirit and the lively atmosphere of the roadhouse lead to a confrontation with a group of men who are not as accepting of her behavior. This incident sets the stage for the character's journey and her encounters with various individuals.3. **The Roadhouse Manager**: The woman's interaction with the roadhouse manager, who is initially dismissive and condescending, further sets the tone for her journey. This encounter might be seen as a metaphor for the societal norms she is challenging.4. **The Roadhouse Employee**: The woman's interaction with an employee at the roadhouse, who seems to be in a position of authority, adds another layer of tension. This could be seen as a representation of the power dynamics she is navigating.5. **The Roadhouse",2850,173460,0.0164,2940,15,15000,0,64,1
tt0103074,What events trigger the urgent drive through cattle?,The need to evade capture after the confrontation with the officer.,"The events that trigger the urgent drive through cattle are not explicitly stated in the images provided. However, based on the context of the images, it appears that the characters are in a hurry, possibly due to an impending deadline or a sense of urgency. The presence of cattle on the road suggests that they are trying to navigate through a rural or western setting where such occurrences might be common. The urgency could be related to a storyline where the characters are trying to reach a destination quickly, perhaps to avoid a confrontation or to meet a deadline. The images do not provide specific details about the cause of the urgency, but the overall tone suggests a sense of haste and importance.",2850,173460,0.0164,2940,15,15000,0,64,1
tt0103074,What is seen happening before the officer uses his radio?,He approaches the women's car for a traffic stop.,"Before the officer uses his radio, we see a scene where a woman is standing in a room with a vintage aesthetic, wearing a white blouse with a floral pattern. She is talking on a phone and appears to be in a state of distress or urgency. The room has a retro feel, with a sign that reads ""Coca-Cola"" and a lamp with a classic design. The woman's expression is one of concern or worry as she speaks into the phone.",2850,173460,0.0164,2940,15,15000,0,64,1
tt0103074,"Before shooting out the police car's radio, what did the women do?",Threaten the officer at gunpoint.,"In the scene you're referring to, the women are seen in a diner, laughing and enjoying a moment together. The scene transitions to a different setting where a police car is being pursued. The women are not directly involved in the events leading up to the shooting out of the police car's radio. The shooting of the police car's radio is an action taken by the characters in the pursuit, not by the women who were previously seen in the diner.",2850,173460,0.0164,2940,15,15000,0,64,1
tt0103074,What situation occurs before the women prepare for their next confrontation?,Discussions and planning in isolated or indoor settings.,"The women are in a room, and one of them is holding a gun.",2850,173460,0.0164,2940,15,15000,0,64,1
tt0103074,Summarize the initial encounter between the women and the trucker.,"It begins with peaceful driving, escalating to tension-filled exchanges.","The initial encounter between the women and the trucker involves a lively and animated conversation, with one woman laughing and the other gesturing with her hand. The setting appears to be a roadside diner or a similar establishment, with a vintage aesthetic. The women seem to be enjoying their time, possibly sharing a story or a joke, while the trucker listens attentively.",3090,191492,0.0161,3332,17,15000,0,64,1
tt0103074,How do the women plan their retaliation in the story?,"They deceive the trucker, leading to a roadside confrontation.","The image you've provided is a montage of scenes from a movie, and it's not possible to provide a detailed analysis of the plot or the characters' plans for retaliation based on these still images alone. However, I can tell you that the montage suggests a sequence of events that might lead up to a confrontation or a plan of action. The scenes show various characters in different settings, some of which appear to be tense or confrontational, which could imply that they are building up to a significant event.To understand the plan of retaliation, one would need to watch the movie or have a detailed script that outlines the characters' intentions and actions. The montage is designed to give a quick overview of the story's progression and the characters' emotional states, but it doesn't provide enough context to determine the specifics of their retaliation plan.",3090,191492,0.0161,3332,17,15000,0,64,1
tt0103074,Describe the setting of the final confrontation.,"A remote desert road, setting the stage for the truck's fiery destruction.","The final confrontation takes place in a desert setting with a large, imposing mountain in the background. The sky is overcast, and the lighting suggests it might be late afternoon or early evening. The characters are in a vehicle, with one character driving and the other standing beside the open door. The vehicle is moving along a road with a clear view of the mountain and the desert landscape. The atmosphere is tense and dramatic, with the characters appearing to be in a high-stakes situation.",3090,191492,0.0161,3332,17,15000,0,64,1
tt0103074,What are the consequences of the trucker’s actions?,His truck is destroyed in an explosion as a result of his refusal.,"The image you've provided appears to be a collage of scenes from a movie or television show, featuring a character who is a truck driver. The scenes show the character in various situations, including driving, talking on the phone, and interacting with other characters. However, without additional context or the ability to analyze the content of the scenes, it's not possible to provide specific consequences of the trucker's actions. If you have a particular scene or moment in mind, please provide more details so I can assist you better.",3090,191492,0.0161,3332,17,15000,0,64,1
tt0103074,How does the story climax?,With the truck’s explosion and the trucker's defeat amidst the fire.,"The image you've provided is a montage of scenes from a movie, and without additional context, it's challenging to summarize the story's climax. However, I can describe the scenes as they appear to be in a sequence that suggests a progression of events.The scenes show a variety of characters in different settings, including a diner, a road, and a room. The characters are engaged in various activities, such as talking on the phone, driving, and interacting with each other. The color palette and lighting suggest a time period that could be the late 20th century, and the attire of the characters, such as cowboy hats and casual clothing, hints at a setting that might be in the American Southwest.The climax of a story typically involves a turning point or a critical moment that leads to the resolution of the plot. In this montage, the climax could be inferred from the sequence of events and the emotional states of the characters. For example, if there is a character who is distressed or in danger, the climax might involve a moment of revelation, confrontation, or rescue.If you can provide more context or specify which character or plot thread you're interested in, I could offer a more detailed analysis of the climax.",3090,191492,0.0161,3332,17,15000,0,64,1
tt0103074,How does the initial drive of the women look like?,"Peaceful and carefree, cruising in a convertible through the desert.","The initial drive of the women is in a car, and they appear to be in a relaxed and cheerful mood, laughing and enjoying each other's company. The setting suggests they are on a road trip, with a sense of freedom and adventure. The women are dressed casually, and the atmosphere is light-hearted and carefree.",3090,191492,0.0161,3332,17,15000,0,64,1
tt0103074,Describe the tense moment before the explosion.,A heated dialogue ensues before one woman confidently confronts the trucker.,"The tense moment before the explosion is depicted with a sense of urgency and danger. The scene opens with a close-up of a person's face, showing a look of concern and anticipation. The background is dark and out of focus, emphasizing the tension in the foreground. The person's eyes are wide and alert, and their mouth is slightly open as if they are about to speak or scream. The lighting is dim, casting shadows on the person's face and creating a sense of foreboding. The scene then cuts to a wider shot, revealing a group of people in a room, some of whom are looking at a clock on the wall. The clock's hands are moving quickly, indicating that time is running out. The people in the room appear to be in a state of panic, with some of them looking at each other and others looking at the clock. The lighting in this scene is also dim, with the focus on the people and the clock. The scene then cuts to a close-up of a person's face, showing a look of shock and fear. The person's eyes are wide and their mouth is open, and they appear to be in a state of shock. The lighting in this scene is also dim, with the focus on the person's face. The",3090,191492,0.0161,3332,17,15000,0,64,1
tt0103074,What is happening when the truck explodes?,"The truck explodes following a gunshot, signifying the women's retaliation.","The scene shows a truck that has exploded, with flames and smoke visible. The explosion appears to be quite large and intense, indicating a significant event. The surrounding area is not clearly visible due to the smoke and fire, but it seems to be an outdoor setting. The people in the vicinity are reacting to the explosion, with some looking shocked and others seemingly in motion, possibly trying to move away from the scene. The explosion is the central focus of this image, capturing a moment of high tension and danger.",3090,191492,0.0161,3332,17,15000,0,64,1
tt0103074,What actions lead to the trucker's shock?,Being outwitted and facing the sudden destruction of his truck.,"The trucker's shock is triggered by a series of events that include a phone call, a conversation with a woman in a diner, and a subsequent encounter with a police officer. The trucker's reaction is heightened by the urgency and unexpected nature of these events.",3090,191492,0.0161,3332,17,15000,0,64,1
tt0103074,Describe the women's action leading up to the final scene.,They seamlessly transition from peaceful driving to plotting revenge.,"The women's actions leading up to the final scene involve a series of events that unfold in a desert setting. Initially, she is seen in a room with a vintage aesthetic, wearing a floral dress and talking on a phone. She then walks outside, where she is seen laughing and walking towards a car. The scene transitions to her driving the car, with a man in a cowboy hat and sunglasses in the passenger seat. They are on a road with a clear sky and a few scattered clouds. The woman is focused on the road, while the man appears to be in conversation with her. The scene then shifts to a close-up of the woman's face, showing her looking concerned or worried. She is wearing a blue shirt and a necklace, and her hair is styled in a messy bun. The final scene shows the woman driving the car, with the man in the passenger seat. They are on a road with a clear sky and a few scattered clouds. The woman is focused on the road, while the man appears to be in conversation with her. The scene then shifts to a close-up of the woman's face, showing her looking concerned or worried. She is wearing a blue shirt and a necklace, and her hair is styled in a messy bun. The final scene shows",3090,191492,0.0161,3332,17,15000,0,64,1
tt0103074,How do the surroundings change throughout the encounters?,From tranquil desert roads to a tense confrontation site by the truck.,"The surroundings change from a kitchen setting to a bar, a road, a diner, a gas station, a desert road, a diner again, a road with a police officer, a desert road with a truck, and finally a road with a large truck in the background.",3090,191492,0.0161,3332,17,15000,0,64,1
tt0103074,Do the women seem frightened during the confrontation?,No.,"Yes, the women seem frightened during the confrontation.",3090,191492,0.0161,3332,17,15000,0,64,1
tt0103074,Is the trucker initially aware of the women's plan?,No.,"No, the trucker is not initially aware of the women's plan.",3090,191492,0.0161,3332,17,15000,0,64,1
tt0103074,Does the confrontation take place in a populated area?,No.,No,3090,191492,0.0161,3332,17,15000,0,64,1
tt0103074,Is there a physical altercation before the explosion?,No.,"No, there is no physical altercation before the explosion.",3090,191492,0.0161,3332,17,15000,0,64,1
tt0103074,Does the trucker seem remorseful before the explosion?,No.,"Yes, the trucker seems to be in a state of contemplation or remorse before the explosion.",3090,191492,0.0161,3332,17,15000,0,64,1
tt0103074,Are the women harmed in the explosion?,No.,"The image provided does not show any direct harm to the women from the explosion. However, the context of the explosion and the women's reactions suggest they are in a dangerous situation. The first image shows a woman in a diner, seemingly unaffected by the explosion, while the second image captures a moment of chaos with a woman in a car, and the third image shows a woman in a diner with a shocked expression. The fourth image shows a woman in a car with a concerned expression, and the fifth image shows a woman in a car with a look of surprise. The sixth image shows a woman in a car with a look of shock, and the seventh image shows a woman in a car with a look of concern. The eighth image shows a woman in a car with a look of shock, and the ninth image shows a woman in a car with a look of concern. The tenth image shows a woman in a car with a look of shock, and the eleventh image shows a woman in a car with a look of concern. The twelfth image shows a woman in a car with a look of shock, and the thirteenth image shows a woman in a car with a look of concern. The fourteenth image shows a woman in a car with a look of shock",3090,191492,0.0161,3332,17,15000,0,64,1
tt0103074,Does the trucker manage to convince the women of his innocence?,No.,"Based on the images provided, it appears that the trucker is in a situation where he is being questioned or confronted by the women. However, without additional context or the ability to see the full sequence of events, it's not possible to definitively say whether he manages to convince the women of his innocence. The images show a range of emotions and interactions, but the outcome of the situation is not clear from these stills alone.",3090,191492,0.0161,3332,17,15000,0,64,1
tt0103074,Are the police involved in the confrontation?,No.,No,3090,191492,0.0161,3332,17,15000,0,64,1
tt0103074,"In the final act, does the truck explode before the confrontation?",No.,"No, the truck does not explode before the confrontation.",3090,191492,0.0161,3332,17,15000,0,64,1
tt0103074,Do the women confront the trucker before deciding to take action?,Yes.,"Yes, the women confront the trucker before deciding to take action.",3090,191492,0.0161,3332,17,15000,0,64,1
tt0103074,Is the trucker’s callous behavior revealed before the roadside argument?,Yes.,"No, the trucker's callous behavior is not revealed before the roadside argument.",3090,191492,0.0161,3332,17,15000,0,64,1
tt0103074,Does the woman aim the gun before the dialogue with the trucker?,No.,"No, the woman does not aim the gun before the dialogue with the trucker.",3090,191492,0.0161,3332,17,15000,0,64,1
tt0103074,Are the women seen enjoying a peaceful drive before the series of confrontations?,Yes.,"Yes, the women are seen enjoying a peaceful drive before the series of confrontations.",3090,191492,0.0161,3332,17,15000,0,64,1
tt0103074,Does the explosion occur before the trucker expresses shock?,No.,"No, the explosion occurs after the trucker expresses shock.",3090,191492,0.0161,3332,17,15000,0,64,1
tt0103074,Do the women plot their retaliation before the trucker collapses in disbelief?,Yes.,"The images provided do not show any direct evidence of the women plotting their retaliation before the trucker collapses in disbelief. The images depict various scenes from what appears to be a movie or television show, showing characters in different situations and settings. Some images show characters in a bar, others on a road, and one with a woman in a diner. The trucker's collapse is not depicted in these images, so it's not possible to determine the sequence of events or the intentions of the characters before that moment.",3090,191492,0.0161,3332,17,15000,0,64,1
tt0103074,What happens just before the truck explosion?,A woman fires at the truck's gas tank.,"In the sequence of images provided, it appears that the events leading up to the truck explosion involve a series of actions and interactions between characters. Here's a summary of what seems to happen:1. A character is seen in a room with a phone, possibly making a call or receiving a call, which could be a pivotal moment in the plot.2. Another character is shown in a car, seemingly in motion, which might indicate travel or escape.3. A character is seen in a diner, laughing and engaging with someone off-camera, suggesting a moment of levity or camaraderie.4. A character is shown in a car, looking concerned or focused, which could imply a sense of urgency or danger.5. A character is seen in a room with a lamp, possibly in a moment of contemplation or distress.6. A character is shown in a car, looking out the window, which might indicate a moment of reflection or anticipation.7. A character is seen in a room with a phone, possibly making another call, which could be another critical moment in the plot.8. A character is shown in a car, looking out the window, which might indicate a moment of reflection or anticipation.9. A character is seen in a room with",3090,191492,0.0161,3332,17,15000,0,64,1
tt0103074,What occurs before the women's final confrontation with the trucker?,"They follow and overtake his truck, planning their next move.","The women's final confrontation with the trucker occurs after they have been driving for a while, and the trucker has been following them. The women are in a car, and the trucker is in a truck. The women are talking to each other and looking at the trucker's truck. The women then turn around and drive away from the trucker.",3090,191492,0.0161,3332,17,15000,0,64,1
tt0103074,What event precedes the trucker’s defeat and distress?,The fiery explosion of his truck.,"The trucker's defeat and distress are preceded by a series of events that include a confrontation with a group of men in a garage, a tense moment with a woman in a diner, a phone call that seems to be of a threatening nature, and a subsequent encounter with a police officer. These events contribute to the escalating tension and ultimately lead to the trucker's defeat and distress.",3090,191492,0.0161,3332,17,15000,0,64,1
tt0103074,"Before the women take decisive action, what do they do?","They engage in a conversation, plotting their retaliation.","In the sequence of images you've provided, it appears that the women are engaged in various activities that could be leading up to a decisive action. Here's a summary of what seems to be happening in each image:1. The first image shows a woman in a diner, talking on the phone, which could be a moment of planning or receiving information.2. The second image shows a woman laughing, which might indicate a moment of levity or celebration.3. The third image shows a woman in a car, looking concerned or focused, possibly indicating she is driving or preparing to drive.4. The fourth image shows a woman in a diner, looking at a menu, which could be a moment of decision-making about what to order.5. The fifth image shows a woman in a car, looking at a map, which suggests she is planning a route or checking directions.6. The sixth image shows a woman in a car, looking at a phone, which could be a moment of communication or information gathering.7. The seventh image shows a woman in a car, looking at a map, which might be a continuation of the planning or navigation process.8. The eighth image shows a woman in a car, looking at a phone, which could be another moment",3090,191492,0.0161,3332,17,15000,0,64,1
tt0103074,What takes place before the final act of aggression?,A heated exchange and an unremorseful rejection from the trucker.,"The final act of aggression is preceded by a series of events that build up to a climactic confrontation. Here's a summary of the events leading up to the final act:1. **Initial Confrontation**: The characters are first seen in a tense situation, with one character appearing to be in distress or under threat.2. **Escape and Pursuit**: The character in distress manages to escape, leading to a chase scene where the pursuer is seen in a vehicle, indicating a high-speed chase.3. **Roadside Encounter**: The characters are seen in a roadside setting, possibly a diner or a gas station, where a tense exchange occurs, suggesting a pivotal moment in the narrative.4. **Dramatic Turn**: The scene shifts to a more dramatic and intense moment, where the characters are in a vehicle, and the tension is palpable, leading to a critical decision or action.5. **Final Confrontation**: The final act of aggression takes place in a setting that appears to be a rural or desert area, with a sense of isolation and urgency. The characters are in a vehicle, and the situation escalates to a violent confrontation.These events create a narrative arc that culminates in the final act of aggression, which is a pivotal",3090,191492,0.0161,3332,17,15000,0,64,1
tt0103074,"Before deciding to retaliate, what prompts the women?",Repeated unpleasant encounters and the trucker's obscene suggestions.,"In the context of the images provided, it appears that the women are in a situation that prompts them to consider retaliation. The specific events leading up to this moment are not depicted in the images, but based on the visual cues, it seems that they have been wronged or threatened in some way. The expressions and body language of the women suggest they are feeling provoked and are contemplating a response. The exact nature of the situation is not clear from the images alone, but it is evident that they are in a tense and potentially confrontational scenario.",3090,191492,0.0161,3332,17,15000,0,64,1
tt0103074,What is the primary setting of the movie?,A high-speed chase in desert and mountainous landscapes.,The primary setting of the movie is a desert landscape.,3462,213836,0.0162,3724,19,15000,0,64,1
tt0103074,What characterizes the main action in the story?,A pursuit between a convertible car and police vehicles.,"The main action in the story involves a character driving a car, with a focus on the interior of the vehicle and the road ahead. The character is wearing a cowboy hat and a white shirt, and there is a sense of urgency or pursuit as the car speeds down the road. The environment is desert-like with mountains in the background, and the car is kicking up dust, suggesting high speed. The character appears to be in a hurry or in a situation that requires quick action.",3462,213836,0.0162,3724,19,15000,0,64,1
tt0103074,What are the distinguishing features of the landscape?,"Dusty, rural areas transitioning to rugged, mountainous terrain.",The landscape features a desert-like environment with rocky formations and sparse vegetation.,3462,213836,0.0162,3724,19,15000,0,64,1
tt0103074,What obstacles do the protagonists encounter?,"Police barricades, a low-clearance overpass, and a vast canyon.","The image you've provided appears to be a collage of scenes from a movie or television show, featuring various characters in different settings. However, without specific context or a clear narrative, it's challenging to identify the exact obstacles the protagonists are encountering. The scenes show characters in various situations, such as driving, talking on the phone, and interacting with each other, but without more information, it's not possible to determine the nature of the obstacles they are facing. If you can provide more context or details about the characters and their situations, I might be able to offer a more precise answer.",3462,213836,0.0162,3724,19,15000,0,64,1
tt0103074,How does the chase sequence begin?,With the convertible being pursued by police across the desert.,The chase sequence begins with a police car in pursuit of a vehicle.,3462,213836,0.0162,3724,19,15000,0,64,1
tt0103074,What tactical maneuver is used to evade capture?,Driving under a pipeline overpass to briefly shake off police.,"The tactical maneuver used to evade capture involves driving away from the pursuing vehicles, as seen in the sequence of images where the vehicle is seen moving away from the police cars. This is a common tactic in high-speed chases where the pursued vehicle attempts to gain distance and create a gap between itself and the pursuing vehicles to avoid capture.",3462,213836,0.0162,3724,19,15000,0,64,1
tt0103074,What is the climax of the chase?,The convertible faces a dead end at a large canyon.,"The climax of the chase involves a high-speed chase through a desert landscape, with the pursued vehicle narrowly avoiding a collision with a police car. The scene is filled with tension and urgency, as the pursued vehicle speeds away from the police pursuit, kicking up dust and debris in the process. The final shot shows the pursued vehicle driving away from the camera, with the police car in the distance, suggesting that the chase has ended.",3462,213836,0.0162,3724,19,15000,0,64,1
tt0103074,How does the environment impact the chase?,"The desolate, challenging terrain complicates the pursuit and escape.","The environment plays a significant role in the chase depicted in the video. The open road and the lack of traffic provide a clear path for the pursuit, allowing the characters to maintain a high speed without obstruction. The surrounding landscape, which includes mountains and a clear sky, adds to the sense of urgency and isolation, emphasizing the intensity of the chase. The dust kicked up by the vehicles further highlights the speed and the harshness of the environment. The presence of a police car with flashing lights indicates that the chase is being pursued by law enforcement, adding to the tension and the stakes of the situation.",3462,213836,0.0162,3724,19,15000,0,64,1
tt0103074,How do the characters navigate their pursuit?,By performing risky driving maneuvers across varied terrains.,"The characters navigate their pursuit by driving through various environments, including a desert landscape, a gas station, and a roadside diner. They are seen in motion, with one character driving a car and another character in the passenger seat. The car is a prominent element in the scenes, suggesting that it is a key part of their pursuit. The characters also interact with each other, with one character speaking on a phone and another character looking concerned. The overall tone of the scenes suggests a sense of urgency and danger.",3462,213836,0.0162,3724,19,15000,0,64,1
tt0103074,What are key moments in the chase?,"Narrow escapes, police cars crashing, and the final standoff.","In the sequence of images from the movie, we see a series of key moments from a high-speed chase. Here's a breakdown of the scenes:1. **Initial Scene**: A car is seen driving on a road with a police car in pursuit. The car is in motion, and the police car is close behind, indicating a chase is underway.2. **High-Speed Chase**: The car speeds down the road, with the police car following closely. The speed and intensity of the chase are evident from the blurred background and the focused expressions of the characters.3. **Roadblock**: The car is seen driving through a roadblock set up by police. This is a critical moment as it suggests the chase is escalating and the pursued vehicle is attempting to evade capture.4. **Highway Chase**: The car is now on a highway, with the police car still in pursuit. The open road and the speed of the chase are emphasized by the motion blur and the intensity of the characters' expressions.5. **Dust Cloud**: The car is driving through a cloud of dust, likely kicked up by the high-speed chase. This adds to the sense of urgency and danger.6. **Final Scene**: The car is seen driving away from the camera, with the",3462,213836,0.0162,3724,19,15000,0,64,1
tt0103074,Describe a pivotal action in the pursuit.,"Squeezing under a low-clearance overpass, leaving police behind.","In the scene, a police car is seen chasing a vehicle with a person in a cowboy hat driving. The police car's lights are flashing, indicating an ongoing pursuit. The person in the cowboy hat is seen holding a phone to their ear, possibly communicating with someone. The vehicle being pursued is speeding away, and the police car is gaining on it. The scene captures the intensity and urgency of the pursuit, with the police car's lights and the vehicle's speed creating a sense of action and danger.",3462,213836,0.0162,3724,19,15000,0,64,1
tt0103074,What does the chase end with?,"The car stopping at the edge of a canyon, no route forward.","The chase ends with the vehicle being pursued by police driving off a cliff into a canyon, with the final scene showing the vehicle plummeting down the steep drop.",3462,213836,0.0162,3724,19,15000,0,64,1
tt0103074,How do the protagonists react to the chase?,"With focused driving, evasion tactics, and moments of desperation.","The protagonists exhibit a range of reactions to the chase. They appear to be in a state of urgency and distress, as indicated by their facial expressions and body language. The chase seems to be a high-stakes situation for them, and they are likely trying to evade capture or danger.",3462,213836,0.0162,3724,19,15000,0,64,1
tt0103074,What strategy temporarily aids the escape?,"Utilizing the desert's terrain to their advantage, including near-misses.","The strategy that temporarily aids the escape involves the character in the white shirt and cowboy hat using a telephone to call for help. This action leads to a distraction that allows the character in the white shirt to drive away from the scene, momentarily escaping the situation.",3462,213836,0.0162,3724,19,15000,0,64,1
tt0103074,How are the police thwarted at one point?,By the convertible's close call under a pipeline overpass.,"The police are thwarted when the car they are pursuing makes a sharp turn, causing the police car to slide on the wet road and lose sight of the vehicle.",3462,213836,0.0162,3724,19,15000,0,64,1
tt0103074,Describe the scenario at the canyon.,"A standoff beneath looming canyon walls, the ultimate escape thwarted.","The image depicts a scene at a canyon. A vehicle is driving through the canyon, and the landscape features rocky formations and a clear sky. The vehicle appears to be moving at a moderate speed, and the driver is wearing a hat. The canyon walls are rugged and steep, suggesting a natural, possibly remote location. The lighting suggests it could be either morning or late afternoon, given the softness of the shadows. The overall atmosphere is serene and somewhat adventurous.",3462,213836,0.0162,3724,19,15000,0,64,1
tt0103074,Does the pursuit take place at night?,No.,"No, the pursuit takes place during the day.",3462,213836,0.0162,3724,19,15000,0,64,1
tt0103074,Do the women successfully evade the police in the end?,No.,"Based on the images provided, it appears that the women are in a tense situation with the police in pursuit. The final image shows the car with smoke in the background, suggesting that the vehicle may have been damaged or is in the process of being pursued. However, without additional context or the ability to see the entire sequence of events, it is not possible to definitively conclude whether the women successfully evade the police or not.",3462,213836,0.0162,3724,19,15000,0,64,1
tt0103074,Is the convertible ever driven on a paved city street?,No.,"No, the convertible is not driven on a paved city street. The scenes provided show the convertible driving on a desert road and a dirt road, but not on a paved city street.",3462,213836,0.0162,3724,19,15000,0,64,1
tt0103074,Does the chase involve more than one police car?,Yes.,"Yes, the chase involves more than one police car, as indicated by the presence of multiple police vehicles in the background.",3462,213836,0.0162,3724,19,15000,0,64,1
tt0103074,"In the video, does the chase occur before the encounter at the canyon?",Yes.,"Yes, the chase occurs before the encounter at the canyon.",3462,213836,0.0162,3724,19,15000,0,64,1
tt0103074,Is the police car crash shown before the convertible reaches the canyon?,Yes.,"No, the police car crash is shown after the convertible reaches the canyon.",3462,213836,0.0162,3724,19,15000,0,64,1
tt0103074,Does the underpass maneuver happen after the pursuit begins?,Yes.,"Yes, the underpass maneuver happens after the pursuit begins.",3462,213836,0.0162,3724,19,15000,0,64,1
tt0103074,Do the protagonists look at the sky before reaching the canyon?,Yes.,"Yes, the protagonists look at the sky before reaching the canyon.",3462,213836,0.0162,3724,19,15000,0,64,1
tt0103074,Does the helicopter appear before the final standoff at the canyon?,Yes.,"No, the helicopter does not appear before the final standoff at the canyon.",3462,213836,0.0162,3724,19,15000,0,64,1
tt0103074,Is the police sprint towards their car seen before the pile-up?,Yes.,"No, the police sprinting towards their car is not seen before the pile-up.",3462,213836,0.0162,3724,19,15000,0,64,1
tt0103074,What occurs just before the car squeezes under the low-clearance overpass?,A high-speed chase through the desert.,The car is seen driving on a road with a low-clearance overpass ahead.,3462,213836,0.0162,3724,19,15000,0,64,1
tt0103074,What do we see happening before the car stops at the canyon?,The car narrowly evades police through rugged terrain.,"Before the car stops at the canyon, we see a scene where a person is sitting in a car, wearing a cowboy hat and a dark shirt, with a concerned or contemplative expression. The car is parked on a road with a scenic view of a canyon in the background. The person appears to be looking at something outside the car, possibly observing the surroundings or waiting for someone. The lighting suggests it might be late afternoon or early evening, given the long shadows and the warm tone of the light.",3462,213836,0.0162,3724,19,15000,0,64,1
tt0103074,What leads to police cars crashing?,The hasty chase and risky maneuvers by both the protagonists and police.,The police cars crash due to the actions of the characters in the film.,3462,213836,0.0162,3724,19,15000,0,64,1
tt0103074,What action precedes the pressing down on the accelerator?,Intense focus and determination while navigating through the desert.,The action that precedes the pressing down on the accelerator is the car being stationary or moving slowly.,3462,213836,0.0162,3724,19,15000,0,64,1
tt0103074,What event do we see before the helicopter hovers near the canyon?,The protagonists driving into the vast canyon region.,A car chase.,3462,213836,0.0162,3724,19,15000,0,64,1
tt0103074,"Before the two women look at the sky, what do they experience?",Moments of panic and high-speed driving in open landscapes.,"Before the two women look at the sky, they experience a moment inside a room where one woman is sitting and the other is standing, both looking at something off-screen. The standing woman appears to be speaking or reacting to the other woman.",3462,213836,0.0162,3724,19,15000,0,64,1
tt0103074,What happens just before the police car pile-up?,The protagonist's vehicle makes a close escape under the overpass.,"The scene transitions to a woman in a diner, talking on the phone, followed by a man in a car, looking at her. The woman then exits the diner, and the man follows. They are on a road with a police car in the background. The woman is seen laughing and waving at the police car, which then chases her. The man in the car is seen driving away from the police car. The woman is then seen in a car, waving at the police car, which is chasing her. The scene transitions to a woman in a car, talking on the phone, followed by a man in a car, looking at her. The woman is then seen in a car, laughing and waving at the police car, which is chasing her. The scene transitions to a woman in a car, talking on the phone, followed by a man in a car, looking at her. The woman is then seen in a car, laughing and waving at the police car, which is chasing her. The scene transitions to a woman in a car, talking on the phone, followed by a man in a car, looking at her. The woman is then seen in a car, laughing and waving at the police car, which is chasing her. The scene transitions to a",3462,213836,0.0162,3724,19,15000,0,64,1
tt0103074,What is shown before the sprint towards the police car?,The rising tension and urgency as the chase intensifies.,"A scene with a person in a white shirt and a cowboy hat, seemingly in a conversation or an argument, with a police car in the background.",3462,213836,0.0162,3724,19,15000,0,64,1
tt0103074,How does the setting contribute to the movie's climax?,The desert landscape emphasizes isolation and the starkness of their situation.,"The setting, particularly the desert landscape, contributes to the movie's climax by providing a stark and isolated environment that heightens the tension and isolation of the characters. The vastness of the desert and the harsh conditions create a sense of vulnerability and urgency, emphasizing the characters' desperation and the gravity of their situation. The climax is underscored by the intense and dramatic scenes set against this backdrop, which contrasts with the more mundane and ordinary settings earlier in the film, making the climax all the more impactful and memorable.",3750,227164,0.0165,4116,21,15000,0,64,1
tt0103074,Describe the sequence of events leading to the climax.,"A confrontation, a high-speed chase, emotional decisions, and a final defiant act.","The video begins with a scene of a woman in a white dress with a floral pattern, standing in a kitchen with a refrigerator and a microwave in the background. She is talking on a phone and appears to be in a conversation. The scene transitions to a woman in a white dress with a floral pattern standing outside a car, laughing and looking towards the camera. The next scene shows a woman in a white dress with a floral pattern sitting in a car, looking out the window with a concerned expression. The scene then cuts to a woman in a white dress with a floral pattern sitting in a car, looking out the window with a concerned expression. The scene transitions to a woman in a white dress with a floral pattern sitting in a car, looking out the window with a concerned expression. The scene then cuts to a woman in a white dress with a floral pattern sitting in a car, looking out the window with a concerned expression. The scene transitions to a woman in a white dress with a floral pattern sitting in a car, looking out the window with a concerned expression. The scene then cuts to a woman in a white dress with a floral pattern sitting in a car, looking out the window with a concerned expression. The scene transitions to a woman in a white dress with a floral",3750,227164,0.0165,4116,21,15000,0,64,1
tt0103074,What emotional tones are present in the climax?,"Desperation, resolution, defiance, and a poignant sense of liberation.","The climax of the movie presents a range of emotional tones. There is a sense of urgency and danger as the characters are pursued by law enforcement, indicated by the presence of police cars and the dust clouds kicked up by the vehicles. The characters' expressions and body language convey a mix of fear, determination, and desperation. The setting is a desert landscape, which adds to the sense of isolation and the stakes of the situation. The climax is filled with tension and action, as the characters are on the run and facing a high-risk situation.",3750,227164,0.0165,4116,21,15000,0,64,1
tt0103074,How is the car used in the movie's climax?,"As a symbol of freedom, culminating in a desperate flight off a cliff.",The car is used as a means of escape and confrontation.,3750,227164,0.0165,4116,21,15000,0,64,1
tt0103074,How does the physical environment impact the climax?,The desert and canyon add to the sense of desperation and finality.,"The physical environment plays a significant role in the climax of the movie. The characters are in a desert setting, which is vast and open, with a sense of isolation. The dust storm that occurs adds to the sense of chaos and urgency, making it difficult for the characters to navigate. The storm also creates a sense of disorientation and danger, as the characters struggle to find their way. The climax is intense and dramatic, with the characters facing a life-threatening situation in the midst of the storm. The environment heightens the tension and suspense, making the climax even more impactful.",3750,227164,0.0165,4116,21,15000,0,64,1
tt0103074,What signifies the end of the movie?,"The car flying off the cliff, a fade to white, and the start of credits.","The end of the movie is signified by the final scene where the character is seen driving away from a large explosion, with smoke and dust filling the air. The character appears to be in a state of urgency or distress, as indicated by their body language and the chaotic environment. The explosion and the character's reaction to it suggest a climactic and intense moment, which is often associated with the conclusion of a film.",3750,227164,0.0165,4116,21,15000,0,64,1
tt0103074,Can you describe the movie's final action?,A resolved leap towards freedom over a canyon's edge.,"The final action in the movie involves a car driving away from a scene with dust clouds in the background, suggesting a sense of urgency or escape.",3750,227164,0.0165,4116,21,15000,0,64,1
tt0103074,What leads up to the climactic car chase?,A series of escalating encounters with law enforcement and personal resolutions.,"The video sequence leads up to the climactic car chase through a series of events and interactions. Initially, we see a character in a diner, seemingly unaware of the impending danger. The scene transitions to a character in a car, driving away from a scene of chaos, indicating a sense of urgency or escape. The narrative progresses with a character in a diner, laughing and seemingly in a jovial mood, which contrasts with the earlier sense of urgency. This is followed by a character in a car, driving on a road with a sense of purpose or determination.The video then shows a character in a diner, looking concerned or worried, which suggests a growing sense of tension. The scene shifts to a character in a car, driving on a road with a sense of urgency, which is followed by a character in a diner, looking at a phone with a concerned expression, indicating a connection to the unfolding events.The narrative continues with a character in a car, driving on a road with a sense of urgency, which is followed by a character in a diner, looking at a phone with a concerned expression, indicating a connection to the unfolding events. The video then shows a character in a car, driving on a road with a sense of urgency, which is followed by a character in",3750,227164,0.0165,4116,21,15000,0,64,1
tt0103074,Is the movie's climax set at night?,No.,Yes.,3750,227164,0.0165,4116,21,15000,0,64,1
tt0103074,Is there a peaceful resolution with law enforcement?,No.,"The images you've provided seem to be from a film or television show, and they depict various scenes involving characters and law enforcement. However, without context, it's difficult to determine the outcome of any interactions between the characters and law enforcement. The images show moments that could be tense or confrontational, but there's no clear indication of a peaceful resolution from these stills alone. To understand the resolution, one would need to watch the sequence of events as they unfold in the context of the story.",3750,227164,0.0165,4116,21,15000,0,64,1
tt0103074,Is the environment during the climax urban?,No.,no,3750,227164,0.0165,4116,21,15000,0,64,1
tt0103074,Do both protagonists survive the movie?,No.,"In the context of the movie ""No Country for Old Men,"" the protagonists are not the main focus of the plot, but rather the central characters are Anton Chigurh, a ruthless assassin, and Llewellyn Moss, a man who stumbles upon a large sum of money and becomes embroiled in a complex web of crime and violence.The film's narrative is more concerned with the themes of fate, morality, and the nature of evil, and it does not follow a traditional narrative where protagonists must survive to the end. Instead, it explores the consequences of actions and the characters' interactions with the forces of fate and morality.Anton Chigurh, played by Javier Bardem, is a character who is determined to collect the bounty on Llewellyn Moss, played by Josh Brolin. Throughout the film, Chigurh's actions are relentless and he seems invincible. Llewellyn Moss, on the other hand, is a more sympathetic character who tries to navigate the dangerous situation he finds himself in.The film ends with Llewellyn Moss being captured by Sheriff Ed Tom Bell, played by Tommy Lee Jones, who reflects on the events that have transpired. The ending is open to interpretation, but it is",3750,227164,0.0165,4116,21,15000,0,64,1
tt0103074,Do the credits roll before the car's fate is revealed?,No.,"No, the credits do not roll before the car's fate is revealed.",3750,227164,0.0165,4116,21,15000,0,64,1
tt0103074,Is the decision to drive off the cliff made after the law enforcement's show of force?,Yes.,"Yes, the decision to drive off the cliff is made after the law enforcement's show of force.",3750,227164,0.0165,4116,21,15000,0,64,1
tt0103074,Does the emotional exchange occur before pressing the gas pedal for the final act?,Yes.,"Yes, the emotional exchange occurs before pressing the gas pedal for the final act.",3750,227164,0.0165,4116,21,15000,0,64,1
tt0103074,Are the police lights seen in the rearview mirror before the car leaps off the cliff?,Yes.,"Yes, the police lights are seen in the rearview mirror before the car leaps off the cliff.",3750,227164,0.0165,4116,21,15000,0,64,1
tt0103074,Is the intense discussion between Thelma and Louise shown before the final chase scene?,Yes.,"Yes, the intense discussion between Thelma and Louise is shown before the final chase scene.",3750,227164,0.0165,4116,21,15000,0,64,1
tt0103074,"Before the car's wheels furiously spin, what happens?","The occupants decide to continue driving, despite the blockade.",The car is stationary.,3750,227164,0.0165,4116,21,15000,0,64,1
tt0103074,"Just before the final leap of freedom, what is depicted?",A desperate chase by law enforcement and a moment of emotional intensity.,"The image you've provided appears to be a montage of scenes from a movie or television show, featuring various characters in different settings. The final image in the sequence shows a character in a vehicle, with a sense of urgency or action, as indicated by the motion blur and the presence of another vehicle in the background. The character is wearing a hat and seems to be in a situation that requires quick movement or escape. The exact context of the scene is not clear without additional information, but it suggests a moment of high tension or a pivotal action sequence in the narrative.",3750,227164,0.0165,4116,21,15000,0,64,1
tt0113243,What scenes depict intense focus and analysis?,Scenes of individuals and groups analyzing data on screens and documents.,"The scenes that depict intense focus and analysis include:1. A person working on a computer with a keyboard and monitor, suggesting they are analyzing data or working on a task that requires concentration.2. A close-up of a person's face with a serious expression, possibly indicating deep thought or analysis.3. A scene with a person looking at a computer screen with a focused expression, which could imply they are analyzing information or working on a problem.4. A person sitting at a desk with a computer, papers, and a telephone, suggesting they are engaged in a task that requires attention and analysis.5. A scene with a person looking at a computer screen with a focused expression, which could imply they are analyzing information or working on a problem.6. A person working on a computer with a keyboard and monitor, suggesting they are analyzing data or working on a task that requires concentration.7. A scene with a person looking at a computer screen with a focused expression, which could imply they are analyzing information or working on a problem.8. A person working on a computer with a keyboard and monitor, suggesting they are analyzing data or working on a task that requires concentration.9. A scene with a person looking at a computer screen with a focused expression, which could",4536,168756,0.0269,4704,24,15000,0,64,1
tt0113243,How does the environment contribute to the story?,Indoor settings with computers and papers highlight a concentrated effort in hacking and investigation.,"The environment in the video contributes to the story by providing context and setting for the characters' actions and interactions. The dark, moody atmosphere with neon lights and a cityscape suggests a late-night setting, possibly in a cyberpunk or futuristic world. The presence of a computer screen with a loading bar and a user interface indicates a setting related to technology or hacking. The classroom scene with chalkboards and students hints at a learning or educational context. The office environment with a desk and computer suggests a professional setting, possibly related to the characters' work or investigation. The residential setting with a person in a robe and another in a leather jacket suggests a personal or domestic scene. The combination of these environments helps to build the narrative and character development within the story.",4536,168756,0.0269,4704,24,15000,0,64,1
tt0113243,Describe the group's task.,The group is analyzing and hacking digital information to uncover a financial scheme.,"The image you've provided appears to be a collage of various scenes from a movie or television show. It features a mix of different characters and settings, suggesting a narrative that involves multiple storylines or a complex plot. The scenes include close-ups of individuals, possibly in conversation or in the midst of an action, as well as wider shots that show more of the environment. The color palette is varied, with some images having a more muted tone while others are brighter or have a specific color scheme that might indicate a particular mood or time of day.Without more context, it's difficult to describe the group's task in detail, as the images do not provide enough information to determine a specific task or objective. However, based on the scenes depicted, it seems that the characters are engaged in activities that could be related to investigation, confrontation, or some form of conflict resolution. The presence of different characters in various settings suggests that the group might be working on different aspects of a larger problem or storyline.",4536,168756,0.0269,4704,24,15000,0,64,1
tt0113243,What activities dominate the narrative?,"Data analysis, hacking activities, and collaborative problem-solving.","The activities that dominate the narrative include computer usage, hacking, and surveillance. Characters are seen working on computers, typing, and using technology to gather information or conduct operations. There are also scenes of surveillance, with characters monitoring screens and engaging in activities that suggest they are tracking or intercepting data. The presence of a surveillance van and the use of a computer screen displaying a surveillance interface further emphasize the theme of monitoring and data collection.",4536,168756,0.0269,4704,24,15000,0,64,1
tt0113243,How is urgency conveyed in the movie?,"Through fast typing, intense scrutiny of data, and hurried discussions.","The urgency in the movie is conveyed through various scenes and elements. For instance, the scene with the man in the blue shirt and sunglasses typing rapidly on a computer keyboard suggests a sense of urgency or haste in his work. The close-up of the computer screen with the text ""ENTER NAME"" and ""ENTER ADDRESS"" implies that the task at hand is time-sensitive. Additionally, the scene with the man in the red shirt and the woman in the white shirt, where they are both looking at a computer screen with a countdown timer, further emphasizes the urgency of the situation. The overall color scheme of the movie, with its dark and moody tones, also contributes to the feeling of urgency and tension.",4536,168756,0.0269,4704,24,15000,0,64,1
tt0113243,How do characters interact with technology?,They use computers and digital interfaces extensively for analysis and hacking.,"In the video, characters interact with technology in various ways. They are seen using computers, typing on keyboards, and engaging with digital screens. Some scenes show characters working on computers, possibly programming or hacking, as indicated by the text on the screens. There are also scenes where characters are shown in a classroom setting, which suggests they might be students or teachers using technology for educational purposes. The presence of a telephone and a person holding an umbrella suggests communication and possibly outdoor activities. The video does not provide specific details on the nature of the technology being used, but it is clear that technology plays a significant role in the interactions and activities of the characters.",4536,168756,0.0269,4704,24,15000,0,64,1
tt0113243,What dynamics change throughout the movie?,The narrative moves from individual efforts to a unified team confronting a digital conspiracy.,"The image you've provided appears to be a montage of scenes from a movie, showcasing various characters and settings. It's difficult to provide a detailed analysis of the dynamics without knowing the context of the movie, but I can describe the changes in dynamics that are suggested by the images:1. **Character Interactions**: The images show different characters in various states of interaction, from serious and intense to casual and relaxed. This suggests a range of relationships and dynamics between the characters, from professional to personal.2. **Setting and Environment**: The settings vary from indoor environments like offices and classrooms to outdoor scenes. This change in environment could indicate shifts in the plot, such as transitions from work to personal life or vice versa.3. **Emotional Tone**: The emotional tone of the scenes varies, with some images showing characters in moments of high tension or concentration, while others depict more relaxed or contemplative moments.4. **Technology and Modernity**: The presence of technology, such as computers and telephones, suggests a setting that is contemporary or at least not set in a historical period. This could imply themes of modernity, communication, and the impact of technology on society.5. **Narrative Progression**: The montage format implies a progression of the story, with each",4536,168756,0.0269,4704,24,15000,0,64,1
tt0113243,Describe the actions around the computer screens.,"Fast typing, code analysis, and scrutinizing fluctuating data and digital patterns.","The video features a sequence of scenes with a focus on computer screens and individuals interacting with them. Here's a detailed description of the actions around the computer screens:1. A person is seen typing on a computer keyboard with a screen displaying a text document.2. Another scene shows a person using a computer with a screen displaying a text document, and the person appears to be reading or typing.3. A third scene shows a person using a computer with a screen displaying a text document, and the person appears to be reading or typing.4. A fourth scene shows a person using a computer with a screen displaying a text document, and the person appears to be reading or typing.5. A fifth scene shows a person using a computer with a screen displaying a text document, and the person appears to be reading or typing.6. A sixth scene shows a person using a computer with a screen displaying a text document, and the person appears to be reading or typing.7. A seventh scene shows a person using a computer with a screen displaying a text document, and the person appears to be reading or typing.8. An eighth scene shows a person using a computer with a screen displaying a text document, and the person appears to be reading or typing.9. A",4536,168756,0.0269,4704,24,15000,0,64,1
tt0113243,How do characters collaborate?,"Through discussions, sharing findings, and collectively analyzing information.","In the video, characters collaborate in various ways, often through the use of technology and teamwork. Here are some specific examples:1. **Communication**: Characters are seen using phones and computers to communicate with each other, suggesting a need for coordination and information sharing.2. **Problem-solving**: There are scenes where characters are working together to solve problems, such as one character typing on a computer while another observes, indicating a collaborative effort.3. **Data analysis**: Characters are shown looking at screens with data, which implies they are analyzing information to make decisions or solve a mystery.4. **Physical interaction**: In one scene, characters are physically close, suggesting a shared workspace or a moment of teamwork.5. **Information sharing**: Characters are seen sharing information, as indicated by one character pointing at something on a screen, which is a common way to collaborate in a professional setting.6. **Planning and strategy**: There are scenes where characters are planning or strategizing, which often involves discussion and coordination.7. **Support and assistance**: In some scenes, one character is assisting another, which could be part of a collaborative effort to complete a task.These interactions highlight the importance of teamwork and communication in achieving goals, especially in a high-tech or investigative context.",4536,168756,0.0269,4704,24,15000,0,64,1
tt0113243,What transitional actions occur?,Shifts from document examination to digital data visualization.,"The video transitions through various scenes and elements, including:1. A title card with the text ""Metro Goldwyn Mayer"" and a lion logo, indicating the studio's branding.2. A scene with a person in a blue hat and jacket, suggesting a character or a scene from a movie or TV show.3. A close-up of a computer screen with the text ""18 LIMITS"" and a person typing, indicating a scene involving technology or hacking.4. A scene with a person in a room with a computer monitor displaying the text ""ENTER NAME"" and ""ENTER ADDRESS,"" suggesting a user interface or a login screen.5. A scene with a person in a room with a computer monitor displaying the text ""ENTER NAME"" and ""ENTER ADDRESS,"" similar to the previous scene, indicating a user interface or a login screen.6. A scene with a person in a room with a computer monitor displaying the text ""ENTER NAME"" and ""ENTER ADDRESS,"" similar to the previous scenes, indicating a user interface or a login screen.7. A scene with a person in a room with a computer monitor displaying the text ""ENTER NAME"" and ""ENTER ADDRESS,"" similar to the previous scenes, indicating a user interface or a login screen.8. A scene",4536,168756,0.0269,4704,24,15000,0,64,1
tt0113243,How is data visualized?,Through abstract digital graphics and on-screen codes and figures.,"The images provided appear to be a montage of scenes from a movie or television show, featuring various characters and settings. The scenes include close-ups of people, cityscapes, and interior shots of rooms. Some images show characters in conversation, while others show individuals working on computers or in office environments. The visual style suggests a blend of real-world settings with elements of technology and possibly a narrative involving data or information, as indicated by the presence of computer screens and the mention of data visualization in the context.In terms of data visualization, the images do not provide explicit examples of data visualization techniques such as charts, graphs, or tables. However, the presence of computer screens and the context of the scenes suggest that data might be a significant element in the storyline, possibly involving analysis, tracking, or the interpretation of information. The scenes could be depicting characters working with data, discussing its implications, or using technology to manage or understand the data in question.",4536,168756,0.0269,4704,24,15000,0,64,1
tt0113243,Describe moments of discovery.,Characters react with focus and sometimes surprise upon finding critical information.,"The image you've provided appears to be a montage of scenes from a movie or television show, featuring various characters and settings. It includes a mix of close-ups, action shots, and dialogue scenes. Here are some moments of discovery that can be inferred from the images:1. **Character Introduction**: The first image shows a lion's head, which is part of the MGM logo, indicating the start of a film or show produced by Metro-Goldwyn-Mayer. This is a common opening for many movies.2. **Urban Setting**: The second image shows a person in a car, suggesting a scene set in an urban environment, possibly involving a chase or a car-related action.3. **Computer Screen**: The third image shows a computer screen with text, which could imply a scene involving hacking, coding, or some form of digital investigation.4. **Action Scene**: The fourth image shows a person in a tense situation, possibly a fight or a confrontation, with a blurred background indicating motion.5. **Office Environment**: The fifth image shows a person in an office setting, which could be a scene involving a conversation or a work-related scenario.6. **Data Analysis**: The sixth image shows a person working on a computer with a data analysis screen, suggesting",4536,168756,0.0269,4704,24,15000,0,64,1
tt0113243,What signifies the climax of action?,"A culmination in group collaboration, intense computer work, and critical discussions.","The climax of action is signified by the text ""CRASH OVER"" displayed on the screen.",4536,168756,0.0269,4704,24,15000,0,64,1
tt0113243,Are there any informal moments among characters?,Brief occasions of consuming pizza amidst intensive work sessions hint at camaraderie.,"Yes, there are informal moments among characters in the video. For example, one scene shows a character in a classroom setting, seemingly in a relaxed posture, while another scene depicts a character in a casual conversation with someone else. Additionally, there's a moment where a character is seen in a more personal setting, possibly a bedroom, which suggests a more relaxed and informal atmosphere.",4536,168756,0.0269,4704,24,15000,0,64,1
tt0113243,Does the team discover the financial scheme?,Yes.,"The image you've provided appears to be a collage of various scenes from a movie or television show, possibly ""The Matrix,"" given the visual style and the presence of the iconic ""M"" logo at the beginning. The scenes include characters in different settings, such as a classroom, a room with a computer, and a scene with a character in a red shirt. However, without additional context or a specific question about the plot, it's not possible to determine if the team discovers a financial scheme based on these images alone. The images show characters in various situations, but they do not provide enough information to answer the question about the plot or the discovery of a financial scheme.",4536,168756,0.0269,4704,24,15000,0,64,1
tt0113243,Are digital skills crucial for the group's task?,Yes.,"Yes, digital skills are crucial for the group's task.",4536,168756,0.0269,4704,24,15000,0,64,1
tt0113243,Is the entire movie set outdoors?,No.,"No, the movie is not set entirely outdoors. The scenes include both indoor and outdoor settings.",4536,168756,0.0269,4704,24,15000,0,64,1
tt0113243,Are advanced digital interfaces used in the investigation?,Yes.,"Yes, advanced digital interfaces are used in the investigation.",4536,168756,0.0269,4704,24,15000,0,64,1
tt0113243,Is the data analysis performed before the group discussion?,Yes.,No,4536,168756,0.0269,4704,24,15000,0,64,1
tt0113243,Does stress manifest before moments of discovery?,Yes.,"The images you've provided appear to be a montage of scenes from a movie or television show, featuring various characters in different settings. The scenes include close-ups of individuals, group interactions, and computer screens displaying text, which suggests a narrative involving technology, possibly in a cyberpunk or sci-fi genre. The presence of stress and moments of discovery is a common theme in many such narratives, where characters often face challenges and uncover new information that can be both stressful and enlightening. However, without specific context or dialogue, it's not possible to definitively say if stress manifests before moments of discovery in these particular scenes.",4536,168756,0.0269,4704,24,15000,0,64,1
tt0113243,Are moments of confrontation shown before collaborative scenes?,No.,"Yes, moments of confrontation are shown before collaborative scenes.",4536,168756,0.0269,4704,24,15000,0,64,1
tt0113243,Does the visual representation of data appear before individual efforts?,No.,No,4536,168756,0.0269,4704,24,15000,0,64,1
tt0113243,Is the hacking activity initiated after the group forms a plan?,Yes.,"Yes, the hacking activity is initiated after the group forms a plan.",4536,168756,0.0269,4704,24,15000,0,64,1
tt0113243,Is character realization shown after the presentation of evidence?,Yes.,"The image you've provided appears to be a montage of scenes from a movie or television show, featuring various characters and settings. It includes a mix of scenes with different characters, some in office-like environments, others in more personal or domestic settings. The montage does not show a clear progression of a single character's realization after the presentation of evidence, as it is a compilation of different clips.If you are looking for a specific scene or character realization, please provide more context or details, and I can try to help you find the relevant information.",4536,168756,0.0269,4704,24,15000,0,64,1
tt0113243,What happens just before the group discovers the financial scheme?,Intensive data analysis and collaborative discussions.,The group discovers the financial scheme through a computer screen displaying a spreadsheet with financial data.,4536,168756,0.0269,4704,24,15000,0,64,1
tt0113243,What occurs before characters engage in hacking?,Reviewing of documents and planning strategy.,"Before characters engage in hacking, there are several scenes that set the stage for the hacking activities. These include:1. A scene with a person in a dark room with a computer, suggesting a setting for hacking activities.2. A scene with a person in a classroom, indicating an educational or academic context.3. A scene with a person in a room with a computer, possibly preparing for or involved in hacking activities.4. A scene with a person in a room with a computer, suggesting a setting for hacking activities.5. A scene with a person in a room with a computer, possibly preparing for or involved in hacking activities.6. A scene with a person in a room with a computer, suggesting a setting for hacking activities.7. A scene with a person in a room with a computer, possibly preparing for or involved in hacking activities.8. A scene with a person in a room with a computer, suggesting a setting for hacking activities.9. A scene with a person in a room with a computer, possibly preparing for or involved in hacking activities.10. A scene with a person in a room with a computer, suggesting a setting for hacking activities.11. A scene with a person in a room with a computer, possibly preparing",4536,168756,0.0269,4704,24,15000,0,64,1
tt0113243,What action precedes the confrontation with the scheme mastermind?,Discovering the full extent of the digital conspiracy.,"The confrontation with the scheme mastermind is preceded by a scene where a character is seen working on a computer, typing rapidly and looking intensely at the screen, suggesting a moment of intense focus or discovery.",4536,168756,0.0269,4704,24,15000,0,64,1
tt0113243,What is seen right before the intense discussion scenes?,Examination of printed data and computer screens.,"A person in a room with a computer monitor displaying a screen with text, followed by a scene of a person in a room with a computer monitor displaying a screen with text.",4536,168756,0.0269,4704,24,15000,0,64,1
tt0113243,"Before moments of discovery, what is usually shown?",Concentrated examination of data and coding efforts.,"The image you've provided appears to be a montage of scenes from a movie or television show, featuring various characters and settings. It includes a mix of close-ups, action shots, and dialogue scenes. The montage is designed to give a quick overview of the plot or the main characters, often used in trailers or promotional materials to entice viewers. The scenes are fast-paced and edited to create a sense of urgency or excitement. However, without specific context or the ability to identify the exact movie or show, it's difficult to provide a detailed summary of the content. If you have a specific question about the montage or need information on a particular scene, feel free to ask!",4536,168756,0.0269,4704,24,15000,0,64,1
tt0113243,What leads up to the group’s collaborative efforts?,Individual analysis and realization of the plot’s magnitude.,"The video sequence starts with the MGM logo, indicating a connection to the film industry. It then transitions to a scene with a person in a blue hat, followed by a title card that reads ""CRASH OVERLORD,"" suggesting a theme or title related to the content. The next scene shows a person working on a computer, with a focus on the screen displaying ""18 LIMITS,"" which could be a reference to a specific setting or context within the story. The sequence continues with a person in a room with a computer monitor displaying ""ENTER NAME,"" indicating an interactive element, possibly a login or input prompt.The video then shifts to a classroom setting with a person in a yellow shirt, which might imply an educational or training context. The scene transitions to a person in a red shirt working on a computer, with a monitor displaying ""ENTER NAME,"" similar to the previous scene, suggesting a theme of input or interaction. The video also includes a scene with a person in a red shirt and another in a blue shirt, both in a room with a computer monitor displaying ""ENTER NAME,"" reinforcing the theme of interaction or input.The video then shows a person in a red shirt working on a computer, with a monitor displaying ""ENTER NAME,"" followed by a scene with a",4536,168756,0.0269,4704,24,15000,0,64,1
tt0113243,What precedes the scenes of urgent activity around computers?,Gathering of information and strategizing.,A scene of a person working on a computer in a dimly lit room.,4536,168756,0.0269,4704,24,15000,0,64,1
tt0113243,What comes before the usage of digital graphics in the investigation?,Initial analysis and hypothesis formation.,The usage of digital graphics in the investigation comes before the scene where the man is sitting at a desk with a computer monitor displaying a digital interface.,4536,168756,0.0269,4704,24,15000,0,64,1
tt0113243,Where do the hackers carry out their initial covert operations?,In high-security or restricted areas.,The hackers carry out their initial covert operations in a dark alleyway in a cityscape.,4913,192864,0.0255,5096,26,15000,0,64,1
tt0113243,How do the hackers prepare for their ultimate confrontation?,"By gathering intel, installing surveillance, and coordinating in meetings.","The hackers prepare for their ultimate confrontation by working on a computer, typing rapidly, and discussing strategies.",4913,192864,0.0255,5096,26,15000,0,64,1
tt0113243,What settings do the hackers navigate through their journey?,"Restricted areas, urban environments, subway trains, and a nightclub.","The hackers navigate through various settings in their journey, including:1. A dark room with a computer monitor and a telephone, suggesting a clandestine or secretive operation.2. A classroom setting, indicating an educational or learning environment.3. A room with a computer monitor displaying a graphical user interface, which could be a command center or a hub for their activities.4. A room with a computer monitor displaying a graphical user interface, which could be a command center or a hub for their activities.5. A room with a computer monitor displaying a graphical user interface, which could be a command center or a hub for their activities.6. A room with a computer monitor displaying a graphical user interface, which could be a command center or a hub for their activities.7. A room with a computer monitor displaying a graphical user interface, which could be a command center or a hub for their activities.8. A room with a computer monitor displaying a graphical user interface, which could be a command center or a hub for their activities.9. A room with a computer monitor displaying a graphical user interface, which could be a command center or a hub for their activities.10. A room with a computer monitor displaying a graphical user interface, which could be a command center",4913,192864,0.0255,5096,26,15000,0,64,1
tt0113243,What activities signify the hackers' dedication to their cause?,Dumpster-diving for passwords and installing listening devices.,"The hackers are shown working on computers, typing rapidly, and using a payphone, indicating their dedication to their cause.",4913,192864,0.0255,5096,26,15000,0,64,1
tt0113243,What purpose serves the hackers' gathering in a nightclub?,Potentially to regroup and possibly plan their next steps.,The hackers' gathering in a nightclub serves as a social and strategic meeting point.,4913,192864,0.0255,5096,26,15000,0,64,1
tt0113243,How is the hackers' readiness for action depicted?,Through their covert operations and critical technology exchanges.,"The hackers' readiness for action is depicted through a close-up of a computer screen displaying the text ""ENTER NAME"" and ""ENTER PASSWORD,"" indicating that they are about to access a system.",4913,192864,0.0255,5096,26,15000,0,64,1
tt0113243,Describe the operation the hackers initiate in a restricted area.,"Stealthily climbing over fences, hiding, and discreetly observing surroundings.","The hackers initiate a system operation labeled ""CRASH OVERLORD,"" which is a critical and potentially dangerous action within the context of the movie. This operation is shown on a computer screen with a countdown timer, indicating the urgency and risk involved. The hackers are seen working in a dimly lit room with various computer equipment, suggesting a high-tech environment. The operation is likely related to the movie's plot involving cyber warfare or digital sabotage.",4913,192864,0.0255,5096,26,15000,0,64,1
tt0113243,What action do the hackers take upon discovering crucial information?,They immediately strategize and prepare for their decisive action against the virus.,"Upon discovering crucial information, the hackers react with urgency and determination, as indicated by their focused expressions and the rapid typing on the computer keyboard.",4913,192864,0.0255,5096,26,15000,0,64,1
tt0113243,How do the hackers equip themselves for their mission?,By scavenging for information and coordinating in subway trains and technology hubs.,"The hackers are equipped with a laptop and a telephone, which are essential tools for their mission.",4913,192864,0.0255,5096,26,15000,0,64,1
tt0113243,How is the urgent mood conveyed through the hackers' discussions?,Through intense conversations and exchanges in technically equipped rooms.,"The urgent mood is conveyed through the hackers' discussions by the use of a red-tinted screen, which is often associated with urgency or danger in visual media.",4913,192864,0.0255,5096,26,15000,0,64,1
tt0113243,What does the installation of a listening device signify?,A strategic move to gather intelligence on their adversaries.,"The installation of a listening device signifies a breach of privacy and a violation of personal space, indicating that someone is secretly monitoring or recording the conversation or activities in the room.",4913,192864,0.0255,5096,26,15000,0,64,1
tt0113243,Describe how the hackers' confrontation with the digital threat unfolds.,Through a high-stakes exchange within a hacker's hub facing a pivotal decision.,"The hackers' confrontation with the digital threat unfolds through a series of intense and suspenseful scenes. Initially, the hackers are shown working on their computers, with one of them typing rapidly on a keyboard. The scene transitions to a close-up of a computer screen displaying a message that reads ""ENTER NAME,"" indicating the start of a digital challenge or test. The hackers are then shown in a classroom setting, where one of them is writing on a blackboard with the words ""ENTER NAME"" written on it, suggesting that they are trying to solve a puzzle or complete a task.As the confrontation progresses, the hackers are shown in a dimly lit room with a large screen displaying the words ""ENTER NAME"" and ""ENTER ADDRESS."" One of the hackers is seen typing on a keyboard, while another is holding a piece of paper with a name and address written on it. The scene then transitions to a close-up of a computer screen displaying the words ""ENTER NAME"" and ""ENTER ADDRESS,"" with one of the hackers typing rapidly on a keyboard.The hackers' confrontation with the digital threat reaches its climax in a scene where one of them is shown in a dark room with a large screen displaying the words ""ENTER NAME"" and ""ENTER ADDRESS."" The hacker is typing rapidly on a",4913,192864,0.0255,5096,26,15000,0,64,1
tt0113243,How is the transition from digital planning to physical action depicted?,By showcasing their infiltration into secured areas following their digital strategizing.,"The transition from digital planning to physical action is depicted through a series of scenes that show characters working on computers, typing, and using a phone, followed by scenes of physical confrontation and action.",4913,192864,0.0255,5096,26,15000,0,64,1
tt0113243,Does a hacker disguise as a delivery person to gather intel?,Yes.,"The image you've provided appears to be a montage of scenes from a movie or television show, featuring various characters and settings. One of the scenes shows a character who seems to be a hacker, and there is a brief moment where the character is dressed as a delivery person, possibly to gather intel or to blend in with the environment. However, without more context or a clearer view of the scene, it's difficult to provide a detailed analysis of the character's actions or intentions. The montage suggests a theme of technology, hacking, and possibly espionage or undercover work.",4913,192864,0.0255,5096,26,15000,0,64,1
tt0113243,Is there a direct confrontation between the hackers and authority figures?,No.,"The images provided do not show a direct confrontation between hackers and authority figures. Instead, they depict various scenes that suggest a narrative involving hackers, such as working on computers, discussing strategies, and possibly dealing with the consequences of their actions. The presence of authority figures is implied but not directly shown in these images.",4913,192864,0.0255,5096,26,15000,0,64,1
tt0113243,Does the narrative involve a physical altercation?,No.,"Yes, the narrative involves a physical altercation.",4913,192864,0.0255,5096,26,15000,0,64,1
tt0113243,Do the hackers use public transportation as part of their operation?,Yes.,"Yes, the hackers use public transportation as part of their operation.",4913,192864,0.0255,5096,26,15000,0,64,1
tt0113243,Is the dumpster-diving scene shown after the subway train gathering?,No.,"No, the dumpster-diving scene is not shown after the subway train gathering. The dumpster-diving scene is shown after the scene with the man in the red shirt and the woman in the white shirt.",4913,192864,0.0255,5096,26,15000,0,64,1
tt0113243,Do we see the hackers preparing before making their critical decision?,Yes.,"The image you've provided appears to be a montage of scenes from a movie or television show, featuring various characters and settings. It includes a variety of shots such as a title card, a person working on a computer, a classroom setting, a character in a room with a computer screen, and several other scenes that seem to be related to a storyline involving technology and possibly hacking.However, the specific question about whether the hackers are seen preparing before making a critical decision is not directly addressed in the images provided. The images show individuals in different contexts, such as working on computers, in a classroom, or in a room with a computer screen, but they do not explicitly show the preparation or the critical decision-making process of the hackers. To answer that question accurately, we would need to see the actual scenes from the movie or show where the hackers are preparing and making decisions.",4913,192864,0.0255,5096,26,15000,0,64,1
tt0113243,Is the conversation in the tech-laden office shown before the fence climbing?,No.,"No, the conversation in the tech-laden office is shown after the fence climbing.",4913,192864,0.0255,5096,26,15000,0,64,1
tt0113243,Does the covert installation of the listening device occur before the covert tunnel passage?,Yes.,"No, the covert installation of the listening device does not occur before the covert tunnel passage.",4913,192864,0.0255,5096,26,15000,0,64,1
tt0113243,"In the video, does the assembling of hackers in the subway precede their final decision on the virus?",Yes.,"Yes, the assembling of hackers in the subway precedes their final decision on the virus.",4913,192864,0.0255,5096,26,15000,0,64,1
tt0113243,"In the video sequence, what do we see happening before the crowd surfing in the club?",The hackers preparing and gearing up in a subway train.,"Before the crowd surfing in the club, we see a man in a red shirt and a woman in a black jacket with a red scarf standing close to each other, with the man gesturing towards the woman.",4913,192864,0.0255,5096,26,15000,0,64,1
tt0113243,"Before the installation of the listening device, what do the hackers do?",They engage in dumpster-diving for employee memos with passwords.,"The hackers are shown working on a computer, with one of them typing rapidly on the keyboard.",4913,192864,0.0255,5096,26,15000,0,64,1
tt0113243,"In the video, what leads up to the hackers' gathering in the nightclub?",Espionage-related activities and discussions about the next move.,"The video shows a sequence of scenes leading up to the hackers' gathering in the nightclub. It starts with a title card for Metro Goldwyn Mayer, followed by a scene of a car being washed, a person in a blue hat, and a man in a dark room with a computer. It then transitions to a man in a dark room with a computer, a man in a red shirt with a computer, and a man in a dark suit with a computer. The video continues with a man in a dark room with a computer, a man in a red shirt with a computer, and a man in a dark suit with a computer. The video then shows a man in a dark room with a computer, a man in a red shirt with a computer, and a man in a dark suit with a computer. The video continues with a man in a dark room with a computer, a man in a red shirt with a computer, and a man in a dark suit with a computer. The video then shows a man in a dark room with a computer, a man in a red shirt with a computer, and a man in a dark suit with a computer. The video continues with a man in a dark room with a computer, a man in a red shirt with a computer",4913,192864,0.0255,5096,26,15000,0,64,1
tt0113243,What occurs before the scene of the mechanical arm adjusting the gun?,Hackers navigating through various covert activities and planning stages.,A person is seen in a dark room with a computer monitor and a telephone.,4913,192864,0.0255,5096,26,15000,0,64,1
tt0113243,"Before entering the high-stakes exchange in the hacker's hub, what is shown?","Covert operations and intel gathering, including the installation of surveillance.","A computer screen displaying the text ""ENTER NAME"" and ""ENTER PASSWORD"" is shown.",4913,192864,0.0255,5096,26,15000,0,64,1
tt0113243,What leads up to the subway train meetings among the hackers?,Various activities including dumpster-diving and covert observations in restricted areas.,"The video sequence shows a progression of scenes that lead up to the subway train meetings among the hackers. It starts with a title card for Metro Goldwyn Mayer, followed by a scene of a car being washed, a person in a hat, and a cityscape. It then transitions to a computer screen with the text ""ENTER NAME"" and ""ENTER ADDRESS,"" suggesting the hacking process. The video continues with scenes of a person typing on a computer, a classroom setting with a student named Kate Murphy, and a person in a red shirt working on a computer. The narrative develops through a scene with a person in a red shirt and another in a black jacket, followed by a classroom setting with a student named ""Dwayne"" and a person in a white shirt. The video then shows a person in a red shirt working on a computer, a classroom setting with a student named ""Dwayne"" and a person in a white shirt, and a person in a red shirt and another in a black jacket. The video wraps up with a scene of a person in a red shirt and another in a black jacket, followed by a classroom setting with a student named ""Dwayne"" and a person in a white shirt, and a person in a red shirt and another in a black jacket",4913,192864,0.0255,5096,26,15000,0,64,1
tt0113243,What is the primary theme of the video?,A coordinated hacking operation against a significant target.,"The primary theme of the video appears to be related to technology, specifically dealing with computers and digital systems. This is indicated by the presence of computer screens, keyboards, and references to ""computer systems"" and ""computer records."" The video also includes scenes of people working on computers, suggesting a focus on computer-related activities or issues.",5677,230104,0.0247,5880,30,15000,0,64,1
tt0113243,How does the situation at Grand Central Station evolve?,It starts with covert preparations and escalates to confrontation.,The situation at Grand Central Station evolves from a tense confrontation to a more chaotic and violent scene.,5677,230104,0.0247,5880,30,15000,0,64,1
tt0113243,What role do hackers worldwide play in the narrative?,"They assist in distracting the adversary, aiding the main operation.","The hackers worldwide play a significant role in the narrative, as indicated by the text ""HACKERS WORLDWIDE"" displayed on the screen. This suggests that the story involves a global network of hackers who are connected and possibly working together on a mission or a series of missions. The presence of hackers worldwide implies a collaborative effort, possibly in a cyber-espionage or cyber-attack context, given the technological and digital themes prevalent in the scenes.",5677,230104,0.0247,5880,30,15000,0,64,1
tt0113243,What symbolizes the operation's success?,The successful copying of crucial data onto a floppy disk.,The symbol that represents the operation's success is a green checkmark.,5677,230104,0.0247,5880,30,15000,0,64,1
tt0113243,How is the tension depicted in the video?,"Through pursuits, hacking visuals, and law enforcement involvement.","The video depicts tension through various scenes and elements. The opening scene shows a lion's head in a metallic frame, which is a logo for Metro Goldwyn Mayer, suggesting a sense of drama and intensity. The scene transitions to a dark, blurry image of a person, which could imply mystery or suspense. The following scene shows a person in a blue shirt with a serious expression, possibly indicating a moment of decision or confrontation.The video also includes scenes with text overlays that seem to be part of a computer interface, such as ""ENTER NAME"" and ""ENTER ADDRESS,"" which could represent a hacking or surveillance scenario, adding to the tension. There are also scenes with a person in a red shirt with a concerned expression, suggesting a high-stakes situation.The color palette is predominantly dark and muted, with flashes of bright colors like red and blue, which are often associated with danger or urgency. The use of shadows and low lighting contributes to the overall sense of tension and suspense.The video also includes a scene with a person in a red shirt with a concerned expression, suggesting a high-stakes situation. The scene with the person in the red shirt is followed by a scene with a person in a blue shirt with a concerned expression, which could indicate a moment of decision or confrontation",5677,230104,0.0247,5880,30,15000,0,64,1
tt0113243,What does the confrontation at Grand Central indicate?,The high stakes of the operation and the presence of adversaries.,"The confrontation at Grand Central indicates a significant turning point in the plot, where the main characters face off against adversaries in a high-stakes scenario.",5677,230104,0.0247,5880,30,15000,0,64,1
tt0113243,How are the hackers depicted in their environment?,"As focused and determined, often in dimly lit, technological settings.","The hackers are depicted in a dimly lit room with computer screens and equipment, suggesting a high-tech, secretive environment.",5677,230104,0.0247,5880,30,15000,0,64,1
tt0113243,What critical moment is showcased in the video?,The climax where the critical data is successfully copied.,"The critical moment showcased in the video is when the main character, portrayed by a young man with blonde hair, is shown in a tense scene with a gun pointed at him. This moment is significant as it highlights the high-stakes nature of the situation and the potential danger faced by the character. The scene is filled with tension and suspense, emphasizing the criticality of the moment in the narrative.",5677,230104,0.0247,5880,30,15000,0,64,1
tt0113243,Describe a key action taking place at Grand Central.,"Hackers using payphones, initiating the cyber attack.","A man is standing in front of a large clock on the wall, looking at his watch.",5677,230104,0.0247,5880,30,15000,0,64,1
tt0113243,How is urgency conveyed through the characters' actions?,"Through rushing, focused computer work, and confrontation.","The urgency is conveyed through the characters' actions by showing them typing rapidly on computers, engaging in intense conversations, and working under time pressure.",5677,230104,0.0247,5880,30,15000,0,64,1
tt0113243,What depicts the climax of the cyber operation?,Visuals of a file being successfully copied amid cyber chaos.,"The climax of the cyber operation is depicted by the characters working together in a high-stakes environment, with one character typing rapidly on a keyboard and another character looking at a computer screen displaying a countdown. The scene is intense and suggests a critical moment in the plot where the outcome of their actions is uncertain.",5677,230104,0.0247,5880,30,15000,0,64,1
tt0113243,What environment accompanies the hacking scenes?,"Dark, monitor-filled rooms, giving a high-tech ambiance.","The hacking scenes are accompanied by a dark, moody atmosphere with neon lighting, suggesting a high-tech, cyberpunk environment.",5677,230104,0.0247,5880,30,15000,0,64,1
tt0113243,Describe the pursuit by law enforcement.,"Officers prepare and mobilize rapidly, indicating a high-speed chase.","The video sequence depicts a scene where law enforcement is pursuing a vehicle. The footage shows a police car in pursuit of a yellow car on a city street. The police car is following closely behind, with its lights on, indicating an active pursuit. The yellow car is being pursued by the police, suggesting that the driver of the yellow car may be evading capture or is involved in some form of illegal activity. The video captures the intensity and urgency of the pursuit, with the police car maintaining a close distance to the yellow car, ready to apprehend or stop the vehicle at any moment. The scene is set in an urban environment, with buildings and city infrastructure visible in the background.",5677,230104,0.0247,5880,30,15000,0,64,1
tt0113243,How is the success of the operation visually represented?,Through the completion bar of a crucial file being copied.,"The success of the operation is visually represented through a red ""CRASH OVER"" screen, which is a common error message indicating a system failure.",5677,230104,0.0247,5880,30,15000,0,64,1
tt0113243,What is the aftermath of the cyber attack?,"Covert discussions among individuals, possibly planning or debriefing.","The aftermath of the cyber attack involves a chaotic scene with a car crash, a person in a red jacket, and a character in a blue shirt with a bow tie. There is also a scene with a person in a red jacket and another in a blue shirt with a bow tie, followed by a character in a red jacket with a gun. The aftermath also includes a scene with a person in a red jacket and another in a blue shirt with a bow tie, and a character in a red jacket with a gun. The aftermath also involves a scene with a person in a red jacket and another in a blue shirt with a bow tie, and a character in a red jacket with a gun. The aftermath also includes a scene with a person in a red jacket and another in a blue shirt with a bow tie, and a character in a red jacket with a gun. The aftermath also involves a scene with a person in a red jacket and another in a blue shirt with a bow tie, and a character in a red jacket with a gun. The aftermath also includes a scene with a person in a red jacket and another in a blue shirt with a bow tie, and a character in a red jacket with a gun. The aftermath also involves a scene with a person in a red",5677,230104,0.0247,5880,30,15000,0,64,1
tt0113243,Is there a successful evasion of law enforcement?,Yes.,"The images you've provided appear to be a montage from a movie or television show, featuring various scenes with different characters and settings. It's not possible to determine from these still images alone whether there is a successful evasion of law enforcement. To answer that question, one would need to watch the entire sequence of events as they unfold in the context of the story.",5677,230104,0.0247,5880,30,15000,0,64,1
tt0113243,Does the cyber operation face any initial setbacks?,Yes.,"Yes, the cyber operation faces initial setbacks as indicated by the text ""CRASH OVERLORD"" and ""MESS WITH THE BEST LIKE THE REST"".",5677,230104,0.0247,5880,30,15000,0,64,1
tt0113243,Are all the hackers at Grand Central Station caught?,No.,"The image you've provided appears to be a montage of scenes from a movie or television show, featuring various characters and settings. It includes scenes with individuals who seem to be involved in hacking activities, as indicated by the text overlays and the context of the scenes. However, the question about whether all the hackers at Grand Central Station are caught is not directly answered by the images provided. To determine the outcome of the plot, one would need to watch the entire movie or show and follow the storyline.",5677,230104,0.0247,5880,30,15000,0,64,1
tt0113243,Is the critical data successfully copied without interruption?,Yes.,"The video does not provide a clear answer to whether the critical data was successfully copied without interruption. It shows various scenes from the movie, including characters working on computers, discussing, and one character seemingly in distress. However, there is no explicit confirmation of the successful transfer of data.",5677,230104,0.0247,5880,30,15000,0,64,1
tt0113243,Do the hackers use traditional computers for their operation?,Yes.,"The video shows a scene where a person is working on a traditional desktop computer with a CRT monitor, which suggests that the hackers might use traditional computers for their operation. However, the video also includes a scene with a futuristic-looking computer interface, indicating that they might also use advanced technology.",5677,230104,0.0247,5880,30,15000,0,64,1
tt0113243,Are individuals portrayed in a cooperative effort throughout?,Yes.,"The images provided do not show any direct actions or interactions between individuals that would suggest a cooperative effort. Instead, they depict various scenes and elements that might be part of a larger narrative or story. Some images show individuals in different settings, such as a classroom, a computer lab, or a cityscape, which could imply individual activities or roles within a larger context. However, without additional context or a clear sequence of events, it's not possible to determine if individuals are portrayed in a cooperative effort based solely on these images.",5677,230104,0.0247,5880,30,15000,0,64,1
tt0113243,Are payphones used before the high-speed chase unfolds?,Yes.,No,5677,230104,0.0247,5880,30,15000,0,64,1
tt0113243,Is the tension with law enforcement evident before the climax of the hacking operation?,Yes.,"Yes, the tension with law enforcement is evident before the climax of the hacking operation.",5677,230104,0.0247,5880,30,15000,0,64,1
tt0113243,Is the coordination among worldwide hackers established before the operation’s success is visually confirmed?,Yes.,"The image provided does not show any direct evidence of the coordination among worldwide hackers before the operation's success. It appears to be a montage of scenes from a movie or television show, which includes various characters and settings, but it does not provide specific information about the coordination of hackers. The images show individuals in different contexts, such as a classroom, a computer lab, and a city street, but there is no clear indication of a global hacking operation or coordination among hackers in these stills.",5677,230104,0.0247,5880,30,15000,0,64,1
tt0113243,What occurs just before the critical data is successfully copied?,A climax of intense hacking visuals and tensions.,"The critical data is successfully copied just before the screen shows a red ""CRASH OVERLORD"" message.",5677,230104,0.0247,5880,30,15000,0,64,1
tt0113243,"Before the clash with law enforcement, what is depicted?",Hackers preparing and initiating the cyber attack.,"The image you've provided appears to be a montage of scenes from a movie or television show, featuring various characters and settings. The scenes include a logo that resembles the Metro-Goldwyn-Mayer (MGM) emblem, suggesting a connection to the film industry. There are also images of characters in different environments, such as a classroom, a computer lab, and what seems to be a confrontation or action sequence. The montage includes close-ups of characters, a cityscape, and a scene with a person in a red jacket. The overall theme suggests a narrative involving technology, possibly cybercrime or hacking, given the presence of computers and the mention of ""hacking"" in one of the scenes. The montage is designed to give a quick overview of the different elements and characters involved in the story.",5677,230104,0.0247,5880,30,15000,0,64,1
tt0113243,What happens before the use of payphones at Grand Central?,Hackers converge and plan the operation's onset.,"The video shows a sequence of scenes from a movie or television show. Before the use of payphones at Grand Central, there are various scenes that include:1. A title card with the text ""Metro Goldwyn Mayer"" and a lion logo, indicating the production company.2. A scene with a person in a blue hat and jacket, suggesting a character in a narrative context.3. A scene with a person in a room with a computer monitor displaying text, indicating a setting related to technology or hacking.4. A scene with a person in a room with a computer monitor displaying text, suggesting a setting related to technology or hacking.5. A scene with a person in a room with a computer monitor displaying text, suggesting a setting related to technology or hacking.6. A scene with a person in a room with a computer monitor displaying text, suggesting a setting related to technology or hacking.7. A scene with a person in a room with a computer monitor displaying text, suggesting a setting related to technology or hacking.8. A scene with a person in a room with a computer monitor displaying text, suggesting a setting related to technology or hacking.9. A scene with a person in a room with a computer monitor displaying text, suggesting a setting related to technology",5677,230104,0.0247,5880,30,15000,0,64,1
tt0113243,What leads up to the urgent discussions among individuals?,The aftermath of the successful operation and hacking efforts.,"The video sequence starts with a title card for Metro Goldwyn Mayer, indicating the beginning of a film or production. It then transitions to a scene with a person in a blue hat and jacket, followed by a title card that reads ""CRASH OVERLORD"" with a subtitle ""ENTER NAME."" This suggests a theme of entering or accessing something, possibly a system or a location. The next scene shows a person in a classroom setting, with a focus on a computer screen displaying a form with fields like ""Name,"" ""Address,"" and ""Status."" This implies a setting where personal information is being entered or accessed, possibly for identification or record-keeping purposes.The video then shifts to a scene with a person in a red shirt and another in a blue shirt, both in a room with a computer monitor displaying a form with fields like ""Name,"" ""Address,"" and ""Status."" This reinforces the theme of entering personal information. The next scene shows a person in a red shirt with a computer monitor displaying a form with fields like ""Name,"" ""Address,"" and ""Status,"" suggesting a continuation of the theme of entering personal information.The video then transitions to a scene with a person in a red shirt and another in a blue shirt, both in a room with a computer",5677,230104,0.0247,5880,30,15000,0,64,1
tt0113243,"Before the visual representation of the virus attacks, what is shown?",Hackers setting up and engaging in their computers.,"A computer screen displaying the text ""ENTER NAME"" and ""ENTER ADDRESS"" with a progress bar indicating 25% completion.",5677,230104,0.0247,5880,30,15000,0,64,1
tt0113243,What occurs right before the hackers coordinate worldwide?,Initial setbacks and the antagonist’s attempts to rebuff the attacks.,"The video shows a sequence of scenes that suggest a narrative involving hackers and a global operation. Here's a summary of the events leading up to the hackers coordinating worldwide:1. The video begins with a title card for ""Metro Goldwyn Mayer,"" indicating the production company.2. It transitions to a scene with a person in a blue hat and jacket, followed by a title card stating ""edited by"" with a name, suggesting a credit for editing work.3. The scene shifts to a cityscape with the text ""HACKERS"" appearing, indicating the theme or title of the content.4. A person is shown working on a computer with a screen displaying ""18 LIMITS,"" which could imply a hacking scenario.5. The screen changes to show a person with a keyboard and a monitor displaying ""ENTER NAME,"" suggesting an interaction with a computer system.6. The scene then shows a person in a red shirt with a laptop, followed by a scene with a person in a blue shirt with a laptop, indicating multiple individuals involved in the hacking activity.7. The video continues with a person in a red shirt typing on a laptop, with a screen displaying ""ENTER NAME,"" reinforcing the hacking theme.8. The scene transitions to a person in a blue",5677,230104,0.0247,5880,30,15000,0,64,1
tt0113243,"Before the confrontation scenes at Grand Central, what happens?",Covert preparations and the start of the cyber operation.,"The video transitions to a scene where a character is sitting at a desk with a computer monitor displaying a message that reads ""ENTER NAME."" The character appears to be in a classroom setting, with other students and a teacher visible in the background. The scene then shifts to a different setting where a character is standing in a room with a computer monitor displaying a message that reads ""ENTER NAME."" The character is wearing a red shirt and appears to be in a casual environment, possibly a home or a relaxed office space. The video continues with a scene where a character is sitting at a desk with a computer monitor displaying a message that reads ""ENTER NAME."" The character appears to be in a classroom setting, with other students and a teacher visible in the background. The scene then shifts to a different setting where a character is standing in a room with a computer monitor displaying a message that reads ""ENTER NAME."" The character is wearing a red shirt and appears to be in a casual environment, possibly a home or a relaxed office space. The video concludes with a scene where a character is sitting at a desk with a computer monitor displaying a message that reads ""ENTER NAME."" The character appears to be in a classroom setting, with other students and a teacher visible in the background. The scene then shifts",5677,230104,0.0247,5880,30,15000,0,64,1
tt0113243,What is the sequence involving a group's arrest about?,It depicts their capture and initial step towards unveiling the plot.,"The sequence involving a group's arrest shows a group of people being apprehended by police officers. The setting appears to be a public space, possibly a street or a plaza, with a backdrop of buildings and a clear sky. The group is seen in handcuffs, indicating they have been taken into custody. The police officers are in uniform, and the scene suggests a law enforcement operation or a response to an incident. The exact circumstances leading up to the arrest are not provided in the still images, but the context implies a situation that required police intervention.",6077,249900,0.0243,6468,33,15000,0,64,1
tt0113243,How does the narrative address covert activities and evidence disposal?,Through discreet actions like discarding crucial objects covertly.,"The narrative addresses covert activities and evidence disposal through several scenes that depict characters engaged in secretive and potentially illegal activities. One scene shows a character in a dark room with a computer, suggesting a clandestine operation. Another scene features a character in a room with a computer and a file cabinet, which could imply the storage of sensitive information. Additionally, there is a scene where a character is shown with a computer screen displaying a message that reads ""ENTER NAME,"" which might be related to accessing a secure system or database. The narrative also includes a scene where a character is shown with a computer screen displaying a message that reads ""CRASH OVERLAP,"" which could be a reference to a technical issue or a code. Furthermore, there is a scene where a character is shown with a computer screen displaying a message that reads ""ENTER NAME,"" which might be related to accessing a secure system or database. The narrative also includes a scene where a character is shown with a computer screen displaying a message that reads ""CRASH OVERLAP,"" which could be a reference to a technical issue or a code. Additionally, there is a scene where a character is shown with a computer screen displaying a message that reads ""ENTER NAME,"" which might be related to accessing a secure system or database. The narrative",6077,249900,0.0243,6468,33,15000,0,64,1
tt0113243,What role does technology play in the storyline?,"It's central, with hacking and broadcasting pivotal to the plot.","Technology plays a central role in the storyline, as indicated by the repeated emphasis on computer screens, hacking, and digital interfaces. The characters are shown working on computers, using software, and engaging in activities that suggest they are involved in cybercrime or digital sabotage. The presence of a ""CRASH OVERLORD"" screen and the mention of ""18 LIMITS"" suggest a narrative centered around digital threats or cyber warfare. The film's title, ""ENTER THE VOID,"" implies a journey into a virtual or digital realm, further emphasizing the importance of technology in the plot.",6077,249900,0.0243,6468,33,15000,0,64,1
tt0113243,How does the setting impact the unfolding of events?,Diverse locations add depth and complexity to the cyber warfare.,"The setting plays a crucial role in the unfolding of events in the video. The urban environment, with its towering buildings and bustling streets, sets the stage for the characters' activities. The presence of a computer screen displaying ""18 LIMITS"" suggests a technological or digital theme, which is further emphasized by the characters' interactions with computers and the mention of ""HACKERS."" The classroom setting indicates an educational or learning context, where characters are seen engaging in activities such as typing on a computer and discussing with each other. The office environment, with its formal attire and structured setting, implies a professional or corporate context, where characters are seen working on a computer and discussing with each other. The presence of a traffic light and a car in the video suggests a connection to the urban environment and possibly the characters' daily routines or activities. Overall, the setting provides a backdrop for the characters' actions and interactions, influencing the narrative and themes of the video.",6077,249900,0.0243,6468,33,15000,0,64,1
tt0113243,What key moments highlight the climax of the story?,The live broadcast exposing the plot and Plague's attempted escape.,"The climax of the story is highlighted by several key moments:1. **The Chase Scene**: The protagonist is seen running through the streets of New York City, pursued by a group of hackers. This sequence is intense and fast-paced, showcasing the protagonist's agility and the hackers' relentless pursuit.2. **The Computer Lab**: The protagonist is shown working on a computer in a dimly lit room, typing rapidly and looking at the screen with a focused expression. This scene suggests a critical moment of data analysis or hacking.3. **The Confrontation**: The protagonist confronts a group of hackers in a dark alleyway. The confrontation is tense, with the protagonist standing up to the hackers, indicating a pivotal moment in the story.4. **The Final Stand**: The protagonist is seen standing in front of a large screen displaying the words ""CRASH OVERLORD"" and ""LIFECODES"". This scene suggests a final showdown or revelation, with the protagonist facing a significant challenge or decision.5. **The Escape**: The protagonist is seen running through a crowded street, pursued by a group of people. This scene is chaotic and intense, highlighting the protagonist's desperate attempt to escape.6. **The Resolution**: The protagonist is shown standing in a",6077,249900,0.0243,6468,33,15000,0,64,1
tt0113243,How is tension built around the characters' endeavors?,"Through high-stakes hacking, covert actions, and confrontations with law enforcement.","The video showcases a series of scenes from a movie that build tension around the characters' endeavors through various elements:1. **Corporate Setting**: The opening scene features a corporate logo, setting the tone for a story that involves corporate intrigue or conflict.2. **Urban Chaos**: A scene with a car chase in a city street suggests action and urgency, indicating that the characters are involved in a high-stakes situation.3. **Computer Screens and Data**: Multiple scenes with computer screens displaying data, error messages, and code suggest a technological or cyber-related plot, where the characters are dealing with complex systems or hacking.4. **Personal and Professional Interactions**: Characters are shown in personal and professional settings, such as a classroom and a home office, indicating personal stakes and the blurring of lines between personal and professional life.5. **High-Tension Moments**: Scenes with characters in tense situations, such as one character being held at gunpoint, suggest immediate danger and high stakes.6. **Corporate Surveillance**: A scene with a character looking at a computer screen with a surveillance system implies a theme of corporate or governmental surveillance, adding to the tension.7. **Urban Nightlife**: A scene with a character in a nightclub setting suggests a social or recreational aspect to the story",6077,249900,0.0243,6468,33,15000,0,64,1
tt0113243,What significance does the broadcasted revelation serve?,"It's the turning point, publicly revealing the crime and culprits.","The broadcasted revelation in the video serves as a pivotal moment in the storyline, where the characters are shown reacting to a significant piece of information that is being broadcasted. This moment is crucial as it appears to be a turning point for the characters involved, potentially affecting their actions and decisions moving forward. The exact nature of the revelation is not clear from the stills alone, but it is evident that it has a profound impact on the narrative.",6077,249900,0.0243,6468,33,15000,0,64,1
tt0113243,How does the narrative conclude?,With the antagonist's arrest and the resolution of the cyber plot.,"The video concludes with a scene that appears to be a climactic moment from the movie. It shows a character in a dark room with a computer screen displaying a message that reads ""CRASH OVERLORD,"" suggesting a significant event or conclusion to a storyline involving a computer system or network. The character is looking at the screen with a concerned or intense expression, indicating the gravity of the situation. The scene is dark and moody, with a focus on the character's reaction, which implies a pivotal moment in the narrative.",6077,249900,0.0243,6468,33,15000,0,64,1
tt0113243,Can you describe the arrest and subsequent actions taken by the group?,"They are arrested, engage in covert signaling, and plot exposure.","The video begins with a title card for ""Metro Goldwyn Mayer,"" followed by a scene of a car being sprayed with water. This is followed by a title card stating ""edited by"" with a name, and another scene showing a person working on a computer. The next scene shows a person with a keyboard and a monitor displaying ""18 LIMITS."" The video then transitions to a scene with a person in a room with a computer monitor displaying ""ENTER NAME"" and a keyboard. The scene continues with a person in a room with a computer monitor displaying ""ENTER NAME"" and a keyboard, and another person in a room with a computer monitor displaying ""ENTER NAME"" and a keyboard. The video then shows a person in a room with a computer monitor displaying ""ENTER NAME"" and a keyboard, and another person in a room with a computer monitor displaying ""ENTER NAME"" and a keyboard. The video continues with a person in a room with a computer monitor displaying ""ENTER NAME"" and a keyboard, and another person in a room with a computer monitor displaying ""ENTER NAME"" and a keyboard. The video then shows a person in a room with a computer monitor displaying ""ENTER NAME"" and a keyboard, and another person in a room with a computer monitor displaying ""ENTER",6077,249900,0.0243,6468,33,15000,0,64,1
tt0113243,How are hacking and technology depicted in their actions?,As tools to navigate and expose the web of corruption.,"The images from the video depict various scenes related to hacking and technology. Here's a summary of the actions and elements shown:1. A person is shown working on a computer, suggesting they are engaged in some form of computer work, possibly related to hacking.2. A close-up of a computer screen displaying a command prompt with the text ""ENTER NAME"" indicates that the user is interacting with a system, likely for hacking purposes.3. A person is shown typing on a keyboard, which is a common action associated with hacking or working on a computer.4. A scene with a person in a room with a computer and a monitor displaying a command prompt, suggesting they are working on a system or engaging in hacking activities.5. A person is shown working on a computer with a monitor displaying a command prompt, indicating they are likely involved in hacking or system administration.6. A scene with a person in a room with a computer and a monitor displaying a command prompt, suggesting they are working on a system or engaging in hacking activities.7. A person is shown working on a computer with a monitor displaying a command prompt, indicating they are likely involved in hacking or system administration.8. A scene with a person in a room with a computer and a monitor displaying a",6077,249900,0.0243,6468,33,15000,0,64,1
tt0113243,What actions signify the turning point in the story?,"The act of broadcasting the truth live, revealing the antagonist's actions.","The turning point in the story is marked by the character's decision to enter the room with the computer, which leads to a series of events involving hacking and confrontation.",6077,249900,0.0243,6468,33,15000,0,64,1
tt0113243,Describe the high-tech endeavors undertaken by characters.,Intricate hacking activities and digital analysis for evidence exposure.,"The video showcases a sequence of scenes from a movie that involves high-tech endeavors. The first scene features a logo with a lion's head, suggesting a connection to a film studio. The following scenes include characters engaged in various activities that hint at a technologically advanced narrative.One character is seen working on a computer, typing rapidly, which could imply data analysis or coding. Another scene shows a person in a room with a computer monitor displaying a graphical user interface, suggesting a setting related to computer science or cybersecurity.The video also includes a scene with a person in a room with a computer, where the screen shows a graphical representation of a network or system, indicating a focus on digital technology or cyber operations. There is also a scene with a person in a room with a computer, where the screen shows a graphical representation of a network or system, indicating a focus on digital technology or cyber operations.Additionally, there is a scene with a person in a room with a computer, where the screen shows a graphical representation of a network or system, indicating a focus on digital technology or cyber operations. The video also includes a scene with a person in a room with a computer, where the screen shows a graphical representation of a network or system, indicating a focus on digital technology or cyber operations",6077,249900,0.0243,6468,33,15000,0,64,1
tt0113243,How does the narrative deal with the theme of surveillance?,By showcasing both its misuse by the antagonist and power for justice.,"The narrative deals with the theme of surveillance through various scenes that depict characters in situations where they are being watched or are in the process of monitoring others. The presence of security cameras, the use of surveillance equipment, and the characters' interactions with technology all contribute to the theme of surveillance. The scenes also suggest a sense of paranoia and the blurring of lines between privacy and observation, which are common concerns in a society where surveillance is prevalent.",6077,249900,0.0243,6468,33,15000,0,64,1
tt0113243,What final actions lead to the antagonist's arrest?,The public exposure of his plot and a failed attempt to escape.,"The final actions leading to the antagonist's arrest involve a confrontation in a public space where the antagonist is apprehended by law enforcement. The scene shows the antagonist being taken into custody by police officers, indicating the resolution of the conflict and the antagonist's capture.",6077,249900,0.0243,6468,33,15000,0,64,1
tt0113243,Is hacking utilized as a means to achieve justice?,Yes.,"The images you've provided appear to be from various scenes of a movie or television show, and they depict a range of activities and settings. However, without specific context or a clear narrative thread, it's challenging to determine if hacking is utilized as a means to achieve justice in the storyline.From the images, we can see characters in different situations, such as working on computers, engaging in conversations, and being in various environments like offices and public spaces. The presence of computers and the typing on keyboards suggest that technology plays a significant role in the story. However, the images do not provide enough information to conclusively say whether hacking is used for justice or another purpose.If you have more context or specific scenes from the movie or show, I could provide a more detailed analysis.",6077,249900,0.0243,6468,33,15000,0,64,1
tt0113243,Does the movie portray law enforcement in a positive light?,Yes.,"The image you've provided appears to be a montage of scenes from a movie, and it includes various elements that suggest a narrative involving law enforcement. However, without specific context or knowledge of the movie's plot, it's not possible to definitively say whether the movie portrays law enforcement in a positive light. The scenes show individuals in law enforcement uniforms, which could imply their involvement in the story. However, the overall tone and nature of their actions within the movie would be necessary to determine if they are portrayed positively.",6077,249900,0.0243,6468,33,15000,0,64,1
tt0113243,Is there a successful escape attempt by the antagonist?,No.,"The image you've provided appears to be a montage of scenes from a movie, possibly ""The Matrix,"" which is known for its themes of reality, computer-generated simulations, and a simulated world. The montage includes various scenes that seem to depict characters in a fight or confrontation, with one image showing a character seemingly falling or jumping from a building, which could be interpreted as an escape attempt. However, without more context or a specific scene from the movie, it's not possible to definitively say if there's a successful escape attempt by the antagonist. The images provided do not show a clear resolution to the escape attempt.",6077,249900,0.0243,6468,33,15000,0,64,1
tt0113243,Are the characters seen discussing their plan in a safehouse?,Yes.,"Yes, the characters are seen discussing their plan in a safehouse.",6077,249900,0.0243,6468,33,15000,0,64,1
tt0113243,Is the covert disk exchange executed before the arrest scenes?,Yes.,No.,6077,249900,0.0243,6468,33,15000,0,64,1
tt0113243,Does the interrogation take place before the live broadcast revelation?,Yes.,"The image you've provided appears to be a montage of scenes from a movie or television show, featuring various characters and settings. It includes a variety of scenes such as a title card with the MGM logo, a character in a car, a person working on a computer, a close-up of a face with a text overlay, a classroom setting, a character in a room with a computer, a scene with a person in a red shirt, a character in a room with a computer and a desk, a scene with a person in a red shirt and another in a blue shirt, a character in a room with a computer and a desk, a scene with a person in a red shirt and another in a blue shirt, a character in a room with a computer and a desk, a scene with a person in a red shirt and another in a blue shirt, a character in a room with a computer and a desk, a scene with a person in a red shirt and another in a blue shirt, a character in a room with a computer and a desk, a scene with a person in a red shirt and another in a blue shirt, a character in a room with a computer and a desk, a scene with a person in a red shirt and another in a blue shirt,",6077,249900,0.0243,6468,33,15000,0,64,1
tt0113243,Is the antagonist's attempted escape shown before the broadcast?,No.,No.,6077,249900,0.0243,6468,33,15000,0,64,1
tt0113243,Is the public exposure of the plot revealed after the group's arrest?,Yes.,"No, the public exposure of the plot is not revealed after the group's arrest.",6077,249900,0.0243,6468,33,15000,0,64,1
tt0113243,What happens just before the live broadcast reveal?,Intense hacking and preparation by the team.,"The video shows a sequence of scenes that appear to be from a movie or television show. Just before the live broadcast reveal, there is a scene where a character is sitting at a desk with a computer monitor displaying a message that reads ""ENTER NAME"" followed by ""ENTER ADDRESS"" and ""ENTER STATUS."" This suggests that the character is in the process of filling out a form or accessing a database. The scene transitions to another character who is standing in a room with a computer monitor displaying a message that reads ""ENTER NAME"" followed by ""ENTER ADDRESS"" and ""ENTER STATUS,"" indicating that they are also in the process of filling out a form or accessing a database. The final scene shows a character standing in a room with a computer monitor displaying a message that reads ""ENTER NAME"" followed by ""ENTER ADDRESS"" and ""ENTER STATUS,"" suggesting that they are also in the process of filling out a form or accessing a database. The character then turns to face another character who is standing in the room, and they appear to be engaged in a conversation.",6077,249900,0.0243,6468,33,15000,0,64,1
tt0113243,What occurs right before the antagonist's arrest?,The exposure of the cyber plot and his escape attempt.,"The video shows a sequence of events leading up to the antagonist's arrest. It starts with a logo screen for Metro Goldwyn Mayer, followed by a scene of a car being washed. The narrative then shifts to a character in a blue hat and jacket, who appears to be in a high-rise building, possibly an office. The scene transitions to a character in a dark room with a computer, typing rapidly. The next scene shows a character in a red shirt with a computer screen displaying ""18 LIMITS"" and a message that reads ""ENTER NAME,"" suggesting an interaction with a computer system.The video continues with a character in a red shirt typing on a computer, with a screen showing ""ENTER NAME"" and ""ENTER ADDRESS,"" indicating an attempt to access or manipulate a database. The scene then shifts to a character in a blue shirt with a computer screen displaying ""ENTER NAME"" and ""ENTER ADDRESS,"" followed by a character in a red shirt with a computer screen showing ""ENTER NAME"" and ""ENTER ADDRESS,"" suggesting a pattern of interaction with a computer system.The narrative progresses with a character in a red shirt with a computer screen displaying ""ENTER NAME"" and ""ENTER ADDRESS,"" followed by a character in a blue shirt with a computer screen showing ""ENTER NAME""",6077,249900,0.0243,6468,33,15000,0,64,1
tt0113243,What scene precedes the covert disk exchange?,Group members signaling each other discreetly.,"The scene that precedes the covert disk exchange is a man in a dark suit and hat sitting at a desk in a dimly lit room, with a cityscape visible through a window.",6077,249900,0.0243,6468,33,15000,0,64,1
tt0113243,What leads up to the interrogation scenes?,The arrest and collection of evidence by law enforcement.,"The video begins with the MGM logo, followed by a scene of a car being washed. It then transitions to a man in a blue hat and suit sitting at a desk, with the text ""edited by"" and ""rachel"" visible. The next scene shows a man in a blue shirt with glasses, typing on a computer with the text ""18 LIMITS"" on the screen. The video continues with a man in a red shirt and sunglasses, with the text ""ENTER NAME"" and ""ENTER ADDRESS"" on a computer screen. The scene then shifts to a man in a white shirt with a bow tie, speaking on a phone with the text ""ENTER NAME"" and ""ENTER ADDRESS"" on the screen. The video progresses with a man in a red shirt and sunglasses, with the text ""ENTER NAME"" and ""ENTER ADDRESS"" on the screen. The video then shows a man in a blue shirt with glasses, speaking on a phone with the text ""ENTER NAME"" and ""ENTER ADDRESS"" on the screen. The video continues with a man in a red shirt and sunglasses, with the text ""ENTER NAME"" and ""ENTER ADDRESS"" on the screen. The video then shows a man in a blue shirt with glasses, speaking on a phone with the text",6077,249900,0.0243,6468,33,15000,0,64,1
tt0113243,"Immediately before the group discussions in a safehouse, what happens?",Reviewing the situation and plotting the next steps covertly.,"Before the group discussions in a safehouse, there is a scene where a person is seen working on a computer, typing rapidly. The environment suggests a high-tech setting, possibly related to the activities of the group. The individual appears focused and is surrounded by various electronic equipment, indicating a setting that involves computer work or data analysis. This scene sets the stage for the subsequent group discussions, which likely involve strategizing or planning related to the activities they are engaged in.",6077,249900,0.0243,6468,33,15000,0,64,1
tt0114369,What is the initial crime scene involving a model about?,"The model is found dead with ""PRIDE"" written at the scene.",The initial crime scene involving a model is not described in the provided images.,4337,250096,0.0173,4508,23,15000,0,64,1
tt0114369,How do detectives proceed after the model's death?,They investigate and confront a man who surrenders himself.,"After the model's death, the detectives proceed with a thorough investigation. They examine the crime scene, collect evidence, and interview witnesses. They also review security footage and follow up on leads. The detectives work together to piece together the events leading up to the murder and identify potential suspects. They use forensic analysis and other investigative techniques to gather more information and build a case against the killer.",4337,250096,0.0173,4508,23,15000,0,64,1
tt0114369,What does the attachment of a recording device imply?,Preparation for an undercover operation or crucial recorded conversation.,"The attachment of a recording device implies that the conversation or event being observed is of significant importance and is being documented for future reference or analysis. It suggests a level of scrutiny or investigation, as the recording could be used for evidence, review, or dissemination of information.",4337,250096,0.0173,4508,23,15000,0,64,1
tt0114369,How is the tension elevated in the narrative?,Through serious discussions and the ominous handling of a gun.,"The tension in the narrative is elevated through a series of intense and suspenseful scenes. The use of dark and moody lighting, along with the characters' intense expressions and actions, contributes to the overall sense of unease and danger. The scenes are filled with elements that suggest a high-stakes investigation or confrontation, such as the characters being in a state of alertness, the presence of law enforcement, and the discovery of clues that hint at a sinister plot. The narrative also employs close-ups and quick cuts to create a sense of urgency and to focus on the emotional and physical reactions of the characters, further heightening the tension.",4337,250096,0.0173,4508,23,15000,0,64,1
tt0114369,What atmosphere is depicted in the police station?,A busy and tense atmosphere with officers and a civilian.,The police station depicted in the video has a tense and serious atmosphere.,4337,250096,0.0173,4508,23,15000,0,64,1
tt0114369,What leads to the climax of the story?,The promise of confession to more crimes and strategic preparations.,"The climax of the story is reached when the protagonist, a man in a white shirt and black vest, is seen in a tense confrontation with another man in a black suit. The scene is set in a dimly lit room with a large window in the background. The man in the white shirt is holding a gun, pointing it at the man in the black suit. The man in the black suit is also holding a gun, pointing it at the man in the white shirt. The tension between the two men is palpable, and it appears that they are about to engage in a violent confrontation. The scene is filled with suspense and anticipation, as the viewer waits to see what will happen next.",4337,250096,0.0173,4508,23,15000,0,64,1
tt0114369,What roles do detectives play in this unfolding narrative?,"They investigate crimes, strategize, and confront the climax.","Based on the images provided, detectives play a crucial role in the narrative, engaging in various investigative activities. They are seen in different settings, such as a dimly lit room with a desk and a computer, suggesting they are analyzing evidence or reviewing documents. Another detective is shown in a more formal setting, possibly an office, which could indicate a higher rank or a more senior role. The presence of a police car with flashing lights suggests active investigation or pursuit. The detectives are also seen in a more personal setting, like a living room, which might imply they are discussing the case in a more relaxed environment. The images collectively portray detectives as active, involved, and methodical in their pursuit of truth and justice.",4337,250096,0.0173,4508,23,15000,0,64,1
tt0114369,How do characters express their readiness for upcoming events?,By dressing formally and attaching recording devices.,"Characters express their readiness for upcoming events through various actions and settings. For instance, one character is seen adjusting their tie, suggesting preparation for a formal event or meeting. Another character is shown with a focused expression, possibly indicating readiness for a challenging situation. The presence of a police officer and the character's attire in a police station suggest a readiness for law enforcement duties. Additionally, characters are seen in various states of readiness, such as one character holding a gun, indicating preparedness for a potential confrontation. The overall atmosphere of the scenes suggests a sense of anticipation and readiness for the events to unfold.",4337,250096,0.0173,4508,23,15000,0,64,1
tt0114369,What actions do detectives take at the crime scene?,They analyze the situation and inspect the scene.,"The detectives are seen examining the crime scene, taking notes, and collecting evidence. They are also seen using flashlights to illuminate the area and looking through a window.",4337,250096,0.0173,4508,23,15000,0,64,1
tt0114369,Describe the atmosphere outside the police station.,A mix of calm and urgency with a parked car and a speeding taxi.,"The atmosphere outside the police station is tense and dramatic, with a police officer standing guard and a person in a dark coat and hat holding a flashlight, suggesting a serious and possibly dangerous situation.",4337,250096,0.0173,4508,23,15000,0,64,1
tt0114369,What is the significance of the bloodied man's surrender?,It marks a turning point in the investigation.,The bloodied man's surrender is significant as it indicates a pivotal moment in the narrative where the protagonist confronts his adversary. It suggests a climax in the story where the protagonist's actions lead to a confrontation that results in the antagonist's defeat or capture. This moment is crucial as it often symbolizes the resolution of the conflict and the turning point in the protagonist's journey.,4337,250096,0.0173,4508,23,15000,0,64,1
tt0114369,Describe the interaction between two individuals in a dim room.,A serious discussion with minimal movement.,"In a dimly lit room, two individuals are engaged in a conversation. One individual is standing and appears to be speaking, while the other is seated and listening attentively. The standing individual is gesturing with their hands, indicating an animated discussion. The seated individual is leaning forward slightly, suggesting engagement and interest in the conversation. The room has a subdued atmosphere, with the lighting casting shadows and creating a sense of intimacy. The interaction seems to be serious and focused, with both individuals maintaining eye contact and appearing to be deeply involved in the exchange.",4337,250096,0.0173,4508,23,15000,0,64,1
tt0114369,Does the narrative involve a formal investigation?,Yes.,"Yes, the narrative involves a formal investigation.",4337,250096,0.0173,4508,23,15000,0,64,1
tt0114369,Is there a physical altercation between characters?,No.,"Yes, there is a physical altercation between characters in the video.",4337,250096,0.0173,4508,23,15000,0,64,1
tt0114369,Do detectives engage in a chase?,No.,"The images you've provided appear to be from a film or television show, and they depict various scenes involving characters who seem to be detectives or law enforcement officers. However, the specific actions of the characters are not clear from these still images alone. In a typical detective story, it is common for detectives to engage in chases as part of their investigation. They might pursue suspects, follow leads, or respond to emergencies. The images suggest a narrative that involves investigation and possibly action, but without more context, it's not possible to confirm if a chase is a part of the storyline.",4337,250096,0.0173,4508,23,15000,0,64,1
tt0114369,Does the man with the gun fire it?,No.,"No, the man with the gun does not fire it.",4337,250096,0.0173,4508,23,15000,0,64,1
tt0114369,Does the climax involve a confession?,Yes.,"The image you've provided appears to be a montage of scenes from a film or television show, possibly involving a character who is a detective or a person involved in a mystery. The scenes show various characters in different settings, some of which seem to be related to investigation or crime-solving activities. However, without more context or a specific scene, it's not possible to determine if the climax involves a confession. Confessions are a common element in mystery and crime dramas, but they are not always the climax of the story. The climax typically involves the resolution of the central mystery or conflict. If you have a specific scene or moment in mind, please provide more details so I can give a more accurate answer.",4337,250096,0.0173,4508,23,15000,0,64,1
tt0114369,Is a formal outfit chosen before attaching a recording device?,Yes.,"Yes, a formal outfit is chosen before attaching a recording device.",4337,250096,0.0173,4508,23,15000,0,64,1
tt0114369,Is the taxi seen before the intense office discussions?,Yes.,"No, the taxi is not seen before the intense office discussions.",4337,250096,0.0173,4508,23,15000,0,64,1
tt0114369,Is the recording device prepared before the final climax?,Yes.,"The image provided does not show any direct evidence of a recording device being prepared before the final climax. The scenes depicted include various characters in different settings, such as a room with a person writing on a notepad, another person sitting at a desk, and a third person standing in a doorway. There are no clear indications of a recording device being set up or used in these scenes. The final climax typically involves a critical moment or revelation, but without specific context or a clear sequence of events, it's not possible to determine if a recording device was prepared beforehand.",4337,250096,0.0173,4508,23,15000,0,64,1
tt0114369,What occurs just before the detectives investigate the model's crime scene?,Detectives prepare for in-depth investigation.,"The detectives are shown in a dimly lit room, with one detective speaking to the other, and then they are seen walking towards the crime scene.",4337,250096,0.0173,4508,23,15000,0,64,1
tt0114369,What leads up to the preparation of the recording device?,The decision to confront and possibly record a confession.,"The preparation of the recording device is preceded by a scene where a person is seen in a dark room, possibly setting up or inspecting the equipment.",4337,250096,0.0173,4508,23,15000,0,64,1
tt0114369,What happens before the intense discussion in the dimly lit room?,Strategic preparations and a review of the case.,"Before the intense discussion in the dimly lit room, there is a scene where a person is seen in a dark room with a spotlight on them, suggesting a moment of revelation or confrontation.",4337,250096,0.0173,4508,23,15000,0,64,1
tt0114369,What precedes the handling of the gun?,A series of tense discussions and planning.,The handling of the gun precedes the scene where a person is seen holding a gun in a dimly lit room.,4337,250096,0.0173,4508,23,15000,0,64,1
tt0114369,What event occurs before the taxi scene?,Arrival outside the police station.,"The event that occurs before the taxi scene is a man sitting at a desk in a dimly lit room, looking at a piece of paper.",4337,250096,0.0173,4508,23,15000,0,64,1
tt0114369,What leads to the formal dressing sequence?,Preparation for a significant meeting or operation.,"The formal dressing sequence is led by the text ""COSTUME DESIGN BY"" followed by the names ""Gianni Nunnoli"" and ""Michael Brown"".",4337,250096,0.0173,4508,23,15000,0,64,1
tt0114369,What is the main setting for this tense journey?,A desolate desert landscape.,"The main setting for this tense journey is a dark, atmospheric environment with elements of mystery and suspense.",4693,275968,0.017,4900,25,15000,0,64,1
tt0114369,How is the surveillance aspect introduced in the movie?,Through the presence of a police helicopter monitoring the car.,"The surveillance aspect is introduced through a scene where a character is seen through a window, suggesting that someone is being observed.",4693,275968,0.017,4900,25,15000,0,64,1
tt0114369,What emotions seem to dominate the atmosphere within the vehicle?,"Tension, unease, and contemplation.",The atmosphere within the vehicle is dominated by a sense of urgency and tension.,4693,275968,0.017,4900,25,15000,0,64,1
tt0114369,What suggests a theme of confinement in this journey?,Views through a mesh barrier and focused surveillance.,"The journey is confined by the rain and the darkness, and the man is seen in a confined space, suggesting a theme of confinement.",4693,275968,0.017,4900,25,15000,0,64,1
tt0114369,How does the environment impact the narrative?,The isolated desert amplifies the sense of seclusion and gravity.,"The environment plays a significant role in setting the mood and narrative of the scenes depicted in the images. Here's a breakdown of how the environment impacts the narrative in each scene:1. **Dark, Foreboding Room**: The dark, shadowy room with a single light source creates an atmosphere of mystery and tension. This setting could imply a clandestine meeting or a moment of revelation.2. **Office Setting**: The office environment, with its desk and papers, suggests a professional setting, possibly related to investigation or research. The presence of a police officer indicates a law enforcement context.3. **Dark, Rainy Street**: The rainy street scene with a police car and a person in a raincoat adds to the sense of urgency and possibly danger. The rain and darkness contribute to a somber and suspenseful atmosphere.4. **Indoor Scene with Light**: The indoor scene with a single light source and a person in a raincoat suggests a moment of discovery or confrontation. The lighting emphasizes the person's actions and the significance of the moment.5. **Dark, Rainy Street at Night**: The nighttime setting on a rainy street with a police car and a person in a raincoat reinforces the themes of investigation and possibly danger. The darkness and rain create a",4693,275968,0.017,4900,25,15000,0,64,1
tt0114369,Are the passengers actively engaging with each other?,"Yes, through intense conversations and exchanges.","No, the passengers are not actively engaging with each other.",4693,275968,0.017,4900,25,15000,0,64,1
tt0114369,What contrasting elements are presented in the movie?,The barren exterior landscape vs. the complex emotional interior.,"The movie presents a contrast between light and dark, as seen in the scenes where characters are illuminated by a single light source in a dark room, and in other scenes where characters are in dimly lit or shadowy environments. There is also a contrast between the characters' actions and expressions, with some scenes showing characters in moments of contemplation or distress, while others depict them in more active or confrontational situations. The color palette of the movie is predominantly dark and muted, with occasional bright spots that draw attention to specific elements or characters.",4693,275968,0.017,4900,25,15000,0,64,1
tt0114369,What overarching theme ties the journey and surveillance together?,A mission enveloped in secrecy and high stakes.,"The overarching theme that ties the journey and surveillance together is the exploration of identity and the blurred lines between reality and fiction. This theme is evident in the scenes where the characters are seen in various states of surveillance and observation, suggesting a narrative that delves into the nature of truth and the ways in which individuals are perceived and understood by others. The journey itself can be seen as a metaphor for the search for self, with the characters navigating through different environments and situations that challenge their identities and the identities of those around them. The surveillance elements add a layer of complexity to this theme, highlighting the tension between personal autonomy and external scrutiny.",4693,275968,0.017,4900,25,15000,0,64,1
tt0114369,How is movement depicted in the vehicle?,Through alternating focuses on the driver and passengers.,"The movement in the vehicle is depicted through the use of a flashlight, which is turned on and off, indicating that the vehicle is in motion.",4693,275968,0.017,4900,25,15000,0,64,1
tt0114369,What actions highlight the surveillance theme?,Helicopter monitoring and views through mesh barriers.,"The actions that highlight the surveillance theme include the character being observed through a window, the presence of a police officer with a flashlight, and the character being watched from a distance.",4693,275968,0.017,4900,25,15000,0,64,1
tt0114369,Is the police helicopter's presence constant?,"Yes, suggesting continuous observation.","No, the police helicopter's presence is not constant. It is only visible in the final scene.",4693,275968,0.017,4900,25,15000,0,64,1
tt0114369,How do passengers interact within the vehicle's confines?,"With looks and conversations, reflecting tension.","The video shows passengers interacting within the vehicle's confines in various ways. Some passengers are seen standing and moving around, while others are seated. The interactions seem to be casual and typical of a public transportation setting, with passengers engaging in personal activities or conversations. The environment suggests a routine commute, with passengers either arriving at or departing from their destinations.",4693,275968,0.017,4900,25,15000,0,64,1
tt0114369,What kind of conversation takes place inside the car?,Serious and intense exchanges.,"The video shows a scene inside a car where two individuals are engaged in a conversation. One of them is holding a gun, suggesting a tense or potentially dangerous situation. The conversation appears to be serious and possibly confrontational, as indicated by the body language and the context of the scene. The exact nature of the conversation is not clear from the still images alone, but it is likely to be of a critical or urgent nature given the circumstances.",4693,275968,0.017,4900,25,15000,0,64,1
tt0114369,How does the external landscape play into the scenes?,It sets a desolate backdrop to the internal drama.,"The external landscape plays a significant role in setting the mood and context for the scenes. It is often dark and rainy, which contributes to the somber and mysterious atmosphere of the film. The rain and darkness create a sense of isolation and tension, which is fitting for the themes of the movie. The scenes are shot in a way that emphasizes the characters' emotional states and the narrative's progression, using the environment to enhance the storytelling.",4693,275968,0.017,4900,25,15000,0,64,1
tt0114369,What do the views through the mesh barrier signify?,Possible themes of confinement or restricted freedom.,"The views through the mesh barrier signify a sense of confinement and observation. It suggests that the characters are being watched or are in a situation where they are under scrutiny. This could be a prison, a detention center, or a metaphorical representation of being trapped or under surveillance. The barrier creates a physical and emotional distance between the characters and the viewer, emphasizing the theme of restriction and the power dynamics at play.",4693,275968,0.017,4900,25,15000,0,64,1
tt0114369,Is the driver's focus solely on the road?,"No, there are moments of glancing at passengers and devices.","No, the driver is also looking at the passenger.",4693,275968,0.017,4900,25,15000,0,64,1
tt0114369,Is the journey captained by a sense of urgency?,Yes.,"The images provided seem to be from a film or television show, and they depict various scenes with a sense of urgency and tension. The characters are shown in different settings, such as a dimly lit room, a police station, and a car chase, which all suggest a narrative with a fast-paced and intense atmosphere. The presence of law enforcement, the urgency in the characters' actions, and the overall mood of the scenes imply that the journey is indeed captained by a sense of urgency.",4693,275968,0.017,4900,25,15000,0,64,1
tt0114369,Do the passengers appear calm throughout the journey?,No.,"No, the passengers appear to be in a state of distress.",4693,275968,0.017,4900,25,15000,0,64,1
tt0114369,Is the surveillance helicopter a threat to the passengers?,The frames suggest it's more about monitoring than posing a threat.,"The image you've provided appears to be a montage of scenes from a movie or television show, featuring various characters in different settings. The presence of a surveillance helicopter in one of the scenes suggests a plot element involving law enforcement or a security agency monitoring the area. However, without additional context, it's not possible to definitively say whether the helicopter poses a direct threat to the passengers. The passengers seem to be in a stationary vehicle, and the helicopter is at a distance, which might indicate that the situation is under control or being observed rather than actively threatening.",4693,275968,0.017,4900,25,15000,0,64,1
tt0114369,Does the vehicle stop at any point during the journey?,No direct indication.,"Yes, the vehicle stops at a checkpoint where a person in a uniform is present.",4693,275968,0.017,4900,25,15000,0,64,1
tt0114369,Are any passengers unaware of the surveillance?,"No, the passengers seem to be aware of their situation.",The video does not provide information about whether any passengers are unaware of the surveillance.,4693,275968,0.017,4900,25,15000,0,64,1
tt0114369,Is there a confrontation within the vehicle?,"No physical altercation, but tension is evident.","The images provided do not show any direct confrontation within a vehicle. However, they do depict various scenes from what appears to be a film or television show, with characters in different settings and situations. Some images show characters in tense or serious moments, which could suggest the potential for confrontation, but without specific context, it's not possible to confirm the nature of any confrontation within a vehicle.",4693,275968,0.017,4900,25,15000,0,64,1
tt0114369,Is any technology used to contact the outside world?,No visible use of external communication devices.,"The video shows a scene where a character is seen using a phone, which is a technology used to contact the outside world.",4693,275968,0.017,4900,25,15000,0,64,1
tt0114369,Is the helicopter seen before the car starts its journey?,No.,"No, the helicopter is not seen before the car starts its journey.",4693,275968,0.017,4900,25,15000,0,64,1
tt0114369,Does a conversation happen after the surveillance is established?,Yes.,"The image you've provided appears to be a montage of scenes from a movie or television show, featuring various characters in different settings. It's difficult to determine if a conversation happens after the surveillance is established without additional context, as the images do not provide enough information to describe the dialogue or actions that occur after the surveillance is set up. The montage style of the images suggests a quick transition between different scenes, which typically does not allow for detailed analysis of specific events or conversations.",4693,275968,0.017,4900,25,15000,0,64,1
tt0114369,Is the inside of the vehicle shown before the aerial views?,Yes.,"Yes, the inside of the vehicle is shown before the aerial views.",4693,275968,0.017,4900,25,15000,0,64,1
tt0114369,Do we see the passengers before the driver?,Yes.,"No, the passengers are not seen before the driver.",4693,275968,0.017,4900,25,15000,0,64,1
tt0114369,Are the intense discussions observed before the journey begins?,"No, they unfold as the journey progresses.","The images provided do not show any direct interactions or discussions between characters. They depict various scenes and settings, including a person lying on a bed, a close-up of a notebook, a person in a car with a flashlight, a person in a room with a desk and papers, a person in a room with a television, a person in a room with a chalkboard, a person in a room with a ladder, and a person in a room with a flag. These images do not provide enough context to determine if there were any intense discussions observed before the journey begins.",4693,275968,0.017,4900,25,15000,0,64,1
tt0114369,Does the tension among passengers build up before the journey's end is hinted at?,Yes.,"Yes, the tension among passengers builds up before the journey's end is hinted at.",4693,275968,0.017,4900,25,15000,0,64,1
tt0114369,What happens just before the vehicle starts moving?,"Passengers prepare, adjusting their positions and focus.","The scene transitions to a view from inside a vehicle, where a person is seen through a window, looking out at a street scene. The vehicle then starts moving, and the view outside changes as the vehicle moves forward.",4693,275968,0.017,4900,25,15000,0,64,1
tt0114369,What occurs just before the tension among passengers escalates?,Conversations and exchanges of glances.,"The video shows a scene where a man is sitting in a car, looking out of the window with a concerned expression. The scene transitions to a close-up of a person's face, which appears to be in a state of distress or fear. This suggests that the man in the car may be witnessing or experiencing something distressing, which could be contributing to the escalating tension among passengers.",4693,275968,0.017,4900,25,15000,0,64,1
tt0114369,"Before the journey through the desert, what is established?",The surveillance setup and the passengers' initial demeanor.,The journey through the desert is established.,4693,275968,0.017,4900,25,15000,0,64,1
tt0114369,What is shown before the contemplative moments of passengers?,The desolate landscape passing by.,"A person in a dark room with a lamp, a stack of papers, and a book, suggesting a scene of investigation or research.",4693,275968,0.017,4900,25,15000,0,64,1
tt0114369,"Before the views through the mesh barrier, what do we see?",The interior dynamics among the passengers.,"Before the views through the mesh barrier, the video shows a variety of scenes including a person in a dark room with a light source, a person in a suit looking at a desk with papers, a person in a room with a lamp and a television, a person in a room with a desk and papers, a person in a room with a lamp and a television, a person in a room with a desk and papers, a person in a room with a desk and papers, a person in a room with a desk and papers, a person in a room with a desk and papers, a person in a room with a desk and papers, a person in a room with a desk and papers, a person in a room with a desk and papers, a person in a room with a desk and papers, a person in a room with a desk and papers, a person in a room with a desk and papers, a person in a room with a desk and papers, a person in a room with a desk and papers, a person in a room with a desk and papers, a person in a room with a desk and papers, a person in a room with a desk and papers, a person in a room with a desk and papers, a person in a room with",4693,275968,0.017,4900,25,15000,0,64,1
tt0114369,What precedes the intense surveillance scenes?,The setting off of the vehicle and initial interactions.,"A scene with a person in a dark room with a lamp, followed by a close-up of a hand holding a book with text that reads ""COURTNEY, M. 9.7.17. 9.7.18. 9.7.19. 9.7.20. 9.7.21. 9.7.22. 9.7.23. 9.7.24. 9.7.25. 9.7.26. 9.7.27. 9.7.28. 9.7.29. 9.7.30. 9.7.31. 9.7.32. 9.7.33. 9.7.34. 9.7.35. 9.7.36. 9.7.37. 9.7.38. 9.7.39. 9.7.40. 9.7.41. 9.7.42. 9.7.43. 9.7",4693,275968,0.017,4900,25,15000,0,64,1
tt0114369,"Before the conversation starts inside the car, what is depicted?",The close monitoring by the helicopter and preparation among passengers.,"The scene transitions to a dark, rainy street where a police car is parked. A person is seen standing outside the car, looking into the vehicle. The interior of the car is dimly lit, and a police officer is visible inside, seemingly engaged in a conversation with someone off-camera. The atmosphere is tense and the setting suggests a nighttime scenario.",4693,275968,0.017,4900,25,15000,0,64,1
tt0114369,What is the primary setting of the narrative?,"A desolate, open field with power cable towers.","The primary setting of the narrative is a dark, atmospheric room with a desk, a lamp, and a television.",5506,313012,0.0176,5880,30,15000,0,64,1
tt0114369,What triggers the final confrontation?,The opening of a mysterious box revealing horrifying contents.,The final confrontation is triggered by the character in the red shirt pointing a gun at the character in the black hat and coat.,5506,313012,0.0176,5880,30,15000,0,64,1
tt0114369,How does the landscape influence the narrative?,Its desolation underscores the isolation and tension experienced by the characters.,"The landscape in the video, characterized by a vast, open field with power lines and a clear sky, adds a sense of isolation and tension to the narrative. It suggests a remote or rural setting, which can be a significant element in the story, possibly indicating a character's journey or a pivotal moment of realization. The open space can also symbolize a character's emotional state, such as feeling lost or searching for something. The starkness of the landscape contrasts with the indoor scenes, emphasizing the isolation of the characters and the gravity of their situations.",5506,313012,0.0176,5880,30,15000,0,64,1
tt0114369,What role does the delivery van play in the story?,It delivers a mysterious box that intensifies the narrative climax.,The delivery van plays a significant role in the story as it is used by the main character to escape from the police.,5506,313012,0.0176,5880,30,15000,0,64,1
tt0114369,What's the atmosphere as the story culminates?,"The atmosphere is heavy with suspense, impending tragedy, and emotional turmoil.","The atmosphere as the story culminates is tense and dramatic. The setting is outdoors during the day, with a sense of urgency and confrontation. The characters are engaged in a high-stakes situation, with one character pointing a gun at another. The lighting is natural, with shadows cast by the characters and the surrounding environment, adding to the intensity of the scene. The overall mood is one of suspense and potential danger.",5506,313012,0.0176,5880,30,15000,0,64,1
tt0114369,How does the plot resolve?,With a shocking revelation and a devastating act of revenge.,"The image you've provided appears to be a collage of scenes from a movie or television show, featuring various characters in different settings. However, without additional context or the ability to analyze the content of the images, I'm unable to provide a summary of the plot or how it resolves. If you can provide more details or specific scenes, I might be able to offer a more detailed analysis.",5506,313012,0.0176,5880,30,15000,0,64,1
tt0114369,Describe the key actions leading to the climax.,"Surveillance, the arrival of a delivery van, and the confrontation over a mysterious box.","The video begins with a dark scene where a person is lying on the ground, seemingly injured or unconscious. The scene transitions to a close-up of a notebook with handwritten notes, followed by a shot of a person in a dark room with a light source shining on them. The narrative develops through a series of scenes showing a person in a dark room with a desk lamp, a person in a police uniform, and a person in a dark room with a chalkboard. The video continues with a scene of a person in a dark room with a desk lamp, a person in a police uniform, and a person in a dark room with a chalkboard. The video progresses with a scene of a person in a dark room with a desk lamp, a person in a police uniform, and a person in a dark room with a chalkboard. The video wraps up with a scene of a person in a dark room with a desk lamp, a person in a police uniform, and a person in a dark room with a chalkboard.",5506,313012,0.0176,5880,30,15000,0,64,1
tt0114369,How do characters interact in the climactic moment?,Through tense standoffs and dramatic confrontations.,"In the climactic moment, characters are seen in a tense and dramatic confrontation. One character is holding a gun, pointing it towards another character who is in a defensive stance. The scene is filled with tension and anticipation, as the characters face off in a standoff. The lighting is dim, emphasizing the seriousness of the situation. The characters' expressions are intense, reflecting the high stakes of their interaction. The background is minimal, focusing the viewer's attention on the confrontation between the two characters.",5506,313012,0.0176,5880,30,15000,0,64,1
tt0114369,How is suspense built through the narrative?,Through the anticipation of the box's contents and the characters' reactions.,"The suspense in the video is built through a series of scenes that create a sense of tension and mystery. Here are some elements that contribute to the suspense:1. **Dark and Mysterious Settings**: Many scenes take place in dimly lit or shadowy environments, which adds to the ominous atmosphere and makes it difficult to discern details, thereby increasing tension.2. **Close-ups and Intimacy**: Close-up shots of characters' faces and hands can create a sense of intimacy and immediacy, making the viewer feel like they are part of the scene. This can heighten the emotional impact and suspense.3. **Textual Elements**: The presence of text, such as ""Victim Forced,"" ""The New York Times,"" and ""The Ingrid,"" suggests a narrative that is unfolding, possibly involving crime or mystery, which naturally builds suspense.4. **Action and Movement**: Quick cuts and rapid movements, such as the character running down a hallway or the scene with the police lights, create a sense of urgency and action, which is typical in suspenseful narratives.5. **Silence and Stillness**: Moments of silence or stillness can be particularly effective in suspense, as they can make the viewer anticipate something significant is about to happen.6. **Character",5506,313012,0.0176,5880,30,15000,0,64,1
tt0114369,What is the emotional tone in the final scenes?,Intense emotional turmoil and moral conflict.,"The final scenes of the video exhibit a somber and intense emotional tone. The lighting is dim, and the color palette is muted, with a focus on dark blues and grays, which contributes to a serious and possibly ominous atmosphere. The characters are shown in various states of distress or contemplation, with one character appearing to be in a state of shock or fear, as indicated by their wide eyes and open mouth. The other character seems to be in a more reflective or determined state, as suggested by their posture and the context of the scene. The setting is a dimly lit room with a sense of confinement, which adds to the emotional weight of the scene. The overall tone is one of tension and gravity, suggesting a pivotal moment in the narrative.",5506,313012,0.0176,5880,30,15000,0,64,1
tt0114369,How does the environment contribute to the climax?,"The bleak, isolated setting amplifies the narrative's tension and despair.","The environment plays a crucial role in the climax of the movie by creating a sense of isolation and vulnerability for the characters. The dark, shadowy corridors and rooms, along with the rain-soaked streets, contribute to a feeling of unease and danger. The use of lighting, particularly the spotlight on the character, emphasizes their importance and the gravity of the situation. The climax is set against a backdrop of a desolate, rainy landscape, which adds to the emotional impact and the overall atmosphere of the scene.",5506,313012,0.0176,5880,30,15000,0,64,1
tt0114369,Describe how the climax unfolds visually.,"Through intense confrontations, a shocking revelation, and a pivotal, tragic decision.","The climax of the movie unfolds with a series of intense and suspenseful scenes. The protagonist, dressed in a dark suit and hat, is seen in a dimly lit room, holding a gun and looking determined. The scene transitions to a close-up of a hand holding a piece of paper with a cryptic message, followed by a shot of a person in a dark coat and hat walking through a dimly lit hallway, illuminated by a single light source.The narrative continues with the protagonist standing in a room with a green lamp, looking at a piece of paper with a message. The scene then shifts to a close-up of a hand holding a gun, pointing it towards the camera. The protagonist is then seen in a dark room, holding a gun and looking around cautiously.The climax reaches its peak with the protagonist standing in a room with a green lamp, holding a gun and looking determined. The scene transitions to a close-up of a hand holding a piece of paper with a cryptic message, followed by a shot of a person in a dark coat and hat walking through a dimly lit hallway, illuminated by a single light source.The final scenes show the protagonist standing in a room with a green lamp, holding a gun and looking determined. The scene transitions to a",5506,313012,0.0176,5880,30,15000,0,64,1
tt0114369,Does the suspect initially appear threatening?,No.,"No, the suspect initially appears non-threatening.",5506,313012,0.0176,5880,30,15000,0,64,1
tt0114369,Is the content of the mysterious box revealed immediately?,No.,"No, the content of the mysterious box is not revealed immediately.",5506,313012,0.0176,5880,30,15000,0,64,1
tt0114369,Do the detectives anticipate the tragic outcome?,No.,"The image you've provided appears to be a montage of scenes from a movie or television show, featuring various characters in different settings. It's difficult to determine from these still images alone whether the detectives anticipate a tragic outcome, as the context and the specific events leading up to that outcome are not depicted here. The images show characters in various states of activity, some in dimly lit rooms, others in more open spaces, and a few with text overlays that might provide context if they were part of a script or a storyboard. However, without additional information or the ability to view the entire sequence, it's not possible to accurately answer your question based on these images alone.",5506,313012,0.0176,5880,30,15000,0,64,1
tt0114369,Is the delivery van driver aware of the box's contents?,No.,The video does not provide information about the driver's awareness of the box's contents.,5506,313012,0.0176,5880,30,15000,0,64,1
tt0114369,Does the climax resolve all narrative tensions?,Yes.,"The image you've provided appears to be a collage of scenes from a film or television show, showcasing various characters and settings. However, without additional context or the ability to analyze the content in detail, I'm unable to determine if the climax of the narrative resolves all the narrative tensions. Typically, a film's climax is designed to tie up loose ends and provide a sense of resolution or conclusion to the story, but this would require a more in-depth analysis of the plot and character arcs within the specific narrative. If you have more information about the story or the specific scenes depicted, I could provide a more detailed analysis.",5506,313012,0.0176,5880,30,15000,0,64,1
tt0114369,Is the suspect confronted before the box is opened?,Yes.,"Yes, the suspect is confronted before the box is opened.",5506,313012,0.0176,5880,30,15000,0,64,1
tt0114369,Is the tragic revelation made before the act of revenge?,Yes.,"The images provided do not contain any text that would allow for a clear understanding of the context or the specific events being depicted. However, based on the visual cues and the typical structure of a narrative, it can be inferred that the tragic revelation is likely made before the act of revenge. This is a common storytelling technique where the audience is often given a moment of insight or understanding before the protagonist takes action, which can add depth and emotional weight to the story.",5506,313012,0.0176,5880,30,15000,0,64,1
tt0114369,Does the narrative climax occur after the delivery of the mysterious box?,Yes.,"Yes, the narrative climax occurs after the delivery of the mysterious box.",5506,313012,0.0176,5880,30,15000,0,64,1
tt0114369,Is the handgun drawn before the box's contents are revealed?,Yes.,"No, the handgun is drawn after the box's contents are revealed.",5506,313012,0.0176,5880,30,15000,0,64,1
tt0114369,Does the narrative's emotional peak occur after the opening of the box?,Yes.,"Yes, the narrative's emotional peak occurs after the opening of the box.",5506,313012,0.0176,5880,30,15000,0,64,1
tt0114369,What occurs just before the box is opened?,The box is delivered by the van driver.,"A man in a red shirt and a man in a black hat are standing in a room with a large window, and the man in the red shirt is speaking to the man in the black hat.",5506,313012,0.0176,5880,30,15000,0,64,1
tt0114369,What happens before the tragic revelation is made?,The detective begins to open the mysterious box.,"The video shows a series of scenes from a movie or television show, including a person lying on a bed, a close-up of a notebook with handwritten text, a character in a dark room with a light source, a person in a police uniform, a scene with a person in a dark room with a light source, a person in a dark room with a light source, a person in a dark room with a light source, a person in a dark room with a light source, a person in a dark room with a light source, a person in a dark room with a light source, a person in a dark room with a light source, a person in a dark room with a light source, a person in a dark room with a light source, a person in a dark room with a light source, a person in a dark room with a light source, a person in a dark room with a light source, a person in a dark room with a light source, a person in a dark room with a light source, a person in a dark room with a light source, a person in a dark room with a light source, a person in a dark room with a light source, a person in a dark room with a light source, a person in a dark",5506,313012,0.0176,5880,30,15000,0,64,1
tt0114369,What takes place before the act of revenge?,The content of the box is revealed to the characters.,"The video shows a series of scenes that build up to a climactic act of revenge. It begins with a person in a dark room, seemingly preparing for something significant. The narrative develops through various characters and settings, including a character in a police uniform, a scene with a person in a dark coat and hat, and a character in a room with a chalkboard that has writing on it. The atmosphere is tense and foreboding, with a focus on investigation and preparation. The act of revenge is not explicitly shown but is implied through the buildup of tension and the actions of the characters. The final scenes show a character in a red shirt and another in a dark coat, suggesting a confrontation or a pivotal moment in the story.",5506,313012,0.0176,5880,30,15000,0,64,1
tt0114369,What event precedes the delivery of the mysterious box?,The delivery van approaches the designated location.,The event that precedes the delivery of the mysterious box is a police officer's arrival at the scene.,5506,313012,0.0176,5880,30,15000,0,64,1
tt0114369,What leads to the detectives' decision on how to proceed?,The detective's discovery upon opening the box.,"The detectives' decision on how to proceed is influenced by the evidence they find, which includes a notebook with cryptic messages and a piece of paper with a list of names.",5506,313012,0.0176,5880,30,15000,0,64,1
tt0114369,What occurs just before the narrative's emotional climax?,The devastating impact of the box's contents is revealed.,"The narrative's emotional climax is preceded by a tense scene where a character is seen in a state of distress, with a sense of urgency and confrontation.",5506,313012,0.0176,5880,30,15000,0,64,1
tt0114369,What action does the camera take at the end?,"It pans out over a desert, symbolizing vast challenges.",The camera pans out to show a wider view of the scene.,5562,315560,0.0176,6076,31,15000,0,64,1
tt0114369,Is the desert scene symbolic of renewal?,No.,"The image you've provided appears to be a montage of scenes from a film, and it includes a scene set in a desert. Deserts are often used in film as a symbol of isolation, transformation, or a journey towards a new beginning. The barren landscape can represent a state of emptiness or a place of solitude, which can be a metaphor for a character's emotional or psychological state.In the context of the film, the desert scene could indeed be symbolic of renewal or a new beginning for the characters involved. It might represent a moment of clarity, a turning point, or a chance for the characters to start anew. The desert's vastness and the harsh conditions can also symbolize the challenges that the characters are facing and the strength they need to overcome them.However, without additional context from the film, it's difficult to provide a definitive interpretation. The desert scene could also be used to contrast with other scenes, highlighting the stark differences between the environments or the characters' experiences.",5562,315560,0.0176,6076,31,15000,0,64,1
tt0114814,What setting predominantly features throughout the movie?,A dimly-lit ship at night.,"The setting that predominantly features throughout the movie is a dark, moody atmosphere with a lot of shadows and dim lighting.",3683,188748,0.0195,3724,19,15000,0,64,1
tt0114814,How would you summarize the overall atmosphere of the movie?,"Tense, suspenseful, and dangerous.","The overall atmosphere of the movie is intense and suspenseful, with a focus on high-stakes situations and dramatic confrontations. The color palette is often dark and moody, with a lot of close-ups and low-light scenes that create a sense of tension and urgency. The characters are portrayed as complex and often in perilous situations, which adds to the overall sense of danger and intrigue.",3683,188748,0.0195,3724,19,15000,0,64,1
tt0114814,What recurring element suggests the threat of violence?,Prevalent use of firearms and preemptive actions.,The recurring element that suggests the threat of violence is the presence of a gun.,3683,188748,0.0195,3724,19,15000,0,64,1
tt0114814,Are characters often seen working alone or in groups?,"Mostly alone, suggesting secretive or individual missions.","In the scenes provided, characters are often seen in groups rather than working alone. This suggests a collaborative or social dynamic within the narrative.",3683,188748,0.0195,3724,19,15000,0,64,1
tt0114814,Does the movie’s atmosphere change significantly from start to end?,"No, it maintains a consistent level of suspense and tension.","The movie's atmosphere does change significantly from start to end. The beginning is marked by a dark, ominous tone with a lion's head emblem, suggesting a serious or dramatic theme. As the scenes progress, the atmosphere shifts to include more intense and suspenseful moments, such as characters in a police station, a man in a red shirt, and a scene with a car chase. The color palette also changes, with more vibrant and contrasting colors as the movie unfolds. The final scenes maintain a tense and dramatic atmosphere, with characters in high-stakes situations. Overall, the movie transitions from a dark and foreboding start to a more intense and suspenseful conclusion.",3683,188748,0.0195,3724,19,15000,0,64,1
tt0114814,What action is common among characters in the movie?,Stealthily navigating through confined spaces.,The common action among characters in the movie is smoking.,3683,188748,0.0195,3724,19,15000,0,64,1
tt0114814,How do characters respond to their environment?,"With caution, preparedness for confrontation, and surveillance.","In the video, characters respond to their environment in various ways that suggest tension, urgency, and confrontation. Here are some specific observations:1. **Fire and Smoke**: One scene shows a character standing in front of a fire, which could indicate a dangerous situation or a confrontation.2. **Confrontation**: Characters are seen in close proximity to each other, suggesting confrontations or tense interactions. For example, a character is pointing a gun at another character, indicating a threatening situation.3. **Fear and Anxiety**: Characters exhibit signs of fear and anxiety, such as covering their mouths with their hands, which could imply a sense of danger or surprise.4. **Escape Attempts**: In one scene, a character is seen climbing out of a window, which suggests an attempt to escape from a dangerous situation.5. **Surveillance and Observation**: Characters are shown observing others, which could imply a sense of surveillance or monitoring, adding to the tension of the scene.6. **Physical Confrontation**: A character is shown being pushed or thrown, indicating a physical altercation.7. **Fearful Posture**: A character is seen with their back against a wall, which could indicate a defensive or fearful posture.8. **Confrontation with Authority**: A character",3683,188748,0.0195,3724,19,15000,0,64,1
tt0114814,What suggests the presence of illegal or secretive activities?,"Nighttime operations, handling of mysterious packages, and covert movements.","The presence of illegal or secretive activities is suggested by the scene where a man is seen holding a gun, indicating a threatening or dangerous situation. Additionally, the scene with the man in the black jacket and the woman in the white dress suggests a clandestine meeting, which could imply illegal or secretive activities.",3683,188748,0.0195,3724,19,15000,0,64,1
tt0114814,What action initiates the tension in the movie?,Stealth operations and covert exchanges at night.,The tension in the movie is initiated by a character lighting a fuse on a bomb.,3683,188748,0.0195,3724,19,15000,0,64,1
tt0114814,What common action do characters take in preparation for conflict?,Arming themselves and readying for combat.,"Characters in the video are shown preparing for conflict in various ways. Some are seen holding weapons, such as a gun, indicating readiness for a confrontation. Others are in tense or serious situations, suggesting they are mentally preparing for a fight. The presence of weapons and the characters' focused expressions are common actions that indicate they are gearing up for a conflict.",3683,188748,0.0195,3724,19,15000,0,64,1
tt0114814,Describe an action that heightens the movie's suspense?,A sudden fire outbreak aboard the ship.,"The scene where a character is seen through a window, looking out into the night, with a sense of urgency and anticipation, heightens the movie's suspense.",3683,188748,0.0195,3724,19,15000,0,64,1
tt0114814,What crucial action takes place in an office setting?,A intense discussion that escalates to physical confrontation.,"A man is seen holding a gun, indicating a tense situation.",3683,188748,0.0195,3724,19,15000,0,64,1
tt0114814,How do characters react to an imminent threat?,"By hiding, preparing weapons, and observing cautiously.","In the video, characters react to an imminent threat in various ways. Some scenes show individuals in a state of alertness or concern, while others depict more direct confrontations. For example, one character is seen holding a gun, suggesting readiness to face danger. Another scene shows a character in a tense conversation, possibly discussing the threat. The overall tone of the scenes suggests a high-stakes situation where characters are either preparing for or reacting to a potential threat.",3683,188748,0.0195,3724,19,15000,0,64,1
tt0114814,What actions suggest a looming confrontation?,"Pointing guns, moving stealthily, and engaging in heated exchanges.","The actions that suggest a looming confrontation include a character pointing a gun, another character holding a knife, and a tense exchange between two characters in a room. These elements indicate a high-stakes situation where conflict is imminent.",3683,188748,0.0195,3724,19,15000,0,64,1
tt0114814,Is a confrontation aboard the ship resolved peacefully?,No.,"No, the confrontation aboard the ship is not resolved peacefully. The video shows a tense and potentially violent situation with characters pointing guns at each other.",3683,188748,0.0195,3724,19,15000,0,64,1
tt0114814,Does the movie depict a calm night without disruptions?,No.,"No, the movie does not depict a calm night without disruptions. The scenes include various characters in different settings, some of which are tense or dramatic, such as a man in a red shirt being escorted by police, a man in a suit looking at a body bag, and a man in a black jacket pointing a gun. These elements suggest that the movie contains action and conflict.",3683,188748,0.0195,3724,19,15000,0,64,1
tt0114814,Is anyone visibly harmed or threatened in most scenes?,Yes.,"No, there is no one visibly harmed or threatened in most scenes.",3683,188748,0.0195,3724,19,15000,0,64,1
tt0114814,Does a significant fire contribute to the movie’s climax?,Yes.,"Yes, a significant fire does contribute to the movie's climax.",3683,188748,0.0195,3724,19,15000,0,64,1
tt0114814,Is every character seen utilizing a firearm at some point?,No.,"Yes, every character seen in the images is associated with a firearm at some point.",3683,188748,0.0195,3724,19,15000,0,64,1
tt0114814,Is a character seen handling a mysterious package before a fire occurs?,Yes.,"Yes, a character is seen handling a mysterious package before a fire occurs.",3683,188748,0.0195,3724,19,15000,0,64,1
tt0114814,"In the movie, is a weapon prepared before navigating the ship's corridors?",Yes.,"Yes, in the movie, a weapon is prepared before navigating the ship's corridors.",3683,188748,0.0195,3724,19,15000,0,64,1
tt0114814,Does the scene of surveillance precede the explosive confrontation?,Yes.,"Yes, the scene of surveillance precedes the explosive confrontation.",3683,188748,0.0195,3724,19,15000,0,64,1
tt0114814,Is a stealthy advance through the ship seen before the discovery of a body?,Yes.,"Yes, a stealthy advance through the ship is seen before the discovery of a body.",3683,188748,0.0195,3724,19,15000,0,64,1
tt0114814,What occurs just before the physical altercation in the office setting?,A heated argument.,"A man in a red shirt is seen standing in front of a wall with a sign that reads ""EXIT WARS"" and a man in a blue shirt is sitting at a desk with a computer.",3683,188748,0.0195,3724,19,15000,0,64,1
tt0114814,"Before the stealth operations begin, what setting is established?",A dimly-lit dockyard at night.,"The setting established before the stealth operations begin is a dimly lit room with a man in a red shirt and a man in a blue shirt, suggesting a tense or secretive atmosphere.",3683,188748,0.0195,3724,19,15000,0,64,1
tt0114814,What do we see happening before the usage of the firearm?,Preparation and surveillance.,"The video begins with a title card featuring the Metro Goldwyn Mayer logo, indicating the start of a film. The scene transitions to a dark, moody setting where a character is seen holding a lit match, suggesting a moment of tension or preparation. The narrative develops through a series of scenes where characters are shown in various states of distress or contemplation, with one character sitting alone in a dimly lit room, another standing in a doorway with a concerned expression, and a third character in a hospital-like setting, possibly indicating a medical or emergency situation.The video continues with a character in a police uniform, suggesting a law enforcement context. The scene shifts to a character in a dark room with a lit candle, which could imply a secretive or clandestine meeting. The narrative progresses with a character in a dimly lit room with a pool table, where another character is seen with a concerned expression, indicating a possible confrontation or tense situation. The video wraps up with a character in a dark room with a lit candle, followed by a scene where a character is seen in a dimly lit room with a concerned expression, and another character is shown in a hallway with a concerned expression, suggesting a continuation of the tense atmosphere established earlier.",3683,188748,0.0195,3724,19,15000,0,64,1
tt0114814,"Before the fire outbreak on the boat, what event is depicted?",Covert actions and confrontations.,"The scene before the fire outbreak on the boat shows a man in a red shirt standing in a room with a large window, looking out at the cityscape. He appears to be in a contemplative or concerned state.",3683,188748,0.0195,3724,19,15000,0,64,1
tt0114814,"Before revealing a key suspect, what is shown?",Investigative actions and moments of tension.,"The video shows a series of scenes from a movie or television show, each with a different setting and characters. The scenes include a logo at the beginning, followed by various characters in different situations. Some scenes show individuals in a room, one with a measuring tape, another with a medical theme, and others with a more urban or industrial feel. There are also scenes with characters in a car, a room with a pool table, and a scene with a person in a dark room with a light source. The video ends with a scene that appears to be a chase or confrontation, with one character pointing a gun. The key suspect is not revealed in the provided scenes, but the context suggests a narrative involving investigation or pursuit.",3683,188748,0.0195,3724,19,15000,0,64,1
tt0114814,"Before the final violent confrontation, what leads up to it?","Conversations, discoveries, and an atmosphere of betrayal.","The video shows a series of events leading up to a final violent confrontation. Initially, there is a logo screen with the text ""Metro Goldwyn Mayer"" and a lion emblem, indicating the studio's branding. This is followed by scenes of a man in a red shirt being escorted by two men in suits, suggesting a high-stakes situation. The man in the red shirt is then shown in a room with a man in a suit, who appears to be in a position of authority, possibly questioning or interrogating him. The man in the red shirt is then seen in a hospital setting, where he is being treated by medical personnel, indicating he has been injured or is in distress.The video continues with a man in a black jacket and a red bandana pointing a gun at another man in a suit, suggesting a tense standoff. The man in the black jacket is then seen in a room with a man in a suit, who appears to be in a position of authority, possibly questioning or interrogating him. The man in the black jacket is then shown in a room with a man in a suit, who appears to be in a position of authority, possibly questioning or interrogating him. The man in the black jacket is then seen in a room with a man in",3683,188748,0.0195,3724,19,15000,0,64,1
tt0114814,What is the main theme depicted in the clips?,Serious conversations and confrontations in varying settings.,"The main theme depicted in the clips is suspense and tension, often associated with thriller or crime genres. The scenes include characters in high-stress situations, such as a man in a police car, a man in a room with a gun, and a man in a dark alleyway, all of which suggest a narrative involving danger or conflict.",4105,206584,0.0199,4312,22,15000,0,64,1
tt0114814,How do the characters' emotions and actions evolve throughout the video?,From contemplation to assertive gestures and secretive deeds.,"The video begins with a logo that suggests a connection to a film or television production company, Metro Goldwyn Mayer. The scene transitions to a dimly lit room where a man is seen holding a lighter, suggesting a moment of contemplation or preparation. The next scene shows a man in a red shirt standing in front of a window with blinds, looking out, which could indicate a moment of reflection or observation. The following scene shows a man in a suit looking at a wall covered with papers, which might imply a scene of investigation or planning.The video continues with a man in a suit looking at another man who is holding a gun, indicating a tense confrontation or negotiation. The next scene shows a man in a red shirt and a man in a suit in a room with a pool table, suggesting a social or recreational setting. The man in the red shirt is seen holding a gun, which could imply a threat or a confrontation. The scene then shifts to a man in a suit looking at a man in a red shirt, which could be a continuation of the previous confrontation.The video progresses with a man in a suit looking at a man in a red shirt, which could be a continuation of the previous confrontation. The next scene shows a man in a suit looking at a",4105,206584,0.0199,4312,22,15000,0,64,1
tt0114814,What tone is set by the transitions from indoor to outdoor scenes?,A shift from professional to personal tension and mystery.,"The transitions from indoor to outdoor scenes in the video suggest a shift from a more controlled, possibly indoor setting to an open, possibly more chaotic or unpredictable environment. The change in lighting and setting could imply a change in the narrative or the character's situation, often used in storytelling to indicate a significant plot development or a change in the character's circumstances.",4105,206584,0.0199,4312,22,15000,0,64,1
tt0114814,How does the narrative progression affect the characters?,It leads them from conversations to critical decisions/actions.,"The narrative progression in the video suggests a series of events that unfold, affecting the characters in various ways. The first image shows a logo, which could indicate the beginning of a story or the introduction of a theme. The subsequent images depict characters in different settings and situations, which could imply a progression of events or a change in the characters' circumstances.The characters are shown in a variety of contexts, such as in a room with a poster on the wall, in a car, and in a room with a lamp. These settings might suggest different times or locations within the narrative. The characters' expressions and body language change, indicating that they are experiencing different emotions and reactions to the events around them.The narrative progression affects the characters by showing them in various states of distress, contemplation, and interaction with others. The images suggest a story that involves conflict, decision-making, and possibly a climax or turning point. The characters' expressions and actions imply that they are dealing with significant challenges or revelations, which could be pivotal moments in the story.Overall, the narrative progression affects the characters by presenting them in a series of situations that test their resilience, decision-making, and emotional responses, ultimately leading to a climax or resolution of the story.",4105,206584,0.0199,4312,22,15000,0,64,1
tt0114814,What kind of interactions dominate the video?,"Intense, often confrontational dialogues.","The video contains a series of scenes from a movie or television show, featuring various characters in different settings. The interactions shown include a man lighting a match, a group of people standing in a room, a man in a red shirt looking at a wall, a man in a suit talking to someone, a man in a black jacket looking at a car, a man in a black jacket and hat looking at a woman, a man in a suit looking at a man in a black jacket, a man in a black jacket and hat looking at a woman, a man in a suit looking at a man in a black jacket, a man in a black jacket and hat looking at a woman, a man in a suit looking at a man in a black jacket, a man in a black jacket and hat looking at a woman, a man in a suit looking at a man in a black jacket, a man in a black jacket and hat looking at a woman, a man in a suit looking at a man in a black jacket, a man in a black jacket and hat looking at a woman, a man in a suit looking at a man in a black jacket, a man in a black jacket and hat looking at a woman, a man in a suit looking at a man in",4105,206584,0.0199,4312,22,15000,0,64,1
tt0114814,Can you identify a key turning point in the story?,The transition to nighttime outdoor scenes with secretive actions.,"The key turning point in the story appears to be when the character in the red shirt is seen in a room with a large window, looking out and speaking to someone off-screen. This moment suggests a significant revelation or decision-making point in the narrative.",4105,206584,0.0199,4312,22,15000,0,64,1
tt0114814,What atmospheric change is portrayed in the clips?,From contemplative and confrontational to secretive and tense.,"The clips portray a change from a dark, ominous atmosphere to a more hopeful and serene one.",4105,206584,0.0199,4312,22,15000,0,64,1
tt0114814,What actions suggest a pivotal moment in the video?,A character igniting a fire at a dock.,"The actions suggesting a pivotal moment in the video include the character lighting a match, which could imply a significant event or turning point. Additionally, the character's contemplative and intense expressions, as well as the dramatic lighting and setting, contribute to the sense of a pivotal moment.",4105,206584,0.0199,4312,22,15000,0,64,1
tt0114814,How do characters' postures reflect their roles or states?,Seated contemplations and assertive standing gestures indicate authority or decision-making.,"The postures of the characters in the images convey a range of emotions and roles. For instance, the character in the first image, who is holding a lit match, has a posture that suggests he is in a moment of contemplation or decision-making, possibly about the match he is holding. His gaze is directed away from the match, which could indicate he is lost in thought or considering the consequences of his actions.In the second image, the character's posture is more relaxed, leaning against a wall with his eyes closed, which might suggest he is in a moment of rest or deep thought. His closed eyes and the casual posture could imply a moment of introspection or fatigue.The third image shows a character with his hand to his face, which is a gesture often associated with deep thought, concern, or contemplation. This posture, combined with the character's expression, suggests he is engaged in a serious or troubling situation.In the fourth image, the character's posture is more active, with his hand on his chin, which is a classic pose for someone thinking or considering something. This, along with his focused gaze, indicates he is in a state of thoughtfulness or problem-solving.The fifth image shows a character with his hand on his head, which is often",4105,206584,0.0199,4312,22,15000,0,64,1
tt0114814,Is any specific event repeated or emphasized in the clips?,"Serious conversations, often in office settings.","Yes, the scene with the man in the red shirt and the man in the blue shirt is repeated, emphasizing the interaction between the two characters.",4105,206584,0.0199,4312,22,15000,0,64,1
tt0114814,What symbolizes conflict or menace in the story?,The handling of a gun in a dark scene.,The lion's head in the Metro Goldwyn Mayer logo symbolizes conflict or menace in the story.,4105,206584,0.0199,4312,22,15000,0,64,1
tt0114814,How do the settings contribute to the story's tension?,Offices imply formal confrontations; dim rooms and docks add mystery.,"The settings contribute to the story's tension by providing a backdrop that is often associated with suspense and danger. The dark, shadowy areas and the presence of fire and smoke suggest a high-stakes environment. The confined spaces, such as the cell and the narrow corridors, imply isolation and vulnerability. The use of dim lighting and the presence of armed individuals in the final scenes heighten the sense of danger and urgency.",4105,206584,0.0199,4312,22,15000,0,64,1
tt0114814,What behavior indicates a climactic build-up?,The act of lighting a fire and watching it ignite.,"The behavior that indicates a climactic build-up in the video is the character's intense and focused demeanor, particularly when he is seen holding a gun and pointing it towards someone else. This suggests a confrontation or a critical moment in the storyline.",4105,206584,0.0199,4312,22,15000,0,64,1
tt0114814,Does a character visibly confront another with a gun?,No.,"Yes, a character confronts another with a gun in the scene.",4105,206584,0.0199,4312,22,15000,0,64,1
tt0114814,Is a critical decision made in the presence of another character?,Yes.,Yes,4105,206584,0.0199,4312,22,15000,0,64,1
tt0114814,Does the narrative include the use of technology for communication?,No.,"Yes, the narrative includes the use of technology for communication.",4105,206584,0.0199,4312,22,15000,0,64,1
tt0114814,Are the characters seen traveling together at any point?,Yes.,"Yes, the characters are seen traveling together in a car at night.",4105,206584,0.0199,4312,22,15000,0,64,1
tt0114814,Does a character contemplate before engaging in a serious dialogue?,Yes.,"Yes, one of the scenes shows a character in a contemplative pose, suggesting they are thinking before engaging in a serious dialogue.",4105,206584,0.0199,4312,22,15000,0,64,1
tt0114814,Is a story recounted in a solemn manner before displaying authoritative postures?,Yes.,"The images you've provided seem to be from a movie or a television show, and they depict various scenes with characters in different situations. The story being recounted in a solemn manner is not directly visible in these images, but the authoritative postures of the characters suggest a serious or intense narrative. The images show characters in various settings, some in what appears to be a police station or a similar institutional environment, and others in more private or domestic settings. The expressions and body language of the characters convey a sense of gravity and importance, which could be indicative of a story with significant themes or plot points.",4105,206584,0.0199,4312,22,15000,0,64,1
tt0114814,What happens just before a character ignites a fire?,A night scene is depicted at a deserted marina.,"A character is seen holding a lighter in a dimly lit room, preparing to ignite something.",4105,206584,0.0199,4312,22,15000,0,64,1
tt0114814,What do we see happening before the tense argument between two individuals?,They engage in exchange of critical dialogue.,"A man in a red shirt is seen standing in a room with a large window, looking out at the cityscape.",4105,206584,0.0199,4312,22,15000,0,64,1
tt0114814,What action precedes the revealing of a mysterious shadowy figure?,Characters participate in interrogations or reflective conversations.,The action that precedes the revealing of a mysterious shadowy figure is a man in a red shirt and black hat walking through a room with a poster on the wall.,4105,206584,0.0199,4312,22,15000,0,64,1
tt0114814,What is shown before the appearance of nautical elements like ropes?,"A night scene at a quiet, deserted marina.","A man in a dark suit and hat is shown in a dimly lit room, holding a small object close to his face, possibly a lighter or a small tool.",4105,206584,0.0199,4312,22,15000,0,64,1
tt0114814,Describe the setting where the interrogation takes place.,A cluttered office filled with investigative documents.,The interrogation takes place in a dimly lit room with a window in the background.,4653,220892,0.0211,4900,25,15000,0,64,1
tt0114814,How are clues to the deception presented?,Through close-ups of objects in the office.,"The video presents a series of scenes that suggest a narrative involving deception and investigation. Here are the clues to the deception presented in the video:1. The opening scene shows a logo with the text ""Metro Goldwyn Mayer"" and ""GRATIS AGRATIS,"" which could imply a theme of generosity or a cover for something else.2. A man is seen holding a lighter, which might symbolize ignition or revelation.3. A man in a red shirt is shown in a room with a poster that reads ""LOST & FOUND,"" which could indicate a search for something or someone.4. A man in a suit is seen in a room with a poster that reads ""LOST & FOUND,"" suggesting a connection to the previous scene.5. A man in a black jacket is shown in a room with a poster that reads ""LOST & FOUND,"" further emphasizing the theme of searching for something.6. A man in a black jacket is shown in a room with a poster that reads ""LOST & FOUND,"" indicating a continuation of the search.7. A man in a black jacket is shown in a room with a poster that reads ""LOST & FOUND,"" suggesting a progression of the search.8. A man in a black jacket is",4653,220892,0.0211,4900,25,15000,0,64,1
tt0114814,How is the office environment depicted?,"Cluttered, chaotic, filled with layers of investigation.","The office environment is depicted as cluttered and chaotic, with papers and items scattered around.",4653,220892,0.0211,4900,25,15000,0,64,1
tt0114814,What significant event takes place with the coffee cup?,"A coffee cup with a clue breaks, signaling a realization.","The coffee cup is knocked over, spilling its contents.",4653,220892,0.0211,4900,25,15000,0,64,1
tt0114814,Is the interrogation shown to occur outside the office?,No.,"Yes, the interrogation occurs outside the office.",4653,220892,0.0211,4900,25,15000,0,64,1
tt0114814,How does the man successfully demonstrate a change in his physical condition?,By walking without a limp and shaking out his hand.,The man demonstrates a change in his physical condition by removing his jacket to reveal a muscular physique underneath.,4665,221676,0.021,5096,26,15000,0,64,1
tt0114814,What activity does the man undertake before entering the car?,He lights a cigarette and observes his surroundings.,The man is seen lighting a cigarette before entering the car.,4665,221676,0.021,5096,26,15000,0,64,1
tt0114814,How does the movie indicate a significant reveal of the man's true identity?,Through his transformed demeanor and the departure scene.,"The movie indicates a significant reveal of the man's true identity by showing him in a room with a poster on the wall that reads ""WANTED"" and ""F.B.I.,"" suggesting that he is a wanted criminal or fugitive.",4665,221676,0.021,5096,26,15000,0,64,1
tt0114814,What does the observing individual signify at the movie's conclusion?,A realization or missed opportunity to uncover the truth.,The observing individual signifies a moment of reflection or realization at the movie's conclusion.,4665,221676,0.021,5096,26,15000,0,64,1
tt0114814,What key behavior transition is shown by the main character?,From a feigned physical ailment to normal mobility.,The main character transitions from a calm and contemplative state to a more anxious and concerned demeanor.,4665,221676,0.021,5096,26,15000,0,64,1
tt0114814,How does the narrative amplify the mystery around the man's story?,By leaving the authenticity of his narrative open to interpretation.,"The narrative amplifies the mystery around the man's story through a series of scenes that each contribute to a sense of intrigue and suspense. The use of dark and moody lighting, along with the man's contemplative expressions and the presence of other characters in various states of distress or confrontation, creates a palpable tension. The man's actions, such as lighting a match and examining a piece of paper, suggest a search for clues or answers, which is central to the mystery. The setting, which includes a police station and a room filled with papers and a map, hints at a complex investigation. The man's interactions with other characters, some of whom appear to be in danger or in conflict, add to the narrative's enigmatic quality. The overall composition of the scenes, with their focus on the man and the elements around him, keeps the viewer engaged and curious about the unfolding story.",4665,221676,0.021,5096,26,15000,0,64,1
tt0114814,What is the final visual indication of the man's deception?,His confident departure in a waiting car.,"The final visual indication of the man's deception is a close-up of his face, showing a slight smile, which suggests he is aware of his successful deception.",4665,221676,0.021,5096,26,15000,0,64,1
tt0114814,Describe the initial action the man takes upon exiting the building.,He lights a cigarette and looks around.,"Upon exiting the building, the man is seen holding a lit match and looking around cautiously.",4665,221676,0.021,5096,26,15000,0,64,1
tt0114814,What pivotal moment occurs as the car departs?,"Another man watches from a distance, possibly recognizing him.","The pivotal moment occurs as the car departs, leaving behind a scene of urgency and action.",4665,221676,0.021,5096,26,15000,0,64,1
tt0114814,How does the scene signify a transition in the main character?,Through his changed physical stance and smooth departure.,"The scene signifies a transition in the main character by showing him in a state of contemplation or distress, as indicated by his hand on his head and the somber atmosphere.",4665,221676,0.021,5096,26,15000,0,64,1
tt0114814,What subtle behavior hints at the man's true identity?,His cessation of limp and careful observation.,"The man's behavior that hints at his true identity is his contemplative and somewhat weary demeanor, which suggests he is a person of significance or has a complex situation to deal with.",4665,221676,0.021,5096,26,15000,0,64,1
tt0114814,How does the spectator contribute to the scene's tension?,"By watching the departure, signaling a late revelation.",The spectator's presence adds to the tension by creating a sense of anticipation and suspense.,4665,221676,0.021,5096,26,15000,0,64,1
tt0114814,What is the significance of the car waiting near the building?,It symbolizes preparation and the man's planned exit.,"The car waiting near the building is significant because it is a police car, which suggests that the scene is related to law enforcement or a crime scene.",4665,221676,0.021,5096,26,15000,0,64,1
tt0114814,How does the man ensure he isn't recognized immediately?,By discreetly observing his surroundings before leaving.,The man ensures he isn't recognized immediately by wearing a black jacket and a black hat.,4665,221676,0.021,5096,26,15000,0,64,1
tt0114814,What is the last image we see as the car drives away?,"The car leaving, viewed by a distant observer.","The last image we see as the car drives away is a close-up of the rear of the car, showing the brake lights illuminated and the car's license plate.",4665,221676,0.021,5096,26,15000,0,64,1
tt0114814,Does the man initially exhibit any physical disability?,Yes.,"No, the man initially exhibits no physical disability.",4665,221676,0.021,5096,26,15000,0,64,1
tt0114814,Is the man's narrative entirely reliable?,No.,"Based on the images provided, it's not possible to determine the reliability of the man's narrative. The images show a sequence of events that could be part of a story, but without additional context or information, we cannot assess the accuracy or truthfulness of the man's account.",4665,221676,0.021,5096,26,15000,0,64,1
tt0114814,Does the man interact with the observer before entering the car?,No.,"No, the man does not interact with the observer before entering the car.",4665,221676,0.021,5096,26,15000,0,64,1
tt0114814,Does the observer successfully stop the man?,No.,"The video does not provide a clear answer to whether the observer successfully stops the man. The sequence of events shows the observer confronting the man, but the outcome of their interaction is not depicted in the provided frames.",4665,221676,0.021,5096,26,15000,0,64,1
tt0114814,Is the man aware of being watched as he leaves?,Yes.,"The video does not provide clear evidence of the man being aware of being watched as he leaves. The scenes show him walking away from a group of people, but there is no direct indication that he is aware of someone following or watching him.",4665,221676,0.021,5096,26,15000,0,64,1
tt0114814,Does the movie conclude with the man being apprehended?,No.,"The image provided is a montage of scenes from a movie, and it does not provide enough context to determine the conclusion of the movie. The scenes show various characters in different situations, but without additional information or the ability to watch the movie, it's not possible to answer whether the man is apprehended or not.",4665,221676,0.021,5096,26,15000,0,64,1
tt0114814,Does the man light his cigarette before observing his surroundings?,Yes.,"Yes, the man lights his cigarette before observing his surroundings.",4665,221676,0.021,5096,26,15000,0,64,1
tt0114814,Is the car visibly waiting before the man approaches it?,Yes.,"Yes, the car is visibly waiting before the man approaches it.",4665,221676,0.021,5096,26,15000,0,64,1
tt0114814,Does the observer notice the man before he enters the car?,No.,"No, the observer does not notice the man before he enters the car.",4665,221676,0.021,5096,26,15000,0,64,1
tt0114814,Does the man reveal his true identity before entering the car?,No.,"No, the man does not reveal his true identity before entering the car.",4665,221676,0.021,5096,26,15000,0,64,1
tt0114814,Does the transition in the man's physical condition occur after he enters the car?,No.,"Yes, the transition in the man's physical condition occurs after he enters the car.",4665,221676,0.021,5096,26,15000,0,64,1
tt0114814,Does the observer attempt to follow the car after it departs?,No.,"Yes, the observer attempts to follow the car after it departs.",4665,221676,0.021,5096,26,15000,0,64,1
tt0114814,Is the man's deception revealed to the observer before the car drives away?,No.,"No, the man's deception is not revealed to the observer before the car drives away.",4665,221676,0.021,5096,26,15000,0,64,1
tt0114814,What occurs just before the man lights his cigarette?,He exits the building.,A scene with a man in a red shirt and another in a blue shirt standing in a room with a window in the background.,4665,221676,0.021,5096,26,15000,0,64,1
tt0114814,What happens right before the car departs?,The man enters the car.,"A man in a black jacket and hat is seen holding a gun, pointing it towards the car.",4665,221676,0.021,5096,26,15000,0,64,1
tt0114814,What action precedes the observer turning his head?,The car starts to drive away.,The observer is seen looking at a piece of paper.,4665,221676,0.021,5096,26,15000,0,64,1
tt0114814,What does the man do before shaking out his hand?,He walks with a limp.,"Before shaking out his hand, the man is seen in a dimly lit room with a poster on the wall, suggesting a setting that could be a police station or a similar institution. He appears to be in a contemplative or tense moment, possibly reflecting on a situation or preparing for an action. The exact actions he takes before shaking out his hand are not visible in the provided images.",4665,221676,0.021,5096,26,15000,0,64,1
tt0114814,What does the man observe before getting into the car?,His surroundings.,The man observes a scene with a car and a person in a red shirt before getting into the car.,4665,221676,0.021,5096,26,15000,0,64,1
tt0114814,What action occurs right before the scene's end?,"The car drives off, leaving the observer behind.",A character is seen holding a piece of paper with a drawing on it.,4665,221676,0.021,5096,26,15000,0,64,1
tt0117060,How does the surveillance aspect contribute to the mission?,It involves monitoring and information exchange.,The surveillance aspect is crucial in the mission as it allows the team to gather information and monitor the situation without being detected.,348,7252,0.048,392,2,15000,0,64,1
tt0117060,What role does the interrogation play in the storyline?,It's pivotal for extracting crucial information.,"The interrogation is a pivotal scene in the storyline, as it reveals crucial information about the characters and their motivations.",348,7252,0.048,392,2,15000,0,64,1
tt0117060,What is the significance of the revival scene?,It reveals a feigned death as part of the ruse.,"The revival scene is significant because it shows the character's return to life after being dead, which is a pivotal moment in the story.",348,7252,0.048,392,2,15000,0,64,1
tt0117060,How does technology aid in the mission?,Through data input and system hacking.,The video caption does not provide information on how technology aids in the mission.,348,7252,0.048,392,2,15000,0,64,1
tt0117060,What is the outcome of the intense operations?,A confrontation escalates the situation.,The outcome of the intense operations is not provided in the given information.,348,7252,0.048,392,2,15000,0,64,1
tt0117060,How do the characters' interactions drive the plot?,"Through interrogations, revivals, and conflicts.","The characters' interactions drive the plot by revealing their motivations, relationships, and conflicts.",348,7252,0.048,392,2,15000,0,64,1
tt0117060,What activity follows the Paramount logo?,Surveillance monitoring.,"The activity that follows the Paramount logo is a scene with a mountainous landscape during sunset or sunrise, with the sky transitioning from blue to orange and pink hues.",348,7252,0.048,392,2,15000,0,64,1
tt0117060,What is the cause of the argument on the monitor?,It's part of the undercover mission.,The argument on the monitor is caused by the man's actions.,348,7252,0.048,392,2,15000,0,64,1
tt0117060,How is the interrogation conducted?,With one individual questioning another.,The interrogation is conducted in a dark room with a man in a suit and a woman in a white dress. The man is holding a syringe and appears to be administering a truth serum to the woman. The woman is lying on a table and appears to be in a state of distress. The man is also holding a microphone and appears to be conducting the interrogation.,348,7252,0.048,392,2,15000,0,64,1
tt0117060,What equipment is used during the operation control moment?,A computer system for data input.,The equipment used during the operation control moment includes a syringe and a needle.,348,7252,0.048,392,2,15000,0,64,1
tt0117060,How is the showdown between two men depicted?,As a physical struggle.,"The showdown between two men is depicted as a tense and dramatic scene, with one man pointing a gun at the other.",348,7252,0.048,392,2,15000,0,64,1
tt0117060,Is there any sign of medical assistance during revival?,"No visible clinical equipment, but a substance is administered.","No, there is no sign of medical assistance during revival.",348,7252,0.048,392,2,15000,0,64,1
tt0117060,How does the final confrontation relate to the operation?,It signals the high-stakes nature of the mission.,The final confrontation relates to the operation as it is the culmination of the events leading up to the operation.,348,7252,0.048,392,2,15000,0,64,1
tt0117060,Is the woman successfully revived?,Yes.,"The image you've provided shows a woman lying on the ground with a syringe nearby, suggesting a medical emergency or a scene from a movie or TV show where someone is being treated. However, the image does not provide enough context to determine the outcome of the situation. The woman's condition is not clear, and there is no visible indication of whether she has been revived or not. To answer this question accurately, more information or a sequence of images from the scene would be needed.",348,7252,0.048,392,2,15000,0,64,1
tt0117060,Is the mission's surveillance covert?,Yes.,"Yes, the mission's surveillance is covert.",348,7252,0.048,392,2,15000,0,64,1
tt0117060,Is medical equipment used in the revival process?,No.,"Yes, medical equipment is used in the revival process.",348,7252,0.048,392,2,15000,0,64,1
tt0117060,Does the Paramount logo indicate a real operation?,No.,"No, the Paramount logo is a fictional element and does not indicate a real operation.",348,7252,0.048,392,2,15000,0,64,1
tt0117060,Is the person using the computer committing a legal act?,No.,"Based on the image provided, it is not possible to determine with certainty whether the person using the computer is committing a legal act. The image shows a person sitting in front of a computer, but without additional context or information about the content on the screen or the actions being performed, it is not possible to make a judgment about the legality of the act.",348,7252,0.048,392,2,15000,0,64,1
tt0117060,Do the two men reconcile after the confrontation?,No.,"The image you've provided shows two men in a confrontation, but it does not provide information about whether they reconcile afterward. The outcome of their interaction would depend on the context of the scene, which is not fully captured in this single image.",348,7252,0.048,392,2,15000,0,64,1
tt0117060,Is the interrogation conducted before the revival?,Yes.,"Yes, the interrogation is conducted before the revival.",348,7252,0.048,392,2,15000,0,64,1
tt0117060,Does the confrontation occur before the surveillance?,No.,"No, the confrontation occurs before the surveillance.",348,7252,0.048,392,2,15000,0,64,1
tt0117060,Is data input performed after the interrogation?,Yes.,"Yes, data input is performed after the interrogation.",348,7252,0.048,392,2,15000,0,64,1
tt0117060,Does the Paramount logo appear before the operation begins?,Yes.,"Yes, the Paramount logo appears before the operation begins.",348,7252,0.048,392,2,15000,0,64,1
tt0117060,Does the surveillance capture the entire mission?,No.,"No, the surveillance does not capture the entire mission.",348,7252,0.048,392,2,15000,0,64,1
tt0117060,Is the computer used before the final confrontation?,Yes.,Yes.,348,7252,0.048,392,2,15000,0,64,1
tt0117060,What occurs just before the substance is administered?,The person is shown unconscious.,The substance is administered through a syringe.,348,7252,0.048,392,2,15000,0,64,1
tt0117060,What is shown immediately before the interrogation?,The Paramount logo.,The logo of Paramount Pictures is shown.,348,7252,0.048,392,2,15000,0,64,1
tt0117060,What precedes the data input on the computer?,The intense interrogation.,"The data input on the computer is preceded by a scene of a person lying on the ground with blood on their body, suggesting a violent or traumatic event.",348,7252,0.048,392,2,15000,0,64,1
tt0117060,What leads up to the surveillance monitoring?,The movie production logo.,"The video begins with the Paramount Pictures logo, which is set against a backdrop of a mountainous landscape under a twilight sky. The logo is white with a blue outline, and the word ""Paramount"" is written in a serif font. The scene then transitions to a close-up of a person's face, who appears to be in a state of distress or discomfort. The person's eyes are closed, and their mouth is slightly open. The lighting is dim, and the person's face is partially obscured by shadows. The scene then cuts to a close-up of a person's hands holding a syringe with a needle. The person's hands are shaking slightly, and the syringe is filled with a clear liquid. The background is blurred, but it appears to be a dimly lit room. The video then cuts to a scene of a person lying on the ground, covered in blood. The person's eyes are closed, and their mouth is slightly open. The lighting is dim, and the person's body is partially obscured by shadows. The scene then cuts to a close-up of a person's face, who appears to be in a state of distress or discomfort. The person's eyes are closed, and their mouth is slightly open. The lighting is dim, and the",348,7252,0.048,392,2,15000,0,64,1
tt0117060,What is observed right before the argument on the monitor?,The opening logo of Paramount Pictures.,A person is seen typing on a keyboard.,348,7252,0.048,392,2,15000,0,64,1
tt0117060,What happens immediately before the mission's escalation?,The revival of the seemingly lifeless person.,"The video shows a person in a dark room with a computer screen, suggesting that they are working on a mission or a project. The scene then transitions to a person lying on the ground with blood on their body, indicating that they have been injured or attacked. The escalation of the mission is implied by the severity of the injury and the need for immediate action.",348,7252,0.048,392,2,15000,0,64,1
tt0117060,What initiates the covert operation in the movie?,A person receiving a mission brief on a flight.,"The initiation of the covert operation in the movie is not explicitly stated in the images provided. However, based on the context of the images, it can be inferred that the operation may be related to the characters' involvement in a high-stakes situation, possibly involving espionage or a mission that requires secrecy. The presence of a computer screen with a code and a person in a suit suggests that the operation might be related to a coded message or a mission briefing. The images do not provide enough information to determine the exact initiation of the covert operation.",771,25676,0.03,980,5,15000,0,64,1
tt0117060,How is technology utilized in the operation?,"For planning, receiving mission briefs, and strategizing.","The video shows a person using a computer, which suggests that technology is being utilized in the operation.",771,25676,0.03,980,5,15000,0,64,1
tt0117060,What role does Prague play in the movie?,It serves as a significant backdrop and meeting location.,Prague is the setting for the movie.,771,25676,0.03,980,5,15000,0,64,1
tt0117060,What type of data is crucial to the mission?,A Non-official cover list of agents.,The video caption does not provide specific information about the type of data that is crucial to the mission.,771,25676,0.03,980,5,15000,0,64,1
tt0117060,Describe a critical activity that takes place at a table.,The team engages in mission briefings and planning.,"A group of people are gathered around a table, engaged in a discussion.",771,25676,0.03,980,5,15000,0,64,1
tt0117060,How does the team convey mission details?,"Through briefings, technology, and face-to-face discussions.","The team conveys mission details through a combination of visual and auditory means. In the video, we see a person using a computer, which suggests that they are accessing digital information related to the mission. Additionally, there is a scene where a person is speaking into a headset, indicating that they are communicating with others, possibly relaying important details about the mission. The presence of a map on the table also suggests that they are using visual aids to understand and plan the mission. Overall, the team is using a mix of technology and traditional methods to convey and understand mission details.",771,25676,0.03,980,5,15000,0,64,1
tt0117060,Highlight a personal task performed by an agent.,Reviewing agent profiles and mission documents.,"In the video, there is a scene where a person is seen working on a computer, typing on the keyboard. This could be a personal task performed by an agent, such as writing a report, responding to emails, or working on a project.",771,25676,0.03,980,5,15000,0,64,1
tt0117060,What is the team's first action in Prague?,Assembling for a mission briefing.,"The team's first action in Prague is to gather at a table in a room, where they are shown discussing and planning.",771,25676,0.03,980,5,15000,0,64,1
tt0117060,How is sensitive information shared among the team?,Via electronic devices and in person.,"The team shares sensitive information by discussing it in a meeting room, with one person speaking into a microphone and others listening attentively. They also use a secure communication device, possibly a phone, to share information.",771,25676,0.03,980,5,15000,0,64,1
tt0117060,How do team members strategize in the movie?,Through meetings and informal discussions over a table.,"In the movie, team members strategize by discussing and planning their next move. They are shown in a room with a table, where they are looking at a map and discussing their strategy. They also use a computer to access information and make decisions.",771,25676,0.03,980,5,15000,0,64,1
tt0117060,What does a typical planning scenario include?,Studying maps and discussing strategies.,"A typical planning scenario includes a table with a laptop, a person wearing a striped shirt, and a person wearing a brown jacket.",771,25676,0.03,980,5,15000,0,64,1
tt0117060,How does the group handle mission briefings?,With focused attention and note-taking in a dim setting.,The group handles mission briefings in a professional and serious manner.,771,25676,0.03,980,5,15000,0,64,1
tt0117060,Detail an individual operation task.,Scrolling through a database of agent profiles.,"The image you've provided appears to be a collage of various scenes from different movies or TV shows. Here's a breakdown of each scene:1. The first image shows the Paramount Pictures logo, which is a well-known film and television production company. The logo features the word ""Paramount"" in a stylized font, surrounded by a circle of stars against a backdrop of a mountainous landscape at sunset or sunrise.2. The second image shows a close-up of a person's face, with a focus on their eyes and nose. The person appears to be wearing headphones and is looking slightly to the side, with a neutral or contemplative expression.3. The third image is a close-up of a person's face with a blurred background. The person is wearing glasses and has a concerned or intense expression. The image is stylized with a red tint, which could suggest a dramatic or suspenseful context.4. The fourth image shows a close-up of a person's face with a blurred background. The person appears to be speaking or shouting, with their mouth open and eyes wide. The image has a high-contrast, grainy quality, which could indicate a scene of urgency or conflict.5. The fifth image shows a person sitting at a desk with a computer",771,25676,0.03,980,5,15000,0,64,1
tt0117060,Is there an outdoor mission brief in Prague?,No.,"No, there is no outdoor mission brief in Prague in the video you've provided. The images you've shared show a variety of scenes from different movies, including a logo, a close-up of a person's face, a scene with a person lying down with blood on their back, a close-up of a syringe, a scene with a person on a phone, and a scene with two people in a room. None of these images depict an outdoor mission brief in Prague.",771,25676,0.03,980,5,15000,0,64,1
tt0117060,Does any team member refuse the mission after the briefing?,No.,"The image you've provided shows a scene from a movie where a team is receiving a briefing. However, it does not show any team member refusing the mission. The scene is focused on the briefing itself, with the team members listening attentively. If you have a specific scene or moment in mind where a team member is refusing the mission, please provide more details or a different image, and I can give you a more accurate answer.",771,25676,0.03,980,5,15000,0,64,1
tt0117060,Is any part of the mission executed in daylight?,No clear indication.,"No, the mission is executed at night.",771,25676,0.03,980,5,15000,0,64,1
tt0117060,Are any cover identities compromised during the mission?,No direct instance shown.,"The image you've provided shows a scene from a movie where a character is looking at a computer screen with a message that reads ""COVER IDENTITY COMPROMISED."" This suggests that during the mission, at least one cover identity has been compromised. However, without additional context from the movie, it's not possible to determine the exact number of compromised identities or the specific circumstances leading to this compromise.",771,25676,0.03,980,5,15000,0,64,1
tt0117060,Does the team utilize local transportation for the mission?,Yes.,"The image you've provided shows a scene from a movie where a team is discussing a mission. However, the image does not provide any clear visual information about the team utilizing local transportation. The scene shows a group of people in a room, with one person speaking into a headset, suggesting a planning or briefing session. There are no visible vehicles or transportation methods in the image that would indicate the use of local transportation for the mission.",771,25676,0.03,980,5,15000,0,64,1
tt0117060,Do planning sessions occur before surveillance actions?,Yes.,"Yes, planning sessions often occur before surveillance actions.",771,25676,0.03,980,5,15000,0,64,1
tt0117060,Is the NOC list encountered before strategizing its protection?,Yes.,"No, the NOC list is encountered after strategizing its protection.",771,25676,0.03,980,5,15000,0,64,1
tt0117060,Is technology utilized before the team's assembly in Prague?,Yes.,"Yes, technology is utilized before the team's assembly in Prague.",771,25676,0.03,980,5,15000,0,64,1
tt0117060,"In the movie, does the covert operation begin before the team arrives in Prague?",No.,"The image you've provided does not show any information about the timing of the covert operation in relation to the team's arrival in Prague. It appears to be a still from a movie, but without additional context or the ability to see the entire scene, it's not possible to determine if the operation begins before the team arrives in Prague. The image shows a person in a room with a computer screen displaying a map, which could be related to planning or conducting the operation, but it doesn't provide enough information to answer your question definitively.",771,25676,0.03,980,5,15000,0,64,1
tt0117060,Is surveillance equipment installed after the team's first meeting?,Yes.,"Yes, surveillance equipment is installed after the team's first meeting.",771,25676,0.03,980,5,15000,0,64,1
tt0117060,Does the meeting in a well-lit room come before the covert nighttime activities?,Yes.,"Yes, the meeting in a well-lit room comes before the covert nighttime activities.",771,25676,0.03,980,5,15000,0,64,1
tt0117060,What occurs just before the team's assembly in Prague?,Receiving the mission on a flight.,"A man is shown in a dimly lit room, seemingly in distress, with a woman lying on the floor next to him.",771,25676,0.03,980,5,15000,0,64,1
tt0117060,What takes place immediately before using technology for mission planning?,A mission briefing session.,"A person is shown lying on the ground with blood on their back, indicating a recent injury or altercation.",771,25676,0.03,980,5,15000,0,64,1
tt0117060,What action precedes the team's strategizing over a table?,Reviewing the NOC list.,The action that precedes the team's strategizing over a table is a person being shot in the back with a gun.,771,25676,0.03,980,5,15000,0,64,1
tt0117060,"Before lighting a cigarette in the airplane, what does the individual do?",Listen to a tape recorder.,"The individual is shown sitting in a chair, wearing headphones, and looking at a screen with a map and various controls.",771,25676,0.03,980,5,15000,0,64,1
tt0117060,What occurs just before discussing strategies in informal settings?,Formal meeting and briefings.,"A person is shown in a dimly lit room with a computer screen displaying a graph, suggesting they are analyzing data or reviewing information.",771,25676,0.03,980,5,15000,0,64,1
tt0117060,What happens just before focusing on covert surveillance measures?,Planning and strategizing sessions.,"A person is shown lying on the ground with blood on their back, suggesting they have been injured or killed.",771,25676,0.03,980,5,15000,0,64,1
tt0117060,"Before the reveal of the NOC list, what action is shown?",A person operating an electronic device.,A man is shown using a computer.,771,25676,0.03,980,5,15000,0,64,1
tt0117060,What overarching theme is depicted in the video?,Espionage and covert operations.,"The video depicts a theme of suspense and intrigue, with a focus on a mysterious figure and a sense of urgency and danger.",1630,74872,0.0218,1960,10,15000,0,64,1
tt0117060,How does the video integrate technology with espionage?,"Through surveillance, secure communication, and sabotage.","The video integrates technology with espionage through the use of a computer screen displaying a ""Top Secret"" document, a man using a phone to communicate, and a woman using a computer.",1630,74872,0.0218,1960,10,15000,0,64,1
tt0117060,What settings are primarily featured in the clip?,"Formal events, dark urban areas, industrial zones, and waterfronts.","The settings primarily featured in the clip include a mountainous landscape, a dimly lit room with a person on a couch, a close-up of a person's face, a room with a person in a suit, a dimly lit room with a person in a suit, a room with a person in a suit, a dimly lit room with a person in a suit, a dimly lit room with a person in a suit, a dimly lit room with a person in a suit, a dimly lit room with a person in a suit, a dimly lit room with a person in a suit, a dimly lit room with a person in a suit, a dimly lit room with a person in a suit, a dimly lit room with a person in a suit, a dimly lit room with a person in a suit, a dimly lit room with a person in a suit, a dimly lit room with a person in a suit, a dimly lit room with a person in a suit, a dimly lit room with a person in a suit, a dimly lit room with a person in a suit, a dimly lit room with a person in a suit, a dimly lit room with a person in a suit,",1630,74872,0.0218,1960,10,15000,0,64,1
tt0117060,How do the characters interact during the covert operations?,"Through secretive exchanges, surveillance, and confrontations.","The characters interact with each other in a professional and strategic manner, suggesting a well-coordinated operation.",1630,74872,0.0218,1960,10,15000,0,64,1
tt0117060,Are formal events used as a façade for espionage activities?,Yes.,"Yes, formal events are used as a façade for espionage activities.",1630,74872,0.0218,1960,10,15000,0,64,1
tt0117060,Do the operatives face physical danger?,Yes.,"Yes, the operatives face physical danger as they are shown in a tense scene with a gun pointed at them.",1630,74872,0.0218,1960,10,15000,0,64,1
tt0117060,Is there a resolution to the tension and conflict depicted?,"No, the situation remains intense and unresolved.","No, the video does not provide a resolution to the tension and conflict depicted.",1630,74872,0.0218,1960,10,15000,0,64,1
tt0117060,What emotional states are portrayed by individuals involved?,"Tension, urgency, and determination.","The individuals involved portray a range of emotional states, including contemplation, urgency, and determination.",1630,74872,0.0218,1960,10,15000,0,64,1
tt0117060,Describe the sequence of the covert operation.,"It starts with surveillance, followed by sabotage and confrontations.","The sequence begins with a majestic mountain peak under a twilight sky, symbolizing the start of a significant journey. It transitions to a close-up of a person's face, suggesting a moment of contemplation or decision-making. The scene then shifts to a person lying on the ground with bloodstains, indicating a recent altercation or injury. Following this, a close-up of a computer screen displaying ""MISSION COVER"" hints at a covert operation. The narrative continues with a person in a suit pointing at a screen, possibly discussing or analyzing the mission details. The sequence progresses to a person in a suit standing in a dimly lit room, suggesting a strategic or secretive meeting. The final frames show a person in a suit walking down a cobblestone street at night, with a car in the background, indicating a stealthy approach or escape.",1630,74872,0.0218,1960,10,15000,0,64,1
tt0117060,How do the operatives communicate covertly?,Through earpieces and discreet signals.,They communicate covertly by using a walkie-talkie.,1630,74872,0.0218,1960,10,15000,0,64,1
tt0117060,What actions are taken in the industrial setting?,Technical sabotage and hacking.,"A man is shown working on a machine, and another man is seen using a tool on a piece of equipment.",1630,74872,0.0218,1960,10,15000,0,64,1
tt0117060,Describe a chase scene from the video.,An operative flees through a foggy bridge at night.,"The chase scene involves a man in a dark suit and sunglasses running down a cobblestone street at night. He is pursued by another individual who is also dressed in dark clothing. The street is dimly lit with street lamps casting a warm glow. The man in the dark suit is seen dodging and weaving through the cobblestones, while the pursuer is seen in the background, gaining ground. The scene is tense and fast-paced, with the man in the dark suit trying to evade capture.",1630,74872,0.0218,1960,10,15000,0,64,1
tt0117060,How is surveillance technology employed?,For monitoring events and tracking individuals.,"The video shows a man in a suit using a device to access a computer screen, which displays a surveillance system with various options and a live feed of a room. The man appears to be monitoring or controlling the system, suggesting the use of advanced surveillance technology.",1630,74872,0.0218,1960,10,15000,0,64,1
tt0117060,What signifies the beginning of the covert mission?,The activation of surveillance at a formal event.,"The man in the suit and the woman in the black dress are shown in a dimly lit room, with the man pointing at a screen and the woman looking at him, indicating a briefing or planning phase for the covert mission.",1630,74872,0.0218,1960,10,15000,0,64,1
tt0117060,Does the operation extend into public spaces?,"Yes, including streets and waterfront areas.","Yes, the operation extends into public spaces.",1630,74872,0.0218,1960,10,15000,0,64,1
tt0117060,What critical situation happens in an elevator shaft?,An operative encounters a dangerous setup.,"A man is shown in a tense situation in an elevator shaft, with a red light indicating a critical situation.",1630,74872,0.0218,1960,10,15000,0,64,1
tt0117060,Does the espionage operation span several locations?,Yes.,"Yes, the espionage operation spans several locations, including a snowy mountain, a room with a computer screen, a room with a man in a suit, a room with a man in a suit and a woman, a room with a man in a suit and a woman, a room with a man in a suit and a woman, a room with a man in a suit and a woman, a room with a man in a suit and a woman, a room with a man in a suit and a woman, a room with a man in a suit and a woman, a room with a man in a suit and a woman, a room with a man in a suit and a woman, a room with a man in a suit and a woman, a room with a man in a suit and a woman, a room with a man in a suit and a woman, a room with a man in a suit and a woman, a room with a man in a suit and a woman, a room with a man in a suit and a woman, a room with a man in a suit and a woman, a room with a man in a suit and a woman, a room with a man in a suit and a woman, a room with a man in a suit and a",1630,74872,0.0218,1960,10,15000,0,64,1
tt0117060,Is there a scene involving sabotage of an electrical system?,Yes.,Yes.,1630,74872,0.0218,1960,10,15000,0,64,1
tt0117060,Does an individual gain unauthorized access to secure data?,Yes.,"Yes, an individual gains unauthorized access to secure data.",1630,74872,0.0218,1960,10,15000,0,64,1
tt0117060,Is there a team coordinating the covert operation remotely?,Yes.,"Yes, there is a team coordinating the covert operation remotely.",1630,74872,0.0218,1960,10,15000,0,64,1
tt0117060,Does the operation result in a peaceful resolution?,No.,"No, the operation results in a violent confrontation.",1630,74872,0.0218,1960,10,15000,0,64,1
tt0117060,Are there casualties among the operatives?,Yes.,"Yes, there are casualties among the operatives.",1630,74872,0.0218,1960,10,15000,0,64,1
tt0117060,Is the formal event used as a cover for espionage before the field operations begin?,Yes.,"Yes, the formal event is used as a cover for espionage before the field operations begin.",1630,74872,0.0218,1960,10,15000,0,64,1
tt0117060,Is the covert communication discovered before the sabotage attempt?,No.,"No, the covert communication is not discovered before the sabotage attempt.",1630,74872,0.0218,1960,10,15000,0,64,1
tt0117060,Does the use of high-tech glasses for surveillance precede the confrontation by the waterfront?,Yes.,"Yes, the use of high-tech glasses for surveillance precedes the confrontation by the waterfront.",1630,74872,0.0218,1960,10,15000,0,64,1
tt0117060,Is the hacking of secure systems performed before the operative is trapped in the elevator shaft?,Yes.,"Yes, the hacking of secure systems is performed before the operative is trapped in the elevator shaft.",1630,74872,0.0218,1960,10,15000,0,64,1
tt0117060,Does the tense interaction at the formal event occur before the stealthy movement through the urban night?,Yes.,"Yes, the tense interaction at the formal event occurs before the stealthy movement through the urban night.",1630,74872,0.0218,1960,10,15000,0,64,1
tt0117060,Is the secretive exchange between operatives completed before the emergency situation on the bridge?,Yes.,"No, the secretive exchange between operatives is not completed before the emergency situation on the bridge.",1630,74872,0.0218,1960,10,15000,0,64,1
tt0117060,What happens right before the explosion by the water?,A high-speed chase through dimly lit streets.,"A man in a suit is seen pointing at a screen with a map and a woman in a black dress is standing next to him, looking at the screen.",1630,74872,0.0218,1960,10,15000,0,64,1
tt0117060,What leads up to the chase on the foggy bridge?,A tense confrontation in an urban setting.,"The chase on the foggy bridge is preceded by a man in a suit and sunglasses walking down a street at night, followed by a woman in a black dress.",1630,74872,0.0218,1960,10,15000,0,64,1
tt0117060,What action precedes the hacking of the secure system?,The setup of surveillance technology at the command center.,The action that precedes the hacking of the secure system is a man pointing at a screen.,1630,74872,0.0218,1960,10,15000,0,64,1
tt0117060,What event sets off the urgency in the night-time escape operation?,The discovery of operatives by the adversaries.,The urgency in the night-time escape operation is set off by the fire in the car.,1630,74872,0.0218,1960,10,15000,0,64,1
tt0117060,What happens before the formal exchange at the event?,The arrival and discreet preparation of operatives.,"A man in a suit is seen walking down a dimly lit hallway, followed by a woman in a black dress.",1630,74872,0.0218,1960,10,15000,0,64,1
tt0117060,How does the protagonist find himself in a turmoil-filled situation across the city?,"He's suspected of being a mole, leading to tense encounters and a need for clandestine operations.",The protagonist finds himself in a turmoil-filled situation across the city by being chased down a dark alleyway by a group of armed men.,1907,93296,0.0204,2352,12,15000,0,64,1
tt0117060,What pivotal moment ignites a series of covert actions by the protagonist?,The conversation in the café revealing his suspect status and the subsequent explosive escape.,"The pivotal moment is when the protagonist is seen lying on the ground with blood on their back, indicating they have been injured or involved in a violent event. This moment sparks a series of covert actions as the protagonist begins to recover and plan their next move, which includes using a computer to access secure information and making a phone call to someone, possibly to coordinate a rescue or gather more information.",1907,93296,0.0204,2352,12,15000,0,64,1
tt0117060,What does the protagonist use to facilitate his daring escape from the café?,An explosive device cleverly disguised as a piece of gum.,The protagonist uses a fire extinguisher to facilitate his daring escape from the café.,1907,93296,0.0204,2352,12,15000,0,64,1
tt0117060,How does the narrative demonstrate the protagonist's attempt to clear his name?,"Through his engagements in secretive conversations, use of espionage tactics, and meetings across Prague.","The narrative demonstrates the protagonist's attempt to clear his name through a series of events and interactions. The protagonist is shown in various settings, including a room with a computer screen displaying ""MISSION COVERED"" and a scene where he is being escorted by security. He is also seen in a room with a woman, suggesting a possible investigation or interview. The narrative also includes a scene where the protagonist is shown in a dark alleyway, possibly indicating a clandestine meeting or escape. The protagonist's actions and interactions with other characters suggest that he is actively working to clear his name and uncover the truth.",1907,93296,0.0204,2352,12,15000,0,64,1
tt0117060,What are the significant challenges faced by the protagonist?,"Being hunted as a suspected mole, engaging in tense encounters, and navigating covert operations.","The image you've provided appears to be a montage of scenes from a movie, showcasing various characters and settings. However, without specific context or knowledge of the movie's plot, it's challenging to identify the significant challenges faced by the protagonist based solely on these images. Typically, in action or thriller genres, protagonists often face challenges such as overcoming obstacles, solving mysteries, or escaping danger. If you can provide more details about the movie or the character's journey, I could offer a more accurate assessment of the challenges they face.",1907,93296,0.0204,2352,12,15000,0,64,1
tt0117060,How does the protagonist maneuver through his dire circumstances?,"Using espionage gadgets, strategic communications, and taking calculated risks to evade capture.","The images provided seem to be from a movie, and they depict various scenes that suggest the protagonist is in a complex and potentially dangerous situation. Here's a breakdown of the scenes:1. The first image shows a mountainous landscape with the Paramount Pictures logo, which might indicate the setting or a significant location in the movie.2. The second image shows a person with a needle and a vial, which could imply a medical or dangerous situation.3. The third image is a close-up of a person's face with a blurred background, which could be a moment of intense emotion or focus.4. The fourth image shows a person in a room with a computer screen displaying ""MISSION COVERED,"" suggesting a successful operation or a moment of relief.5. The fifth image shows a person in a room with a computer screen displaying ""ELEVATOR ACCESS,"" which could be related to security or access to a restricted area.6. The sixth image shows a person pointing at a screen with ""HACKED"" displayed, indicating a breach of security or a cyber-related issue.7. The seventh image shows a person in a dark alley with a mysterious figure, which could be a scene of suspense or danger.8. The eighth image shows a person in a dark alley",1907,93296,0.0204,2352,12,15000,0,64,1
tt0117060,How does the protagonist initiate his escape from the café?,By triggering an explosion using special gum.,"The protagonist initiates his escape from the café by swiftly exiting through a door, leaving behind a scene of disarray and urgency.",1907,93296,0.0204,2352,12,15000,0,64,1
tt0117060,What series of actions lead to the climax of the protagonist's escape?,"Engaging in tense conversations, realizing the stakes, and resorting to an explosive escape.","The series of actions leading to the climax of the protagonist's escape include the protagonist being injected with a substance, running through a dark corridor, being chased by security, and finally reaching a staircase to escape.",1907,93296,0.0204,2352,12,15000,0,64,1
tt0117060,Can you describe the sequence leading to the fish tank's explosion?,"The protagonist calmly triggers the explosive, causing a chaotic flood as part of his escape plan.","The sequence leading to the fish tank's explosion involves a character in a suit standing in a dimly lit room with a computer monitor displaying a graph. The character appears to be analyzing the data on the screen. The scene transitions to a close-up of the character's face, showing a concerned expression. The next scene shows the character pointing at the monitor, which is still displaying the graph. The final scene shows the character standing in front of a large fish tank, which suddenly explodes, causing the character to react with surprise.",1907,93296,0.0204,2352,12,15000,0,64,1
tt0117060,How is the protagonist's covert operation depicted in his nighttime activities?,"Through careful navigation of Prague's streets, secretive meetings, and the use of espionage gadgets.","The protagonist's covert operation is depicted through his nighttime activities by showing him in a dark alleyway, suggesting a clandestine or secretive nature to his actions.",1907,93296,0.0204,2352,12,15000,0,64,1
tt0117060,What depicts the protagonist's urgent need to communicate with his agency?,"The stressed phone call he makes from a payphone, under dim lighting and stressed conditions.","The scene where the protagonist is seen on a phone call in a dimly lit room, with a serious expression, indicating a sense of urgency and the need to communicate with his agency.",1907,93296,0.0204,2352,12,15000,0,64,1
tt0117060,Can you detail the protagonist's moment of realization before his daring escape?,"Realizing he's surrounded and suspected, he decides to use the explosive gum as his last resort.","The protagonist's moment of realization before his daring escape is depicted through a series of intense and suspenseful scenes. Initially, he is shown in a dimly lit room, looking at a computer screen with a focused and determined expression. The screen displays a countdown timer, indicating a sense of urgency and danger. He then walks towards a control panel, where he interacts with a device that emits a bright light, suggesting a critical action or decision being made. The scene transitions to him standing in a dimly lit hallway, looking up at a staircase with a determined look on his face, indicating his resolve to proceed with the escape. The final scene shows him descending the staircase, with a sense of urgency and determination in his movements, as he prepares to make his daring escape.",1907,93296,0.0204,2352,12,15000,0,64,1
tt0117060,How is the protagonist's resourcefulness demonstrated in his escape methods?,Through the clever use of gadgets and creating distractions like the fish tank explosion for his escape.,"The protagonist's resourcefulness is demonstrated through his ability to use a fire extinguisher as a weapon and to escape down a staircase in a dark, foggy environment.",1907,93296,0.0204,2352,12,15000,0,64,1
tt0117060,What actions highlight the protagonist's desperation to elude capture?,His explosive escape from the café and hurried exits from various tense meetings.,"The actions that highlight the protagonist's desperation to elude capture include running down the stairs in a hurry, suggesting a need to escape quickly.",1907,93296,0.0204,2352,12,15000,0,64,1
tt0117060,Is there a peaceful resolution in any of the protagonist's meetings?,No.,"The images you've provided seem to be from various scenes of a movie or TV show, and they depict a range of situations and emotions. However, without specific context or knowledge of the plot, it's challenging to determine if there's a peaceful resolution in any of the protagonist's meetings.From the images, we can see a mix of intense and dramatic scenes, such as a character being injured, a tense conversation, and a person pointing at something with a concerned expression. These scenes suggest conflict or high tension rather than peaceful resolutions.If you're looking for a specific scene or character, please provide more details, and I can try to give you a more accurate answer.",1907,93296,0.0204,2352,12,15000,0,64,1
tt0117060,Does the explosion in the café result in the protagonist's instant capture?,No.,"No, the explosion in the café does not result in the protagonist's instant capture.",1907,93296,0.0204,2352,12,15000,0,64,1
tt0117060,"Is the protagonist seen making casual, relaxed phone calls at any point?",No.,"No, the protagonist is not seen making casual, relaxed phone calls. The scenes provided depict a variety of tense and serious interactions, including a character being injected with a substance, a close-up of a person's face with a concerned expression, and a scene with a man in a suit pointing at a screen. These scenes suggest a high-stakes, dramatic context rather than casual or relaxed phone calls.",1907,93296,0.0204,2352,12,15000,0,64,1
tt0117060,Does the protagonist always act alone in his endeavors?,Yes.,"The images provided do not show the protagonist acting alone. In several images, there are other characters present, indicating that the protagonist is often involved in situations where he interacts with others. For example, there are scenes with a woman in a room, a man in a suit pointing at something, and a group of people in a room with a television screen. These interactions suggest that the protagonist is not always acting alone.",1907,93296,0.0204,2352,12,15000,0,64,1
tt0117060,"In the video, does the protagonist use the explosive before making the phone call?",No.,"No, the protagonist does not use the explosive before making the phone call. The video shows the protagonist preparing to make a phone call while holding a device, and there is no indication of using the explosive before the call.",1907,93296,0.0204,2352,12,15000,0,64,1
tt0117060,Is the fish tank explosion initiated before the protagonist's meeting at the cafe?,No.,"No, the fish tank explosion is not initiated before the protagonist's meeting at the cafe. The explosion occurs after the protagonist has already arrived at the cafe and is sitting at the table.",1907,93296,0.0204,2352,12,15000,0,64,1
tt0117060,Is the protagonist seen removing his disguise before causing the explosion?,No.,"No, the image provided does not show the protagonist removing his disguise before causing the explosion. The sequence of images provided does not depict the moment of the explosion or the removal of the disguise. It shows various scenes from the movie, including characters in different settings and situations, but not the specific moment you're asking about.",1907,93296,0.0204,2352,12,15000,0,64,1
tt0117060,Does the protagonist make the phone call before meeting with the agency's director?,Yes.,"Yes, the protagonist makes the phone call before meeting with the agency's director.",1907,93296,0.0204,2352,12,15000,0,64,1
tt0117060,"In the clip, does the protagonist engage in secretive conversations before his daring escape?",Yes.,"Yes, the protagonist engages in secretive conversations before his daring escape.",1907,93296,0.0204,2352,12,15000,0,64,1
tt0117060,What occurs just before the protagonist triggers the explosive at the café?,He realizes the impending danger and surveillance.,"The protagonist is seen in a dimly lit room, holding a device that emits a bright light, suggesting he is about to use it.",1907,93296,0.0204,2352,12,15000,0,64,1
tt0117060,What do we see happening before the protagonist's urgent escape from the payphone?,A stressful phone conversation revealing his suspect status.,"A man in a suit is shown in a dimly lit room, speaking into a phone, with a woman in a red dress standing nearby.",1907,93296,0.0204,2352,12,15000,0,64,1
tt0117060,What event precedes the explosion of the fish tank in the café?,The protagonist preparing the explosive gum.,"The event that precedes the explosion of the fish tank in the café is a man pointing at a screen displaying ""ELEVATOR ACCESS"" and a woman looking at the screen with a concerned expression.",1907,93296,0.0204,2352,12,15000,0,64,1
tt0117060,"In the video sequence, what do we see happening before the protagonist makes the distressed call from the payphone?",Realization of his dire situation and deciding to contact his agency.,"Before the protagonist makes the distressed call from the payphone, we see a scene where a woman is lying on the ground with blood on her, and a man is standing over her, suggesting a violent or dangerous situation.",1907,93296,0.0204,2352,12,15000,0,64,1
tt0117060,What is shown just before the protagonist's covert operation kicks into high gear?,His realization of being hunted and suspecting a mole within the IMF.,"A close-up of a person's face, with a concerned or intense expression, followed by a scene of a person in a suit using a phone, suggesting a call of importance.",1907,93296,0.0204,2352,12,15000,0,64,1
tt0119567,What initiates the series of events depicted in the movie?,A presentation pitching Jurassic Park,"The series of events in the movie are initiated by the arrival of a large, prehistoric creature that disrupts the normalcy of the characters' lives.",1084,58604,0.0185,1176,6,15000,0,64,1
tt0119567,What recurring theme is present in the interactions between humans and dinosaurs?,A mix of fascination and danger.,The recurring theme present in the interactions between humans and dinosaurs is the element of surprise and the unpredictable nature of the encounters.,1084,58604,0.0185,1176,6,15000,0,64,1
tt0119567,Where do most of the confrontations with dinosaurs occur?,In various settings including containment areas and outdoors.,Most of the confrontations with dinosaurs occur in the jungle.,1084,58604,0.0185,1176,6,15000,0,64,1
tt0119567,What reaction do humans have towards the dinosaurs' attacks?,Panic and attempt to secure safety.,"The images provided depict various scenes from movies or TV shows where humans are reacting to dinosaur attacks. In these scenes, the reactions range from fear and surprise to action and defense. For example, in one image, a person is seen running away from a dinosaur, indicating a reaction of fear. In another image, a person is holding a weapon, suggesting an attempt to defend against the attack. These reactions are typical of how characters in such narratives respond to the threat posed by dinosaurs.",1084,58604,0.0185,1176,6,15000,0,64,1
tt0119567,How does the concept of Jurassic Park,It's the catalyst for the unfolding events.,"The concept of Jurassic Park, as depicted in the ""Jurassic Park"" movie franchise, involves the creation of a theme park where visitors can observe and interact with living dinosaurs. The story typically begins with a billionaire entrepreneur, John Hammond, who has invested heavily in a state-of-the-art theme park on an island called Isla Nublar. He invites a group of experts, including paleontologists, geneticists, and engineers, to test the park's safety and readiness for opening.The park features a variety of dinosaurs, including Velociraptors, Tyrannosaurus Rex, and Velociraptors, among others. The idea is to recreate the prehistoric world by using advanced genetic engineering to bring dinosaurs back to life from DNA samples obtained from museum specimens.However, things go awry when a series of events lead to the dinosaurs escaping from their enclosures, causing chaos and destruction on the island. The movie explores themes of scientific hubris, the dangers of playing God, and the consequences of tampering with nature.The franchise has been successful in popularizing the concept of genetic engineering and the potential for reviving extinct species, although it's important to note that the science behind the movie's depiction of dinosaur resurrection is purely fictional and not based on current scientific",1084,58604,0.0185,1176,6,15000,0,64,1
tt0119567,What is the consequence of the dinosaurs' attack on the camp?,"Chaos, destruction, and a massive fire.",The consequence of the dinosaurs' attack on the camp is a chaotic and destructive scene.,1084,58604,0.0185,1176,6,15000,0,64,1
tt0119567,What symbolizes human ambition in the movie?,The model of the proposed Jurassic Park in San Diego.,The spaceship,1084,58604,0.0185,1176,6,15000,0,64,1
tt0119567,How does the movie depict the clash between human ambitions and nature?,Through the catastrophic results of dinosaur attacks.,"The movie depicts the clash between human ambitions and nature through the character of Dr. Ian Malcolm, who is portrayed as a brilliant and ambitious scientist who is obsessed with creating a realistic dinosaur park. However, his actions ultimately lead to the destruction of the park and the extinction of the dinosaurs. The movie also shows the consequences of human interference with nature, as the dinosaurs are unable to adapt to their new environment and eventually die out. The movie suggests that humans should respect and preserve nature, rather than trying to control or manipulate it for their own purposes.",1084,58604,0.0185,1176,6,15000,0,64,1
tt0119567,How do characters initially react to the presence of dinosaurs?,With cautious curiosity and fear.,The characters initially react with shock and surprise.,1084,58604,0.0185,1176,6,15000,0,64,1
tt0119567,What is captured during the satellite uplink presentation?,A pitch for a new Jurassic Park location.,"The satellite uplink presentation captures a scene where a person is standing in front of a large screen displaying a live feed of a satellite. The person appears to be presenting or reporting on the satellite's activities or data. The setting suggests a professional environment, possibly a newsroom or a control center, where satellite communications are being monitored or discussed. The focus is on the interaction between the presenter and the satellite feed, highlighting the technology and communication methods used in real-time satellite operations.",1084,58604,0.0185,1176,6,15000,0,64,1
tt0119567,What emergency action is taken in a dimly lit structure?,Locking or securing a door against a threat.,The emergency action taken in a dimly lit structure is the use of a fire extinguisher to put out a fire.,1084,58604,0.0185,1176,6,15000,0,64,1
tt0119567,How do characters navigate the dinosaur holding area?,"Cautiously, with an unexpected dinosaur encounter.","The characters navigate the dinosaur holding area by walking through it, with one character holding a camera and another character looking at the dinosaur.",1084,58604,0.0185,1176,6,15000,0,64,1
tt0119567,What scenario unfolds in the murky environment?,"Characters cautiously walking, faced with dinosaur-related danger.","A vehicle is engulfed in flames, with smoke billowing into the air and debris scattered around.",1084,58604,0.0185,1176,6,15000,0,64,1
tt0119567,What character action follows the realization of the dinosaurs' attack?,Attempts to escape or secure safety.,The character runs away from the dinosaurs.,1084,58604,0.0185,1176,6,15000,0,64,1
tt0119567,How is the presentation of the Jurassic Park model depicted?,With enthusiasm and projections of the future.,"The presentation of the Jurassic Park model is depicted as being in a state of destruction, with flames engulfing the area and smoke billowing into the air. The scene is chaotic and intense, with the model being completely consumed by the fire.",1084,58604,0.0185,1176,6,15000,0,64,1
tt0119567,Is there an actual Jurassic Park in San Diego built following the presentation?,No.,"No, there is no actual Jurassic Park built following the presentation shown in the movie ""Jurassic Park."" The fictional park depicted in the film is a product of the imagination and creativity of the characters within the story. The movie's concept was purely speculative and not based on any real-world plans or developments at the time of the film's release.",1084,58604,0.0185,1176,6,15000,0,64,1
tt0119567,Does the confrontation in the murky environment lead to direct contact with a dinosaur?,No.,"No, the confrontation in the murky environment does not lead to direct contact with a dinosaur.",1084,58604,0.0185,1176,6,15000,0,64,1
tt0119567,Are dinosaurs depicted as aggressive in every encounter?,No.,"No, dinosaurs are not depicted as aggressive in every encounter. In the movie ""Jurassic Park,"" the dinosaurs are portrayed as both fascinating and dangerous, but not all encounters are aggressive. Some dinosaurs, like the Velociraptors, are shown to be intelligent and capable of complex behaviors, while others, like the T-Rex, are depicted as powerful and potentially dangerous. The movie suggests that the dinosaurs' behavior can be influenced by their environment and the actions of the people around them.",1084,58604,0.0185,1176,6,15000,0,64,1
tt0119567,Is the dinosaur in the containment area successfully secured?,Yes.,"No, the containment area is in a state of chaos with debris scattered around, indicating that the dinosaur is not successfully secured.",1084,58604,0.0185,1176,6,15000,0,64,1
tt0119567,Do characters manage to defend the camp from the dinosaur attack?,No.,"The image you've provided shows a scene from a movie where a group of characters are in a vehicle, seemingly in the midst of a chaotic situation. The vehicle is being attacked by a large dinosaur, and the characters appear to be in a defensive posture. However, the image does not provide enough context to determine the outcome of the attack or the success of the characters' defense. To answer your question accurately, I would need more information or a sequence of images that show the progression of the scene.",1084,58604,0.0185,1176,6,15000,0,64,1
tt0119567,Does the presentation smoothly transition without interruption?,No.,"The images provided do not form a coherent sequence or narrative, and they seem to be unrelated to each other. They depict various scenes and characters in different contexts, such as a person reading a newspaper, a group of people in a room, a person in a forest, a person in a vehicle, and a scene with explosions. These images do not present a smooth transition or a continuous story.",1084,58604,0.0185,1176,6,15000,0,64,1
tt0119567,Is the Jurassic Park model presented before the dinosaur attack on the camp?,Yes.,Yes.,1084,58604,0.0185,1176,6,15000,0,64,1
tt0119567,Does the locking of the door happen before the surprise dinosaur encounter in the containment area?,Yes.,"No, the locking of the door happens after the surprise dinosaur encounter in the containment area.",1084,58604,0.0185,1176,6,15000,0,64,1
tt0119567,Is the campfire observed before the characters engage in silent communication in the dark forest?,No.,"No, the campfire is not observed before the characters engage in silent communication in the dark forest.",1084,58604,0.0185,1176,6,15000,0,64,1
tt0119567,Does the presentation pitch occur before the nighttime chaos induced by dinosaurs?,Yes.,"Yes, the presentation pitch occurs before the nighttime chaos induced by dinosaurs.",1084,58604,0.0185,1176,6,15000,0,64,1
tt0119567,Is the dinosaur secured in the cage before the campsite fire?,Yes.,"Yes, the dinosaur is secured in the cage before the campsite fire.",1084,58604,0.0185,1176,6,15000,0,64,1
tt0119567,What occurs just before the satellite uplink presentation?,Planning and setting up the presentation equipment.,"A man in a green jacket is seen walking through a forest with a camera, while another man in a red shirt is following him.",1084,58604,0.0185,1176,6,15000,0,64,1
tt0119567,What event occurs just before the catastrophic fire at the campsite?,Dinosaurs wreaking havoc and attacking the camp.,"A vehicle is seen driving away from the campsite, leaving a trail of smoke and debris in its wake.",1084,58604,0.0185,1176,6,15000,0,64,1
tt0119567,"What happens right before the characters find themselves in the dark, dense forest?",Escaping the initial chaos and seeking refuge.,"The characters are in a vehicle that is being attacked by a large, menacing creature.",1084,58604,0.0185,1176,6,15000,0,64,1
tt0119567,What is the primary situation involving the characters and the infant Tyrannosaur?,They are attempting to treat its injuries inside an RV.,"The primary situation involves a group of characters, including a man in a green jacket and a woman in a red shirt, who are in a forested area. They are observing and possibly trying to communicate with a large, infant Tyrannosaurus rex. The man in the green jacket is holding a camera, suggesting they are documenting the encounter. The woman in the red shirt is standing nearby, looking at the dinosaur with a mix of curiosity and caution. The scene is tense, as the characters seem to be trying to maintain a safe distance while also trying to understand the dinosaur's behavior. The presence of the dinosaur in a forested area suggests that the characters might be in a controlled environment, such as a wildlife sanctuary or a research facility, where such encounters are managed.",1197,69188,0.0173,1372,7,15000,0,64,1
tt0119567,How do the characters prepare for potential threats?,By occupying a lookout cage and using rifles.,"The characters prepare for potential threats by equipping themselves with weapons and protective gear, such as helmets and vests. They also have a sense of urgency and readiness, as indicated by their actions and expressions.",1197,69188,0.0173,1372,7,15000,0,64,1
tt0119567,What environmental challenges do the characters confront?,"Heavy rain, darkness, and navigating through a dense forest.","The characters in the video confront a variety of environmental challenges. In the first scene, they are on a beach with a stormy sea, which suggests they are dealing with harsh weather conditions. In the second scene, they are in a room with a chandelier, which implies they are in a more controlled indoor environment, but the presence of the chandelier could also suggest a sense of luxury or opulence that is disrupted by the chaos around them.In the third scene, they are in a dense forest, which could present challenges such as navigating through thick underbrush, dealing with wildlife, or finding their way back to civilization. The fourth scene shows them in a vehicle, possibly a jeep, driving through a muddy area with a large dinosaur-like creature in the background, indicating they are in a prehistoric or post-apocalyptic setting where they must navigate through dangerous terrain and possibly encounter prehistoric creatures.The fifth scene shows them in a vehicle with a large explosion in the background, suggesting they are in a war zone or a location experiencing a catastrophic event. The sixth scene shows them in a vehicle with a large explosion in the background, indicating they are in a war zone or a location experiencing a catastrophic event. The seventh scene shows them in a vehicle with a large explosion in the",1197,69188,0.0173,1372,7,15000,0,64,1
tt0119567,How do the characters handle urgent situations?,"By using technology, medical equipment, and making quick decisions.","In the images provided, we see various scenes from different movies or TV shows where characters are handling urgent situations. Here's a brief description of each scene:1. In the first image, we see a character who appears to be in a state of urgency or distress, possibly due to a situation that requires immediate attention. The character's body language suggests a sense of urgency or concern.2. The second image shows a character who seems to be in a hurry, possibly running towards something or someone. This could indicate that the character is trying to reach a destination quickly or respond to an urgent situation.3. In the third image, a character is holding a camera and appears to be capturing something important. This could suggest that the character is documenting an event or situation that requires immediate attention or action.4. The fourth image shows a character who seems to be in a state of shock or surprise, possibly due to an unexpected event or situation. The character's body language suggests a sense of urgency or concern.5. The fifth image shows a character who appears to be in a state of urgency or distress, possibly due to a situation that requires immediate attention. The character's body language suggests a sense of urgency or concern.6. The sixth image shows a character who seems to",1197,69188,0.0173,1372,7,15000,0,64,1
tt0119567,What activities are depicted inside the RV besides medical treatment?,Monitoring equipment and discussing over documents.,"The activities depicted inside the RV besides medical treatment include a person using a laptop, another person reading a book, and a third person looking at a map.",1197,69188,0.0173,1372,7,15000,0,64,1
tt0119567,Is teamwork shown as a crucial element in the video?,"Yes, especially in facing emergencies and caring for the dinosaur.","Yes, teamwork is shown as a crucial element in the video.",1197,69188,0.0173,1372,7,15000,0,64,1
tt0119567,How do weather conditions impact the characters' actions?,They add urgency and complexity to their tasks.,"The weather conditions, such as the rain and the stormy sea, seem to have a significant impact on the characters' actions. In the first image, the characters are dressed in raincoats and hats, indicating that they are prepared for the rain. In the second image, the characters are dressed in warm clothing, suggesting that the weather is cold. In the third image, the characters are dressed in warm clothing and are walking in the rain, indicating that the weather is cold and rainy. In the fourth image, the characters are dressed in warm clothing and are walking in the rain, indicating that the weather is cold and rainy. In the fifth image, the characters are dressed in warm clothing and are walking in the rain, indicating that the weather is cold and rainy. In the sixth image, the characters are dressed in warm clothing and are walking in the rain, indicating that the weather is cold and rainy. In the seventh image, the characters are dressed in warm clothing and are walking in the rain, indicating that the weather is cold and rainy. In the eighth image, the characters are dressed in warm clothing and are walking in the rain, indicating that the weather is cold and rainy. In the ninth image, the characters are dressed in warm clothing and are walking in the",1197,69188,0.0173,1372,7,15000,0,64,1
tt0119567,Are the characters ever in direct danger from the Tyrannosaur?,The scenes suggest tension but not direct harm.,"Yes, the characters are in direct danger from the Tyrannosaur.",1197,69188,0.0173,1372,7,15000,0,64,1
tt0119567,How do characters react to the injured dinosaur inside the RV?,By providing medical treatment.,The characters react with concern and urgency as they try to help the injured dinosaur.,1197,69188,0.0173,1372,7,15000,0,64,1
tt0119567,What purpose does the lookout cage serve?,For vigilantly observing their surroundings.,"The lookout cage serves as a vantage point for the characters to observe the surroundings, likely for safety or strategic purposes.",1197,69188,0.0173,1372,7,15000,0,64,1
tt0119567,Describe a task performed under adverse weather in the video.,Rushing through the rain-soaked forest.,"A man is seen walking through a forest in adverse weather, holding a camera and seemingly taking pictures.",1197,69188,0.0173,1372,7,15000,0,64,1
tt0119567,Are the operations inside the RV successful?,Success is suggested but not explicitly shown.,The video does not provide information about the success of the operations inside the RV.,1197,69188,0.0173,1372,7,15000,0,64,1
tt0119567,What actions do individuals undertake to address emergencies?,"Adjusting and handling equipment, and using communicative devices.","The individuals in the video are shown taking various actions to address emergencies. In the first scene, a person is seen holding a fire extinguisher, ready to put out a fire. In the second scene, a person is shown using a fire hose to douse a fire. In the third scene, a person is shown using a fire extinguisher to put out a fire. In the fourth scene, a person is shown using a fire hose to douse a fire. In the fifth scene, a person is shown using a fire extinguisher to put out a fire. In the sixth scene, a person is shown using a fire hose to douse a fire. In the seventh scene, a person is shown using a fire extinguisher to put out a fire. In the eighth scene, a person is shown using a fire hose to douse a fire. In the ninth scene, a person is shown using a fire extinguisher to put out a fire. In the tenth scene, a person is shown using a fire hose to douse a fire.",1197,69188,0.0173,1372,7,15000,0,64,1
tt0119567,Are any actions taken towards securing a safe environment?,"Yes, through watch post activities and medical care.","Yes, in the video, there is a scene where a person is seen securing a safe environment.",1197,69188,0.0173,1372,7,15000,0,64,1
tt0119567,Does the video show the infant Tyrannosaur being comforted?,Yes.,"Yes, the video shows the infant Tyrannosaur being comforted by a person.",1197,69188,0.0173,1372,7,15000,0,64,1
tt0119567,Is there a scene where the lookout cage is used during the day?,No.,Yes.,1197,69188,0.0173,1372,7,15000,0,64,1
tt0119567,Are the dinosaurs outside the RV shown as aggressors?,Not explicitly.,"No, the dinosaurs outside the RV are not shown as aggressors.",1197,69188,0.0173,1372,7,15000,0,64,1
tt0119567,Does the use of technology directly lead to solving their problems?,Yes.,"No, the use of technology does not directly lead to solving their problems.",1197,69188,0.0173,1372,7,15000,0,64,1
tt0119567,Is the injured Tyrannosaur treated before using the lookout cage?,Yes.,"No, the injured Tyrannosaur is not treated before using the lookout cage.",1197,69188,0.0173,1372,7,15000,0,64,1
tt0119567,Are the technological attempts inside the RV before setting up the lookout post?,Yes.,"The images provided do not show any clear technological attempts inside the RV before setting up the lookout post. The images depict various scenes from different movies or TV shows, and none of them specifically show the RV or the actions of setting up a lookout post. If you have a specific context or scene in mind, please provide more details so I can give a more accurate answer.",1197,69188,0.0173,1372,7,15000,0,64,1
tt0119567,Do the characters communicate via radio before the emergency with the dinosaur emerges?,Yes.,"Yes, the characters communicate via radio before the emergency with the dinosaur emerges.",1197,69188,0.0173,1372,7,15000,0,64,1
tt0119567,Is paperwork reviewed inside the RV before rushing through the forest?,No.,"Yes, paperwork is reviewed inside the RV before rushing through the forest.",1197,69188,0.0173,1372,7,15000,0,64,1
tt0119567,Are the characters seen in the RV before engaging in lookout activities at night?,Yes.,"Yes, the characters are seen in the RV before engaging in lookout activities at night.",1197,69188,0.0173,1372,7,15000,0,64,1
tt0119567,What happens before the rifle is prepared in the lookout cage?,Scanning the surroundings attentively.,"A man is seen holding a rifle and aiming it, suggesting that he is preparing for a shot.",1197,69188,0.0173,1372,7,15000,0,64,1
tt0119567,What events lead up to the characters using radio communication?,The arrival of the injured Tyrannosaur.,"The events leading up to the characters using radio communication are not explicitly shown in the images provided. However, based on the context of the images, it can be inferred that the characters are in a situation that requires communication, possibly due to an emergency or a need for coordination. The images show characters in various settings, such as a beach, a forest, and a vehicle, which suggests that they might be in a situation that requires them to be in different locations and to communicate with each other or with someone else. The presence of a radio in one of the images indicates that radio communication is a means of communication that the characters are using.",1197,69188,0.0173,1372,7,15000,0,64,1
tt0119567,What occurs just before medical attention is provided to the dinosaur?,The dinosaur is brought into the RV.,"A vehicle is shown in a state of disarray, suggesting a recent accident or crash.",1197,69188,0.0173,1372,7,15000,0,64,1
tt0119567,What happens before the group sets up in the lookout post?,They discuss the plan.,"Before the group sets up in the lookout post, they are seen in a forested area, with one individual taking a photograph of another. The scene transitions to a vehicle driving through a forest, with a person standing on the back, and then to a group of people standing near a vehicle with a large, imposing structure in the background. The group then sets up in a makeshift lookout post, with one person operating a camera and another looking through binoculars.",1197,69188,0.0173,1372,7,15000,0,64,1
tt0119567,What do we see happening before the rain starts to fall heavily?,Characters navigating through the dense forest.,"A woman in a pink dress is seen walking on a beach, holding a drink in her hand, with a man in a white shirt and hat walking behind her.",1197,69188,0.0173,1372,7,15000,0,64,1
tt0119567,"Before addressing urgent scenarios inside the RV, what is depicted?",Characters preparing with technology and equipment.,"A person is shown in a forested area, holding a camera and looking through the viewfinder, seemingly capturing a moment or preparing to take a photo.",1197,69188,0.0173,1372,7,15000,0,64,1
tt0119567,What incites the initial tension between humans and dinosaurs?,An encounter between humans in an RV and a T-Rex at night.,"The initial tension between humans and dinosaurs is incited by the presence of the dinosaurs in a human-controlled environment, which leads to a confrontation.",1686,106036,0.0159,1960,10,15000,0,64,1
tt0119567,How do individuals react to the presence of the Tyrannosaurus?,With fear and attempts at defense.,"The individuals exhibit a range of reactions, from fear to excitement, as they encounter the Tyrannosaurus.",1686,106036,0.0159,1960,10,15000,0,64,1
tt0119567,Describe the climax of the human-dinosaur interaction.,The RV is attacked and pushed off a cliff by the T-Rex.,"The climax of the human-dinosaur interaction involves a dramatic and intense confrontation. The scene opens with a group of people in a vehicle, with one person holding a camera, capturing the moment. The vehicle is then shown driving through a forest, with a large dinosaur in the background. The camera operator is seen taking a photo of the dinosaur, while the driver is focused on the road ahead. The vehicle then encounters a large explosion, causing it to crash and catch fire. The camera operator is seen taking a photo of the explosion, while the driver is seen trying to escape the vehicle. The scene then cuts to a close-up of the camera operator, who is seen taking a photo of the explosion. The camera operator is then seen taking a photo of the dinosaur, while the driver is seen trying to escape the vehicle. The scene then cuts to a close-up of the driver, who is seen trying to escape the vehicle. The driver is then seen taking a photo of the dinosaur, while the camera operator is seen taking a photo of the explosion. The scene then cuts to a close-up of the camera operator, who is seen taking a photo of the dinosaur. The camera operator is then seen taking a photo of the explosion, while the driver is seen trying to escape the vehicle",1686,106036,0.0159,1960,10,15000,0,64,1
tt0119567,How does the weather influence the events?,The heavy rain adds to the tension and danger of the encounters.,"The weather, specifically rain, plays a significant role in the events. It creates a challenging environment for the characters, affecting their visibility and mobility. The rain also adds to the sense of urgency and danger, as it makes the situation more chaotic and difficult to navigate.",1686,106036,0.0159,1960,10,15000,0,64,1
tt0119567,What emergency actions are taken by the humans?,Attempts at using ropes for rescue and trying to stabilize the RV.,The humans are seen running and trying to escape from the dinosaurs.,1686,106036,0.0159,1960,10,15000,0,64,1
tt0119567,What results from the attack on the RV?,"The RV is left hanging precariously off the cliff, eventually falling.",The RV is overturned and on fire.,1686,106036,0.0159,1960,10,15000,0,64,1
tt0119567,How do the dinosaurs impact the situations encountered by humans?,"They pose a constant threat, attacking the RV and causing it to teeter on the cliff's edge.","The dinosaurs cause chaos and destruction, leading to human panic and struggle for survival.",1686,106036,0.0159,1960,10,15000,0,64,1
tt0119567,How do humans attempt to communicate or rescue each other?,"Through the use of ropes, signals, and maneuvering within the vehicle.",Humans attempt to communicate or rescue each other by using hand gestures and reaching out to each other.,1686,106036,0.0159,1960,10,15000,0,64,1
tt0119567,What actions lead to the RV's critical position on the cliff?,The RV is attacked by T-Rex and pushed towards the cliff.,The RV's critical position on the cliff is a result of the vehicle being driven off the edge by the force of the dinosaur's tail.,1686,106036,0.0159,1960,10,15000,0,64,1
tt0119567,Describe the environment during the dinosaur encounters.,"Stormy, with heavy rain and darkness enveloping the scenes.","The environment during the dinosaur encounters includes a beach setting with waves crashing, a forest with a dinosaur, a vehicle with a dinosaur in the background, a dark room with a dinosaur, a vehicle with a dinosaur in the background, and a dark room with a dinosaur.",1686,106036,0.0159,1960,10,15000,0,64,1
tt0119567,Are there any attempts to escape the vehicle?,"Yes, including climbing and using equipment to assist.","Yes, there is a scene where a person is seen climbing out of the vehicle, indicating an attempt to escape.",1686,106036,0.0159,1960,10,15000,0,64,1
tt0119567,How is the RV's teetering state handled by the occupants?,Attempts are made to stabilize it and escape.,The occupants are seen holding onto the vehicle and trying to stabilize it.,1686,106036,0.0159,1960,10,15000,0,64,1
tt0119567,What immediate danger follows the vehicle's precarious position?,The approaching T-Rex and the potential fall off the cliff.,"The vehicle is on fire, indicating an immediate danger of fire and potential explosion.",1686,106036,0.0159,1960,10,15000,0,64,1
tt0119567,What culmination do the attempts at rescue and escape reach?,"The RV eventually falls off the cliff, despite efforts.",The attempts at rescue and escape culminate in a dramatic and chaotic scene where a vehicle is overturned and a person is seen in distress.,1686,106036,0.0159,1960,10,15000,0,64,1
tt0119567,Is there a successful communication attempt among the humans?,Yes.,"Yes, there is a successful communication attempt among the humans.",1686,106036,0.0159,1960,10,15000,0,64,1
tt0119567,Do the T-Rex manage to enter the vehicle?,"No, but they attack it.","Yes, the T-Rex manages to enter the vehicle.",1686,106036,0.0159,1960,10,15000,0,64,1
tt0119567,Is the RV seen moving before the final fall?,"Yes, it's being pushed and shaken.","Yes, the RV is seen moving before the final fall.",1686,106036,0.0159,1960,10,15000,0,64,1
tt0119567,Are all individuals inside the vehicle throughout the crisis?,"No, some attempt to escape or engage in rescue outside.","No, some individuals are inside the vehicle while others are outside, indicating a dynamic and potentially dangerous situation.",1686,106036,0.0159,1960,10,15000,0,64,1
tt0119567,Does the weather clear during the sequence?,"No, it remains stormy.","No, the weather remains overcast throughout the sequence.",1686,106036,0.0159,1960,10,15000,0,64,1
tt0119567,Do any dinosaurs fall off the cliff with the RV?,No.,"No, there are no dinosaurs falling off the cliff with the RV.",1686,106036,0.0159,1960,10,15000,0,64,1
tt0119567,Is the RV stationary before being pushed by the T-Rex?,Yes.,"Yes, the RV is stationary before being pushed by the T-Rex.",1686,106036,0.0159,1960,10,15000,0,64,1
tt0119567,Does the T-Rex attack precede the RV's precarious position on the cliff?,Yes.,"Yes, the T-Rex attack precedes the RV's precarious position on the cliff.",1686,106036,0.0159,1960,10,15000,0,64,1
tt0119567,Is the use of ropes for rescue attempted before the RV falls?,Yes.,"Yes, the use of ropes for rescue is attempted before the RV falls.",1686,106036,0.0159,1960,10,15000,0,64,1
tt0119567,Does the heavy rain precede the dinosaur attack?,Yes.,"Yes, the heavy rain precedes the dinosaur attack.",1686,106036,0.0159,1960,10,15000,0,64,1
tt0119567,Is the RV damaged before falling off the cliff?,Yes.,"Yes, the RV is damaged before falling off the cliff.",1686,106036,0.0159,1960,10,15000,0,64,1
tt0119567,Do characters attempt to communicate before trying physical rescue?,Yes.,"Yes, characters attempt to communicate before trying physical rescue.",1686,106036,0.0159,1960,10,15000,0,64,1
tt0119567,What happens before the use of ropes for rescue?,The RV begins teetering on the cliff's edge.,"A vehicle is shown in a state of disarray, suggesting a recent accident or crash.",1686,106036,0.0159,1960,10,15000,0,64,1
tt0119567,What leads up to the vehicle's perilous situation?,T-Rex approaching and attacking the RV.,"The vehicle is shown driving through a forested area, with a person taking a photograph, and then driving through a muddy area with trees and foliage in the background.",1686,106036,0.0159,1960,10,15000,0,64,1
tt0119567,What event leads to the attempt at escaping the vehicle?,The RV getting attacked and pushed towards the cliff.,"The vehicle is engulfed in flames, leading to the attempt at escaping.",1686,106036,0.0159,1960,10,15000,0,64,1
tt0119567,What precedes the individuals getting tossed around inside the RV?,The vehicle being shaken by the T-Rex.,A vehicle crash.,1686,106036,0.0159,1960,10,15000,0,64,1
tt0119567,What takes place before the RV's eventual fall?,A desperate attempt at escape and securing the vehicle.,The RV is shown driving through a forested area with a person taking a photo of it.,1686,106036,0.0159,1960,10,15000,0,64,1
tt0119567,What leads to the final confrontation with the T-Rex?,The RV teetering and occupants attempting to rescue each other.,The final confrontation with the T-Rex is led by the man in the red shirt who is seen running towards the T-Rex with a determined expression.,1686,106036,0.0159,1960,10,15000,0,64,1
tt0119567,What challenges does the group face outdoors at night?,"Heavy rain, muddy terrain, and nighttime visibility.","The group faces challenges such as navigating through a dark, possibly rainy environment, dealing with the aftermath of a vehicle crash, and confronting a large, menacing dinosaur.",1709,109564,0.0156,2156,11,15000,0,64,1
tt0119567,How does the group strategize their next steps?,"Through serious discussions, examining maps, and setting up equipment.","In the image, the group is gathered in a dimly lit room, possibly a control room or a command center, with various pieces of equipment and screens around them. They appear to be discussing or strategizing, with one individual pointing at something on a screen, which could be a map or data relevant to their situation. The presence of maps and the focused attention of the individuals suggest they are planning their next move, possibly related to the situation outside the room. The serious expressions and the strategic setting imply a critical decision-making moment.",1709,109564,0.0156,2156,11,15000,0,64,1
tt0119567,Are there any signs of internal conflict within the group?,"Yes, there's a scene of an individual being restrained.","The image you've provided appears to be a collage of scenes from a movie or television show, featuring a group of characters in various situations. However, without specific context or a clear narrative from these images, it's challenging to determine if there are signs of internal conflict within the group. The images show characters in different scenarios, some of which might suggest tension or disagreement, but these are isolated moments and do not provide a comprehensive view of the group's dynamics. To accurately assess internal conflict, one would need to see a sequence of events or a broader context that reveals the characters' interactions and relationships over time.",1709,109564,0.0156,2156,11,15000,0,64,1
tt0119567,What key activities are depicted during the group's night meetings?,"Preparing for a task, holding discussions, and dealing with dropping items.","The key activities depicted during the group's night meetings include discussions, planning, and strategizing.",1709,109564,0.0156,2156,11,15000,0,64,1
tt0119567,What denotes the urgency and seriousness of the group's situation?,Intense conversations and the focus on maps and documents.,"The urgency and seriousness of the group's situation is denoted by the chaotic scene of a vehicle in flames, the intense focus of the characters, and the urgency in their actions.",1709,109564,0.0156,2156,11,15000,0,64,1
tt0119567,Is the group seen completing their intended task?,"No, they are in preparations and discussions.","No, the group is not seen completing their intended task.",1709,109564,0.0156,2156,11,15000,0,64,1
tt0119567,How does the environment contribute to the group's challenges?,"The rainy, muddy conditions and nighttime setting increase difficulty.","The environment contributes significantly to the group's challenges by presenting them with a series of obstacles and dangers. The dense jungle environment in the first image suggests a remote and potentially hostile location, which can make navigation and communication difficult. The forest fire in the second image adds an element of urgency and danger, requiring immediate action to escape. The nighttime setting in the third image implies limited visibility, which can exacerbate the challenges of the group. The dark, rainy environment in the fourth image further complicates their situation, making it harder to see and navigate. The presence of a large, aggressive animal in the fifth image introduces a direct threat to the group's safety. The wet and muddy conditions in the sixth image suggest that the group is dealing with slippery terrain, which can increase the risk of accidents and make it harder to maintain stability. The combination of these environmental challenges creates a high-stakes scenario for the group.",1709,109564,0.0156,2156,11,15000,0,64,1
tt0119567,What distinguishes the group's gatherings?,Preparation for a hazardous mission and handling internal tensions.,"The group's gatherings are distinguished by their diverse settings and activities. They range from a formal dining scene to a casual beach setting, a serene forest environment, a rugged outdoor adventure, a high-tech laboratory, a dramatic explosion scene, a tense moment inside a vehicle, a rainy night with a mysterious figure, and a chaotic scene with a group of people in a dark, wet environment. Each setting reflects a unique aspect of the group's experiences, from leisurely meals to intense action sequences.",1709,109564,0.0156,2156,11,15000,0,64,1
tt0119567,What actions are taken to deal with heavy rain and mud?,Navigating carefully and setting up equipment.,"In the video, we see a group of people navigating through heavy rain and mud. They are using umbrellas to shield themselves from the rain, and some are wearing reflective gear, possibly for visibility. They are also using vehicles, such as a truck, to traverse the muddy terrain. The individuals are shown using caution and teamwork to move through the challenging conditions.",1709,109564,0.0156,2156,11,15000,0,64,1
tt0119567,How do the group's activities at night reflect their mission's critical nature?,Through intense discussions and strategic planning.,"The group's activities at night, such as the intense conversation between the man in the dark suit and the woman in the red shirt, and the man in the green jacket looking through binoculars, reflect the critical nature of their mission by indicating that they are engaged in urgent and possibly covert operations. The darkness and the need for secrecy suggest that their activities are time-sensitive and require careful planning and execution. The presence of a vehicle with flashing lights and the man in the green jacket with binoculars also imply that they are monitoring or responding to a situation that requires immediate attention.",1709,109564,0.0156,2156,11,15000,0,64,1
tt0119567,What immediate action follows a dropped item during a tense discussion?,Someone quickly bends to pick it up.,"The scene transitions to a vehicle in motion, with a person in a red shirt and another in a green shirt, suggesting a chase or escape.",1709,109564,0.0156,2156,11,15000,0,64,1
tt0119567,How is preparation for a potentially hazardous mission depicted?,Gathering equipment and engaging in serious briefings.,"The preparation for a potentially hazardous mission is depicted through a series of images showing a group of individuals in a room with various pieces of equipment and a map on the wall. One person is seen holding a flashlight, suggesting they are inspecting or preparing the equipment. The presence of the map indicates planning and strategy for the mission. The overall atmosphere is serious and focused, with the individuals appearing to be in a state of readiness and concentration.",1709,109564,0.0156,2156,11,15000,0,64,1
tt0119567,Is equipment assembly captured during the group's journey?,"Yes, in challenging weather conditions.","Yes, equipment assembly is captured during the group's journey.",1709,109564,0.0156,2156,11,15000,0,64,1
tt0119567,What role do maps and documents play in the group's planning?,Central to strategizing and making decisions.,Maps and documents are crucial for the group's planning as they provide essential information about the location and layout of the area they are exploring.,1709,109564,0.0156,2156,11,15000,0,64,1
tt0119567,How is internal conflict managed among the group?,Through physical restraint and attempts at mediation.,"In the image, we see a group of people in a tense situation, possibly in a forested area. They appear to be engaged in a discussion or confrontation. One individual is holding a weapon, which suggests a sense of urgency or danger. The body language and expressions of the individuals indicate that there is a significant internal conflict or disagreement among them. Managing such conflicts typically involves open communication, active listening, and an attempt to understand each person's perspective. It's also important for the group to remain calm and composed to avoid escalating the situation. If necessary, a mediator or leader might step in to facilitate a resolution or to ensure the safety of all involved.",1709,109564,0.0156,2156,11,15000,0,64,1
tt0119567,What signifies a moment of careful observation among the group members?,Watching intently as a dropped item is retrieved.,The moment of careful observation among the group members is signified by the man in the red shirt who is looking at the dinosaur through binoculars.,1709,109564,0.0156,2156,11,15000,0,64,1
tt0119567,Does the group encounter animals or wildlife in these scenarios?,No.,"Yes, the group encounters a large animal, which appears to be a dinosaur, in the forest setting.",1709,109564,0.0156,2156,11,15000,0,64,1
tt0119567,Is the equipment successfully set up under adverse weather?,Yes.,"The image you've provided appears to be a collage of various scenes from different movies or TV shows, and it's not possible to determine from this image alone whether the equipment is successfully set up under adverse weather conditions. Each scene depicts different characters and situations, and without additional context, it's not clear how they relate to each other or what the specific context of the equipment setup is. If you have more information about the scenes or the equipment in question, I could provide a more detailed analysis.",1709,109564,0.0156,2156,11,15000,0,64,1
tt0119567,Do the discussions occur in a sheltered environment?,"No, they're outdoors.","No, the discussions occur in a sheltered environment.",1709,109564,0.0156,2156,11,15000,0,64,1
tt0119567,Is there a visible leader guiding the group's discussions and strategy?,Yes.,"Yes, there is a visible leader guiding the group's discussions and strategy.",1709,109564,0.0156,2156,11,15000,0,64,1
tt0119567,Are all group members cooperative throughout the interactions?,"No, there are conflicts.","No, not all group members are cooperative throughout the interactions.",1709,109564,0.0156,2156,11,15000,0,64,1
tt0119567,Do the preparations and discussions conclude with a defined plan?,"Unclear, as the focus is on ongoing preparations and discussions.","The image you've provided appears to be a collage of scenes from a movie or television show, featuring various characters in different settings. However, without a specific context or a clear sequence of events, it's challenging to determine if the preparations and discussions conclude with a defined plan. The images show characters in different situations, such as a group of people in a room, a person looking at a map, and another person in a vehicle. These scenes suggest planning or strategizing, but without additional information, it's not possible to confirm if a defined plan is reached. If you can provide more context or a specific scene from the movie or show, I might be able to offer a more detailed analysis.",1709,109564,0.0156,2156,11,15000,0,64,1
tt0119567,Is the discussion before the setting up of equipment?,No.,Yes.,1709,109564,0.0156,2156,11,15000,0,64,1
tt0119567,Does picking up the dropped object occur before the conflict?,No.,"No, picking up the dropped object occurs after the conflict.",1709,109564,0.0156,2156,11,15000,0,64,1
tt0119567,Is the night setting established before any discussions start?,Yes.,"Yes, the night setting is established before any discussions start.",1709,109564,0.0156,2156,11,15000,0,64,1
tt0119567,What occurs just before setting up the mechanical equipment?,Navigating through muddy terrain.,A vehicle is seen crashing into a structure.,1709,109564,0.0156,2156,11,15000,0,64,1
tt0119567,Before what event do we see the group engaging in serious conversation?,Gathering around a camp area.,The group is seen engaging in a serious conversation before the event of a vehicle explosion.,1709,109564,0.0156,2156,11,15000,0,64,1
tt0119567,What do we see happening before the restraint of the aggressive individual?,An altercation escalates.,"A person in a red shirt is seen in a room with a computer monitor, and another person in a red shirt is standing nearby.",1709,109564,0.0156,2156,11,15000,0,64,1
tt0119567,What precedes the examination of maps and documents for planning?,The group assembles and prepares for discussion.,A conversation between two individuals.,1709,109564,0.0156,2156,11,15000,0,64,1
tt0119567,What do we see before the intense focus on a document?,The group gathers and initiates a discussion.,"Before the intense focus on a document, we see a scene with a person in a white hat and a person in a beige outfit, both standing on a beach with the ocean in the background.",1709,109564,0.0156,2156,11,15000,0,64,1
tt0121765,What are the main settings where the movie's action unfolds?,"A desert-like battlefield, a dimly lit hangar, and spaceships in orbit.","The main settings in the movie include a futuristic cityscape, a desert planet, and a space station.",3735,393960,0.0095,3920,20,15000,0,64,1
tt0121765,What significant events mark the climax of the conflict?,"Intense lightsaber duels, strategic spaceships taking off, and critical conversations hinting at further conflicts.","The climax of the conflict is marked by a series of intense confrontations and pivotal moments. The final showdown takes place in a vast, open desert landscape, where the main characters engage in a climactic lightsaber duel. The confrontation is set against a backdrop of a large, imposing structure that looms over the scene, adding to the dramatic tension. The characters are surrounded by a chaotic environment, with debris and dust swirling around them, emphasizing the gravity of the moment. The lightsaber duel is the culmination of the conflict, with the characters exchanging powerful blows and displaying their mastery of the Force. The outcome of this duel is not specified, but it is a critical moment in the narrative, marking the resolution of the central conflict.",3735,393960,0.0095,3920,20,15000,0,64,1
tt0121765,What notable aftermath scenes follow the battle?,"Injured characters recuperating, quiet contemplation in hangars, and the mysterious departure of ships.","The aftermath scenes following the battle include a character lying on the ground with a glowing green light emanating from their chest, suggesting they are either injured or in a state of energy discharge. Another scene shows a character standing over a fallen opponent, with a backdrop of a fiery explosion, indicating the intensity of the conflict. The final scene depicts a character standing amidst the ruins of a structure, with a glowing green light in the distance, which could imply a power source or a significant artifact.",3735,393960,0.0095,3920,20,15000,0,64,1
tt0121765,How do the spaceships contribute to the storyline?,"They're involved in escapes, dogfights, and signify transitions between scenes.","The spaceships in the Star Wars universe are not just vehicles; they are integral to the narrative, serving as symbols of freedom, rebellion, and technological advancement. They often represent the characters' journeys, both physically and metaphorically, and are frequently used in pivotal scenes that advance the plot. Spaceships like the Millennium Falcon, the TIE fighters, and the X-wing and Y-wing starfighters are iconic and have become synonymous with the Star Wars saga. They are often used in dramatic and action-packed sequences, such as dogfights and escape missions, which are central to the storytelling. The design and functionality of these spaceships also reflect the technological capabilities and the aesthetic of the Star Wars universe, contributing to the immersive experience for the audience.",3735,393960,0.0095,3920,20,15000,0,64,1
tt0121765,Outline an escape sequence included in the film.,"Figures making strategic retreats via starfighters, hinting at regrouping for future encounters.","The escape sequence in the film involves a character in a spaceship navigating through a series of obstacles to reach a safe exit. The character must avoid being detected by enemy forces and uses quick thinking and agility to evade capture. The sequence includes intense action, with the character dodging laser beams, jumping over obstacles, and using the ship's controls to steer clear of danger. The climax of the escape sequence features a dramatic confrontation with an enemy pilot, where the character uses their skills to outmaneuver and outfight the opponent, ultimately securing their escape.",3735,393960,0.0095,3920,20,15000,0,64,1
tt0121765,How does the movie portray the moments before a pivotal lightsaber duel?,"Anticipatory, with characters drawing their weapons amidst tense silence.","The movie portrays the moments before a pivotal lightsaber duel with a series of intense and dramatic scenes. The characters are shown in various states of readiness and contemplation, with one character preparing for battle while the other is in a moment of reflection or strategy. The setting is a dimly lit, atmospheric environment that adds to the tension and anticipation. The characters are dressed in their distinctive costumes, and the lightsaber is prominently displayed, emphasizing the significance of the upcoming duel. The overall mood is one of seriousness and determination, highlighting the gravity of the impending conflict.",3735,393960,0.0095,3920,20,15000,0,64,1
tt0121765,What scenes showcase the aftermath of the battle?,"Wounded characters recovering, Reflective moments in dimly lit settings.","The aftermath of the battle is showcased in the scene where the ground is littered with debris and the environment is filled with smoke and dust, indicating the intensity of the conflict.",3735,393960,0.0095,3920,20,15000,0,64,1
tt0121765,Are there moments of strategic planning observed?,"Yes, characters are seen discussing tactics and viewing holographic maps in preparation.","Yes, there are moments of strategic planning observed in the images. For example, one image shows a character in a spaceship cockpit, looking at a control panel, which suggests they are monitoring or preparing for a mission. Another image shows a group of characters in a room with a large map on the wall, which implies they are discussing or planning a strategy. Additionally, there are scenes where characters are in a meeting or discussion, which is a common setting for strategic planning in storytelling.",3735,393960,0.0095,3920,20,15000,0,64,1
tt0121765,Do the movie scenes include battles in space?,Yes.,"Yes, the movie scenes include battles in space.",3735,393960,0.0095,3920,20,15000,0,64,1
tt0121765,Where do the discussions in the video take place?,In a darkened room and a serene chamber with a cityscape view.,"The discussions in the video take place in various locations that are characteristic of the Star Wars universe. These include spaceships, corridors, and other futuristic settings. The environments are often dimly lit with a focus on the characters, and the color palette ranges from cool blues and purples to warm oranges and yellows, reflecting the different moods and atmospheres of the scenes.",3748,395136,0.0095,4116,21,15000,0,64,1
tt0121765,What is the mood of the video's setting?,"A mixture of tension, contemplation, and tranquility at sunset.",The video's setting has a sci-fi and adventurous mood.,3748,395136,0.0095,4116,21,15000,0,64,1
tt0121765,What are the characters doing in the video?,Engaging in serious discussions and personal contemplation.,"The video is a montage of scenes from the ""Star Wars"" franchise, featuring various characters in different situations. Here's a brief description of what each scene shows:1. The opening scene shows the iconic ""Star Wars"" title in yellow text on a black background.2. A character in a white robe is standing in a room with a blue-tinted light, possibly in a meditative or contemplative state.3. A character in a brown cloak is seen in a futuristic setting with neon lights, suggesting a high-tech environment.4. A character in a white robe is standing in a room with a large window, looking out at a cityscape.5. A character in a brown cloak is standing in a room with a futuristic design, possibly in a conversation or confrontation.6. A character in a white robe is standing in a room with a large window, looking out at a cityscape.7. A character in a brown cloak is standing in a room with a futuristic design, possibly in a conversation or confrontation.8. A character in a white robe is standing in a room with a large window, looking out at a cityscape.9. A character in a brown cloak is standing in a room with a futuristic design, possibly in a conversation",3748,395136,0.0095,4116,21,15000,0,64,1
tt0121765,How does the environment contribute to the video's atmosphere?,The futuristic cityscape at sunset adds to the contemplative mood.,"The environments in the video contribute significantly to the overall atmosphere, enhancing the narrative and thematic elements of the scenes. Here's a breakdown of how each environment contributes:1. **Opening Scene**: The stark black background with the bold yellow text ""STAR WARS"" sets a high-energy, sci-fi tone, immediately drawing the viewer into the universe of the film.2. **Mesa Scene**: The barren, desert-like landscape with a waterfall and a distant cityscape creates a sense of isolation and mystery, fitting for a character's contemplative moment.3. **Dome Scene**: The futuristic, circular structure with a red glow and a view of the city at night adds a sense of advanced technology and possibly a dystopian or futuristic setting.4. **Dome Interior**: The warm, orange lighting and the presence of a character in a robe suggest a setting that is both ancient and mystical, possibly a place of learning or meditation.5. **Dome Exterior**: The red glow and the character's attire hint at a ritualistic or significant event taking place in a setting that is both ancient and mystical.6. **Dome Interior (Different Scene)**: The red lighting and the character's attire continue to suggest a setting that is both ancient and mystical, possibly a",3748,395136,0.0095,4116,21,15000,0,64,1
tt0121765,What is significant about the time of day in the video?,"Sunset evokes a sense of ending or reflection, contributing to the mood.","The time of day in the video is significant because it varies from scene to scene, indicating different times of day or different locations with different lighting conditions. This variation in lighting can affect the mood and atmosphere of the scenes, with some being brightly lit and others being dimly lit or in shadow.",3748,395136,0.0095,4116,21,15000,0,64,1
tt0121765,How are the characters positioned in relation to one another?,"Some are engaged in discussion, while one is seated alone.","The characters are positioned in various ways, often in close proximity to each other, suggesting interactions or confrontations. Some images show characters facing each other, while others depict characters in motion or in different environments. The positioning varies from scene to scene, indicating the dynamic nature of the relationships and actions within the narrative.",3748,395136,0.0095,4116,21,15000,0,64,1
tt0121765,What themes are suggested by the characters' interactions?,"Themes of urgency, contemplation, and possible concern.","The images from the ""Star Wars"" series suggest a variety of themes through the characters' interactions. These themes include:1. **Friendship and Alliance**: Characters are seen together, suggesting bonds of friendship and alliance. This is evident in scenes where characters are in close proximity, engaging in conversation or preparing for a shared mission.2. **Conflict and Battle**: There are images of characters in combat situations, wielding lightsabers and engaging in hand-to-hand combat. This indicates themes of conflict and the struggle between good and evil.3. **Mentorship and Guidance**: Some images show characters in a teaching or mentoring role, which is a common theme in the ""Star Wars"" saga, where characters often learn from each other and from mentors.4. **Emotional Intensity**: Characters are shown in moments of high emotion, such as surprise, concern, and determination, which adds to the dramatic tension and emotional depth of the series.5. **Technology and Innovation**: The presence of advanced technology, such as the spaceship and the holographic displays, suggests themes of innovation and the use of technology in the ""Star Wars"" universe.6. **Cosmic and Epic Scale**: The vastness of space and the grandeur of the settings imply a cosmic and",3748,395136,0.0095,4116,21,15000,0,64,1
tt0121765,What does the video's setting imply about the story?,The setting suggests a futuristic world where critical matters are discussed.,"The video is a montage of scenes from the ""Star Wars"" franchise, which implies a story set in a vast, interstellar universe with a rich tapestry of characters, planets, and technologies. The scenes depict a range of settings, from futuristic cities to desert landscapes, suggesting a narrative that spans across different environments and possibly different time periods. The presence of characters in various costumes and the use of lightsabers and other advanced technology hint at a conflict between good and evil, with elements of adventure, drama, and epic space battles. The video's setting, therefore, implies a complex and expansive storyline with a focus on space exploration, intergalactic conflict, and the struggle between heroes and villains.",3748,395136,0.0095,4116,21,15000,0,64,1
tt0121765,Describe the initial action between two figures.,They are engaged in a secretive conversation in a dimly lit space.,"The initial action involves two figures standing in a room with a futuristic design, one wearing a brown robe and the other in a white robe. They appear to be engaged in a conversation or interaction, with the figure in the brown robe gesturing towards the other.",3748,395136,0.0095,4116,21,15000,0,64,1
tt0121765,What occurs after the initial discussion?,"A perspective shift to a sunset cityscape, suggesting transition and reflection.","After the initial discussion, the scene transitions to a character in a spaceship cockpit, followed by a character in a desert setting with a large structure in the background. The narrative continues with a character in a spaceship, then a character in a room with a futuristic design. The sequence progresses with a character in a desert setting, a character in a room with a futuristic design, and a character in a spaceship. The final scenes show a character in a desert setting with a large structure in the background, followed by a character in a room with a futuristic design, and concludes with a character in a spaceship.",3748,395136,0.0095,4116,21,15000,0,64,1
tt0121765,How do the characters engage with the room’s view?,"They observe the cityscape, engaging in dialogue or thought.","The characters in the images appear to be engaging with the room's view in various ways. Some are looking out of windows or through openings, while others are standing or walking near the edges of the rooms, possibly observing the outside environment. The settings suggest a futuristic or otherworldly ambiance, with elements like holographic displays, advanced architecture, and possibly a view of a cityscape or landscape outside. The characters' postures and expressions suggest a sense of contemplation or focus on the view, which could be significant to the narrative or thematic elements of the scene.",3748,395136,0.0095,4116,21,15000,0,64,1
tt0121765,What is the individual's action in the serene chamber?,"Sitting alone, deeply in contemplation or concern.",The individual is seated in the serene chamber.,3748,395136,0.0095,4116,21,15000,0,64,1
tt0121765,How do the discussions vary in setting?,"From a secretive, closed space to an open, tranquil chamber.","The discussions vary in setting, ranging from a serene, reflective environment with a view of a waterfall to a more intense and action-packed scene with a backdrop of a desert landscape.",3748,395136,0.0095,4116,21,15000,0,64,1
tt0121765,Are any characters observing the discussion?,"Yes, the seated figure seems to watch two figures conversing.","Yes, there are characters observing the discussion.",3748,395136,0.0095,4116,21,15000,0,64,1
tt0121765,What overall action characterizes the video?,"Deep, meaningful discussions against a backdrop of contemplation.","The video is a montage of scenes from the ""Star Wars"" franchise, characterized by various action sequences, dramatic moments, and iconic characters. It includes lightsaber duels, spaceships, futuristic environments, and intense confrontations, all set against the backdrop of the Star Wars universe.",3748,395136,0.0095,4116,21,15000,0,64,1
tt0121765,How does the video’s setting affect the characters?,It reinforces their contemplative and serious demeanor.,"The video showcases a variety of scenes from the ""Star Wars"" universe, each with its own unique setting that significantly affects the characters within them. Here's a breakdown of how the settings impact the characters:1. **Space Station or Ship Interior**: The setting is futuristic and industrial, with metallic surfaces and control panels. The characters in this setting are often in a state of alertness or action, reflecting the high-stakes environment typical of space travel and combat in the ""Star Wars"" universe.2. **Dense Forest or Jungle**: The lush greenery and dense foliage create a sense of isolation and mystery. Characters in this setting might be on a mission that requires stealth or exploration, and the environment can be both beautiful and dangerous.3. **Desert Landscape**: The barren, sandy environment is harsh and unforgiving. Characters in this setting might be on a quest that requires endurance and resilience, and the landscape can be both a challenge and a source of power (e.g., the Force).4. **Underground or Subterranean Setting**: This setting is often dark and enclosed, which can create a sense of claustrophobia or urgency. Characters might be in a situation that requires quick thinking and adaptation to confined spaces.5. **Ancient",3748,395136,0.0095,4116,21,15000,0,64,1
tt0121765,Does anyone use a technological device?,No.,"Yes, in the sequence of images from the ""Star Wars"" franchise, there are several scenes where characters are using technological devices. For example, in one image, a character is seen using a device that appears to be a comms device or a tool of some sort. In another image, a character is holding a lightsaber, which is a technological weapon used in the ""Star Wars"" universe. These devices are integral to the storytelling and action within the films.",3748,395136,0.0095,4116,21,15000,0,64,1
tt0121765,Is there any visible conflict in the scenes?,No.,"Yes, there is visible conflict in the scenes. The scenes depict characters engaged in combat, with lightsabers being used, which is a common weapon in the Star Wars universe. The presence of lightsabers and the intense expressions on the characters' faces suggest that they are in the midst of a battle.",3748,395136,0.0095,4116,21,15000,0,64,1
tt0121765,Are there more than two characters in any scene?,"Yes, but they do not interact simultaneously.","Yes, there are scenes with more than two characters. For example, in the scene where the character in the brown robe is standing in a room with a large window, there is another character in a white robe standing next to him. Additionally, in the scene with the character in the white robe and the character in the brown robe, there is a third character in a white robe standing behind them.",3748,395136,0.0095,4116,21,15000,0,64,1
tt0121765,Is there any physical action or combat?,No.,"Yes, there is physical action and combat depicted in the images. One image shows a character wielding a lightsaber, which is a distinctive weapon in the Star Wars universe, often used in combat. Another image shows characters engaged in what appears to be a confrontation or battle.",3748,395136,0.0095,4116,21,15000,0,64,1
tt0121765,Does the seated figure join the discussion?,No.,"The image you've provided appears to be a montage of scenes from the ""Star Wars"" franchise. It shows various characters and scenes from different movies, including the character Yoda, who is a wise and powerful Jedi Master. However, without a specific context or a clear sequence of images, it's not possible to determine if the seated figure joins a discussion in the traditional sense. The images show Yoda in various situations, but none of them depict him joining a discussion with the other characters shown. If you have a specific image or a sequence of images in mind, I could provide a more detailed analysis.",3748,395136,0.0095,4116,21,15000,0,64,1
tt0121765,Is someone shown entering or leaving the room?,No.,"Yes, a person is shown entering the room.",3748,395136,0.0095,4116,21,15000,0,64,1
tt0121765,Do the characters engage in any activity other than talking and reflecting?,No.,"Yes, the characters engage in various activities other than talking and reflecting. They are seen in action-packed sequences, such as flying through space in a spacecraft, engaging in lightsaber duels, and navigating through futuristic environments. There are also scenes of characters in combat, using lightsabers and blasters, and moments of intense action with explosions and debris. The characters are also shown in contemplative moments, looking out into space or standing in contemplative poses.",3748,395136,0.0095,4116,21,15000,0,64,1
tt0121765,Is the secretive discussion held before observing the cityscape?,Yes.,No.,3748,395136,0.0095,4116,21,15000,0,64,1
tt0121765,Does the seated figure contemplate before the discussion begins?,No.,"Yes, the seated figure appears to be in a contemplative state before the discussion begins.",3748,395136,0.0095,4116,21,15000,0,64,1
tt0121765,Is the cityscape viewed before the serene chamber scene?,Yes.,No.,3748,395136,0.0095,4116,21,15000,0,64,1
tt0121765,Do the two figures start their conversation before the lone figure sits?,Yes.,"No, the two figures do not start their conversation before the lone figure sits.",3748,395136,0.0095,4116,21,15000,0,64,1
tt0121765,Is the dimly lit room shown before the tranquil chamber?,Yes.,Yes.,3748,395136,0.0095,4116,21,15000,0,64,1
tt0121765,Is the technological device used before the sunset view?,"No, because no technological devices are used.",No.,3748,395136,0.0095,4116,21,15000,0,64,1
tt0121765,What occurs just before the sunset cityscape is viewed?,A secretive conversation in a dimly lit space.,"A character is seen in a room with a large window, looking out at the cityscape.",3748,395136,0.0095,4116,21,15000,0,64,1
tt0121765,What happens before the seated figure appears in contemplation?,The transition to a serene chamber with a sunset view.,"Before the seated figure appears in contemplation, there is a scene where a character is seen in a futuristic setting, possibly a spaceship or a control room, with a view of a cityscape at night. The character is wearing a helmet and appears to be in a state of distress or concern. The scene transitions to a close-up of the character's face, showing a serious or contemplative expression.",3748,395136,0.0095,4116,21,15000,0,64,1
tt0121765,Before what event does the serious discussion occur?,Just after viewing the panoramic city at sunset.,"The serious discussion occurs before a significant event, which is not explicitly stated in the images provided. However, given the context of the images, which are from the ""Star Wars"" franchise, it could be inferred that the discussion is likely in relation to an impending battle or a critical decision that the characters are about to face. The serious expressions and the setting suggest a moment of gravity and importance.",3748,395136,0.0095,4116,21,15000,0,64,1
tt0121765,What is shown before the two figures engage in dialogue?,"Initially, a lone character sits in contemplation.","Before the two figures engage in dialogue, the scene transitions to a character in a white robe standing in a room with a large window, overlooking a cityscape at night. The character appears to be in a contemplative or thoughtful state, looking out of the window. The room has a futuristic design with curved lines and a minimalist aesthetic. The lighting is subdued, with the city lights providing a contrast to the interior's cool tones. The character's posture and the setting suggest a moment of reflection or decision-making.",3748,395136,0.0095,4116,21,15000,0,64,1
tt0121765,What precedes the character's observation of the cityscape?,A serious or covert discussion in a dimly lit room.,The character is seen in a room with a large window overlooking a cityscape.,3748,395136,0.0095,4116,21,15000,0,64,1
tt0121765,What takes place before the chamber scene with three characters?,A panoramic view of the city as the setting shifts.,"Before the chamber scene with three characters, there is a scene where a character is standing in a room with a large window, looking out at a landscape. The room has a futuristic design with curved lines and a reddish hue. The character appears to be in a contemplative or thoughtful state, possibly reflecting on something significant. The scene is set in a location that resembles a space station or a similar advanced structure, given the architectural style and the presence of what appears to be a control panel or console in the background. The character's attire suggests a setting that is part of a science fiction narrative, and the overall atmosphere is one of quiet introspection.",3748,395136,0.0095,4116,21,15000,0,64,1
tt0121765,"Before the final moment of reflection, what is depicted?",A conversation between two characters overlooking the cityscape.,"Before the final moment of reflection, the scene depicts a character in a desert-like environment, standing in front of a large, imposing structure with a glowing red orb at its center. The character is wearing a long, dark robe and has a contemplative expression. The setting is filled with a reddish hue, suggesting a harsh, possibly volcanic or desert planet. The character appears to be in a moment of quiet introspection or decision-making, with the glowing orb and the structure serving as focal points in the background.",3748,395136,0.0095,4116,21,15000,0,64,1
tt0121765,What is the central theme of the video?,The commencement of the Clone Wars with military preparation.,"The central theme of the video is the Star Wars universe, featuring various characters and scenes from the Star Wars franchise.",3752,396312,0.0095,4312,22,15000,0,64,1
tt0121765,How does the video illustrate the readiness of the troops?,Through scenes of clone troopers in formation and ships deploying troops.,"The video illustrates the readiness of the troops through the presence of a control panel with various buttons and screens, indicating a high level of technological sophistication and preparedness.",3752,396312,0.0095,4312,22,15000,0,64,1
tt0121765,What does the transition in scenes signify?,The shift from preparation to the actual onset of a significant war.,"The transition in scenes in the video appears to signify a progression through different locations and events within the narrative of the Star Wars universe. Each scene captures a unique moment or setting, suggesting a variety of actions and interactions among characters. The transitions likely represent changes in the story, such as moving from one planet to another, shifting from a moment of dialogue to a scene of action, or highlighting different characters and their roles within the narrative. The visual style and color palette of each scene are consistent with the Star Wars aesthetic, which often includes a mix of futuristic and otherworldly environments, as well as moments of intense action and dramatic confrontations.",3752,396312,0.0095,4312,22,15000,0,64,1
tt0121765,What setting does the first part of the video take place in?,A futuristic city at dusk with military architecture.,"The first part of the video takes place in a futuristic setting with a dark background and yellow text that reads ""STAR WARS.""",3752,396312,0.0095,4312,22,15000,0,64,1
tt0121765,Is there a sense of urgency depicted in the video?,"Yes, through the assembly of troops and the launching of ships.","Yes, there is a sense of urgency depicted in the video. The scenes show characters in various states of action and confrontation, with some characters wielding lightsabers, which are iconic weapons in the Star Wars universe often used in combat. The environments range from futuristic cityscapes to more traditional settings, all of which contribute to the sense of urgency and conflict.",3752,396312,0.0095,4312,22,15000,0,64,1
tt0121765,What emotions are evoked by the video?,A sense of imminent conflict and strategic mobilization.,"The video showcases a series of scenes from the ""Star Wars"" franchise, each with its own emotional resonance. Here's a breakdown of the emotions evoked by each scene:1. The first image with the ""Star Wars"" title evokes a sense of anticipation and excitement, as it is a well-known and iconic opening for the franchise.2. The scene with the character in a contemplative pose in a dimly lit room evokes introspection and perhaps a sense of melancholy or deep thought.3. The scene with the character in a spaceship cockpit with a view of a cityscape at night evokes a sense of adventure and the unknown, as it suggests a journey or mission about to begin.4. The scene with the character in a desert-like environment with a futuristic structure in the background evokes a sense of isolation and perhaps a feeling of being in a harsh, alien environment.5. The scene with the character in a dimly lit room with a futuristic design evokes a sense of mystery and intrigue, as it suggests a setting that is both advanced and possibly secretive.6. The scene with the character in a space station or ship interior with a view of a planet through a window evokes a sense of exploration and the vastness of space.",3752,396312,0.0095,4312,22,15000,0,64,1
tt0121765,What indicates the scale of the war effort?,The vast number of clone troopers and the fleet of ships.,"The scale of the war effort is indicated by the presence of multiple AT-AT walkers, which are large, four-legged walker units used by the Galactic Empire. These walkers are seen in various scenes, including one being destroyed by a lone pilot in a TIE fighter, and another being used in a battle scene. The presence of multiple walkers suggests a large-scale war effort.",3752,396312,0.0095,4312,22,15000,0,64,1
tt0121765,Describe the transition of day to night in the video.,There isn't a clear transition shown within these frames.,"The video begins with a black screen displaying the iconic yellow text ""STAR WARS"" in a bold, blocky font. The scene transitions to a character in a white robe standing in a dimly lit room with a blue-tinted glow, suggesting a nighttime setting. The character is then seen in a brightly lit corridor with a futuristic design, indicating a shift to a different time of day or location. The next scene shows a character in a brown robe standing in a dimly lit room with a large window, overlooking a cityscape at night. The character is then seen in a dimly lit room with a futuristic design, where another character in a white robe is present. The scene transitions to a character in a brown robe standing in a dimly lit room with a futuristic design, where another character in a white robe is present. The next scene shows a character in a brown robe standing in a dimly lit room with a futuristic design, where another character in a white robe is present. The scene transitions to a character in a brown robe standing in a dimly lit room with a futuristic design, where another character in a white robe is present. The next scene shows a character in a brown robe standing in a dimly lit room with a futuristic design, where",3752,396312,0.0095,4312,22,15000,0,64,1
tt0121765,What is the most striking visual aspect of the video?,The massive deployment of clone troopers and starships.,"The most striking visual aspect of the video is the iconic yellow font of the ""STAR WARS"" title, which is prominently displayed at the beginning of the video.",3752,396312,0.0095,4312,22,15000,0,64,1
tt0121765,How do the scenes depict readiness for war?,Troopers in formation and starships prepared for launch.,"The scenes depict readiness for war through the presence of weapons, such as lightsabers, and the characters' postures and expressions, which convey determination and readiness for conflict. The environments also suggest a state of alertness, with characters in spaceships and on battlefields, indicating preparation for combat.",3752,396312,0.0095,4312,22,15000,0,64,1
tt0121765,What role do ships play in the video?,They are instrumental for troop deployment and war readiness.,"Ships play a significant role in the video, appearing in various settings and contexts. They are often associated with movement, exploration, and conflict. In some scenes, ships are shown in flight, suggesting speed and agility, while in others, they are stationary, possibly indicating a moment of rest or preparation. The ships are integral to the narrative, serving as a means of transportation and a symbol of the characters' journeys through space.",3752,396312,0.0095,4312,22,15000,0,64,1
tt0121765,Is there any indication of civilian involvement?,"No, the focus is solely on military preparedness.","Yes, there is a scene where a group of people are gathered around a table with a holographic display, suggesting a civilian or communal setting.",3752,396312,0.0095,4312,22,15000,0,64,1
tt0121765,How is authority exhibited in the video?,Through the visible commands and formation of troops.,"The video showcases authority through various scenes where characters are seen in positions of command or control. For instance, there is a scene where a character is seated in a high chair, suggesting a position of power or leadership. Another scene shows a character standing in a commanding posture, possibly overseeing operations or directing others. Additionally, there are scenes where characters are in control of technology, such as piloting a spaceship or operating machinery, which also implies authority. The presence of uniforms and formal attire in some scenes further emphasizes the hierarchical structure and the exercise of authority within the depicted setting.",3752,396312,0.0095,4312,22,15000,0,64,1
tt0121765,What atmosphere is created by the video?,One of stern preparation and impending large-scale conflict.,"The video creates a dynamic and adventurous atmosphere, reminiscent of the Star Wars franchise. It features a variety of scenes with characters in spaceships, on planets, and in futuristic environments, suggesting action, adventure, and science fiction elements. The use of lightsabers, spaceships, and other iconic Star Wars imagery contributes to the overall sense of excitement and epic storytelling that is characteristic of the series.",3752,396312,0.0095,4312,22,15000,0,64,1
tt0121765,Does the video show any combat scenes?,No.,"Yes, the video includes scenes of combat, with characters wielding lightsabers and engaging in battle.",3752,396312,0.0095,4312,22,15000,0,64,1
tt0121765,Are the preparations for a peaceful mission?,No.,"The images you've provided appear to be from the ""Star Wars"" franchise, which is known for its space opera setting and often features characters preparing for missions that are not necessarily peaceful. The scenes depicted include characters in various situations that suggest action, conflict, and adventure, which are common themes in the ""Star Wars"" universe. The presence of lightsabers, spaceships, and characters in combat attire suggest that these scenes are likely from moments of conflict or preparation for battle.",3752,396312,0.0095,4312,22,15000,0,64,1
tt0121765,Is there a scene depicting nighttime?,No.,"Yes, there is a scene depicting nighttime.",3752,396312,0.0095,4312,22,15000,0,64,1
tt0121765,Can we see any character engaging in battle?,No.,"Yes, there is a scene where a character is engaging in a lightsaber duel with another character.",3752,396312,0.0095,4312,22,15000,0,64,1
tt0121765,Does the video feature any urban civilians?,No.,"No, the video does not feature any urban civilians.",3752,396312,0.0095,4312,22,15000,0,64,1
tt0121765,Is the primary focus on the military aspect?,Yes.,No,3752,396312,0.0095,4312,22,15000,0,64,1
tt0121765,Do we see a conclusion to the war in the video?,No.,"The video you've provided appears to be a montage of scenes from the ""Star Wars"" franchise, showcasing various characters and moments from different films. It does not provide a conclusion to a war or any specific narrative arc. Instead, it's a collection of clips that highlight different aspects of the ""Star Wars"" universe, including characters, spaceships, and iconic moments. If you're looking for a conclusion to a war or a specific storyline, you would need to watch the individual films or series that tell those stories.",3752,396312,0.0095,4312,22,15000,0,64,1
tt0121765,Does the troop formation occur before the sunset?,No.,"Yes, the troop formation occurs before the sunset.",3752,396312,0.0095,4312,22,15000,0,64,1
tt0121765,Are the ships seen departing after the dialogue?,Yes.,yes,3752,396312,0.0095,4312,22,15000,0,64,1
tt0121765,Does the sunset precede the gathering on the balcony?,Yes.,"No, the sunset does not precede the gathering on the balcony. The sunset is shown after the gathering on the balcony.",3752,396312,0.0095,4312,22,15000,0,64,1
tt0121765,Is the military mobilization shown before the assembly of clone troopers?,No.,"The image you've provided appears to be a montage of scenes from the ""Star Wars"" franchise, showcasing various characters and settings. The military mobilization you're referring to seems to be depicted in the scene where clone troopers are being assembled and prepared for battle. This is typically seen in the ""Star Wars"" movies, particularly in the prequel trilogy, where the clone army is a central part of the conflict.In the specific scene you're asking about, it would likely be from ""Star Wars: Episode II – Attack of the Clones,"" where the clone army is being mobilized and trained on the planet Geonosis. The scene shows clone troopers in various stages of assembly and preparation, with some already in full armor and others still in the process of being outfitted. The presence of the clone army is a significant plot point in the film, as it sets the stage for the Clone Wars that are central to the story.The montage includes other iconic scenes from the ""Star Wars"" universe, such as the opening shot of the ""Star Wars"" title in yellow font against a black background, which is a well-known image from the franchise. Other scenes include characters in spaceships, a character in a desert setting, and a character in a futuristic environment",3752,396312,0.0095,4312,22,15000,0,64,1
tt0121765,Do we see the launching of the ships before the assembly in formation?,No.,"The images provided do not show the launching of the ships before the assembly in formation. The scenes depicted include various characters in different settings, some of which appear to be in spaceships or on platforms, but there is no clear sequence showing the launching of ships followed by an assembly in formation. The images seem to capture moments from different parts of a narrative, possibly from a science fiction context, but they do not form a coherent sequence of events as described.",3752,396312,0.0095,4312,22,15000,0,64,1
tt0121765,Is the military discussion witnessed after the ships' departure?,No.,"No, the military discussion is not witnessed after the ships' departure.",3752,396312,0.0095,4312,22,15000,0,64,1
tt0121765,What occurs right before the assembling of troops?,The setting of the sun.,"The scene transitions to a character in a white robe standing in a dimly lit room with a large window showing a view of a cityscape at night. The character appears to be in a contemplative or serious mood, looking out the window. The next scene shows a character in a brown robe standing in a corridor with a futuristic design, looking at a holographic display. The scene then shifts to a character in a white robe standing in a room with a large window showing a view of a cityscape at night, looking out the window. The character appears to be in a contemplative or serious mood. The next scene shows a character in a brown robe standing in a room with a futuristic design, looking at a holographic display. The scene then shifts to a character in a white robe standing in a room with a large window showing a view of a cityscape at night, looking out the window. The character appears to be in a contemplative or serious mood. The next scene shows a character in a brown robe standing in a room with a futuristic design, looking at a holographic display. The scene then shifts to a character in a white robe standing in a room with a large window showing a view of a cityscape at night, looking out the window. The",3752,396312,0.0095,4312,22,15000,0,64,1
tt0121765,What do we see happening before the military mobilization?,Troopers standing in formation.,"The video begins with the iconic yellow text ""STAR WARS"" on a black background, setting the stage for the galactic adventure that follows. We see a character in a white robe with a hood, standing in a dimly lit room with a blue glow, suggesting a moment of contemplation or preparation. The scene transitions to a character in a brown robe with a hood, standing in a room with a futuristic design, indicating a setting that is advanced and possibly of a high-tech nature.The narrative progresses with a character in a white robe with a hood, standing in a room with a large window, overlooking a cityscape. This scene suggests a moment of reflection or observation. The video then shifts to a character in a brown robe with a hood, standing in a room with a futuristic design, indicating a setting that is advanced and possibly of a high-tech nature.The video continues with a character in a white robe with a hood, standing in a room with a futuristic design, indicating a setting that is advanced and possibly of a high-tech nature. The scene transitions to a character in a brown robe with a hood, standing in a room with a futuristic design, indicating a setting that is advanced and possibly of a high-tech nature.The narrative develops with a character in",3752,396312,0.0095,4312,22,15000,0,64,1
tt0121765,What do we see right before the sunset scene?,The beginning of the military assembly.,"Before the sunset scene, we see a character in a desert-like environment with a large, imposing structure in the background. The character appears to be in a contemplative or reflective state, looking off to the side. The setting suggests a scene from a science fiction context, possibly from a film or television series known for its space opera elements.",3752,396312,0.0095,4312,22,15000,0,64,1
tt0121765,What happens immediately before the massive troop deployment?,Ships docking at platforms.,"The scene transitions to a character in a desert-like environment, standing in front of a large, imposing structure. The character is wearing a long, dark robe and has a hood covering their head. The environment is barren and sandy, with a few scattered rocks and a large, circular structure in the background. The character appears to be in a contemplative or serious mood, looking off to the side. The scene then shifts to a close-up of the character's face, showing a thoughtful expression. The character's eyes are focused and intense, suggesting a moment of deep thought or decision-making. The scene then transitions to a view of the massive troop deployment, with numerous soldiers in armor marching across a vast, open landscape. The soldiers are arranged in neat rows and columns, and the scene conveys a sense of order and discipline. The landscape is barren and sandy, with a few scattered rocks and a large, circular structure in the background. The soldiers are wearing dark armor and helmets, and they carry weapons. The scene is filled with tension and anticipation, as the viewer is left to wonder about the purpose of the deployment and the fate of the characters involved.",3752,396312,0.0095,4312,22,15000,0,64,1
tt0121765,What significant event is depicted in the final scenes?,A secret wedding ceremony between the main characters.,"The final scenes depict a significant event where two characters are engaged in a lightsaber duel. One character is wielding a blue lightsaber, while the other is wielding a red one. The setting appears to be a dimly lit room with a large window in the background, through which a bright light source is visible. The characters are in a tense confrontation, with the blue-lightsaber-wielding character seemingly in a defensive stance and the red-lightsaber-wielding character advancing towards them. The atmosphere is charged with tension, suggesting a pivotal moment in the narrative.",3781,397684,0.0095,4508,23,15000,0,64,1
tt0121765,Describe the ambiance of the wedding setting in the movie.,The wedding is set in a serene and picturesque lakeside at sunset.,"The wedding setting in the movie is characterized by a futuristic and otherworldly ambiance. The environment is illuminated with neon lights and holographic projections, creating a vibrant and dynamic atmosphere. The architecture features sleek, curved lines and metallic surfaces, contributing to the advanced and alien feel of the setting. The attire of the characters is also distinctive, with flowing robes and headpieces that suggest a blend of traditional and futuristic fashion. The overall mood is one of celebration and grandeur, fitting for a significant event like a wedding in a science fiction universe.",3781,397684,0.0095,4508,23,15000,0,64,1
tt0121765,How does the setting contribute to the event's mood?,The serene lakeside and sunset create a peaceful and romantic atmosphere.,"The setting in the video contributes significantly to the mood of the event. The dark, moody atmosphere with low lighting and shadows creates a sense of mystery and tension. The use of neon lights and futuristic architecture adds to the sci-fi ambiance, suggesting a high-stakes, otherworldly environment. The presence of characters in spacesuits and the use of lightsabers indicate a conflict or battle scenario, which is further emphasized by the action-packed scenes and the dramatic lighting. The setting, therefore, enhances the overall mood of suspense, drama, and futuristic adventure.",3781,397684,0.0095,4508,23,15000,0,64,1
tt0121765,Are there any other characters present at the wedding?,"Besides the couple and droids, only a solemn officiant is present.","The image you've provided appears to be a montage of scenes from the ""Star Wars"" franchise, showcasing various characters and settings. However, it does not provide a clear context for a wedding scene. The montage includes characters such as Yoda, C-3PO, R2-D2, and others in different situations and locations within the ""Star Wars"" universe. If you are referring to a specific scene or event within the franchise that involves a wedding, please provide more details or clarify the context, and I can attempt to provide a more accurate response.",3781,397684,0.0095,4508,23,15000,0,64,1
tt0121765,What actions do the couple take during the ceremony?,They exchange vows and share a heartfelt kiss.,The couple is seen embracing and sharing a kiss during the ceremony.,3781,397684,0.0095,4508,23,15000,0,64,1
tt0121765,What symbols of marriage are visible during this scene?,"Joined hands symbolize their union, but no rings are explicitly shown.","The image you've provided appears to be a montage of scenes from the ""Star Wars"" franchise, showcasing various characters and settings. However, there are no explicit symbols of marriage visible in these images. Marriage is typically symbolized by a ring, a wedding band, or a marriage ceremony, which are not present in these stills. The images depict characters in various situations and settings, but without specific context or visual elements that would indicate a wedding or marriage-related scene, it's not possible to identify symbols of marriage in these images.",3781,397684,0.0095,4508,23,15000,0,64,1
tt0121765,Describe the beginning scenic view of the final video clip?,It shows a serene lakeside view with mountains at sunset.,"The final video clip opens with a scenic view of a vast, open landscape under a clear sky. The terrain appears to be a desert with a reddish hue, typical of the environments seen in the Star Wars universe. In the foreground, there is a large, circular structure that resembles a temple or a monument, with intricate designs and patterns. The structure is surrounded by a few smaller, similar structures, suggesting a place of significance or a site of pilgrimage. The overall atmosphere is serene and majestic, with the setting sun casting long shadows and a warm glow over the scene. The landscape is devoid of any visible life forms, emphasizing the isolation and grandeur of the location.",3781,397684,0.0095,4508,23,15000,0,64,1
tt0121765,What are the two droids doing during the wedding?,"They stand at a distance, observing the ceremony.","During the wedding scene, the two droids are standing near the entrance of the temple, observing the proceedings. One of the droids is holding a tray with a drink on it, possibly serving the guests. They seem to be part of the celebration, standing at attention and watching the events unfold.",3781,397684,0.0095,4508,23,15000,0,64,1
tt0121765,What natural elements enhance the wedding's beauty?,The sunset and scenic lakeside contribute to the beauty.,"The natural elements that enhance the wedding's beauty include the lush greenery, the vibrant flowers, and the serene lake in the background.",3781,397684,0.0095,4508,23,15000,0,64,1
tt0121765,Is there any decorative element shown in the foreground?,"Yes, a decorative urn is shown in the foreground.","Yes, there is a decorative element in the foreground, which is a potted plant.",3781,397684,0.0095,4508,23,15000,0,64,1
tt0121765,Why is the wedding considered secret?,"It's attended by only the couple, an officiant, and two droids.",The wedding is considered secret because it is a private and intimate event that is not meant to be public knowledge.,3781,397684,0.0095,4508,23,15000,0,64,1
tt0121765,How does the video clip transition between scenes?,From a scenic lakeside to an intimate wedding ceremony.,"The video clip transitions between scenes with a series of still images that represent different moments and locations from what appears to be a science fiction setting. Each image captures a unique scene with characters in various situations, such as standing in a room, flying through space, or engaging in what looks like a confrontation. The transitions are abrupt, with no visible effects or animations to suggest a smooth transition between the scenes. The images are presented in a way that suggests they are part of a larger narrative, possibly from a film or television series, and they are designed to convey action, drama, and the fantastical elements typical of science fiction storytelling.",3781,397684,0.0095,4508,23,15000,0,64,1
tt0121765,Is the wedding ceremony conducted outdoors?,Yes.,"No, the wedding ceremony is not conducted outdoors.",3781,397684,0.0095,4508,23,15000,0,64,1
tt0121765,Do the droids participate actively in the ceremony?,No.,"The image you've provided appears to be a montage of scenes from the ""Star Wars"" franchise, showcasing various characters and moments from the movies. While it's not possible to determine the specific context of the ceremony you're referring to, I can comment on the droids' participation in general.In the ""Star Wars"" universe, droids like C-3PO and R2-D2 are known for their roles in various situations, including participating in ceremonies or events. They often serve as companions or assistants to the main characters, and their actions are typically integral to the plot. However, without a specific scene or context, it's difficult to say whether they would participate actively in a ceremony. Droids are programmed to follow instructions and perform tasks as programmed, so their involvement would depend on the situation and their programming.",3781,397684,0.0095,4508,23,15000,0,64,1
tt0121765,Do we see a large gathering at the wedding?,No.,"No, there is no mention of a wedding or a large gathering in the provided images. The images are from the Star Wars franchise and depict various scenes and characters from the movies, but none of them show a wedding or a large gathering.",3781,397684,0.0095,4508,23,15000,0,64,1
tt0121765,Does the officiant play a significant role in the visuals?,"Yes, albeit subtly.","Yes, the officiant plays a significant role in the visuals.",3781,397684,0.0095,4508,23,15000,0,64,1
tt0121765,Is the wedding scene set during the daytime?,"No, it's set at sunset.","No, the wedding scene is set during the evening.",3781,397684,0.0095,4508,23,15000,0,64,1
tt0121765,Is the serenity of the setting highlighted in the visual storytelling?,Yes.,"Yes, the serenity of the setting is highlighted in the visual storytelling.",3781,397684,0.0095,4508,23,15000,0,64,1
tt0121765,Does the decoration appear before the wedding kiss?,Yes.,No,3781,397684,0.0095,4508,23,15000,0,64,1
tt0121765,Does the sunset scene occur before the couple exchanges vows?,Yes.,"No, the sunset scene occurs after the couple exchanges vows.",3781,397684,0.0095,4508,23,15000,0,64,1
tt0121765,Does the couple's kiss happen before they witness the scenic beauty together?,No.,"No, the couple's kiss happens after they witness the scenic beauty together.",3781,397684,0.0095,4508,23,15000,0,64,1
tt0121765,Is the urn shown in the foreground before the couple stands under the archway?,Yes.,"No, the urn is not shown in the foreground before the couple stands under the archway.",3781,397684,0.0095,4508,23,15000,0,64,1
tt0121765,Do the droids observe from afar before the couple shares their kiss?,Yes.,"The image you've provided does not show any droids observing from afar before a couple shares a kiss. It appears to be a montage of scenes from the ""Star Wars"" franchise, showcasing various characters and moments from the movies. If you're looking for a specific scene where droids observe a couple sharing a kiss, you might be thinking of a scene from ""Star Wars: Episode II – Attack of the Clones,"" where R2-D2 and C-3PO are present in the background when Anakin and Padmé share a kiss. However, the image you've shared does not depict that scene.",3781,397684,0.0095,4508,23,15000,0,64,1
tt0121765,What happens just before the ceremony begins?,The scene opens with a serene lakeside view at sunset.,"The scene transitions to a character in a white robe standing in a dimly lit room with a large window showing a view of a cityscape at night. The character is looking out the window, seemingly deep in thought. The scene then shifts to a character in a brown robe standing in a corridor with a futuristic design, looking at a holographic display. The character then walks towards a door, and the scene changes to a character in a white robe standing in a room with a large window showing a view of a cityscape at night. The character is looking out the window, seemingly deep in thought. The scene then shifts to a character in a brown robe standing in a room with a futuristic design, looking at a holographic display. The character then walks towards a door, and the scene changes to a character in a white robe standing in a room with a large window showing a view of a cityscape at night. The character is looking out the window, seemingly deep in thought. The scene then shifts to a character in a brown robe standing in a room with a futuristic design, looking at a holographic display. The character then walks towards a door, and the scene changes to a character in a white robe standing in a room with a large window showing a view of",3781,397684,0.0095,4508,23,15000,0,64,1
tt0121765,What is shown right before the kiss is shared?,The couple holding hands and exchanging vows.,"The image right before the kiss is shared shows a character in a brown robe with a hood, standing in a dimly lit room with a large window that offers a view of a cityscape at night. The character is looking out the window, seemingly deep in thought or contemplation. The scene has a moody and introspective atmosphere, with the character's back to the viewer, adding to the sense of solitude and reflection.",3781,397684,0.0095,4508,23,15000,0,64,1
tt0121765,What preludes the officiant starting the ceremony?,The couple and the droids taking their positions.,"The prelude to the officiant starting the ceremony involves a series of images that seem to depict a progression of events or scenes from a narrative. The first image shows the iconic ""STAR WARS"" title in bold yellow font against a black background, which is a well-known opening for the Star Wars franchise. Following this, there are various scenes that appear to be from different Star Wars films, showcasing characters and settings that are part of the Star Wars universe.The scenes include:1. A character in a robe, possibly a Jedi, standing in a room with a futuristic design.2. A character in a white outfit with a helmet, possibly a pilot or a character in a spaceship.3. A character in a brown robe, possibly a Jedi, standing in a room with a view of a cityscape.4. A character in a white outfit with a helmet, possibly a pilot or a character in a spaceship, with a view of a cityscape.5. A character in a brown robe, possibly a Jedi, standing in a room with a view of a cityscape.6. A character in a white outfit with a helmet, possibly a pilot or a character in a spaceship, with a view of a cityscape.7. A character in a brown",3781,397684,0.0095,4508,23,15000,0,64,1
tt0121765,What is shown just before the serene ambiance is established?,The first frames setting the scene's location and time of day.,"A character in a white robe with a hood is shown standing in a room with a serene ambiance, looking out a window at a landscape.",3781,397684,0.0095,4508,23,15000,0,64,1
tt0167190,What atmosphere dominates the subway station scenes?,Tense and dangerous due to the monstrous confrontation.,The subway station scenes are dominated by a dark and ominous atmosphere.,3604,283220,0.0127,3724,19,15000,0,64,1
tt0167190,What's been the impact on civilians during the fight?,Civilians are panicked and flee from the destruction.,"The images you've provided appear to be from a science fiction or fantasy film, depicting scenes of conflict and destruction. The impact on civilians during the fight, as suggested by these images, seems to be significant. There are scenes of chaos, with characters in distress, explosions, and debris, indicating that the conflict is causing harm to the civilian population. The environment looks damaged, and there are moments of intense action and danger. The characters are dressed in costumes that suggest a setting beyond the real world, which is typical for science fiction or fantasy genres.",3604,283220,0.0127,3724,19,15000,0,64,1
tt0167190,How has the subway environment been affected by the battle?,Significant damage and chaos result from the fight.,"The subway environment has been significantly affected by the battle. There is visible damage to the walls and ceiling, with debris scattered around. The lighting is dim, and the atmosphere is tense and chaotic. The characters are seen in various states of distress and confrontation, indicating the intensity of the conflict.",3604,283220,0.0127,3724,19,15000,0,64,1
tt0167190,How do bystanders react to the subway station fight?,They flee in panic from the chaos and destruction.,"The bystanders in the subway station appear to be in a state of shock or alarm, as indicated by their body language and facial expressions. They are watching the confrontation between the characters with a mix of fear and curiosity. Some are holding their hands up to their faces, possibly to shield themselves from the chaos or to get a better view. The overall atmosphere is tense and the onlookers seem to be unsure of how to react or intervene.",3604,283220,0.0127,3724,19,15000,0,64,1
tt0167190,What kind of destruction is caused during the fight?,Damage to subway infrastructure and public panic.,"The destruction caused during the fight includes a wall being torn down, debris flying, and a person being thrown against a wall.",3604,283220,0.0127,3724,19,15000,0,64,1
tt0167190,How do the characters move during the confrontation?,From aggressive engagement to strategic positioning for attack.,The characters move with a sense of urgency and intensity during the confrontation.,3604,283220,0.0127,3724,19,15000,0,64,1
tt0167190,What changes occur to the subway station during the fight?,From a bustling space to one of chaos and destruction.,"The subway station undergoes significant changes during the fight. The walls and ceiling are damaged, with visible cracks and debris. The lighting is disrupted, with some areas illuminated by the glow of the fight and others in darkness. The floor is littered with rubble and broken materials. The overall atmosphere is chaotic and intense, reflecting the destructive nature of the conflict taking place.",3604,283220,0.0127,3724,19,15000,0,64,1
tt0167190,Do any civilians get harmed during the battle?,"Unclear, but panic and disruption are evident.","The images you've provided appear to be from a scene in a movie or television show that involves a battle or conflict. However, without specific context or a clear view of the actions taking place, it's not possible to definitively say whether any civilians are harmed. The images show characters in combat situations, but the details of the actions and the presence of civilians are not clear. If you can provide more context or a specific image from the sequence, I might be able to offer a more detailed analysis.",3604,283220,0.0127,3724,19,15000,0,64,1
tt0167190,Does the subway train play a crucial role in the confrontation's outcome?,Yes.,The subway train does not play a crucial role in the confrontation's outcome.,3604,283220,0.0127,3724,19,15000,0,64,1
tt0167190,Is the creature thrown onto the subway tracks before the arrival of the train?,Yes.,"Yes, the creature is thrown onto the subway tracks before the arrival of the train.",3604,283220,0.0127,3724,19,15000,0,64,1
tt0167190,What happens just before the subway station begins to suffer damage?,The fight escalates into physical destruction of infrastructure.,"A character in a red mask and armor is seen in a subway station, holding a weapon and looking around cautiously.",3604,283220,0.0127,3724,19,15000,0,64,1
tt0167190,What type of facility serves as the backdrop for the movie's events?,A high-tech research or security facility.,"The backdrop for the movie's events is a facility with a futuristic design, featuring metallic walls and a large circular structure that emits a bright light.",3742,295176,0.0127,3920,20,15000,0,64,1
tt0167190,What is the nature of the interaction among the characters?,Ranges from heated confrontations to comforting exchanges.,"The nature of the interaction among the characters appears to be intense and possibly confrontational. The images depict characters in various states of distress or confrontation, with some characters appearing to be in a state of urgency or alarm. The setting suggests a high-stakes scenario, possibly involving conflict or a critical moment of decision. The characters' expressions and body language convey a sense of tension and urgency, indicating that the interactions are likely pivotal to the plot or storyline.",3742,295176,0.0127,3920,20,15000,0,64,1
tt0167190,What unique feature distinguishes one of the characters?,"One character is notably horned, indicating uniqueness.",One of the characters is wearing a gas mask.,3742,295176,0.0127,3920,20,15000,0,64,1
tt0167190,Is the mood throughout the facility generally tense?,"Yes, the atmosphere is marked by tension and concern.","Yes, the mood throughout the facility is generally tense.",3742,295176,0.0127,3920,20,15000,0,64,1
tt0167190,Do any of the characters exhibit authority or leadership?,"Yes, certain characters display an air of authority.","Yes, one of the characters exhibits authority or leadership.",3742,295176,0.0127,3920,20,15000,0,64,1
tt0167190,Are there instances of physical altercations in the narrative?,"Yes, there are moments of physical conflict.","Yes, there are instances of physical altercations in the narrative.",3742,295176,0.0127,3920,20,15000,0,64,1
tt0167190,How are moments of emotional support depicted?,"Through comforting gestures, like a supportive embrace.","In the video, moments of emotional support are depicted through close-up shots of characters showing expressions of concern, empathy, and determination. There are scenes where characters are seen in close proximity, suggesting a sense of camaraderie and mutual support. One character is seen holding a weapon, possibly indicating readiness to protect others, while another character is shown in a moment of contemplation or distress, with a hand placed on their shoulder in a comforting gesture. The lighting and color tones are often dark and moody, which adds to the intensity of the emotional moments.",3742,295176,0.0127,3920,20,15000,0,64,1
tt0167190,How do characters in authority positions engage with others?,"Through discussions, confrontations, and strategic movements.","In the images provided, we see a variety of scenes from what appears to be a science fiction or fantasy film. Characters in authority positions, such as soldiers or officials, are depicted in different scenarios:1. In one image, a soldier is seen in a dark, rainy environment, possibly engaging in a mission or operation. The soldier's posture and the context suggest a serious and focused demeanor, indicative of someone in a position of authority.2. Another image shows a character in a uniform, possibly a police officer or a security guard, standing in a room with a futuristic design. The character's stance and the setting imply a sense of authority and control over the environment.3. In a different scene, a character in a uniform is seen in a corridor, possibly in a facility or a building. The character's expression and posture suggest a commanding presence.4. In a close-up, a character in a uniform is seen with a weapon, which could indicate a role of authority and protection.5. In a scene with a character in a suit, there is a sense of authority and seriousness, possibly in a high-stakes or critical situation.6. In another image, a character in a suit is seen in a room with a futuristic design, possibly in a position",3742,295176,0.0127,3920,20,15000,0,64,1
tt0167190,What activities are observed around the containment units?,"Observations, heated discussions, and gesturing towards the entities.","The containment units are observed to be in use, with individuals interacting with them.",3742,295176,0.0127,3920,20,15000,0,64,1
tt0167190,Describe an instance of emotional support between characters.,Two individuals share a comforting hug in a corridor.,"In the video, there is a scene where a character in a red jacket is seen comforting another character who appears to be distressed. The distressed character is seated on the ground, and the character in the red jacket is kneeling beside them, placing a hand on their shoulder in a supportive gesture. This interaction suggests a moment of emotional support and care between the two characters.",3742,295176,0.0127,3920,20,15000,0,64,1
tt0167190,What happens during a physical altercation?,"A scuffle, followed by a confrontation in an office space.","During a physical altercation, individuals engage in a violent confrontation that often involves physical contact and the use of force. This can range from pushing and shoving to more serious forms of violence such as punching, kicking, or using weapons. Physical altercations can occur in various settings, including public spaces, workplaces, or private residences. They can be spontaneous or premeditated, and the outcomes can vary from minor injuries to serious harm or even death. It's important to handle conflicts peacefully and seek resolution through communication and understanding rather than resorting to violence.",3742,295176,0.0127,3920,20,15000,0,64,1
tt0167190,What precautionary actions follow a breach in the facility?,"Strategic movement through corridors, possibly an evacuation effort.","The video shows a series of scenes from a movie or television show that depict a breach in a facility. Here are the precautionary actions that follow a breach as shown in the video:1. **Alert and Response**: The first scene shows a character raising a hand, possibly signaling an alert or a call for help. This indicates the immediate response to a breach.2. **Evacuation**: In the following scenes, characters are seen running or moving quickly through the facility, suggesting an evacuation is underway to clear the area of intruders or to protect personnel.3. **Security Measures**: The video shows characters in military or tactical gear, indicating the deployment of security forces to secure the facility and apprehend intruders.4. **Containment and Control**: There are scenes where characters are seen using tools and equipment to seal off areas, which could be part of a containment strategy to prevent further breaches or to control the situation.5. **Communication**: Characters are shown using communication devices, which are crucial for coordinating responses and providing updates during an emergency.6. **Search and Clear Operations**: The video includes scenes where characters are searching through rooms and corridors, which is a standard procedure to ensure that all areas are secure and that no intruders remain.7",3742,295176,0.0127,3920,20,15000,0,64,1
tt0167190,Are there peaceful moments amid the tension?,"Yes, moments of solace, like sharing a comforting hug, are present.","The images you've provided appear to be from a film or television series that features a mix of intense and dramatic scenes. While I can't provide specific details about the content, it's common for such productions to include moments of tension and conflict, which are often contrasted with quieter, more reflective scenes to provide a balance and emotional depth to the story. These peaceful moments can serve to highlight character development, relationships, and moments of respite or contemplation amidst the larger narrative's challenges.",3742,295176,0.0127,3920,20,15000,0,64,1
tt0167190,Is there a sequence involving medical treatment or observation of a character?,Yes.,"Yes, there is a sequence involving medical treatment or observation of a character.",3742,295176,0.0127,3920,20,15000,0,64,1
tt0167190,Does a moment of emotional support occur amidst the crisis?,Yes.,"Yes, there is a moment of emotional support that occurs amidst the crisis. In one of the images, two characters are seen embracing each other, which suggests a moment of emotional support and connection during a difficult time.",3742,295176,0.0127,3920,20,15000,0,64,1
tt0167190,Is there an organized evacuation or response to an emergency depicted?,Yes.,"Yes, there is a scene where a group of people are seen in a subway station, with one person holding a flashlight, suggesting an organized evacuation or response to an emergency.",3742,295176,0.0127,3920,20,15000,0,64,1
tt0167190,Are technological devices or machinery actively used by characters?,Yes.,"Yes, technological devices and machinery are actively used by characters in the video.",3742,295176,0.0127,3920,20,15000,0,64,1
tt0167190,Is authority displayed by certain characters before moments of comfort are shared?,Yes.,"The images you've provided appear to be from various scenes of a film or television show, featuring characters in different settings and situations. While I can't provide specific details about the plot or the characters' intentions, I can describe the scenes based on the visual elements present.In the first image, there is a character in a dark setting, possibly a cave or a dimly lit room, with a sense of tension or anticipation. The second image shows a character in a rain-soaked environment, which could imply a dramatic or suspenseful moment. The third image is quite dark and doesn't provide enough detail to discern the scene or the character's actions.The fourth image shows a character in a room with a futuristic or industrial look, suggesting a setting that could be part of a science fiction or action genre. The fifth image is also dark and lacks clear details, but it seems to show a character in a tense or serious situation.The sixth image is a bit clearer, showing a character in a room with a futuristic design, possibly a control room or a command center, with another character in the background. The seventh image is a close-up of a character's face, which could be a moment of introspection or contemplation.The eighth image shows a character in a room",3742,295176,0.0127,3920,20,15000,0,64,1
tt0167190,Does the heated discussion in a lab setting occur prior to the comforting embrace?,Yes.,"Yes, the heated discussion in a lab setting occurs prior to the comforting embrace.",3742,295176,0.0127,3920,20,15000,0,64,1
tt0167190,Is the high-tech facility explored before the emergency breach occurs?,Yes.,"Yes, the high-tech facility is explored before the emergency breach occurs.",3742,295176,0.0127,3920,20,15000,0,64,1
tt0167190,Do confrontations precede the evacuation movements?,Yes.,"The images you've provided appear to be from a science fiction movie or series, featuring characters in various intense and dramatic situations. While I can't provide specific details about the plot or context of these scenes, I can describe the elements present in the images:1. Characters in military or combat attire, suggesting a conflict or battle scenario.2. A character in a dark environment with a glowing orb, which could be a source of power or a significant object in the narrative.3. A character in a red mask, which might indicate a villainous or mysterious figure.4. A scene with a character in a suit, possibly a scientist or a high-ranking official, with a backdrop that suggests a high-tech or futuristic setting.5. A character in a red outfit with a weapon, which could imply a warrior or a protector role.6. A character in a dark setting with a weapon, possibly indicating a stealth or combat situation.7. A character in a red mask with a weapon, which could be a recurring theme or motif in the story.8. A character in a dark environment with a weapon, suggesting a tense or action-packed moment.9. A character in a red mask with a weapon, which might be a signature look for a particular character or faction",3742,295176,0.0127,3920,20,15000,0,64,1
tt0167190,"Before the comforting embrace in the dim corridor, what takes place?",An intense discussion or confrontation.,"In the dim corridor, a character is seen holding a device emitting a blue light, and another character is approaching them. The atmosphere is tense, and the characters seem to be engaged in a serious or urgent conversation. The blue light from the device illuminates their faces, highlighting their expressions and the intensity of the moment.",3742,295176,0.0127,3920,20,15000,0,64,1
tt0167190,What leads up to the physical confrontations within the office space?,Heated discussions and possibly escalating tensions.,"The video shows a series of events leading up to the physical confrontations within the office space. Initially, there is a dark, ominous scene with a figure in a Nazi uniform, suggesting a historical or alternate reality setting. The scene transitions to a character in a Nazi uniform holding a gun, indicating a tense and potentially violent situation. The next scene shows a character in a Nazi uniform with a gas mask, further emphasizing the dangerous and threatening environment. The character is then seen in a dark, industrial setting with a large, glowing orb, which could be a source of power or a significant object in the narrative. The character is also shown in a close-up, looking determined and focused, suggesting a moment of decision or confrontation.The video then shifts to a character in a Nazi uniform with a gas mask, who appears to be in a confrontation with another character. The scene is dark and intense, with the character in the Nazi uniform holding a gun, indicating a potential conflict. The next scene shows a character in a Nazi uniform with a gas mask, who is then seen in a close-up, looking determined and focused, suggesting a moment of decision or confrontation.The video continues with a character in a Nazi uniform with a gas mask, who appears to be in a confrontation with another",3742,295176,0.0127,3920,20,15000,0,64,1
tt0167190,"Before revealing the containment units, what is shown?",Characters entering or walking through the facility corridors.,"The containment units are shown after a character is seen in a room with a large, glowing orb above them.",3742,295176,0.0127,3920,20,15000,0,64,1
tt0167190,What happens just before the unique horned character observes the surroundings?,A group of formally dressed individuals walks through a corridor.,"The unique horned character is shown in a close-up, with a hand reaching towards them, suggesting an interaction or an attempt to grab them.",3742,295176,0.0127,3920,20,15000,0,64,1
tt0167190,What comes before the use of medical apparatus or discussing treatments?,A serious conversation about the condition of an entity or character.,The use of medical apparatus or discussing treatments comes before the use of medical apparatus or discussing treatments.,3742,295176,0.0127,3920,20,15000,0,64,1
tt0167190,"Before characters show signs of authority or leadership, what is depicted?",Their entry into or movement through the technologically advanced facility.,"The images you've provided appear to be from a film or television series, and they depict various scenes with characters in different settings. Before characters show signs of authority or leadership, the images show them in various situations that might be indicative of their roles or the context of the story. For example, one image shows a character in a military uniform, which might suggest a position of authority or leadership within a military context. Another image shows a character in a suit, which could imply a professional or authoritative role in a corporate or formal setting. The images also show characters in different environments, such as what appears to be a cave or underground setting, which could be part of a narrative involving exploration or adventure. The characters are shown in various states, from standing and observing to interacting with others, which could be indicative of their roles and the dynamics within the story.",3742,295176,0.0127,3920,20,15000,0,64,1
tt0167190,How do characters interact in the industrial setting towards the end?,With serious discussions and attempts at persuasion.,"In the industrial setting towards the end, characters are seen in close proximity, suggesting a tense or significant interaction. One character is holding a device emitting a bright light, which could be a tool or weapon, while another character is holding a gun, indicating a readiness for confrontation or defense. The environment is dimly lit with a greenish hue, adding to the dramatic and possibly perilous atmosphere. The characters' expressions and body language convey a sense of urgency and focus, hinting at a pivotal moment in the narrative.",3857,306544,0.0126,4116,21,15000,0,64,1
tt0167190,What action is associated with the industrial setting scene?,Discussing and gesturing in a serious tone.,The industrial setting scene is associated with the action of a character being dragged across the floor.,3857,306544,0.0126,4116,21,15000,0,64,1
tt0167190,Does food signify a positive interaction in the story?,Yes.,"The image you've provided appears to be a montage of scenes from a movie or a television show, featuring various characters in different settings. The scenes include characters in military uniforms, a character in a dark room with a red glow, and others in what looks like a futuristic or sci-fi setting. There's no direct indication of food in these images, so it's not possible to determine if food signifies a positive interaction in the story based on these stills alone. The context of the story would be needed to understand the significance of food within it.",3857,306544,0.0126,4116,21,15000,0,64,1
tt0167190,Is the intense conversation in a dimly lit room followed by a confrontation?,No.,Yes.,3857,306544,0.0126,4116,21,15000,0,64,1
tt0167190,Does the offering of food occur before the final confrontation in an industrial setting?,Yes.,"Yes, the offering of food occurs before the final confrontation in an industrial setting.",3857,306544,0.0126,4116,21,15000,0,64,1
tt0167190,What happens before the detailed discussion in the industrial setting?,A serious conversation and a meal offering.,"A character in a Nazi uniform is seen in a dark, rainy environment, holding a flashlight and looking at something off-screen.",3857,306544,0.0126,4116,21,15000,0,64,1
tt0167190,What happens before the intense conversation in the dimly lit room?,Surveillance and discussion in a cluttered room.,"Before the intense conversation in the dimly lit room, there is a scene where a character is seen in a dark, rainy environment, holding a flashlight and looking at something off-screen. The atmosphere is tense and foreboding, suggesting a moment of discovery or confrontation.",3857,306544,0.0126,4116,21,15000,0,64,1
tt0167190,"Before the offering of food, what type of interaction do we witness?",A conversation surrounded by monitors.,"The interaction before the offering of food is between a character in a red mask and another character in a dark suit. The character in the red mask is seen in a room with a futuristic design, holding a device that emits a blue light. The character in the dark suit is standing in front of a large, ornate door, seemingly in conversation or negotiation with the masked character. The atmosphere is tense and the setting suggests a high-stakes scenario, possibly involving a deal or exchange of information.",3857,306544,0.0126,4116,21,15000,0,64,1
tt0167190,What themes are prevalent in the movie's narrative?,"Suspicion, discovery, and confrontation.","The prevalent themes in the movie's narrative include the struggle for power, the consequences of scientific hubris, and the exploration of alternate realities. The characters' actions and the plot's progression suggest a deep dive into the ethics of scientific discovery and the potential dangers of playing with forces beyond human control. The movie also touches on the idea of alternate realities and the consequences of altering the course of history.",4154,334376,0.0124,4508,23,15000,0,64,1
tt0167190,How do the characters interact with their environment?,Through investigative actions and confrontations.,"The characters in the video interact with their environment in various ways. They are seen in different settings, such as a dark, rainy alley, a dimly lit room with a futuristic design, and a subway station. In these environments, they are engaged in activities that suggest a narrative of mystery and confrontation. For example, one character is holding a gun, indicating a readiness for conflict, while another character is seen with a weapon, suggesting a defensive or offensive stance. The characters also appear to be in a state of alertness or tension, as indicated by their body language and facial expressions. The video does not provide enough context to determine the exact nature of their interactions with the environment, but it is clear that they are actively engaged in the story unfolding.",4154,334376,0.0124,4508,23,15000,0,64,1
tt0167190,What role do mechanical devices play in the story?,They are central to the plot's progression.,"Mechanical devices play a significant role in the story, as they are used by the characters to navigate through the dark and ominous environments. They are also used to reveal hidden information and to create a sense of tension and danger.",4154,334376,0.0124,4508,23,15000,0,64,1
tt0167190,Describe the atmosphere depicted in the movie.,"Atmospheric, often shadowy and tense.","The atmosphere in the movie is dark, ominous, and foreboding. The color palette is predominantly dark, with blues and blacks, suggesting a cold and tense environment. There are scenes of characters in military uniforms, indicating a wartime or dystopian setting. The lighting is often dim, with flashes of light and fire adding to the sense of danger and urgency. The characters are shown in various states of distress, with some in combat and others in a state of fear or contemplation. The setting includes underground tunnels, a dark alley, and a room with a futuristic design, contributing to the overall sense of unease and mystery.",4154,334376,0.0124,4508,23,15000,0,64,1
tt0167190,Are there any notable settings in the movie?,"Scientific facilities, libraries, and nocturnal outdoor settings.","Yes, there are several notable settings in the movie. The first scene takes place in a dark, rainy alleyway with soldiers in Nazi uniforms. Another scene is set in a dimly lit room with a large, glowing orb in the center. There's also a scene in a room with a large, ornate door and a figure in a red outfit standing in front of it. Additionally, there's a scene in a room with a large, ornate door and a figure in a red outfit standing in front of it.",4154,334376,0.0124,4508,23,15000,0,64,1
tt0167190,How do characters react to discoveries?,"With surprise, confrontation, or further investigation.","The images from the video depict various scenes with characters in different situations, often reacting to discoveries or events. Here's a summary of the reactions shown:1. A character is seen holding a device with a glowing screen, possibly reacting to the information displayed.2. A character is shown with a surprised expression, suggesting a sudden or unexpected discovery.3. A character is seen with a shocked expression, indicating a revelation or a surprising event.4. A character is holding a device with a glowing screen, possibly reacting to the information displayed.5. A character is shown with a surprised expression, suggesting a sudden or unexpected discovery.6. A character is seen with a shocked expression, indicating a revelation or a surprising event.7. A character is holding a device with a glowing screen, possibly reacting to the information displayed.8. A character is shown with a surprised expression, suggesting a sudden or unexpected discovery.9. A character is seen with a shocked expression, indicating a revelation or a surprising event.10. A character is holding a device with a glowing screen, possibly reacting to the information displayed.11. A character is shown with a surprised expression, suggesting a sudden or unexpected discovery.12. A character is seen with a shocked expression, indicating a",4154,334376,0.0124,4508,23,15000,0,64,1
tt0167190,What type of encounters do characters have?,Both confrontational and investigative.,"The video showcases a series of intense and dramatic encounters between characters. The scenes are filled with tension and action, featuring characters in various states of distress or confrontation. The lighting is often dim and moody, emphasizing the perilous situations and the emotional states of the characters. The encounters seem to be part of a larger narrative, possibly involving conflict or survival in a challenging environment.",4154,334376,0.0124,4508,23,15000,0,64,1
tt0167190,Are there scenes involving analysis or study?,"Yes, involving documents and artifacts.","Yes, there are scenes involving analysis or study.",4154,334376,0.0124,4508,23,15000,0,64,1
tt0167190,Describe an interaction between characters.,"Intense, sometimes leading to confrontations.","In one of the images, there is a character in a red mask and armor-like clothing, who appears to be in a confrontation or a tense situation with another character who is wearing a suit and tie. The character in the red mask is holding a weapon, and the other character seems to be in a defensive or cautious stance. The setting looks like an indoor environment with a dark and moody atmosphere, possibly a room with industrial or futuristic elements. The interaction suggests a conflict or a standoff between the two characters.",4154,334376,0.0124,4508,23,15000,0,64,1
tt0167190,How do characters utilize mechanical devices?,"For analysis, activation, or as weapons.","The video showcases characters utilizing mechanical devices in various ways. In one scene, a character is seen holding a device that emits a bright light, possibly a tool or weapon. In another scene, a character is operating a control panel with buttons and levers, suggesting the use of machinery or technology. Additionally, there is a scene where a character is holding a device that appears to be a weapon, emitting a blue light, indicating its use in combat or defense. The characters seem to be skilled in the operation of these devices, suggesting a high level of technological proficiency.",4154,334376,0.0124,4508,23,15000,0,64,1
tt0167190,Is there evidence of tension or suspense?,"Yes, especially in confrontational encounters.","Yes, there is evidence of tension or suspense.",4154,334376,0.0124,4508,23,15000,0,64,1
tt0167190,How are outdoor scenes depicted?,"As shadowy, atmospheric, and tense.","Outdoor scenes are depicted with a dark, moody atmosphere, featuring characters in military attire and a mysterious, glowing orb.",4154,334376,0.0124,4508,23,15000,0,64,1
tt0167190,Is technology or magic a part of the setting?,"Yes, shown through the mechanical devices.","Yes, technology and magic are both part of the setting.",4154,334376,0.0124,4508,23,15000,0,64,1
tt0167190,Is there a physical fight between characters?,"No, mostly confrontations and standoffs.","Yes, there is a physical fight between characters in the video.",4154,334376,0.0124,4508,23,15000,0,64,1
tt0167190,Do characters discover new information?,Yes.,"The images you've provided appear to be from various scenes of a movie or television show, and they depict characters in different situations, often with a sense of discovery or revelation. While I can't provide specific details about the plot or the exact moment of discovery from these images alone, it's common for characters in such visual media to discover new information through various means such as conversations, observations, or the unfolding of events. The images show characters in different contexts, some with serious expressions, others in more contemplative or investigative poses, which could suggest moments of discovery or the gathering of clues.",4154,334376,0.0124,4508,23,15000,0,64,1
tt0167190,Are characters seen working together?,"Rarely, mostly individual actions.","Yes, characters are seen working together in the video.",4154,334376,0.0124,4508,23,15000,0,64,1
tt0167190,Is there a scene depicting a peaceful resolution?,"No, unresolved tension remains.","No, there is no scene depicting a peaceful resolution.",4154,334376,0.0124,4508,23,15000,0,64,1
tt0167190,Does a character manipulate a complex mechanism successfully?,Yes.,"The image you've provided shows a character in a dimly lit room, seemingly manipulating a complex mechanism. However, without additional context or the ability to see the outcome of the action, it's not possible to definitively say whether the character successfully manipulates the mechanism. The image captures a moment of concentration and effort, but the result of the action is not visible.",4154,334376,0.0124,4508,23,15000,0,64,1
tt0167190,Does the story involve a clear protagonist and antagonist?,"Yes, but roles are complex.","Yes, the story involves a clear protagonist and antagonist. The protagonist is a man who is determined to uncover the truth about a mysterious event, while the antagonist is a group of people who are hiding secrets and are not willing to share them with the protagonist.",4154,334376,0.0124,4508,23,15000,0,64,1
tt0167190,Are mechanical devices used harmfully?,"No explicit harm, but implied potential.","The images you've provided appear to be from a science fiction movie or series, featuring characters in various settings that include what looks like dystopian or post-apocalyptic environments. Some of the characters are wearing masks or helmets, and there are scenes with mechanical devices that could be interpreted as harmful or used for nefarious purposes. However, without specific context or knowledge of the storyline, it's not possible to definitively say whether the mechanical devices are used harmfully. The images show a mix of characters in different situations, some of which seem tense or threatening, suggesting that the devices might be part of a conflict or a struggle for survival.",4154,334376,0.0124,4508,23,15000,0,64,1
tt0167190,Is there a scene involving a chase or escape?,"No, the focus is on standoffs and interactions.","Yes, there is a scene involving a chase or escape, as indicated by the presence of a character in a red jacket and a character in a black suit with a gun.",4154,334376,0.0124,4508,23,15000,0,64,1
tt0167190,Does a confrontation occur before a secretive meeting?,No.,"Yes, a confrontation occurs before a secretive meeting.",4154,334376,0.0124,4508,23,15000,0,64,1
tt0167190,Is an outdoor encounter shown before an indoor confrontation?,Yes.,"Yes, an outdoor encounter is shown before an indoor confrontation.",4154,334376,0.0124,4508,23,15000,0,64,1
tt0167190,Does a character stand in contemplation before engaging with an artifact?,Yes.,"Yes, a character stands in contemplation before engaging with an artifact.",4154,334376,0.0124,4508,23,15000,0,64,1
tt0167190,Does a character observe an artifact before it's used in a confrontation?,Yes.,"Yes, a character observes an artifact before it's used in a confrontation.",4154,334376,0.0124,4508,23,15000,0,64,1
tt0167190,Is a secretive meeting held before an aggressive encounter?,Yes.,"Yes, a secretive meeting is held before an aggressive encounter.",4154,334376,0.0124,4508,23,15000,0,64,1
tt0167190,Do characters engage in an exchange of information before a confrontation escalates?,Yes.,"Yes, characters engage in an exchange of information before a confrontation escalates.",4154,334376,0.0124,4508,23,15000,0,64,1
tt0167190,What occurs just before a character operates a mechanical device?,They analyze it closely.,A character is shown in a dark room with a glowing orb above them.,4154,334376,0.0124,4508,23,15000,0,64,1
tt0167190,What happens before a confrontation in a dimly lit environment?,Characters often engage in tense dialogue.,"A character is seen in a dark, rainy setting, holding a gun, suggesting a tense atmosphere.",4154,334376,0.0124,4508,23,15000,0,64,1
tt0167190,What action is taken before an investigative scene in a library?,Characters receive or discover pertinent information.,"A character is seen holding a magnifying glass, suggesting an investigative scene in a library.",4154,334376,0.0124,4508,23,15000,0,64,1
tt0167190,What leads up to an urgent exchange between two characters?,A discovery or revelation.,"The video progresses with a character in a dark room, seemingly in distress, with a sense of urgency. The scene transitions to a character in a suit, who appears to be in a high-stakes situation, possibly related to the mysterious events unfolding. The narrative continues with a character in a dark coat, who seems to be in a confrontation or a critical moment. The video culminates with a character in a suit, who appears to be in a tense and urgent exchange with another character, suggesting a pivotal moment in the storyline.",4154,334376,0.0124,4508,23,15000,0,64,1
tt0167190,What precedes a meeting in a nocturnal outdoor setting?,Secretive preparations or situational awareness.,A person in a dark coat and hat holding a lit match.,4154,334376,0.0124,4508,23,15000,0,64,1
tt0167190,"Before a character contemplates alone, what typically happens?",An intense encounter or discovery.,"Before a character contemplates alone, they often engage in a significant action or encounter that leads to a moment of introspection. This could involve a pivotal event, a revelation, or a critical decision that prompts them to reflect on their situation, goals, or emotions. The contemplation is usually preceded by a scene that sets the stage for this introspective moment, often involving conflict, discovery, or a turning point in the narrative.",4154,334376,0.0124,4508,23,15000,0,64,1
tt0167190,What happens before a character is shown in distress?,A confrontation or startling revelation.,A character is shown in distress.,4154,334376,0.0124,4508,23,15000,0,64,1
tt0167190,"Before an artifact is analyzed, what typically occurs?",The artifact is discovered or presented in a tense context.,"Before an artifact is analyzed, it is often examined in a controlled environment to assess its condition, authenticity, and potential value. This may involve a visual inspection, a physical examination, and sometimes a chemical or scientific analysis to determine its composition and history. In the context of the images provided, which seem to be from a film or television series, the analysis of an artifact might involve a character examining it closely, possibly to understand its significance or to uncover clues related to the plot. The images show characters in various settings, some of which appear to be historical or fantastical, suggesting that the artifact could be of historical or mythical importance within the narrative.",4154,334376,0.0124,4508,23,15000,0,64,1
tt0186151,What is the primary setting of the video?,The primary setting is a firehouse and various emergency fire scenes.,"The primary setting of the video is a dark, blue-lit room with a horizontal object in the center, followed by scenes of a fire station with firefighters and a fire truck, and a domestic setting with a person in a red shirt and another in a blue shirt.",2761,151312,0.0182,2940,15,15000,0,64,1
tt0186151,What shift in atmosphere is depicted as the firefighters respond to an emergency?,The atmosphere shifts from relaxed to urgent as the firefighters gear up for action.,"The atmosphere shifts from a calm, domestic setting to a tense, emergency response scenario.",2761,151312,0.0182,2940,15,15000,0,64,1
tt0186151,How do the firefighters tackle the emergencies shown in the video?,"They wear protective gear, operate fire trucks, and work as a team to fight the fires.","The firefighters tackle the emergencies shown in the video with urgency and determination. They are seen in various states of action, such as running through a tunnel, working in a dark environment, and responding to a fire. Their actions are coordinated and professional, indicating their training and readiness to handle such situations. The video captures the intensity and the critical nature of their work, highlighting the bravery and dedication required in firefighting.",2761,151312,0.0182,2940,15,15000,0,64,1
tt0186151,Is teamwork emphasized in the firefighting efforts?,"Yes, teamwork is crucial in the firefighting efforts depicted.","Yes, teamwork is emphasized in the firefighting efforts.",2761,151312,0.0182,2940,15,15000,0,64,1
tt0186151,What emotional tones are represented in the video?,The emotional tones range from camaraderie and urgency to danger and reflection.,"The video contains a range of emotional tones, including intensity and urgency, as seen in the scenes of firefighters working in a tunnel and responding to a fire. There is also a more personal and intimate tone in the scenes with individuals in a home setting, suggesting moments of reflection or emotional connection. The presence of fire and smoke in several scenes adds to the dramatic and intense atmosphere.",2761,151312,0.0182,2940,15,15000,0,64,1
tt0186151,Are there any scenes showing personal moments of reflection or realization?,"Yes, there are moments of contemplation and intense realization.","Yes, there are scenes that suggest personal moments of reflection or realization. For example, there is a scene where a character is sitting in a dimly lit room, looking at a framed photo, which could indicate a moment of reflection or realization. Another scene shows a character standing in a doorway, looking contemplative, which might suggest a moment of introspection. Additionally, there is a scene where a character is sitting at a desk, looking at a newspaper, which could also be a moment of reflection or realization.",2761,151312,0.0182,2940,15,15000,0,64,1
tt0186151,Do the firefighters face any critical decisions or perilous situations?,"Yes, they face critical decisions like changing direction to avoid explosions and perilous situations like falls.","Yes, the firefighters face critical decisions and perilous situations.",2761,151312,0.0182,2940,15,15000,0,64,1
tt0186151,How does the video conclude?,"The video ends on a reflective note, suggesting the emotional depth of the firefighters' experiences.","The video concludes with a scene of a person sitting in a room, looking at a television screen. The television is displaying a news broadcast with the headline ""FIRE DEPARTMENT TAKES A TURNOVER"" and an image of a fire truck. The person appears to be watching the news intently. The room is dimly lit, with a lamp providing some light, and there are various items on the table in front of the person, including what looks like a newspaper and some papers. The person is wearing a dark-colored shirt and has short hair. The overall mood of the scene is somber and reflective.",2761,151312,0.0182,2940,15,15000,0,64,1
tt0186151,How do the firefighters initially appear in the video?,"They are relaxed, engaging in leisure activities and conversations at the firehouse.","The firefighters appear in a dark tunnel with water on the ground, wearing helmets and reflective gear.",2761,151312,0.0182,2940,15,15000,0,64,1
tt0186151,What action do the firefighters take when they hear the alarm?,"They quickly gear up and rush to the fire trucks, preparing for action.","The firefighters respond to the alarm by running towards the fire, with one firefighter holding a hose and another looking on.",2761,151312,0.0182,2940,15,15000,0,64,1
tt0186151,Can you describe a critical action taken by a firefighter during an emergency?,A firefighter avoids an explosion by swiftly reversing his direction.,"In the video, a firefighter is seen using a tool to break through a wall, which is a critical action during an emergency to create an exit or access a trapped individual.",2761,151312,0.0182,2940,15,15000,0,64,1
tt0186151,Is there a scene showing firefighters in a strategic discussion?,"Yes, there are scenes of firefighters discussing plans and coordinating efforts.","Yes, there is a scene showing firefighters in a strategic discussion.",2761,151312,0.0182,2940,15,15000,0,64,1
tt0186151,How are rescue operations depicted in the video?,Firefighters are shown battling blazes and guiding civilians to safety.,"The video depicts rescue operations in various settings, including a tunnel with firefighters working in challenging conditions, a scene with a fire truck and firefighters in a residential area, and a firefighter in a burning building. The scenes show firefighters in protective gear, working under intense conditions, and the environment is often dark and chaotic, highlighting the urgency and danger of their work.",2761,151312,0.0182,2940,15,15000,0,64,1
tt0186151,What is the nature of the conversation in the bar scene?,"The conversation appears intense and serious, concluding with a surprised reaction.","The nature of the conversation in the bar scene is not explicitly stated in the image, but it appears to be a casual and friendly interaction. The man in the foreground is smiling and gesturing with his hand, suggesting that he is engaged in a light-hearted or jovial conversation. The woman in the background is also smiling and looking towards the man, indicating that she is part of the conversation and is enjoying it. The overall atmosphere of the scene is relaxed and social.",2761,151312,0.0182,2940,15,15000,0,64,1
tt0186151,Describe a perilous situation shown in the video.,A firefighter experiences a perilous fall amidst debris during firefighting efforts.,"The video shows a perilous situation where a firefighter is seen in a dark, smoky environment, indicating a fire emergency. The firefighter is wearing protective gear and is in the midst of a hazardous situation, likely trying to extinguish the fire or rescue someone. The environment is filled with smoke, and the firefighter's actions suggest a high level of danger and urgency.",2761,151312,0.0182,2940,15,15000,0,64,1
tt0186151,How is the firefighters' return to the firehouse depicted after the emergencies?,"The video does not explicitly depict their return, focusing instead on the operations and personal reflections.","The firefighters' return to the firehouse is depicted with a sense of relief and camaraderie. They are shown walking in, exhausted but satisfied, with one firefighter holding a fire hose and another carrying a fire extinguisher. The scene is set against the backdrop of the firehouse, with the fire trucks and equipment visible, emphasizing the team's readiness and dedication to their duty.",2761,151312,0.0182,2940,15,15000,0,64,1
tt0186151,Does the video begin at the firehouse?,Yes.,"Yes, the video begins at the firehouse.",2761,151312,0.0182,2940,15,15000,0,64,1
tt0186151,Is there a visible celebration at the firehouse in the beginning?,No.,"No, there is no visible celebration at the firehouse in the beginning.",2761,151312,0.0182,2940,15,15000,0,64,1
tt0186151,Do the firefighters engage in a car wash activity?,No.,"No, the firefighters do not engage in a car wash activity. The images provided do not depict any car wash activity. The scenes show firefighters in various situations, including one where they are looking at a car, but there is no indication of a car wash.",2761,151312,0.0182,2940,15,15000,0,64,1
tt0186151,Does the video show a firefighter directing others during a firefighting operation?,Yes.,"Yes, the video shows a firefighter directing others during a firefighting operation.",2761,151312,0.0182,2940,15,15000,0,64,1
tt0186151,Does the video capture a fire truck speeding past other vehicles?,Yes.,"Yes, the video captures a fire truck speeding past other vehicles.",2761,151312,0.0182,2940,15,15000,0,64,1
tt0186151,"In the video, does the alarm sound before the firefighters gear up?",Yes.,"No, the alarm does not sound before the firefighters gear up.",2761,151312,0.0182,2940,15,15000,0,64,1
tt0186151,Is the reflective moment at the firehouse shown after the emergency scenes?,Yes.,"Yes, the reflective moment at the firehouse is shown after the emergency scenes.",2761,151312,0.0182,2940,15,15000,0,64,1
tt0186151,Does a firefighter fall to the ground before the fire is controlled?,Yes.,"Yes, a firefighter falls to the ground before the fire is controlled.",2761,151312,0.0182,2940,15,15000,0,64,1
tt0186151,Is the surprised reaction in the bar scene shown before the firefighting scenes?,No.,"No, the surprised reaction in the bar scene is not shown before the firefighting scenes. The firefighting scenes are shown after the bar scene.",2761,151312,0.0182,2940,15,15000,0,64,1
tt0186151,Does the scene of firefighters preparing at the station come before the building fire scenes?,Yes.,"Yes, the scene of firefighters preparing at the station comes before the building fire scenes.",2761,151312,0.0182,2940,15,15000,0,64,1
tt0186151,Does the critical decision to avoid an explosion occur before the scene of deep reflection?,Yes.,No.,2761,151312,0.0182,2940,15,15000,0,64,1
tt0186151,What occurs just before the firefighters gear up in response to the alarm?,They are shown engaging in leisure activities at the firehouse.,"A person is seen in a room with a television, watching something intently.",2761,151312,0.0182,2940,15,15000,0,64,1
tt0186151,What do we see happening before the fire truck races out of the firehouse?,Firefighters gearing up and preparing inside the firehouse.,"A firefighter is seen running through a tunnel with water spraying on the ground, indicating a possible rescue operation.",2761,151312,0.0182,2940,15,15000,0,64,1
tt0186151,What happens before the firefighter avoids the explosion?,He runs towards the flaming warehouse.,"The scene transitions to a firefighter in a tunnel, where he is seen with a helmet and a light on his head, indicating that he is in a hazardous situation. The environment is dark and wet, suggesting that the firefighter is in a flooded tunnel. The firefighter is then shown in a close-up, looking determined and focused, possibly assessing the situation or preparing to take action. The scene then shifts to a different setting where a person is seen in a room with a television, watching something on the screen. The television is displaying a news broadcast with the headline ""FIRE DEPARTMENT TAKES A TURNOVER"" and an image of a fire truck. The person in the room appears to be reacting to the news, possibly concerned or surprised. The scene then cuts to a close-up of a person's face, looking contemplative or concerned. The person is wearing a hat and has a serious expression. The scene then transitions to a firefighter in a dark room, looking at a piece of paper or a document. The firefighter appears to be reading or examining the document, possibly planning or reviewing something related to their work. The scene then shifts to a close-up of a person's face, looking determined and focused. The person is wearing a hat and has a serious expression",2761,151312,0.0182,2940,15,15000,0,64,1
tt0186151,What is shown before the scene of firefighters battling the blaze at the building?,They prepare and coordinate their actions on top of a fire truck.,A close-up of a person's face with a concerned expression.,2761,151312,0.0182,2940,15,15000,0,64,1
tt0186151,"Before the intense conversation in the bar, what is depicted?",A firefighter with the firetruck in a fire station.,"A person sitting at a desk with a lamp, looking at a newspaper.",2761,151312,0.0182,2940,15,15000,0,64,1
tt0186151,What occurs just before the firefighters discuss plans and coordinate efforts?,Scenes of urgency as they prepare for action.,A fire truck is shown driving through a tunnel.,2761,151312,0.0182,2940,15,15000,0,64,1
tt0186151,What happens before the reflective moment with an individual's eye close-up?,Firefighters navigating through a blazing inferno inside a structure.,"A firefighter is seen in a dark, smoky environment, indicating a fire incident.",2761,151312,0.0182,2940,15,15000,0,64,1
tt0186151,What is the main setting of the narrative?,"The narrative shifts through various settings, including dim environments, a hospital, and intimate indoor spaces.",The main setting of the narrative is a fire station.,3103,171892,0.0181,3332,17,15000,0,64,1
tt0186151,What are some key themes depicted in the video?,"Communication, reflection, and critical interactions are prominent themes.","The video showcases a variety of scenes that suggest themes of urgency, teamwork, and personal reflection. Key themes include:1. **Emergency Response**: Scenes with firefighters and emergency responders highlight the urgency and teamwork required in crisis situations.2. **Personal Reflection**: Introspective moments, such as a person looking at a newspaper and another at a television, suggest themes of personal reflection and the impact of events on individuals.3. **Urban Life**: The presence of a fire truck and the urban setting indicate the everyday life and challenges faced in city environments.4. **Intense Situations**: The scenes with fire and smoke convey the intensity and danger associated with emergency situations.5. **Personal Relationships**: The video includes moments of personal connection, such as a person embracing another, which hints at the importance of relationships in times of stress.These themes are woven throughout the video, providing a narrative that explores the human experience in the face of adversity and the importance of community and personal connections.",3103,171892,0.0181,3332,17,15000,0,64,1
tt0186151,How does the video depict moments of critical decision-making?,Through a hospital scene where attentive intervention saves a life.,"The video depicts moments of critical decision-making through scenes where characters are shown in deep thought or contemplation, such as the man in the dark room looking at a newspaper, the firefighter in the fire truck, and the man in the dark room looking at a framed photo. These scenes suggest that the characters are making important decisions or reflecting on significant events.",3103,171892,0.0181,3332,17,15000,0,64,1
tt0186151,How is the theme of reflection presented in the video?,Through characters in solitude and focus on memorabilia or photographs.,"The theme of reflection is presented through a scene where a person is seen through a window, looking at their reflection in a mirror.",3103,171892,0.0181,3332,17,15000,0,64,1
tt0186151,How do characters communicate throughout the video?,"Through various means including devices, direct conversation, and critical interventions.","Characters communicate through various means such as direct conversation, body language, and the use of technology like a television.",3103,171892,0.0181,3332,17,15000,0,64,1
tt0186151,What action saves a patient's life in the video?,A nurse's attentive intervention correcting a doctor's medication error.,The action that saves a patient's life in the video is the firefighter's rescue operation.,3103,171892,0.0181,3332,17,15000,0,64,1
tt0186151,How is solitude or reflection represented through actions?,Through scenes of characters in dark settings and focusing on photographs.,"The image shows a person sitting alone in a dimly lit room, looking out of a window. The person appears to be in a state of reflection or solitude, as indicated by their posture and the quiet, introspective setting. The room is sparsely furnished, with a few items on a table, which suggests a moment of quiet contemplation. The person's gaze is directed away from the viewer, further emphasizing the sense of solitude and introspection.",3103,171892,0.0181,3332,17,15000,0,64,1
tt0186151,What indicates the importance of family in the narrative?,A focused moment on a family photograph and an intimate family scene.,The presence of a family photo on the wall in the living room scene indicates the importance of family in the narrative.,3103,171892,0.0181,3332,17,15000,0,64,1
tt0186151,What critical action occurs in the hospital scenes?,A conversation leading to the prevention of a medical error.,"A critical action in the hospital scenes is a man being wheeled into an ambulance, indicating an emergency situation.",3103,171892,0.0181,3332,17,15000,0,64,1
tt0186151,Does the video depict an outdoor daytime scene?,No.,No.,3103,171892,0.0181,3332,17,15000,0,64,1
tt0186151,Does the interaction in the hospital result in the nurse leaving the conversation?,No.,"No, the interaction in the hospital does not result in the nurse leaving the conversation.",3103,171892,0.0181,3332,17,15000,0,64,1
tt0186151,Does the family photo reflect a somber mood?,No.,"Yes, the family photo reflects a somber mood.",3103,171892,0.0181,3332,17,15000,0,64,1
tt0186151,Is the handgun used during the intense conversation?,No.,No,3103,171892,0.0181,3332,17,15000,0,64,1
tt0186151,Is there a heated argument depicted in any of the conversations?,No.,"No, there is no depiction of a heated argument in the provided images.",3103,171892,0.0181,3332,17,15000,0,64,1
tt0186151,Is the hospital scene depicted before the solitary reflections?,No.,No.,3103,171892,0.0181,3332,17,15000,0,64,1
tt0186151,Does the touching on the shoulder in the hospital happen before the medication error is spotted?,Yes.,"The image you've provided shows a scene from a movie where a character is touching another character on the shoulder in a hospital setting. This action could be interpreted as a gesture of reassurance, concern, or a call for attention. However, without additional context from the movie, it's not possible to determine if this action happens before the medication error is spotted. The image does not provide enough information to establish the sequence of events between this interaction and the discovery of the medication error.",3103,171892,0.0181,3332,17,15000,0,64,1
tt0186151,Are the scenes of solitude depicted after the communication attempts?,Yes.,Yes,3103,171892,0.0181,3332,17,15000,0,64,1
tt0186151,Does the conversation with the nurse precede the scene with the family photo?,No.,"No, the conversation with the nurse does not precede the scene with the family photo.",3103,171892,0.0181,3332,17,15000,0,64,1
tt0186151,What occurs just before the scene with the family photograph?,A person reflecting in a dark setting.,"A man is seen sitting at a desk with a television in front of him, watching something intently.",3103,171892,0.0181,3332,17,15000,0,64,1
tt0186151,What do we see happening before the family scene on the porch?,A focus on memorabilia and a newspaper clipping.,"A man in a dark jacket and hat is seen in a dimly lit room, looking at a framed photo on the wall.",3103,171892,0.0181,3332,17,15000,0,64,1
tt0186151,What transpires just before the nurse corrects the doctor's error?,A man in a brown leather jacket approaches the nurse.,"The doctor is seen in a hospital setting, looking at a patient's chart, with a concerned expression on his face. The scene suggests that the doctor is reviewing medical information, possibly preparing for a procedure or treatment. The nurse then enters the scene, and it appears that she is about to correct the doctor's error, indicating a moment of tension or a critical decision point in the narrative.",3103,171892,0.0181,3332,17,15000,0,64,1
tt0186151,What is shown before the solitary reflection scenes?,Conversations held in dimly lit environments.,A scene with a fire truck and firefighters in a tunnel.,3103,171892,0.0181,3332,17,15000,0,64,1
tt0186151,What event occurs just before the moment of critical intervention in the hospital?,An intimate interaction between a nurse and a man.,"The event that occurs just before the moment of critical intervention in the hospital is a man sitting at a desk, looking at a newspaper with a headline that reads ""FIRE DEPARTMENT TAKES A TURNOVER.""",3103,171892,0.0181,3332,17,15000,0,64,1
tt0186151,What are the central themes depicted in the selected scenes from the movie?,"Haunting memories, serious conversations, and the emotional aftermath of loss.","The central themes depicted in the selected scenes from the movie include:1. **Firefighting and Emergency Response**: Scenes showing firefighters in action, such as one firefighter holding a hose and another looking at a firetruck, highlight the theme of emergency response and the bravery of firefighters.2. **Urban Life and Nighttime Atmosphere**: The scene with the blue light in the dark suggests a nighttime setting in an urban environment, possibly indicating a sense of urgency or danger.3. **Personal Relationships and Intimacy**: Scenes with characters embracing and conversing in a domestic setting suggest themes of personal relationships and intimacy.4. **Work and Professional Life**: Scenes with characters in professional settings, such as a firefighter looking at a firetruck and a man in a police uniform, emphasize the theme of work and professional life.5. **Home and Family**: Scenes with characters in a home environment, such as a man sitting at a desk and a woman in a hospital bed, suggest themes of home life and family.6. **Personal Struggle and Emotional Depth**: Scenes with characters in moments of personal struggle or emotional depth, such as a man looking at a newspaper and a woman in a hospital bed, indicate themes of personal struggle and emotional depth.7. **Urban Nightlife",3364,187180,0.018,3724,19,15000,0,64,1
tt0186151,How do the scenes express the protagonist's inner turmoil?,Through his actions in the bedroom and intense dialogues.,"The scenes express the protagonist's inner turmoil through various visual and narrative elements. The first scene with the blue light and the dark, shadowy figure suggests a sense of mystery and possibly fear or unease. The subsequent scenes with the firefighter and the fire truck indicate a connection to a dangerous or stressful situation, which could be a metaphor for the protagonist's emotional state. The scenes with the woman and the man in the room with the television show a more personal and intimate moment, possibly reflecting the protagonist's emotional vulnerability or a desire for connection. The scenes with the fire and the firefighter in the dark environment convey a sense of urgency and danger, which could be a reflection of the protagonist's inner struggle. The scenes with the man in the room with the lamp and the woman in the hospital room suggest a moment of reflection or contemplation, possibly indicating the protagonist's inner conflict or emotional pain. The scenes with the man in the room with the lamp and the woman in the hospital room suggest a moment of reflection or contemplation, possibly indicating the protagonist's inner conflict or emotional pain. The scenes with the man in the room with the lamp and the woman in the hospital room suggest a moment of reflection or contemplation, possibly indicating the protagonist's inner conflict or emotional pain. The scenes",3364,187180,0.018,3724,19,15000,0,64,1
tt0186151,What emotional states are portrayed in these scenes?,"Confusion, grief, and a quest for understanding.","The emotional states portrayed in these scenes vary widely:1. The first scene with the blue light is too dark to discern any specific emotional state.2. The firefighter in the tunnel appears to be in a state of urgency or distress, as indicated by the wet conditions and the need for a flashlight.3. The man in the room with the television is shown in a moment of contemplation or concern, as he looks at the screen.4. The man in the room with the lamp is in a state of deep thought or sadness, as suggested by his downward gaze and the somber lighting.5. The firefighter in the fire is shown in a state of bravery and determination, facing the intense flames.6. The man in the room with the lamp is in a state of contemplation or sadness, as he looks at the television screen.7. The man in the room with the lamp is in a state of deep thought or sadness, as he looks at the television screen.8. The man in the room with the lamp is in a state of contemplation or sadness, as he looks at the television screen.9. The man in the room with the lamp is in a state of contemplation or sadness, as he looks at the television screen.10",3364,187180,0.018,3724,19,15000,0,64,1
tt0186151,How do the scenes reflect on the protagonist's reality?,They illustrate a blend of past recollections and present revelations.,"The scenes reflect a complex and multifaceted reality for the protagonist. The opening scene with the blue light suggests a sense of urgency or danger, possibly indicating that the protagonist is involved in a high-stakes situation. The scenes with the fire and the firefighter's helmet imply that the protagonist is engaged in firefighting or emergency response work, which is a physically demanding and potentially dangerous occupation.The scenes with the firetruck and the firefighter's uniform reinforce this theme, showing the protagonist in the midst of an emergency situation. The presence of the firetruck and the firefighter's gear suggests that the protagonist is part of a team working to extinguish fires and save lives.The scenes with the woman and the child suggest a personal life for the protagonist, indicating that they have a family and personal relationships. The scenes with the woman and the child also suggest that the protagonist may be experiencing a moment of reflection or contemplation, possibly about their personal life or the impact of their work on their family.Overall, the scenes reflect a reality that is both physically demanding and emotionally complex for the protagonist. They are engaged in a dangerous and important occupation, but they also have a personal life and relationships that they must balance with their work.",3364,187180,0.018,3724,19,15000,0,64,1
tt0186151,What does the man's action of reaching out in bed convey?,"A sense of seeking, possibly for answers or solace.","The man's action of reaching out in bed, as seen in the image, could convey a sense of urgency or distress. It suggests that he is trying to grab something or someone, possibly indicating a need for assistance or a reaction to an unexpected event. This action, combined with the context of the scene, could imply that he is in a situation that requires immediate attention or help.",3364,187180,0.018,3724,19,15000,0,64,1
tt0186151,How do the scenes contribute to the overarching narrative?,They provide emotional depth and advance the plot surrounding the mystery.,"The scenes contribute to the overarching narrative by showcasing various aspects of the characters' lives and the challenges they face. The first scene with the blue light suggests a mysterious or urgent situation, possibly setting the tone for the story. The firefighter scenes depict the characters in action, highlighting their bravery and teamwork in the face of danger. The domestic scenes with the woman and child suggest a personal, everyday life that contrasts with the high-stakes action scenes. The scenes with the man in the leather jacket and the woman in the hospital setting indicate a narrative involving medical drama or a personal health crisis. The scenes with the man in the firefighter's uniform and the woman in the hospital suggest a connection between the characters, possibly a relationship or a shared experience. The scenes with the man in the leather jacket and the woman in the hospital setting indicate a narrative involving medical drama or a personal health crisis. The scenes with the man in the firefighter's uniform and the woman in the hospital setting suggest a connection between the characters, possibly a relationship or a shared experience. The scenes with the man in the leather jacket and the woman in the hospital setting indicate a narrative involving medical drama or a personal health crisis. The scenes with the man in the firefighter's uniform and the woman in the hospital setting suggest a connection between",3364,187180,0.018,3724,19,15000,0,64,1
tt0186151,How is the protagonist depicted in these selected scenes?,"Troubled, searching, and deeply engaged in a conversation.","The protagonist is depicted in various scenes throughout the images, often in situations that suggest action or drama. In some scenes, he appears to be in a tense or serious situation, possibly related to his work or personal life. The lighting and color tones vary, indicating different moods and settings. The images capture moments of intensity, focus, and possibly conflict, reflecting the character's engagement with the challenges presented in the narrative.",3364,187180,0.018,3724,19,15000,0,64,1
tt0186151,What does the funeral scene suggest about the protagonist's state of mind?,"A troubled psyche, possibly struggling with the concept of loss.","The funeral scene, with the protagonist standing solemnly in front of a casket, suggests a moment of reflection and grief. The somber atmosphere and the presence of a casket indicate that the protagonist is likely mourning the loss of someone significant. The scene is a poignant moment that underscores the emotional depth of the character's journey, highlighting themes of loss, memory, and the passage of time.",3364,187180,0.018,3724,19,15000,0,64,1
tt0186151,Can you describe the nature of the serious conversation?,Intense and laden with underlying implications or revelations.,"The image you've provided appears to be a montage of scenes from a movie or television show, featuring various characters in different settings. The scenes include a fire truck with flashing lights, a firefighter in a tunnel, a person in a room with a vintage television, a man in a room with a lamp, a firefighter in a burning building, a man in a room with a lamp and a framed picture, a man in a room with a lamp and a framed picture, a man in a room with a lamp and a framed picture, a man in a room with a lamp and a framed picture, a man in a room with a lamp and a framed picture, a man in a room with a lamp and a framed picture, a man in a room with a lamp and a framed picture, a man in a room with a lamp and a framed picture, a man in a room with a lamp and a framed picture, a man in a room with a lamp and a framed picture, a man in a room with a lamp and a framed picture, a man in a room with a lamp and a framed picture, a man in a room with a lamp and a framed picture, a man in a room with a lamp and a framed picture, a man in a room with",3364,187180,0.018,3724,19,15000,0,64,1
tt0186151,What action is seen in the bedroom scene?,"The protagonist reaching for something, symbolizing a search.","The bedroom scene shows a person lying in bed, with a lamp on the bedside table, and a person standing beside the bed. The person standing appears to be speaking or interacting with the person in bed.",3364,187180,0.018,3724,19,15000,0,64,1
tt0186151,Is there any depiction of reconciliation or resolution?,"Not directly, but the conversations might hint at seeking resolutions.","The image you've provided appears to be a collage of various scenes from different movies or TV shows. It's difficult to identify any specific depiction of reconciliation or resolution without more context, as these scenes seem to be from various narratives with different themes and storylines. If you're looking for a scene that depicts reconciliation or resolution, you might need to provide more details about the content or the source material.",3364,187180,0.018,3724,19,15000,0,64,1
tt0186151,How does the sequence of scenes affect the story's tension?,It increases tension by juxtaposing personal turmoil with the gravity of the situation.,"The sequence of scenes in the video contributes to the story's tension by building a narrative of urgency and danger. The first scene with the blue light in the dark suggests a mysterious or emergency situation. The subsequent scenes with firefighters in a tunnel and a fire scene indicate a serious emergency, likely a fire, which is a common source of tension in stories.The scenes with the characters in a room and on a staircase add to the tension by showing moments of calm and reflection amidst the chaos, suggesting that the situation is not only dangerous but also emotionally taxing for the characters. The presence of a fire truck and the firefighter's gear in the later scenes reinforces the urgency and the stakes of the situation.The final scenes with the fire and the firefighter's actions create a climax of tension, as the firefighter is seen in a precarious position, which heightens the suspense. The sequence of scenes effectively builds tension by alternating between moments of action and moments of reflection, creating a sense of anticipation and danger that keeps the viewer engaged.",3364,187180,0.018,3724,19,15000,0,64,1
tt0186151,Are the aftermaths of the haunting memories visible in these actions?,"Yes, through disturbed rest and poignant conversations.","The images you've provided appear to be stills from various scenes, likely from a film or television show. They depict a range of actions and settings, including what seems to be a fire, a person in a firefighter's uniform, and other characters in different situations. However, without additional context, it's difficult to determine the specific actions or the aftermaths of haunting memories from these stills alone. The images show moments of urgency, such as firefighting, and moments of personal reflection or interaction, but the haunting memories are not directly visible in these actions.",3364,187180,0.018,3724,19,15000,0,64,1
tt0186151,Is there a portrayal of discovering or unveiling truths?,Implied through serious discussions and the protagonist's disturbed state.,"The images you've provided appear to be a montage of scenes from various movies or TV shows, each depicting different scenarios and characters. While I can describe each image individually, I don't see a clear theme of ""discovering or unveiling truths"" across these images. Each scene seems to be focused on different aspects of storytelling, such as action, drama, or character interaction, but none of them specifically convey a narrative of uncovering hidden facts or secrets. If you're looking for a scene that represents discovery or revelation, you might need to provide more context or a specific image that you believe fits that theme.",3364,187180,0.018,3724,19,15000,0,64,1
tt0186151,Does the protagonist find what he's reaching for in bed?,No.,"The image you've provided appears to be a montage of scenes from a movie or television show, featuring various characters and settings. It's difficult to determine the specific context or the outcome of the protagonist's actions without more information about the plot. However, I can describe the scenes:1. A close-up of a blue light source, possibly a flashlight or a light on a device.2. A firefighter in a red uniform with the number ""93"" on the helmet, standing in a tunnel-like environment, suggesting a fire rescue scenario.3. A person in a red shirt and a baseball cap, seemingly in a conversation or an argument.4. A person in a dark room, possibly a police station or a similar setting, with a desk and a lamp.5. A scene with a person in a dark room, possibly a police station or a similar setting, with a desk and a lamp.6. A person in a dark room, possibly a police station or a similar setting, with a desk and a lamp.7. A person in a dark room, possibly a police station or a similar setting, with a desk and a lamp.8. A person in a dark room, possibly a police station or a similar setting, with a desk and a",3364,187180,0.018,3724,19,15000,0,64,1
tt0186151,Is the serious conversation directly solving the protagonist's turmoil?,No.,No.,3364,187180,0.018,3724,19,15000,0,64,1
tt0186151,Is there any physical altercation in these scenes?,No.,"No, there is no physical altercation depicted in these scenes. The images show various scenes from a movie or TV show, including firefighters in a tunnel, a person in a room, a scene with a fire truck, and a person in a room with a fire in the background. There are no signs of physical altercation in these still images.",3364,187180,0.018,3724,19,15000,0,64,1
tt0186151,Is the funeral scene a recollection or a present event?,A recollection.,"The funeral scene appears to be a recollection or a memory rather than a present event. This is indicated by the presence of a framed photograph on the wall, which typically suggests a memory or a tribute. Additionally, the emotional expressions and the context of the scene suggest that it is a memory being revisited rather than a current event.",3364,187180,0.018,3724,19,15000,0,64,1
tt0186151,Do these scenes take place in public settings?,"No, they happen in private or internalized spaces.","The scenes you've described do not all take place in public settings. Some of the scenes appear to be set in public places like streets, while others seem to be set in more private or domestic environments like homes or offices. The presence of characters in uniform, such as firefighters, suggests that some scenes might be related to public safety or emergency response. However, without more context, it's difficult to determine the exact nature of each setting.",3364,187180,0.018,3724,19,15000,0,64,1
tt0186151,Is the protagonist's awakening before his recollection of the funeral?,Yes.,"The images provided seem to be from various scenes of a movie or television show, and they depict a range of situations and characters. However, without a specific context or a clear narrative thread, it's challenging to determine if the protagonist's awakening is before his recollection of the funeral.From the images, we can see scenes that include a character in a dark room with a blue light, a firefighter in a tunnel, a man in a room with a television, a person in a room with a lamp, a firefighter in a burning building, a man in a room with a fire hydrant, a person in a room with a lamp, a firefighter in a fire truck, a man in a room with a lamp, a person in a room with a lamp, a firefighter in a fire truck, a man in a room with a lamp, a person in a room with a lamp, a firefighter in a fire truck, a man in a room with a lamp, a person in a room with a lamp, a firefighter in a fire truck, a man in a room with a lamp, a person in a room with a lamp, a firefighter in a fire truck, a man in a room with a lamp, a person in a room with a lamp, a firefighter",3364,187180,0.018,3724,19,15000,0,64,1
tt0186151,Does the alarm clock indicate a transition from dreams to reality?,Yes.,"The alarm clock in the image shows the time as 12:00, which could symbolize a transition from one phase of life to another, such as from sleep to wakefulness. However, without additional context, it's not possible to definitively conclude that it indicates a transition from dreams to reality. The alarm clock could simply be a reminder of the passage of time or a cue for waking up, regardless of whether the person was dreaming or not.",3364,187180,0.018,3724,19,15000,0,64,1
tt0186151,Is the reaching for something in bed happening after the funeral scene is depicted?,No.,"No, the reaching for something in bed is not happening after the funeral scene. The funeral scene is depicted in a different image, and the reaching for something in bed is shown in a different context.",3364,187180,0.018,3724,19,15000,0,64,1
tt0186151,What happens before the man reaches out in bed?,"He wakes up, possibly from a troubled sleep.","Before the man reaches out in bed, he is shown in a dimly lit room with a lamp on the table, suggesting a quiet and possibly contemplative moment.",3364,187180,0.018,3724,19,15000,0,64,1
tt0186151,What occurs just before the serious conversation starts?,A setting of somber readiness or contemplation.,"A man is seen in a dimly lit room, looking at a framed photo on the wall.",3364,187180,0.018,3724,19,15000,0,64,1
tt0186151,What do we see happening before the funeral scene is recalled?,The protagonist possibly experiencing a haunting memory.,"A man in a dark jacket and hat is seen in a dimly lit room, looking at a framed photo.",3364,187180,0.018,3724,19,15000,0,64,1
tt0186151,What takes place before the digital alarm clock shows 5,Likely a transition from sleep to waking reality.,"The image you've provided appears to be a collage of various scenes from different movies or TV shows. It's a montage that includes a variety of characters and settings, but without specific context, it's challenging to provide a detailed description of each scene. The images show a mix of characters in different situations, such as a person in a dark room, a firefighter in a tunnel, a man in a room with a vintage television, and others in various indoor and outdoor settings. The scenes suggest action, drama, and everyday life, but without more information, it's not possible to determine the exact nature of the content or the events taking place before the digital alarm clock shows 5:00.",3364,187180,0.018,3724,19,15000,0,64,1
tt0186151,What occurs just before the protagonist's recollection of the funeral?,A possibly disturbing dream or memory surfacing.,"The scene transitions to a dark, blue-lit room where a rectangular object is illuminated by a blue light, suggesting a moment of reflection or memory.",3364,187180,0.018,3724,19,15000,0,64,1
tt0186151,What do we see happening just before the conversation reveals new information?,An intense exchange of looks or preamble of seriousness.,"A person is seen in a dimly lit room, looking at a framed picture on the wall. The room has a vintage feel with a lamp and some papers on a table. The person appears to be deep in thought or contemplation.",3364,187180,0.018,3724,19,15000,0,64,1
tt0186151,What is the primary setting across the scenes?,"Indoor and dimly lit settings, involving solitary figures and intense focus.","The primary setting across the scenes is a dark, moody atmosphere with a blue light source, suggesting a nighttime or dimly lit environment.",3469,193648,0.0179,3920,20,15000,0,64,1
tt0186151,How do the characters interact with their surroundings?,"They are deeply engaged in tasks or contemplations, often alone.","The characters in the images interact with their surroundings in various ways. In the first image, a person is seen in a dark room with a blue light, possibly indicating a moment of contemplation or observation. The second image shows a firefighter in a tunnel, suggesting a scene of urgency or rescue. The third image captures a moment of reflection or conversation between two characters in a dimly lit room. The fourth image shows a person in a room with a television, possibly watching something significant. The fifth image depicts a firefighter in a burning building, indicating a scene of danger or emergency response. The sixth image shows a person in a room with a lamp, suggesting a moment of quiet or introspection. The seventh image captures a firefighter in a burning building, emphasizing the urgency and danger of the situation. The eighth image shows a person in a room with a lamp, possibly indicating a moment of contemplation or work. The ninth image shows a person in a room with a lamp, suggesting a moment of quiet or introspection. The tenth image shows a person in a room with a lamp, possibly indicating a moment of contemplation or work. The eleventh image shows a person in a room with a lamp, suggesting a moment of quiet or introspection. The twelfth image shows a",3469,193648,0.0179,3920,20,15000,0,64,1
tt0186151,Is there a common emotion or mood depicted in the scenes?,"A mood of seriousness, focus, or distress pervades the scenes.","The scenes depict a range of emotions and moods, but there is a common theme of intensity and urgency. The scenes with the fire, the firefighter in the tunnel, and the firefighter in the room with the fire hose all convey a sense of urgency and danger. The scenes with the man in the room with the lamp and the man in the room with the fire hose also convey a sense of intensity and focus. The scenes with the man in the room with the fire hose and the man in the room with the fire hose also convey a sense of urgency and danger. The scenes with the man in the room with the fire hose and the man in the room with the fire hose also convey a sense of intensity and focus. The scenes with the man in the room with the fire hose and the man in the room with the fire hose also convey a sense of urgency and danger. The scenes with the man in the room with the fire hose and the man in the room with the fire hose also convey a sense of intensity and focus. The scenes with the man in the room with the fire hose and the man in the room with the fire hose also convey a sense of urgency and danger. The scenes with the man in the room with the fire hose and the man in the room",3469,193648,0.0179,3920,20,15000,0,64,1
tt0186151,Are animals or other characters involved in some scenes?,"Yes, a dog appears in one of the outdoor, brighter scenes.","No, there are no animals or other characters involved in the scenes provided. The scenes focus on human characters in various situations, such as a firefighter in a tunnel, a person in a room with a lamp, and individuals in a room with a television.",3469,193648,0.0179,3920,20,15000,0,64,1
tt0186151,What activities dominate the indoor scenes?,"Activities involve working with devices, contemplating, or looking through items.","The indoor scenes are dominated by activities such as reading, drinking, and engaging in conversation.",3469,193648,0.0179,3920,20,15000,0,64,1
tt0186151,How do the settings influence the characters' behaviors?,"The settings seem to encourage focus, introspection, or solitude.","The settings in the images play a significant role in influencing the characters' behaviors and the overall mood of the scenes. Here's a breakdown of how each setting contributes:1. **Underwater Scene**: The dark, blue-lit setting under the water creates a sense of isolation and tension. The characters' behaviors are likely to be cautious and focused on their surroundings due to the potential dangers of underwater environments.2. **Fire Station**: The setting of a fire station, with its typical red fire truck and firefighting gear, suggests a state of readiness and urgency. The characters' behaviors are likely to be alert and prepared for action, reflecting the emergency response nature of the job.3. **Home Interior**: The warm, domestic setting of a home interior with a lamp and a cozy atmosphere suggests a more relaxed and personal environment. The characters' behaviors are likely to be more casual and conversational, reflecting the comfort and familiarity of home.4. **Fire Scene**: The intense, fiery setting of a fire scene with smoke and flames creates a high-stress environment. The characters' behaviors are likely to be urgent and focused on firefighting and rescue operations, as they navigate the dangerous conditions.5. **Underwater Scene (Different Setting)**: Similar to the first underwater scene",3469,193648,0.0179,3920,20,15000,0,64,1
tt0186151,Does the video capture moments of dialogue or conversation?,"Yes, there are implied conversations and moments of engagement.","Yes, the video captures moments of dialogue or conversation, as indicated by the presence of characters in various settings, including a room with a television, a kitchen, and a room with a lamp.",3469,193648,0.0179,3920,20,15000,0,64,1
tt0186151,Are there shifts between different times of day or lighting conditions?,"Yes, shifts from night and dimly lit to daylight or well-lit settings are shown.","Yes, there are shifts between different times of day and lighting conditions in the images provided. The first image shows a dark scene with a blue light source, suggesting it might be nighttime or in a dimly lit environment. The second image is brighter, indicating daytime or a well-lit indoor setting. The third image is also dimly lit, possibly evening or night, with a warm light source. The fourth image is well-lit, suggesting daytime or a well-lit indoor setting. The fifth image is dimly lit, similar to the third image, with a warm light source. The sixth image is brightly lit, indicating daytime or a well-lit indoor setting. The seventh image is dimly lit, similar to the third and fifth images, with a warm light source. The eighth image is brightly lit, similar to the fourth image, indicating daytime or a well-lit indoor setting. The ninth image is dimly lit, similar to the third, fifth, and seventh images, with a warm light source. The tenth image is brightly lit, similar to the fourth and eighth images, indicating daytime or a well-lit indoor setting. The eleventh image is dimly lit, similar to the third, fifth, seventh, and ninth images, with a warm light",3469,193648,0.0179,3920,20,15000,0,64,1
tt0186151,What are the characters primarily doing in the scenes?,"Working with intricate devices, engaging in deep thought, or having conversations.","The characters are primarily engaged in firefighting activities, as indicated by the presence of fire trucks, firefighters in uniform, and scenes of fire and smoke. They are also shown in various states of urgency and teamwork, suggesting a response to an emergency situation.",3469,193648,0.0179,3920,20,15000,0,64,1
tt0186151,Is there a significant use of technology or objects?,"Yes, devices, paperwork, and objects on desks are prominent.","Yes, there are several scenes that prominently feature technology and objects. For example, there is a scene with a fire truck, which is a significant object in the context of firefighting. Another scene shows a person using a computer, indicating the use of technology. Additionally, there are scenes with fire hydrants, which are essential objects for firefighting. The presence of these objects and technology suggests that the movie involves themes related to emergency services and possibly the use of technology in those services.",3469,193648,0.0179,3920,20,15000,0,64,1
tt0186151,How do characters react to their situation or tasks?,"They show focus, distress, or deep engagement in their tasks.","In the images provided, we see a variety of reactions from characters in different situations:1. A character is seen in a dark environment with a blue light, possibly indicating a sense of urgency or focus.2. A firefighter is shown in a tunnel with water, suggesting a challenging rescue operation.3. A person is seen in a room with a vintage television, possibly reflecting on past events or memories.4. A character is in a room with a lamp, looking at something off-screen, which could indicate contemplation or concern.5. A firefighter is shown in a burning building, indicating bravery and determination in the face of danger.6. A character is in a room with a lamp, looking at something off-screen, which could indicate contemplation or concern.7. A firefighter is shown in a burning building, indicating bravery and determination in the face of danger.8. A character is in a room with a lamp, looking at something off-screen, which could indicate contemplation or concern.9. A firefighter is shown in a burning building, indicating bravery and determination in the face of danger.10. A character is in a room with a lamp, looking at something off-screen, which could indicate contemplation or concern.11. A firefighter is shown",3469,193648,0.0179,3920,20,15000,0,64,1
tt0186151,What indicates a transition in a character's location or mood?,"Changes in lighting, context, and activities suggest transitions.","The scene transitions from a dark, blue-lit setting to a brightly lit room with a person in a red shirt, indicating a change in location or mood.",3469,193648,0.0179,3920,20,15000,0,64,1
tt0186151,Is there an outdoor activity that contrasts with the indoor scenes?,"Yes, an outdoor scene with a dog adds a contrasting atmosphere.","Yes, there is a scene of a person riding a motorcycle at night, which contrasts with the indoor scenes.",3469,193648,0.0179,3920,20,15000,0,64,1
tt0186151,Do the scenes suggest a broader theme or narrative beyond the activities?,"They imply a narrative of search, inner conflict, or realization.","The scenes suggest a broader theme or narrative of urgency and crisis management. The presence of firefighters in a tunnel, the firefighter in a dark room with a flashlight, and the firefighter in a burning building all indicate a narrative of emergency response and the challenges faced by first responders. The scenes with the man in the dark room and the woman in the hospital suggest themes of personal struggle and medical urgency. The man in the dark room with the newspaper headline ""FIRE"" and the man in the hospital bed with the ""EMERGENCY"" sign indicate a narrative of life-threatening situations and the impact on individuals and their families. The scenes with the man in the dark room and the woman in the hospital suggest themes of personal struggle and medical urgency. The scenes with the man in the dark room and the woman in the hospital suggest themes of personal struggle and medical urgency. The scenes with the man in the dark room and the woman in the hospital suggest themes of personal struggle and medical urgency. The scenes with the man in the dark room and the woman in the hospital suggest themes of personal struggle and medical urgency. The scenes with the man in the dark room and the woman in the hospital suggest themes of personal struggle and medical urgency. The scenes with the man in the dark room and the woman in",3469,193648,0.0179,3920,20,15000,0,64,1
tt0186151,How do the objects and environments relate to the characters' goals?,They are tools or settings for their intense focus or search.,"The objects and environments in the images are integral to the characters' goals and actions within the scenes. Here's a breakdown of how each image relates to the characters' objectives:1. **Blue Light**: The blue light could be a part of a larger scene, possibly indicating a nighttime setting or a specific mood. It doesn't directly relate to a character's goal but sets the tone for the scene.2. **Fire Truck**: The fire truck is a crucial object for firefighters. It symbolizes their readiness to respond to emergencies, which is a primary goal for firefighters.3. **Firefighter in Tunnel**: The firefighter in the tunnel represents the dangers and challenges faced by firefighters in their line of duty. The environment of the tunnel suggests they are responding to a fire or another emergency situation.4. **Man with Baseball Cap**: The man with the baseball cap is in a domestic setting, possibly indicating a moment of rest or contemplation. The presence of a baseball cap might suggest he is a fan or a player, but it doesn't directly relate to a specific goal.5. **Man with Newspaper**: The man with the newspaper is in a room with a lamp, which could be a home office or a place for reading. The newspaper might indicate he is staying informed",3469,193648,0.0179,3920,20,15000,0,64,1
tt0186151,Is solitude a recurring theme in the actions depicted?,"Yes, solitude and individual focus are frequently depicted.",Yes,3469,193648,0.0179,3920,20,15000,0,64,1
tt0186151,Is there a portrayal of teamwork or collaboration in the scenes?,"No, the focus is on individual actions and solitude.","Yes, there is a portrayal of teamwork or collaboration in the scenes.",3469,193648,0.0179,3920,20,15000,0,64,1
tt0186151,Does the video show any significant change in a character's emotion or state?,"Yes, from focused or engaged to distressed or contemplative.","Yes, the video shows a character in a state of distress or deep thought, as indicated by the scene where the character is seen with their head in their hands.",3469,193648,0.0179,3920,20,15000,0,64,1
tt0186151,Are there scenes suggesting successful outcomes of the characters' tasks?,"No, there's more emphasis on the process or struggle.","The images provided do not show any clear indications of successful outcomes for the characters' tasks. Instead, they depict various scenes that suggest challenges or critical moments in the story. For example, there are scenes of firefighters in a tunnel, which could imply a dangerous situation, and a character looking at a television screen with a news ticker that might indicate a significant event or outcome. However, without more context, it's difficult to determine the success or failure of the characters' tasks.",3469,193648,0.0179,3920,20,15000,0,64,1
tt0186151,Does the video depict a resolution to the characters' searches or tasks?,"No, conclusions or resolutions to the searches are not depicted.","The video does not provide a clear resolution to the characters' searches or tasks. It shows various scenes with characters in different situations, such as a firefighter in a tunnel, a person in a room with a television, and a person in a room with a lamp. However, without additional context, it is not possible to determine if these scenes are connected or if they represent a resolution to any specific search or task.",3469,193648,0.0179,3920,20,15000,0,64,1
tt0186151,Does any character engage in violent or aggressive behavior?,"No, activities revolve around tasks, thoughts, or conversations.","No, there is no character engaging in violent or aggressive behavior in the images provided.",3469,193648,0.0179,3920,20,15000,0,64,1
tt0186151,Is there a clear progression from daytime to nighttime activities?,"No, transitions between times of day are not clearly depicted.","Yes, there is a clear progression from daytime to nighttime activities in the video. It starts with a daytime scene of a person working on a car, then transitions to a nighttime scene of a person sitting in a room with a lamp, and finally shows a nighttime scene of a person standing in a doorway.",3469,193648,0.0179,3920,20,15000,0,64,1
tt0186151,Does the video end on a positive or conclusive note?,"No, it leans more towards unresolved or contemplative tones.","The video ends on a positive and conclusive note. The final scene shows a character in a hospital setting, appearing to be in a state of relief or comfort, suggesting a resolution or a positive outcome to the events that have transpired.",3469,193648,0.0179,3920,20,15000,0,64,1
tt0186151,Does a conversation precede a moment of distress?,Yes.,"The images provided seem to depict various scenes from a movie or television show, each with its own context. However, without a specific sequence or context, it's challenging to determine if a conversation precedes a moment of distress in these images.From the images, we can see a range of emotions and situations:1. A person in a dark room with a blue light, which could be a moment of contemplation or distress.2. A firefighter in a tunnel, which might suggest a dangerous situation.3. A person in a room with a television, possibly watching something distressing.4. A person in a room with a lamp, which could be a moment of reflection or concern.5. A person in a room with a lamp and a framed picture, which might indicate a moment of sadness or nostalgia.6. A person in a room with a lamp and a framed picture, which could be a moment of reflection or concern.7. A person in a room with a lamp and a framed picture, which might indicate a moment of sadness or nostalgia.8. A person in a room with a lamp and a framed picture, which could be a moment of reflection or concern.9. A person in a room with a lamp and a framed picture, which might",3469,193648,0.0179,3920,20,15000,0,64,1
tt0186151,Is a scene of focused work followed by a scene of relaxation?,Yes.,Yes,3469,193648,0.0179,3920,20,15000,0,64,1
tt0186151,Does the presence of a dog occur before an indoor desk scene?,No.,"No, the presence of a dog does not occur before an indoor desk scene.",3469,193648,0.0179,3920,20,15000,0,64,1
tt0186151,Does daylight clearly transition to a dimly lit environment in the sequences?,"No, the transitions are not explicitly depicted.","Yes, daylight transitions to a dimly lit environment in the sequences.",3469,193648,0.0179,3920,20,15000,0,64,1
tt0186151,Do solitary scenes precede social or outdoor scenes?,"No, there's no clear sequence between solitude and sociability.",solitary scenes,3469,193648,0.0179,3920,20,15000,0,64,1
tt0186151,Does focus on paperwork occur before engaging with electronic devices?,"Yes, in some scenes this order is implied.","The images provided seem to be from various scenes of a movie or TV show, and they depict a range of activities and settings. However, none of the images specifically show a clear sequence of events or actions related to paperwork and electronic devices. The images show individuals in different contexts, such as a fire station, a home, and a workplace, but they do not provide a clear narrative of someone focusing on paperwork before engaging with electronic devices. If you have a specific scene or context in mind, please provide more details so I can give a more accurate answer.",3469,193648,0.0179,3920,20,15000,0,64,1
tt0186151,What is shown immediately before intense focus on a task?,Preparatory adjustment or examination of devices.,"A scene with a person in a dark room, illuminated by a blue light, with a rectangular object in the center.",3469,193648,0.0179,3920,20,15000,0,64,1
tt0186151,What occurs just before the outdoor scene with a dog?,Indoor scenes of work or focus.,"A man is seen in a room with a television, watching something intently.",3469,193648,0.0179,3920,20,15000,0,64,1
tt0186151,What do we see immediately before a transition to a dimly lit environment?,Scenes in a brighter or different setting.,A close-up of a person's face with a concerned expression.,3469,193648,0.0179,3920,20,15000,0,64,1
tt0186151,What activity is depicted before a moment of deep thought or contemplation?,"Engagement with tasks, devices, or conversation.","The activity depicted before a moment of deep thought or contemplation is a person sitting at a desk with a lamp, possibly reading or writing.",3469,193648,0.0179,3920,20,15000,0,64,1
tt0186151,What leads into scenes of individual working late at night?,Earlier scenes of focused task engagement or contemplation.,"The scene transitions to a dimly lit room where a person is working late at night, illuminated by a desk lamp.",3469,193648,0.0179,3920,20,15000,0,64,1
tt0186151,"Before showing a relaxed social setting, what is typically depicted?",Concentrated activity or a solitary work environment.,A person sitting at a desk with a computer monitor displaying a news broadcast.,3469,193648,0.0179,3920,20,15000,0,64,1
tt0361748,How is the situation escalated in the final scenes?,With the secretive arrest and transportation of characters.,"The situation escalates as the man in the Nazi uniform is seen in a tense confrontation with another individual, and the scene transitions to a dramatic moment where the man is being dragged away by a group of people. The final scenes show a man in a Nazi uniform being restrained by others, and a woman in a red dress appears to be in distress. The escalation is marked by the increasing tension and violence, culminating in a scene where a man in a Nazi uniform is being held back by others, and a woman in a red dress is seen in a state of distress.",2860,221284,0.0129,2940,15,15000,0,64,1
tt0361748,How do nighttime and dim lighting contribute to the story?,They intensify the tension and secrecy.,Nighttime and dim lighting contribute to the story by creating a sense of tension and mystery.,2860,221284,0.0129,2940,15,15000,0,64,1
tt0361748,What is the outcome of the interrogation scene?,It results in the revelation and struggle of characters.,"The interrogation scene ends with the man in the Nazi uniform being led away by the arm, indicating that he has been apprehended or arrested.",2860,221284,0.0129,2940,15,15000,0,64,1
tt0361748,What significant event happens after the arrest?,Characters are covertly transported.,"The significant event that happens after the arrest is the man being taken away in a police car, indicating that he has been arrested and is being taken into custody.",2860,221284,0.0129,2940,15,15000,0,64,1
tt0361748,How do the characters react to their capture?,"Their reactions are not explicitly shown, but tension is implied.","The characters in the video appear to be in a state of distress and discomfort, as indicated by their facial expressions and body language. They are shown in various states of distress, such as being held back by a rope, being escorted, and being in a confined space. The color palette is predominantly dark and muted, which adds to the somber and tense atmosphere of the scenes.",2860,221284,0.0129,2940,15,15000,0,64,1
tt0361748,What happens to the vehicles and characters at the end?,Characters are covertly transported in a truck.,"The video ends with a scene where a vehicle is being driven away, and the characters are not visible in the frame. The last image shows a person in a white uniform, possibly a Nazi officer, standing in a room with a map on the wall, suggesting a military or strategic context. The character's expression is serious, and they are looking at something off-screen. The video does not provide information on what happens to the vehicles and characters after this scene.",2860,221284,0.0129,2940,15,15000,0,64,1
tt0361748,How do soldiers contribute to the scene?,They appear to arrest and transport the characters.,The soldiers contribute to the scene by providing a sense of authority and control.,2860,221284,0.0129,2940,15,15000,0,64,1
tt0361748,What mood does the shoe-fitting scene create?,It creates a tense and suspicious mood.,The shoe-fitting scene creates a mood of tension and urgency. The man's focused expression and the woman's concerned look suggest that the situation is serious and potentially dangerous. The dim lighting and the confined space of the room add to the sense of claustrophobia and the importance of the task at hand.,2860,221284,0.0129,2940,15,15000,0,64,1
tt0361748,What's happening inside the truck?,Two men appear to be detained or transported.,"The image you've provided appears to be a montage of scenes from a film or television show. It features a variety of characters in different settings, suggesting a narrative that involves multiple storylines or a complex plot. The scenes include individuals in what looks like historical or period costumes, which could indicate a setting from the past, possibly during a war or in a historical context. The characters are engaged in various activities, such as conversation, confrontation, and what might be considered tense or dramatic moments. The presence of military uniforms and the style of the costumes suggest that the content could be related to a historical drama or war film. However, without more context, it's difficult to provide a detailed summary of the specific events or the overall story.",2860,221284,0.0129,2940,15,15000,0,64,1
tt0361748,How does the environment affect the characters' situation?,"The dimly lit, quiet streets enhance the secrecy and tension of their transportation.","The environment plays a significant role in the characters' situations, contributing to the tension and drama of the scenes. Here's a breakdown of how the environment affects the characters:1. **Outdoor Setting**: The characters are seen in a rural, possibly wartime setting, which suggests a lack of modern amenities and a more primitive, isolated lifestyle. This could imply a lack of resources or support, which might be a challenge for the characters.2. **Indoor Setting with Historical Context**: The scene with the map and the Nazi uniform suggests a historical context, likely during World War II. The presence of the map and the uniform indicates a strategic or military situation, which could mean the characters are involved in espionage, resistance, or other wartime activities.3. **Dark and Foreboding Interior**: The dark, shadowy interior with a map and a Nazi uniform suggests a clandestine or secretive operation. The darkness and shadows could symbolize the secrecy and danger associated with the characters' activities.4. **Public Setting with Historical Significance**: The scene with the Nazi uniform and the historical poster indicates a public setting with historical significance. This could mean the characters are in a place where their activities are being observed or judged by others, adding to the pressure and risk.5. **Int",2860,221284,0.0129,2940,15,15000,0,64,1
tt0361748,Does the shoe-fitting scene occur outdoors?,No.,"No, the shoe-fitting scene occurs indoors.",2860,221284,0.0129,2940,15,15000,0,64,1
tt0361748,Are characters successfully transported in the vehicle without interruption?,Yes.,"The image you've provided appears to be a montage of scenes from a film, and it doesn't show any clear indication of characters being transported in a vehicle. The scenes are quite varied, showing different characters in different settings, and none of them seem to be in a vehicle. If you're looking for a specific scene or context, please provide more details or clarify your question.",2860,221284,0.0129,2940,15,15000,0,64,1
tt0361748,Do the streets appear busy during the nighttime transportation?,No.,The streets appear to be relatively empty during the nighttime transportation.,2860,221284,0.0129,2940,15,15000,0,64,1
tt0361748,Does the shoe fit the character's foot as intended?,Yes.,"The image you've provided appears to be a montage of scenes from a film, and it's not possible to determine from these stills whether a shoe fits a character's foot as intended. The montage includes various scenes with different characters and settings, and none of them show a close-up of a shoe on a foot. If you have a specific scene or image in mind that shows a shoe, please provide more details or a clearer image, and I can attempt to answer your question.",2860,221284,0.0129,2940,15,15000,0,64,1
tt0361748,Is the arrest made before the nighttime transportation?,Yes.,"Yes, the arrest is made before the nighttime transportation.",2860,221284,0.0129,2940,15,15000,0,64,1
tt0361748,Does the truck stop before soldiers approach it?,Yes.,"Yes, the truck stops before soldiers approach it.",2860,221284,0.0129,2940,15,15000,0,64,1
tt0361748,Are characters seen inside the truck before it moves?,Yes.,"No, the characters are not seen inside the truck before it moves.",2860,221284,0.0129,2940,15,15000,0,64,1
tt0361748,Does the nighttime setting precede the arrest scene?,No.,"No, the nighttime setting does not precede the arrest scene.",2860,221284,0.0129,2940,15,15000,0,64,1
tt0361748,What is seen before the truck begins to move?,Characters are shown inside the truck.,"A man in a Nazi uniform is seen walking through a forest, looking determined and focused.",2860,221284,0.0129,2940,15,15000,0,64,1
tt0361748,What takes place before the arrest of characters?,A confrontation and identification process.,"The video appears to be a montage of scenes from a film, showcasing various characters and settings. It includes a mix of scenes that seem to be from different parts of the story, possibly depicting moments of tension, confrontation, and interaction among characters. The scenes are not in chronological order and are meant to give a sense of the film's atmosphere and the characters' situations. The montage does not provide a clear narrative but rather a collection of moments that hint at the drama and conflict central to the film's plot.",2860,221284,0.0129,2940,15,15000,0,64,1
tt0361748,What action precedes the covert transportation?,The arrest of characters.,"The image you've provided appears to be a montage of scenes from a film, showcasing various characters and settings. However, without specific context or the ability to analyze the sequence of events, I can't determine what action precedes the covert transportation. If you can provide more details or a specific scene from the film, I might be able to help you understand the sequence of events better.",2860,221284,0.0129,2940,15,15000,0,64,1
tt0361748,What leads up to the shoe fitting scene?,Recognition and suspicion towards characters.,"The shoe fitting scene is preceded by a series of events that involve a character in a Nazi uniform, a map, and a woman in a red dress. The character in the Nazi uniform is seen with a map, suggesting a strategic or planning context. The woman in the red dress is also present in the scene, indicating a social or possibly a romantic context. The character in the Nazi uniform is then shown in a different setting, possibly a bar or a restaurant, where he is seen with another character in a Nazi uniform, suggesting a social gathering or meeting. The scene then transitions to a close-up of a shoe being fitted, which could be a metaphor for the character's role or position, or it could be a literal scene where someone is trying on a shoe. The overall context suggests a narrative involving characters in Nazi uniforms, a woman in a red dress, and a setting that could be a bar or a restaurant.",2860,221284,0.0129,2940,15,15000,0,64,1
tt0361748,What event transpires before the nighttime setting?,The characters gather in the cinema lobby.,"The nighttime setting is preceded by a daytime scene where a man is seen walking through a forest, suggesting a transition from day to night.",2860,221284,0.0129,2940,15,15000,0,64,1
tt0361748,What is the overarching theme of the scenes depicted?,Espionage and clandestine operations during wartime.,"The overarching theme of the scenes depicted is a historical or wartime setting, likely related to the World War II era, given the uniforms and symbols present. The scenes suggest a narrative involving characters in military attire, with moments of tension, conversation, and what appears to be a pivotal moment of revelation or confrontation. The presence of the Nazi symbol and the uniforms indicate a storyline that involves the Nazi regime, possibly exploring themes of resistance, betrayal, or the moral complexities of war.",3038,241080,0.0126,3136,16,15000,0,64,1
tt0361748,What mood is primarily conveyed through these scenes?,"A mood of tension, anticipation, and gravity.","The mood primarily conveyed through these scenes is one of tension and seriousness. The color palette is often muted with dark tones, and the settings range from outdoor environments to dimly lit interiors, which contributes to a somber and intense atmosphere. The characters are engaged in serious conversations, and there are moments of confrontation and distress, as indicated by the physical and emotional expressions of the individuals. The presence of military uniforms and the historical context suggested by the setting and attire further emphasize the gravity of the situations depicted.",3038,241080,0.0126,3136,16,15000,0,64,1
tt0361748,Describe the primary setting for these operations.,"Shadowy, secretive environments and guarded locations.","The video opens with a dark, cosmic-themed background featuring the text ""A UNIVERSAL PICTURE"" in a stylized font, suggesting a cinematic theme. The scene transitions to a rural setting where a person is washing clothes by hand in a stream, indicating a simple, perhaps historical lifestyle. The narrative then shifts to a dimly lit room where a man is seen with a map, suggesting planning or strategy. The setting continues with a man in a military uniform standing in a dimly lit room with a map on the wall, indicating a strategic or military context. The video progresses to a scene with a man in a military uniform standing in a room with a map on the wall, suggesting a strategic or military context. The narrative then shifts to a man in a military uniform standing in a room with a map on the wall, suggesting a strategic or military context. The video continues with a man in a military uniform standing in a room with a map on the wall, suggesting a strategic or military context. The scene transitions to a man in a military uniform standing in a room with a map on the wall, suggesting a strategic or military context. The narrative then shifts to a man in a military uniform standing in a room with a map on the wall, suggesting a strategic or military",3038,241080,0.0126,3136,16,15000,0,64,1
tt0361748,What is the significance of the communications shown?,"They're vital for coordinating a critical, covert operation.","The communications shown in the video are significant as they depict a series of events and interactions that are likely central to the plot of a film. The images suggest a narrative involving characters in military uniforms, which could imply a historical or wartime setting. The presence of a Nazi insignia indicates that the film may deal with themes related to World War II or the Nazi regime. The communications could be pivotal moments in the storyline, such as receiving orders, discussing strategies, or exchanging information that drives the plot forward. The emotional expressions and body language of the characters suggest tension, urgency, and possibly conflict, which are common elements in dramatic or action-oriented films.",3038,241080,0.0126,3136,16,15000,0,64,1
tt0361748,How do the soldiers' actions contribute to the narrative?,Their vigilance and readiness heighten the sense of urgency.,"The soldiers' actions contribute to the narrative by highlighting their roles and the atmosphere of the setting. They are seen in various states of activity, such as walking, talking, and interacting with each other, which suggests a dynamic and possibly tense environment. The presence of the soldiers in different settings, like the bar and the room with the map, indicates their involvement in different aspects of the story. Their interactions with civilians, such as the woman in the bar, suggest a complex relationship between the military and the local population. The soldiers' attire and insignia emphasize their authority and the historical context of the narrative. Overall, the soldiers' actions and interactions are crucial in setting the tone and advancing the plot of the story.",3038,241080,0.0126,3136,16,15000,0,64,1
tt0361748,What does the dark silhouette imagery suggest?,It suggests secrecy and the hidden nature of the plots.,The dark silhouette imagery suggests a sense of mystery or danger.,3038,241080,0.0126,3136,16,15000,0,64,1
tt0361748,How does the equipment used impact the story?,It underscores the period and the clandestine nature of the operation.,"The equipment used in the video, such as the typewriter, telephone, and the Nazi uniform, plays a significant role in setting the historical context and advancing the plot. The typewriter and telephone suggest a time when communication was primarily through written letters and telephones, which is consistent with the mid-20th century setting of the story. The Nazi uniform indicates the presence of the Nazi regime, which is central to the narrative, as it implies themes of war, occupation, and resistance. The use of these props helps to immerse the audience in the story and provides visual cues about the time period and the characters' roles within it.",3038,241080,0.0126,3136,16,15000,0,64,1
tt0361748,What does the anticipation in the scenes imply?,"It hints at an impending, significant event crucial to the war's outcome.","The anticipation in the scenes implies a sense of suspense or impending action. The characters are poised and ready, suggesting that something significant is about to happen. This could be a pivotal moment in the plot, where decisions are made, confrontations occur, or critical information is revealed. The anticipation is heightened by the characters' expressions and body language, which convey a sense of urgency and importance.",3038,241080,0.0126,3136,16,15000,0,64,1
tt0361748,What actions are visible in these scenes?,"Soldiers on alert, secretive meetings, and urgent communications.","In the scenes provided, the following actions are visible:1. A person is seen holding a hammer, possibly working on something.2. A person is standing in a room with a map on the wall, looking at another individual who is seated.3. A person is standing in a room with a map on the wall, looking at another individual who is seated.4. A person is standing in a room with a map on the wall, looking at another individual who is seated.5. A person is standing in a room with a map on the wall, looking at another individual who is seated.6. A person is standing in a room with a map on the wall, looking at another individual who is seated.7. A person is standing in a room with a map on the wall, looking at another individual who is seated.8. A person is standing in a room with a map on the wall, looking at another individual who is seated.9. A person is standing in a room with a map on the wall, looking at another individual who is seated.10. A person is standing in a room with a map on the wall, looking at another individual who is seated.11. A person is standing in a room with a map",3038,241080,0.0126,3136,16,15000,0,64,1
tt0361748,Describe the interaction between characters.,"Careful and secretive, indicating high stakes and tension.","The video appears to be a montage from a film, showcasing various scenes with different characters. Here's a description of the interactions between characters based on the scenes provided:1. In the first scene, a character is seen in a dark room, seemingly in distress or deep thought, with another character approaching from behind. The interaction suggests a moment of revelation or confrontation.2. The second scene shows a character in a military uniform, possibly a Nazi officer, standing in a room with another character who is also in uniform. The interaction seems tense, with the officer appearing to be in a position of authority.3. The third scene features a character in a military uniform, again possibly a Nazi officer, standing in a room with another character who is also in uniform. The officer is pointing at something, indicating a discussion or accusation.4. The fourth scene shows a character in a military uniform, possibly a Nazi officer, standing in a room with another character who is also in uniform. The officer is gesturing, possibly giving orders or instructions.5. The fifth scene shows a character in a military uniform, possibly a Nazi officer, standing in a room with another character who is also in uniform. The officer is pointing at something, indicating a discussion or accusation.6. The",3038,241080,0.0126,3136,16,15000,0,64,1
tt0361748,What role does the environment play in these actions?,"It sets a tone of secrecy and tension, crucial for the plot.","The environment plays a significant role in setting the mood and context for the actions taking place in the video. The dark, moody lighting and the presence of military uniforms suggest a serious and possibly tense atmosphere. The environments range from outdoor settings with natural light to indoor scenes with artificial lighting, which can influence the characters' interactions and the overall narrative. The environments also provide clues about the time period and setting, which is likely to be during a historical conflict, given the military attire and the overall somber tone.",3038,241080,0.0126,3136,16,15000,0,64,1
tt0361748,Are there any indications of preparation for an event?,"Yes, the preparations hint at a significant, upcoming operation.","Yes, there are indications of preparation for an event. In one of the scenes, a person is seen adjusting their hair in a mirror, suggesting they are preparing for an event. Additionally, there is a scene where a person is seen in a room with a clock on the wall, which could imply that they are preparing for an event that is time-sensitive.",3038,241080,0.0126,3136,16,15000,0,64,1
tt0361748,What emotions do these actions evoke?,"Anticipation, suspense, and a sense of imminent danger.","The images you've provided appear to be from a film, and they depict various scenes with characters in different emotional states. Here's a breakdown of the emotions that might be evoked by these actions:1. The first image shows a logo with the text ""A UNIVERSAL PICTURE,"" which is a branding image and does not depict any characters or actions, so it does not evoke emotions.2. The second image shows a person in a room with a concerned or contemplative expression, possibly indicating worry or deep thought.3. The third image shows a person in a dark setting with a determined or focused expression, which could suggest determination or resolve.4. The fourth image shows a person in a room with a relaxed or content expression, possibly indicating satisfaction or ease.5. The fifth image shows a person in a room with a neutral or serious expression, which could suggest seriousness or contemplation.6. The sixth image shows a person in a room with a joyful or celebratory expression, indicated by the smile and the festive setting.7. The seventh image shows a person in a room with a concerned or worried expression, possibly indicating anxiety or concern.8. The eighth image shows a person in a room with a neutral or serious expression, which could suggest seriousness or",3038,241080,0.0126,3136,16,15000,0,64,1
tt0361748,How do these actions advance the storyline?,They build towards a climax involving a critical wartime operation.,"The images provided seem to be from a film, and each scene appears to advance the storyline in different ways:1. The first image shows the Universal Pictures logo, which is typically the opening shot of a movie, setting the tone and branding the production company.2. The second image shows a character in a rural setting, possibly indicating a character's backstory or a moment of reflection.3. The third image shows a character in a dark room, which could be a moment of introspection or a pivotal scene in the narrative.4. The fourth image shows a character in a military uniform, suggesting a wartime or historical context.5. The fifth image shows a character in a bar, which could be a social scene or a moment of relaxation or interaction.6. The sixth image shows a character in a bar, possibly engaging in a conversation or a social interaction.7. The seventh image shows a character in a bar, which could be a continuation of the social scene or a different interaction.8. The eighth image shows a character in a bar, which could be a continuation of the social scene or a different interaction.9. The ninth image shows a character in a bar, which could be a continuation of the social scene or a different interaction.10. The",3038,241080,0.0126,3136,16,15000,0,64,1
tt0361748,What is implicated by the soldiers' vigilance?,A threat or significant event that requires heightened security.,The soldiers' vigilance implies a tense and potentially dangerous situation.,3038,241080,0.0126,3136,16,15000,0,64,1
tt0361748,How does the communication equipment factor into the actions?,It's essential for coordinating and executing the covert plan.,"The communication equipment, such as the radio and telephone, plays a crucial role in the actions of the characters. It is used to convey important information, coordinate movements, and maintain communication within the group. The radio is used to receive and transmit messages, while the telephone is used for more direct communication. The characters use these devices to stay informed and to make strategic decisions, highlighting the importance of communication in their operations.",3038,241080,0.0126,3136,16,15000,0,64,1
tt0361748,Is there an explicit confrontation visible in these scenes?,No.,"No, there is no explicit confrontation visible in these scenes. The images depict various characters in different settings, some of whom are wearing uniforms that suggest a historical context, possibly related to a period of conflict. However, the scenes do not show any overt confrontations; instead, they suggest interactions, discussions, or moments of tension that could lead to conflict.",3038,241080,0.0126,3136,16,15000,0,64,1
tt0361748,Are the meetings shown taking place in public areas?,No.,"No, the meetings shown in the images are not taking place in public areas. They are private and intimate, with settings that suggest a more personal and possibly secretive nature.",3038,241080,0.0126,3136,16,15000,0,64,1
tt0361748,Do the soldiers engage with any visible enemy?,No.,"No, the soldiers do not engage with any visible enemy in the scenes provided.",3038,241080,0.0126,3136,16,15000,0,64,1
tt0361748,Is there a peaceful resolution depicted?,No.,"The images you've provided appear to be from a film or television show, and they depict various scenes with characters in different situations. However, without context, it's difficult to determine if there is a peaceful resolution depicted in the sequence of images you've shared. The scenes show characters in what looks like tense or dramatic situations, which could suggest conflict or tension rather than peace. If you can provide more context or a specific scene from the film or show, I might be able to offer a more detailed analysis.",3038,241080,0.0126,3136,16,15000,0,64,1
tt0361748,Are the secretive communications successful?,Yes.,"The images provided do not show any direct evidence of secretive communications being successful or not. They depict various scenes from what appears to be a film or television show, with characters in different settings and situations. To determine the success of any communications, we would need to see the context of the scenes and the actions of the characters within them.",3038,241080,0.0126,3136,16,15000,0,64,1
tt0361748,Did the secretive meeting happen before the soldiers stood guard?,Yes.,"The images provided do not show a clear sequence of events, but they do depict various scenes from what appears to be a film or television show. The first image shows a title card for ""A Universal Picture,"" which is likely the opening shot of the film. The subsequent images show different scenes with characters in military uniforms, suggesting a historical or wartime setting.The images do not provide enough context to determine if the secretive meeting happened before the soldiers stood guard. The scenes show characters in different situations, such as a man in a military uniform looking at a map, a woman in a room with a man in a military uniform, and a man in a military uniform standing in a room with another character. These scenes could be part of the same storyline or different storylines within the same film or show.Without additional context or a clear narrative thread, it's not possible to definitively say if the secretive meeting happened before the soldiers stood guard based on these images alone.",3038,241080,0.0126,3136,16,15000,0,64,1
tt0361748,Is the communication equipment used after the meetings?,Yes.,Yes,3038,241080,0.0126,3136,16,15000,0,64,1
tt0361748,Do soldiers prepare for combat before the plot is revealed?,No.,"The images you've provided appear to be from a film, and they show various scenes with soldiers in different settings. While it's not possible to determine the exact plot from these stills alone, the presence of soldiers in combat attire and the context of the scenes suggest that they are indeed preparing for or engaged in combat situations. The images show soldiers in various states of activity, from standing at attention to interacting with each other, which could be part of their preparation or response to a situation. However, without additional context or the ability to watch the film, it's not possible to confirm the exact nature of the plot or the specific actions of the soldiers.",3038,241080,0.0126,3136,16,15000,0,64,1
tt0361748,Is the guarding of hallways shown before transmitting messages?,Yes.,"No, the guarding of hallways is not shown before transmitting messages. The images provided do not depict any scene where guarding of hallways is shown before transmitting messages.",3038,241080,0.0126,3136,16,15000,0,64,1
tt0361748,Does the scene with the silhouettes appear before the tension-filled guard duty?,No.,"No, the scene with the silhouettes appears after the tension-filled guard duty.",3038,241080,0.0126,3136,16,15000,0,64,1
tt0361748,Is the latched door shown before the use of communication equipment?,Yes.,"Yes, the latched door is shown before the use of communication equipment.",3038,241080,0.0126,3136,16,15000,0,64,1
tt0361748,Are the combat scenes in the film within the film shown before the secret communications?,No.,"No, the combat scenes in the film within the film are not shown before the secret communications.",3038,241080,0.0126,3136,16,15000,0,64,1
tt0361748,What happens just before the urgent communication is shown?,The securing of a latched door.,"A man is seen in a room with a map, pointing at it, and then he is shown in a different setting, suggesting a shift in the narrative or a change in the scene.",3038,241080,0.0126,3136,16,15000,0,64,1
tt0361748,What is shown just before the soldiers take their guard positions?,A suspenseful atmosphere builds.,"A man in a Nazi uniform is shown standing in a room with a map on the wall, indicating a strategic or planning context.",3038,241080,0.0126,3136,16,15000,0,64,1
tt0361748,What precedes the secretive meeting?,Tension and anticipation in the atmosphere.,"The image of a person in a dark room with a map on the wall, suggesting a secretive or strategic meeting.",3038,241080,0.0126,3136,16,15000,0,64,1
tt0361748,What occurs just before the communication equipment is operated?,"A secure door is shown, indicating privacy.","A man in a Nazi uniform is seen in a room with a woman in a red dress, and they are engaged in a conversation.",3038,241080,0.0126,3136,16,15000,0,64,1
tt0361748,What action occurs before the anticipation of the major event?,Secretive planning and meetings.,"The anticipation of the major event is preceded by a character being led away in handcuffs, suggesting a capture or arrest.",3038,241080,0.0126,3136,16,15000,0,64,1
tt0361748,What is seen just before the soldiers are alert and ready?,A suspicious figure lurking.,"A man in a Nazi uniform is seen standing in a room with a map on the wall, suggesting a strategic or planning context.",3038,241080,0.0126,3136,16,15000,0,64,1
tt0361748,What happens right before the detailed plotting in shadows?,The scene sets a tone of secrecy and urgency.,"The scene transitions to a man in a Nazi uniform standing in a room with a map on the wall, suggesting a strategic or planning moment.",3038,241080,0.0126,3136,16,15000,0,64,1
tt0361748,What is the main setting of the unfolding storyline?,A cinema's projection room.,"The main setting of the unfolding storyline appears to be a historical or wartime context, possibly during World War II, as indicated by the presence of individuals in military uniforms with Nazi insignia. The scenes take place in various locations such as a room with a map, a bar, a room with a poster, a room with a staircase, a room with a poster on the wall, a room with a poster on the wall, a room with a poster on the wall, a room with a poster on the wall, a room with a poster on the wall, a room with a poster on the wall, a room with a poster on the wall, a room with a poster on the wall, a room with a poster on the wall, a room with a poster on the wall, a room with a poster on the wall, a room with a poster on the wall, a room with a poster on the wall, a room with a poster on the wall, a room with a poster on the wall, a room with a poster on the wall, a room with a poster on the wall, a room with a poster on the wall, a room with a poster on the wall, a room with a poster on the wall, a room with a poster on the wall,",3282,257348,0.0128,3528,18,15000,0,64,1
tt0361748,What triggers the series of confrontations?,A man in uniform's discomfort with a film.,"The series of confrontations is triggered by the character in the Nazi uniform who is seen in various settings, including a room with a map, a bar, and a room with a poster, suggesting a narrative of conflict and resistance.",3282,257348,0.0128,3528,18,15000,0,64,1
tt0361748,How do the characters communicate or signal secretive actions?,By painting symbols and cautious observation.,"The characters communicate or signal secretive actions through various methods. In one scene, a character is seen pointing with their finger, which could be a non-verbal cue for attention or secrecy. In another scene, a character is seen holding a glass with a symbol on it, which might be a secret signal or a coded message. Additionally, there is a scene where a character is seen with a hand gesture that could be interpreted as a sign of secrecy or a code. These actions suggest that the characters are engaged in covert communication or signaling, which is a common theme in espionage or secret operations.",3282,257348,0.0128,3528,18,15000,0,64,1
tt0361748,What leads to the fatal outcome in the storyline?,A confrontational encounter involving a gun.,"The video does not provide specific information about the fatal outcome of the storyline. It shows a series of scenes from a movie or television show, including characters in different settings and situations. To understand the fatal outcome, one would need to watch the entire story or have knowledge of the plot.",3282,257348,0.0128,3528,18,15000,0,64,1
tt0361748,What role does the woman in a red dress play in the climax?,She fatally wounds a man in uniform.,"The woman in a red dress plays a pivotal role in the climax of the movie. She is seen in a tense scene where she is being escorted by a man in a Nazi uniform, suggesting a narrative of resistance or danger. Her presence adds a layer of complexity to the story, indicating a potential alliance or conflict with the characters in Nazi uniforms. The red dress stands out against the darker tones of the setting, drawing attention to her character and her role in the unfolding events.",3282,257348,0.0128,3528,18,15000,0,64,1
tt0361748,How does the tension in the storyline build?,Through secretive actions and confrontational encounters.,"The tension in the storyline builds through a series of escalating events and confrontations. It starts with a sense of unease and foreboding, as indicated by the dark, ominous opening scene with the Earth and the title ""A Universal Picture."" The narrative then delves into the characters' interactions, which become increasingly tense and dramatic. The use of dark and moody lighting, along with the characters' expressions and body language, contributes to the growing tension. The scenes transition from moments of quiet intensity to more overt confrontations, culminating in a climax that suggests a critical turning point in the story. The color palette shifts from muted, somber tones to more vibrant and intense hues, reflecting the escalating stakes and the emotional weight of the characters' experiences.",3282,257348,0.0128,3528,18,15000,0,64,1
tt0361748,What atmosphere is created by the setting and actions?,A suspenseful and tension-filled atmosphere.,"The setting and actions in the video create an atmosphere of tension and drama. The dark, moody lighting and the presence of characters in military uniforms suggest a serious and possibly ominous context. The scenes are filled with intense interactions, such as a character pointing a gun, which heighten the sense of danger and conflict. The use of shadows and the dimly lit environments contribute to a feeling of suspense and unease. The characters' expressions and body language indicate that they are engaged in a high-stakes situation, which adds to the overall dramatic and intense atmosphere of the video.",3282,257348,0.0128,3528,18,15000,0,64,1
tt0361748,What initiates the sequence of events leading to the climactic scene?,"A man leaves his cinema seat, heading towards the projection room.","The sequence of events is initiated by the man in the Nazi uniform who is seen in a room with a map, suggesting planning or strategy.",3282,257348,0.0128,3528,18,15000,0,64,1
tt0361748,How is the secretive communication suggested visually?,Through symbols painted and cautious peering through windows.,"The secretive communication is suggested visually through a scene where a character is seen whispering into the ear of another character in a dimly lit room, indicating a private and confidential exchange.",3282,257348,0.0128,3528,18,15000,0,64,1
tt0361748,What action marks the beginning of the fatal confrontation?,The woman in a red dress draws a gun.,"The man in the Nazi uniform points a gun at the man in the military uniform, marking the beginning of the fatal confrontation.",3282,257348,0.0128,3528,18,15000,0,64,1
tt0361748,How do the characters prepare for their secretive tasks?,By cautiously monitoring their surroundings.,"The characters prepare for their secretive tasks by engaging in various activities that suggest planning and coordination. They are seen in different settings, such as a room with a map, a bar, and a room with a poster, which could indicate a strategic or tactical discussion. They are also shown with items like a map, a glass of beer, and a telephone, which might be tools for their mission. The presence of a poster with a map and the use of a telephone suggest they are gathering information and communicating with others.",3282,257348,0.0128,3528,18,15000,0,64,1
tt0361748,What indicates a struggle has occurred?,A body lying on the floor and a gun being drawn.,"The image shows a person lying on the ground with blood on their hands and a bloody object nearby, indicating a struggle or violent event has occurred.",3282,257348,0.0128,3528,18,15000,0,64,1
tt0361748,How is the aftermath of the confrontation depicted?,With one character collapsed and another checking for witnesses.,"The aftermath of the confrontation is depicted with a man in a Nazi uniform being dragged away by another individual, suggesting the aftermath of a violent confrontation.",3282,257348,0.0128,3528,18,15000,0,64,1
tt0361748,What visual cues suggest a change in mood or tone?,Dim lighting and characters' cautious movements.,"The visual cues that suggest a change in mood or tone include the shift from a serene, starry night to a somber, indoor setting with a man in a Nazi uniform. The mood changes further with the appearance of a woman in a red dress, adding a contrasting element of color and possibly a narrative shift. The scene transitions to a more intense and dramatic atmosphere with a man in a Nazi uniform pointing and a woman in a red dress looking on, followed by a close-up of a man's face with a stern expression. The mood becomes more somber and reflective with a man in a Nazi uniform looking at a framed picture, and the scene shifts to a more intimate and possibly tense moment with a man in a Nazi uniform and a woman in a red dress. The final scene shows a man in a Nazi uniform looking at a framed picture, with a woman in a red dress in the background, suggesting a moment of reflection or revelation.",3282,257348,0.0128,3528,18,15000,0,64,1
tt0361748,How is the climax of the story visually captured?,Through a tense encounter leading to shots fired.,"The climax of the story is visually captured through a series of intense and dramatic scenes. The narrative reaches a critical point where the protagonist is shown in a moment of high tension, with a focus on their emotional state and the gravity of the situation. The color palette is dark and moody, emphasizing the seriousness and danger of the events unfolding. The climax is also highlighted by a close-up of the protagonist's face, conveying a sense of urgency and determination. The final scene shows the protagonist in a moment of reflection or realization, suggesting a turning point in the story.",3282,257348,0.0128,3528,18,15000,0,64,1
tt0361748,Did anyone leave the projection room during the confrontations?,No.,"Yes, in one of the scenes, a person is seen leaving the projection room during a confrontation.",3282,257348,0.0128,3528,18,15000,0,64,1
tt0361748,Was the woman seen using the projector?,No.,"Yes, the woman is seen using the projector in the video.",3282,257348,0.0128,3528,18,15000,0,64,1
tt0361748,Did the man in uniform confront multiple people?,"No, the confrontation is mainly with the woman.","Yes, the man in uniform confronts multiple people in the video.",3282,257348,0.0128,3528,18,15000,0,64,1
tt0361748,Is the ringing bell part of the confrontation scene?,No.,"No, the ringing bell is not part of the confrontation scene.",3282,257348,0.0128,3528,18,15000,0,64,1
tt0361748,Does the woman in a red dress express pity before the fatal outcome?,"It's implied by her actions, but not directly shown.","Yes, the woman in a red dress expresses pity before the fatal outcome.",3282,257348,0.0128,3528,18,15000,0,64,1
tt0361748,Is the aftermath of the shooting shown immediately?,"Yes, through the reactions and observations of the characters.","No, the aftermath of the shooting is not shown immediately. The video shows a series of scenes that include a man in a Nazi uniform being shot, but the immediate aftermath is not depicted.",3282,257348,0.0128,3528,18,15000,0,64,1
tt0361748,Does the confrontation happen before the woman checks the auditorium?,Yes.,"Yes, the confrontation happens before the woman checks the auditorium.",3282,257348,0.0128,3528,18,15000,0,64,1
tt0361748,Is the symbol painted before the tension in the projection room escalates?,Yes.,"No, the symbol is not painted before the tension escalates in the projection room.",3282,257348,0.0128,3528,18,15000,0,64,1
tt0361748,Does the man enter the projection room after observing through the window?,Yes.,"Yes, the man enters the projection room after observing through the window.",3282,257348,0.0128,3528,18,15000,0,64,1
tt0361748,Does the struggle precede the fatal shootings?,Yes.,"The images provided do not show a clear sequence of events, but they do depict various scenes from what appears to be a dramatic or intense storyline. The struggle you mentioned could be a part of the narrative, but without a specific context or the ability to analyze the images in detail, it's not possible to definitively say if the struggle precedes the fatal shootings. The images show characters in different settings, some in what looks like tense or confrontational situations, but the exact sequence of events is not clear from these stills alone.",3282,257348,0.0128,3528,18,15000,0,64,1
tt0361748,Does the checking for witnesses happen after the shooting?,Yes.,"Yes, the scene where a character is checking for witnesses happens after the shooting. It is a part of the aftermath where the character is seen cautiously looking around a room, possibly to ensure no witnesses are present.",3282,257348,0.0128,3528,18,15000,0,64,1
tt0361748,What happens before the man in uniform moves towards the projection room?,He grows uncomfortable while watching a film.,"Before the man in uniform moves towards the projection room, he is seen in a room with a woman in a red dress, and they are engaged in a conversation.",3282,257348,0.0128,3528,18,15000,0,64,1
tt0361748,What occurs just before the symbol is painted outdoors?,A transition from the projection room to an outdoor setting.,"A man is seen in a room with a map, pointing at it, and another man is standing nearby.",3282,257348,0.0128,3528,18,15000,0,64,1
tt0361748,What do we see happening before the confrontation in the projection room?,Cautious observation through a projection room window.,"Before the confrontation in the projection room, we see a man in a Nazi uniform standing in a dimly lit room with a map on the wall, suggesting a strategic or planning context. He is engaged in a conversation with another individual who is not fully visible. The atmosphere is tense, and the setting implies a military or intelligence operation. The man in the Nazi uniform appears to be in a position of authority, as indicated by his posture and the presence of the map, which is often associated with planning or analysis in military contexts. The scene is likely part of a larger narrative involving espionage or resistance during a historical period, possibly World War II, given the Nazi uniform.",3282,257348,0.0128,3528,18,15000,0,64,1
tt0361748,What leads to the woman in a red dress drawing a gun?,A forced entry into the projection room.,The woman in a red dress draws a gun in response to a threatening situation.,3282,257348,0.0128,3528,18,15000,0,64,1
tt0361748,What action precedes the collapse of the man in uniform?,The woman shooting him.,The action that precedes the collapse of the man in uniform is him being struck by a bullet.,3282,257348,0.0128,3528,18,15000,0,64,1
tt0361748,"Before drawing the gun, what does the woman do?",She hints at locking the door.,"The woman is seen in a room with a man who appears to be in a uniform, and they are engaged in a conversation. She is holding a glass of wine and seems to be listening attentively to the man. The setting suggests a formal or semi-formal environment, possibly a restaurant or a similar venue. The woman's expression is one of concern or contemplation, indicating that the conversation might be serious or tense.",3282,257348,0.0128,3528,18,15000,0,64,1
tt0361748,What occurs just before the symbols are noticed?,An ambiguous visual transition from a film screening to a snowy cliff.,"A man is seen in a room with a map, and another man in a Nazi uniform is present.",3282,257348,0.0128,3528,18,15000,0,64,1
tt0361748,What do we see happening right before the body is checked on the floor?,A reaction to gunshot noises from within the room.,"A man in a Nazi uniform is seen in a room with a woman in a red dress, and they are engaged in a conversation.",3282,257348,0.0128,3528,18,15000,0,64,1
tt0434409,How does the video transition between themes and settings?,"It moves from official settings to intense dialogues and solitary reflections, underlining the narrative's depth.","The video transitions between themes and settings through a series of images that seem to be stills from a film or television show. The scenes alternate between different environments and characters, suggesting a narrative that spans various locations and situations. The transitions are abrupt, moving from one scene to another without clear visual cues indicating the passage of time or location changes. The settings range from dimly lit, atmospheric interiors to brighter, more public spaces, and the characters are engaged in different activities, indicating a dynamic and possibly complex storyline.",4150,226576,0.0183,4312,22,15000,0,64,1
tt0434409,What narrative elements are emphasized through the video's shifting scenes?,"Intrigue, moral conflict, and the looming specter of past actions.","The video emphasizes themes of secrecy, confrontation, and the struggle for power and truth. The masked figure, often associated with anonymity and resistance, is shown in various contexts that suggest a narrative of covert operations and high-stakes confrontations. The scenes transition from intimate, personal spaces to public, confrontational settings, highlighting the masked character's role in both private and public spheres of influence. The presence of the figure in different environments, such as a dimly lit room, a television screen, and a crowded room, underscores the character's omnipresence and the pervasive nature of the narrative. The color palette is predominantly dark and muted, with flashes of bright light and color, which could symbolize the contrast between the hidden and the revealed, the secret and the public. The scenes also suggest a progression of events, with the masked figure appearing in different situations, indicating a dynamic and evolving storyline.",4150,226576,0.0183,4312,22,15000,0,64,1
tt0434409,How is tension portrayed in the video through character interactions?,"Through intense, dialogue-driven scenes suggesting underlying conflicts.","The video portrays tension through various character interactions and settings. Characters are shown in tense and serious expressions, suggesting a high-stakes situation. There are scenes of confrontation, with characters facing off against each other, and others are shown in moments of distress or urgency. The use of dark and moody lighting, along with the presence of fire and smoke, adds to the overall sense of tension and drama. The characters are dressed in formal attire, which contrasts with the chaotic and violent scenes, further emphasizing the tension between the orderly and the disorderly.",4150,226576,0.0183,4312,22,15000,0,64,1
tt0434409,What role does atmosphere play in conveying the video's theme?,"Dark, somber tones reflect the weight of secrets and regrets.","The atmosphere in the video plays a crucial role in conveying its theme by setting the mood and tone for each scene. The use of dim lighting, shadows, and dark colors creates a sense of mystery and tension, which is fitting for a narrative that involves secret identities and covert operations. The fire in the background adds a dramatic element, suggesting urgency and danger. The presence of the Guy Fawkes mask, which is often associated with the Anonymous group, further emphasizes the theme of anonymity and resistance against oppressive forces. The contrast between the dark, secretive scenes and the brighter, more public scenes highlights the duality of the characters' lives and the dual nature of their actions. Overall, the atmosphere is instrumental in reinforcing the themes of secrecy, resistance, and the blurred lines between public and private life.",4150,226576,0.0183,4312,22,15000,0,64,1
tt0434409,How do solitary scenes contribute to the storyline?,They underscore personal reflection and the burden of knowledge.,"Solitary scenes in a film or television series often serve several narrative purposes. They can:1. **Introduce Characters**: By showing a character alone, the audience can begin to understand their personality, mood, and backstory. This is particularly effective in establishing a character's emotional state or inner conflict.2. **Develop Themes**: Solitary scenes can be used to explore themes such as isolation, loneliness, or introspection. They can also highlight the contrast between the character's inner world and the external environment.3. **Create Suspense or Tension**: A solitary character in a threatening or ominous setting can create suspense, as the audience is left to wonder about the character's safety and the potential dangers they might face.4. **Provide Insight into the Character's Motivations**: Scenes where a character is alone can reveal their motivations, fears, and desires. This can be crucial for the audience's understanding of the character's actions throughout the story.5. **Build Anticipation**: Solitary scenes can be used to build anticipation for future events. For example, a character might be seen alone, seemingly contemplating something significant, which can lead to a pivotal plot point.6. **Enhance Emotional Impact**: The emotional impact of a scene can be heightened when a character",4150,226576,0.0183,4312,22,15000,0,64,1
tt0434409,How is the notebook depicted and its significance suggested?,As a pivotal artifact linking past horrors to present dilemmas.,"The notebook is depicted as a small, closed book with a dark cover, held in someone's hand. Its significance is suggested by the fact that it is being shown to another person, indicating that its contents are of importance. The notebook is also shown in a close-up, which emphasizes its importance in the scene.",4150,226576,0.0183,4312,22,15000,0,64,1
tt0434409,What emotions are evoked through close-up shots of characters?,"Stoicism, apprehension, and a hint of resolve.","The close-up shots of characters in the images evoke a range of emotions, including intensity, concern, and determination. The expressions on their faces suggest that they are engaged in serious and potentially high-stakes situations. The close-ups allow for a detailed view of their reactions, which can be interpreted as signs of stress, focus, or contemplation. The lighting and shadows add to the dramatic effect, highlighting the emotional states of the characters.",4150,226576,0.0183,4312,22,15000,0,64,1
tt0434409,How does the climax intertwine with the narrative's unfolding?,"It reveals the outcome of the experiments, hinting at retribution.","The climax of the movie ""V for Vendetta"" intertwines with the narrative's unfolding through a series of intense and pivotal scenes that escalate the conflict and reveal the true identity of the masked vigilante, V. The climax begins with V's confrontation with the corrupt government officials, leading to a dramatic and violent showdown. This confrontation is set against the backdrop of a city in chaos, with explosions and fire engulfing the streets, symbolizing the destruction of the oppressive regime.The narrative's unfolding is marked by V's use of Guy Fawkes mask, which becomes a symbol of resistance and anonymity. As the story progresses, the mask's significance grows, and it is eventually revealed that V is actually a former activist who was killed by the government and brought back to life through advanced technology. This twist is crucial to the climax, as it reveals the depth of V's motivations and the extent of the government's corruption.The climax also involves a series of revelations about the true nature of the government and its leaders, including the use of torture and brainwashing to control the population. These revelations are presented through a series of flashbacks and confrontations, which add to the sense of urgency and danger.The climax culminates in a final confrontation between V and the government's",4150,226576,0.0183,4312,22,15000,0,64,1
tt0434409,What actions denote a transition in the narrative's focus?,"Presenting the notebook, intense dialogues, and reflective solitude.","The actions that denote a transition in the narrative's focus include the character in the black suit and hat being replaced by the masked figure, the scene shifting from the masked figure to the character in the striped shirt, and the final transition to the character in the blue shirt.",4150,226576,0.0183,4312,22,15000,0,64,1
tt0434409,How is the dialogue-driven sequence enhanced by visual elements?,Through close-up shots emphasizing characters’ expressions and tension.,"The dialogue-driven sequence is enhanced by visual elements such as the character's intense expressions, the dark and moody lighting, and the presence of a large poster in the background. These elements contribute to the dramatic and suspenseful atmosphere of the scene.",4150,226576,0.0183,4312,22,15000,0,64,1
tt0434409,What visual cues suggest the unfolding of secrets?,"The focus on the red notebook and reflective, somber scenes.","The visual cues suggesting the unfolding of secrets include the character in the black suit and hat holding a lit match, the person in the black coat with a mask standing in a dimly lit room, and the scene with the person in the striped shirt looking at a computer screen. These images imply a sense of revelation or discovery.",4150,226576,0.0183,4312,22,15000,0,64,1
tt0434409,How does the environment underscore the climax?,Rain and darkness enhance the ominous revelation of the vengeful individual.,"The environment underscores the climax through the use of fire, which is a powerful and dramatic element often associated with intensity, danger, and transformation. The flames engulfing the scene create a sense of urgency and chaos, which is fitting for a climax that typically involves a pivotal and often climactic moment of revelation or confrontation. The fire's bright, consuming light contrasts with the otherwise dimly lit surroundings, drawing the viewer's attention to the central action and heightening the emotional impact of the scene.",4150,226576,0.0183,4312,22,15000,0,64,1
tt0434409,In what way does character positioning convey mood?,Seated versus standing postures denote power dynamics or contemplation.,"The character positioning in the images conveys mood through the use of space, framing, and proximity to other characters or objects. For example:1. In the first image, the character is standing in a dimly lit room with a dark, moody atmosphere, which suggests a sense of mystery or tension.2. The second image shows a character in a dimly lit room with a poster on the wall, which could imply a sense of confinement or secrecy.3. The third image features a character in a brightly lit room with a poster on the wall, which might suggest a more open or public setting.4. The fourth image shows a character in a dimly lit room with a poster on the wall, which could imply a sense of isolation or contemplation.5. The fifth image features a character in a brightly lit room with a poster on the wall, which might suggest a more open or public setting.6. The sixth image shows a character in a dimly lit room with a poster on the wall, which could imply a sense of isolation or contemplation.7. The seventh image features a character in a brightly lit room with a poster on the wall, which might suggest a more open or public setting.8. The eighth image shows a character in",4150,226576,0.0183,4312,22,15000,0,64,1
tt0434409,How do settings contribute to the narrative's ambiance?,Official spaces versus dark rooms and rainy windows suggest conflict and reflection.,"The settings in the images contribute significantly to the narrative's ambiance by providing context and mood that enhance the storytelling. Here's a breakdown of how each setting contributes:1. **Dark, Medieval-Looking Room with a Figure in a Hat and Cane**: This setting, with its dark, moody lighting and medieval elements, creates an atmosphere of mystery and intrigue, suggesting a historical or fantasy narrative.2. **Room with a Mirror and a Figure in a Mask**: The presence of a mirror and a figure in a mask in a dimly lit room adds a sense of mystery and possibly a supernatural or horror element to the narrative.3. **Cityscape at Night with a Figure in a Mask**: The nighttime cityscape with a figure in a mask suggests a vigilante or superhero theme, often associated with urban settings and nocturnal activities.4. **Office with a Television Screen Showing a Figure in a Mask**: The office setting with a television screen displaying a figure in a mask indicates a modern, possibly corporate environment where the masked figure is a subject of news or interest.5. **Dark, Indoor Setting with a Figure in a Mask**: The dark, indoor setting with a figure in a mask creates a tense and suspenseful atmosphere, possibly indicating a confrontation or a",4150,226576,0.0183,4312,22,15000,0,64,1
tt0434409,What role does the notebook play in character interactions?,It serves as a catalyst for intense discussions and moral questioning.,"The notebook plays a significant role in character interactions as it appears to be a source of information or a tool for planning. In the image, a character is seen holding the notebook, which suggests that it might contain important details or instructions. The notebook's presence in various scenes indicates its importance to the plot, possibly serving as a means of communication or a guide for the characters' actions.",4150,226576,0.0183,4312,22,15000,0,64,1
tt0434409,How are the themes of recollection and anticipation visualized?,Through the gazing out of a rain-drenched window and the focus on the notebook.,"The themes of recollection and anticipation are visualized through a series of images that depict a person standing in front of a mirror, reflecting on their past. The images show the person in different poses and settings, suggesting a journey of self-reflection. The use of lighting and shadows adds to the emotional intensity of the scenes, highlighting the person's contemplative state. The anticipation is conveyed through the person's changing expressions and postures, indicating a sense of expectation or hope for the future. The images also show the person in various environments, such as a room with a poster on the wall and another with a television screen, which may symbolize different aspects of their life or the world around them.",4150,226576,0.0183,4312,22,15000,0,64,1
tt0434409,Does the video feature a confrontation about the notebook's contents?,Yes.,"Yes, the video features a confrontation about the notebook's contents, as indicated by the scene where a person is holding a notebook and another person is looking at it with a concerned expression.",4150,226576,0.0183,4312,22,15000,0,64,1
tt0434409,Is there a moment of triumph or resolution clearly depicted?,No.,"No, there is no clear moment of triumph or resolution depicted in the images provided.",4150,226576,0.0183,4312,22,15000,0,64,1
tt0434409,Does the climactic scene involve direct action or violence?,No.,The climactic scene involves direct action and violence.,4150,226576,0.0183,4312,22,15000,0,64,1
tt0434409,Can we see characters physically handling the notebook?,No.,"In the images provided, there are several scenes from what appears to be a movie or television show. However, none of the images clearly show characters physically handling a notebook. The scenes depict various characters in different settings, some in dimly lit environments, others in more brightly lit indoor spaces. The characters are engaged in different activities, but there is no clear evidence of a notebook being handled in any of these images.",4150,226576,0.0183,4312,22,15000,0,64,1
tt0434409,Is the vengeful emergence of the individual from room five visualized?,No.,"Yes, the emergence of the individual from room five is visualized as they step out into a hallway, revealing a figure in a black suit and mask.",4150,226576,0.0183,4312,22,15000,0,64,1
tt0434409,Does the intense discussion occur before the solitary reflection scenes?,Yes.,"Yes, the intense discussion occurs before the solitary reflection scenes.",4150,226576,0.0183,4312,22,15000,0,64,1
tt0434409,Is the notebook shown before the dialogue between characters?,Yes.,No.,4150,226576,0.0183,4312,22,15000,0,64,1
tt0434409,Does the appearance of the red notebook precede the intense dialogues?,Yes.,"Yes, the appearance of the red notebook precedes the intense dialogues.",4150,226576,0.0183,4312,22,15000,0,64,1
tt0434409,What occurs right before the scene of solitary contemplation?,The close-up shots during the serious exchange.,"A scene of a person in a dark room with a lit candle and a poster with the words ""UNITY THROUGH FAITH"" is shown.",4150,226576,0.0183,4312,22,15000,0,64,1
tt0434409,"Before the revelation of the notebook's importance, what is depicted?",Official dialogues and contemplation.,"The image shows a person in a dimly lit room, looking at a television screen that displays a news broadcast. The person appears to be in a state of concern or contemplation. The setting suggests a private space, possibly a living room or a similar domestic environment. The focus is on the person's reaction to the news, indicating a moment of personal significance or realization.",4150,226576,0.0183,4312,22,15000,0,64,1
tt0434409,What precedes the serious exchange between characters?,The transition from an official setting to a darker tone.,"A scene with a person in a black suit and hat, standing in a dimly lit room with a large poster on the wall that reads ""UNITY THROUGH FAITH.""",4150,226576,0.0183,4312,22,15000,0,64,1
tt0434409,"Before the presentation of the notebook, what is displayed?",An official demeanor seated at a desk.,A television screen displaying a news report.,4150,226576,0.0183,4312,22,15000,0,64,1
tt0434409,How do viewers across various settings respond to the comedic television skit?,"With amusement, engagement, and some frustration.","The comedic television skit elicits a range of reactions from viewers across various settings. In the first image, a group of people are seen laughing and enjoying the skit, indicating a positive response. The second image shows a man in a suit, seemingly unaffected by the skit, suggesting a more reserved or indifferent reaction. The third image captures a man in a dark room, his face obscured, which could imply a lack of engagement or a more serious demeanor. The fourth image shows a man in a suit with a neutral expression, indicating a lack of strong emotion. The fifth image depicts a man in a suit with a slight smile, suggesting a mild amusement. The sixth image shows a man in a suit with a neutral expression, indicating a lack of strong emotion. The seventh image captures a man in a suit with a slight smile, suggesting a mild amusement. The eighth image shows a man in a suit with a neutral expression, indicating a lack of strong emotion. The ninth image depicts a man in a suit with a slight smile, suggesting a mild amusement. The tenth image shows a man in a suit with a neutral expression, indicating a lack of strong emotion. The eleventh image captures a man in a suit with a slight smile, suggesting a mild amusement. The tw",4650,252644,0.0184,4900,25,15000,0,64,1
tt0434409,Where do most of the audience scenes take place during the comedic skit?,"In homes, bars, and public gatherings.",The comedic skit takes place in a room with a television screen displaying the characters.,4650,252644,0.0184,4900,25,15000,0,64,1
tt0434409,How does the skit's plot progress within the televised show?,"It starts with a prank, evolves into a chase, and ends with a comedic shootout.","The skit's plot progresses through a series of scenes that suggest a narrative involving a masked character, likely a central figure in the storyline. The masked character is seen in various settings, including a dimly lit room with a poster that reads ""UNITY THROUGH FAITH,"" a television screen displaying a news report, and a scene with a group of individuals in a room with a sign that says ""POLICE LINE DO NOT CROSS."" The masked character is also shown in a confrontation with another individual in a room with a poster that reads ""THE STRUGGLE OF THE PEOPLE IS THE STRUGGLE OF THE WORLD."" The skit's progression seems to involve the masked character as a key figure in a larger narrative, possibly related to themes of unity, faith, and struggle. The presence of the masked character in different contexts suggests a storyline that spans multiple locations and situations, with the masked character playing a significant role in each.",4650,252644,0.0184,4900,25,15000,0,64,1
tt0434409,What triggers laughter among the audiences watching the skit?,"The unexpected antics, mishaps, and the comedic unmasking scene.",The skit being watched by the audience triggers laughter among them.,4650,252644,0.0184,4900,25,15000,0,64,1
tt0434409,Are the viewers in a public or private setting more amused by the skit?,"Both settings showed amusement, with no clear preference.",private,4650,252644,0.0184,4900,25,15000,0,64,1
tt0434409,How does the interaction between characters contribute to the skit's humor?,"Through physical comedy, pranks, and unexpected reactions.","The interaction between characters in the skit contributes to its humor through a series of exaggerated and absurd scenarios. The characters' expressions and actions are over-the-top, which is a hallmark of slapstick comedy. The man in the black suit with the mustache and the woman in the striped dress are engaged in a series of physical and verbal exchanges that escalate in absurdity. The man's reactions to the woman's actions, such as his surprised and then angry expressions, add to the comedic effect. The woman's actions, like her exaggerated gestures and facial expressions, are meant to be humorous and are meant to elicit laughter from the audience. The skit's humor is also derived from the contrast between the characters' expectations and the reality of their interactions, which often devolve into chaos and unexpected outcomes.",4650,252644,0.0184,4900,25,15000,0,64,1
tt0434409,Are the soldiers integral to the skit's comedic element?,"Yes, their exaggerated actions add to the humor.",The soldiers are not integral to the comedic element of the skit.,4650,252644,0.0184,4900,25,15000,0,64,1
tt0434409,What role does the setting play in the audience's engagement?,"It adds variety, showing widespread appeal of the skit across different environments.","The setting plays a crucial role in the audience's engagement by providing context and atmosphere that enhance the narrative. Each scene is meticulously crafted to reflect the mood and purpose of the characters within it. The dimly lit, medieval-style room with torches and a large mirror creates a sense of mystery and intrigue, while the modern office setting with a television displaying a news report adds a contemporary edge. The dark alleyway with a poster that reads ""UNITY THROUGH FAITH"" and the cityscape at night with a large screen displaying a figure's face contribute to a sense of surveillance and control. The scenes with the masked figure in various locations, such as a kitchen and a room with a poster that says ""THE STRUGGLE OF THE PEOPLE,"" emphasize themes of anonymity and resistance. The setting, therefore, not only provides a backdrop for the characters' actions but also influences the audience's perception of the story and its themes.",4650,252644,0.0184,4900,25,15000,0,64,1
tt0434409,Does the chase scene involve actual violence?,"No, it's portrayed in a slapstick and humorous manner.","The image you've provided appears to be a montage of scenes from a movie or television show, featuring a character in a Guy Fawkes mask, which is iconic from the film ""V for Vendetta."" The scenes include various settings and actions, but without specific context, it's difficult to determine the exact nature of the chase scene.However, based on the character's appearance and the context of the film, the chase scene likely involves themes of rebellion and confrontation, which are central to the narrative of ""V for Vendetta."" The character in the mask is often associated with themes of vigilantism and resistance against oppressive forces, so the chase scene might involve elements of action and conflict, potentially including violence, as the film is known for its graphic and intense scenes.",4650,252644,0.0184,4900,25,15000,0,64,1
tt0434409,Does the televised skit involve a real political event?,No.,"The image you've provided appears to be a montage of scenes from a movie or television show, featuring a character in a Guy Fawkes mask, which is iconic from the film ""V for Vendetta."" The scenes include various characters in different settings, some of which seem to be related to political or social themes, as indicated by the text on the screen and the presence of the Guy Fawkes mask.However, without specific context or knowledge of the exact scenes depicted, it's not possible to determine if the televised skit involves a real political event. The Guy Fawkes mask is often associated with protests and political activism, but the scenes shown here are fictional representations from a work of fiction. If you have more details or a specific scene in mind, I could provide a more detailed analysis.",4650,252644,0.0184,4900,25,15000,0,64,1
tt0434409,Is there a physical altercation in the comedic show?,"Yes, but in a humorous context.","The images you've provided appear to be from various scenes of a movie or television show, and they depict a range of situations and characters. However, none of the images specifically show a physical altercation. The scenes include characters in different settings, some in formal attire, others in more casual or work-related environments, and a few with expressions that could suggest tension or conflict. If you're looking for a scene with a physical altercation, you might need to look for images that show direct physical contact or confrontational body language.",4650,252644,0.0184,4900,25,15000,0,64,1
tt0434409,Does the audience in the bar setting show visible amusement?,Yes.,"Yes, the audience in the bar setting shows visible amusement.",4650,252644,0.0184,4900,25,15000,0,64,1
tt0434409,Are the soldiers on the TV show portrayed as aggressive?,Not genuinely; they're part of the comedic act.,"The image you've provided appears to show a scene from a TV show or movie where soldiers are depicted in a tense or confrontational situation. The soldiers are dressed in combat gear, and their body language suggests they are prepared for action or engaged in a serious situation. The context of the scene, with the soldiers pointing their weapons and the overall atmosphere, implies that they are portrayed as being in a state of readiness or aggression. However, without additional context, it's difficult to determine the exact nature of their actions or the situation they are in.",4650,252644,0.0184,4900,25,15000,0,64,1
tt0434409,Does the skit conclude with the characters showing mutual understanding?,"No, it ends with humorous confusion and laughter.","The image you've provided appears to be a collage of scenes from a movie or television show, featuring a character in a Guy Fawkes mask, which is iconic from the film ""V for Vendetta."" The scenes depict various characters in different settings, some of which seem to be in conflict or confrontation, while others show moments of dialogue or interaction.Without the context of the entire movie or show, it's difficult to determine the exact conclusion of the skit or the characters' mutual understanding. However, based on the images provided, it seems that the characters are engaged in a narrative that involves conflict, possibly with the masked character playing a significant role in the storyline. The images show a range of emotions and situations, suggesting a complex and possibly dramatic plot.If you're looking for a specific scene or moment of mutual understanding, you might need to refer to the script or a summary of the movie or show to get a detailed understanding of the characters' interactions and the overall conclusion.",4650,252644,0.0184,4900,25,15000,0,64,1
tt0434409,Is the skit broadcasted as a part of a serious news report?,"No, it's a comedic segment.","The image you've provided appears to be a montage of scenes from a movie or television show, featuring a character in a Guy Fawkes mask, which is iconic from the film ""V for Vendetta."" The scenes show various characters in different settings, some of which seem to be related to news broadcasts or television screens displaying news content. However, without more context, it's not possible to definitively say if the skit is broadcasted as part of a serious news report. The presence of the Guy Fawkes mask suggests themes of protest, anonymity, and possibly satire or parody, which could be integrated into a news broadcast as a segment or report.",4650,252644,0.0184,4900,25,15000,0,64,1
tt0434409,Is the champagne sip taken before the skit's climax?,Yes.,"The image you've provided shows a sequence of scenes from a television show or movie. The champagne sip is taken by a character who appears to be in a celebratory or relaxed mood, possibly after the climax of the skit or event. However, without additional context, it's not possible to determine the exact timing of the champagne sip in relation to the climax of the skit. The image does not provide enough information to answer this question definitively.",4650,252644,0.0184,4900,25,15000,0,64,1
tt0434409,Does the comedic outing with the band members occur before the shootout?,Yes.,"No, the comedic outing with the band members does not occur before the shootout.",4650,252644,0.0184,4900,25,15000,0,64,1
tt0434409,Is the shoelace-tying prank shown before the soldiers aim their weapons?,Yes.,"No, the shoelace-tying prank is not shown before the soldiers aim their weapons.",4650,252644,0.0184,4900,25,15000,0,64,1
tt0434409,Do viewers start laughing before the final unmasking gag?,"No, laughter follows the gag.","Yes, viewers start laughing before the final unmasking gag.",4650,252644,0.0184,4900,25,15000,0,64,1
tt0434409,Are soldiers shown mingling with the band before the physical altercation skit?,Yes.,"No, the soldiers are not shown mingling with the band before the physical altercation skit.",4650,252644,0.0184,4900,25,15000,0,64,1
tt0434409,What occurs just before the viewer takes a sip of champagne?,The viewer watches the comedy show intently.,"The scene transitions to a person in a dark room, holding a glass of champagne, with a television screen in the background displaying a news broadcast.",4650,252644,0.0184,4900,25,15000,0,64,1
tt0434409,What leads up to soldiers aiming their weapons on stage?,The confusion and unmasking of characters.,"The image sequence depicts a series of scenes from a movie or television show, featuring a character in a Guy Fawkes mask, which is iconic from the film ""V for Vendetta."" The scenes show the masked character in various settings, including a room with a poster that reads ""UNITY THROUGH FAITH,"" a cityscape at night, and a room with a television displaying a news broadcast. The masked character is also seen in a confrontation with soldiers, suggesting a theme of resistance or conflict.The progression of the scenes suggests a narrative where the masked character is involved in some form of protest or rebellion, and the confrontation with soldiers indicates a clash between the masked character's actions and the authorities. The presence of the Guy Fawkes mask, which is associated with the themes of anonymity, protest, and the fight against oppression, implies that the masked character is likely a symbol of resistance or a vigilante figure.The scenes with the television displaying a news broadcast suggest that the masked character's actions are being reported on, which could be part of a larger narrative involving media coverage of the events. The overall tone of the images is dark and dramatic, which is consistent with the themes of the film ""V for Vendetta,"" where the masked character is a central figure in a story",4650,252644,0.0184,4900,25,15000,0,64,1
tt0434409,What happens immediately before the unmasking reveal?,A humorous chase around the stage.,"The scene transitions to a character in a dimly lit room, looking at a television screen displaying a news broadcast. The news ticker at the bottom of the screen reads ""STRENGTH THROUGH UNITY OF THE OLD WORLD,"" and the broadcast is from ""BTN."" The character appears to be in a state of contemplation or concern. The scene then shifts to a different setting where a group of individuals are gathered in a room with a large window showing a cityscape at night. The focus is on a character who is speaking or reacting to something off-screen. The room is dimly lit, and the atmosphere suggests a serious or tense moment. The character in the foreground is wearing a dark coat and has a mask-like appearance, which could be a costume or a symbol of anonymity. The scene continues with the same character in the foreground, now with a more pronounced mask-like appearance, and the group in the background appears to be engaged in a discussion or confrontation. The setting is a dimly lit room with a large window showing a cityscape at night. The atmosphere is tense and serious. The character in the foreground is wearing a dark coat and has a mask-like appearance, which could be a costume or a symbol of anonymity. The group in the background appears to be engaged",4650,252644,0.0184,4900,25,15000,0,64,1
tt0434409,What's shown just before the seniors are revealed watching TV?,The unfolding of the comedic skit on the screen.,"The image just before the seniors are revealed watching TV shows a group of people in a room with a television screen displaying a news broadcast. The screen reads ""POLICE NEWS"" and ""TERRORISTS WITH BIOLOGICAL WEAPONS,"" suggesting a serious or dramatic context. The individuals in the room appear to be engaged in a conversation or activity, with one person pointing at something off-screen. The setting looks like a casual, indoor environment, possibly a living room or a communal space.",4650,252644,0.0184,4900,25,15000,0,64,1
tt0434409,What precedes the physical altercation in the televised program?,A satirical interaction between the characters.,"The scene transitions to a television screen displaying a televised program with a man in a suit, followed by a woman in a striped shirt, and then a man in a suit with a badge, all in a dimly lit room.",4650,252644,0.0184,4900,25,15000,0,64,1
tt0434409,What are the main themes depicted in the video?,"Oppression, resilience, human connection, and the quest for freedom.","The video depicts a series of scenes from a movie or television show, featuring a character wearing a Guy Fawkes mask, which is often associated with the Anonymous group and the Occupy Wall Street movement. The scenes include various settings such as a dimly lit room with a person in a suit, a television screen showing a news broadcast, a character in a dark coat standing in a room with a poster that reads ""UNITY THROUGH FAITH,"" and a scene with a person in a mask holding a weapon. The color palette is predominantly dark and muted, with flashes of bright colors like red and blue. The themes suggested by these scenes include anonymity, protest, unity, and possibly conflict or confrontation.",5140,281260,0.0183,5488,28,15000,0,64,1
tt0434409,Describe the setting and mood at the beginning of the video.,"Tense, with a pervading sense of dread and urgency at night.","The video begins with a dark, shadowy setting where a figure wearing a black cowboy hat and a long coat is seen in a dimly lit room with a single lit candle. The atmosphere is mysterious and tense.",5140,281260,0.0183,5488,28,15000,0,64,1
tt0434409,What does the interrogation scene reveal about the government?,It shows its brutal and oppressive nature.,The interrogation scene reveals a government that is oppressive and uses violence to maintain control.,5140,281260,0.0183,5488,28,15000,0,64,1
tt0434409,What role does societal unrest play in the narrative?,It provides a backdrop of conflict and the public's resistance to tyranny.,"Societal unrest plays a pivotal role in the narrative, as it is the backdrop for the actions and decisions of the characters. The unrest is evident in the graffiti on the walls, the chaotic scenes of destruction, and the televised news reports that highlight the crisis. The characters' involvement in addressing and possibly exacerbating the unrest underscores the film's exploration of themes such as rebellion, control, and the impact of media on public perception.",5140,281260,0.0183,5488,28,15000,0,64,1
tt0434409,What is the overarching message of the video?,The indomitable spirit of individuals against oppression.,"The video appears to be a montage of scenes from a movie or television show, featuring a recurring character wearing a Guy Fawkes mask, which is often associated with the ""V for Vendetta"" series. The scenes depict various characters in different settings, some of which seem to be in distress or conflict. The presence of the masked character in multiple scenes suggests a narrative thread or theme involving this character. The video does not provide a clear overarching message without additional context, but it seems to convey a sense of urgency, conflict, and possibly a fight for justice or freedom, which are themes commonly explored in the ""V for Vendetta"" storyline.",5140,281260,0.0183,5488,28,15000,0,64,1
tt0434409,What indication is there of societal unrest?,Protests and demonstrations against war and government policies.,"The image depicts a scene with a person wearing a Guy Fawkes mask, which is iconic from the movie ""V for Vendetta."" This mask is often associated with themes of protest, anonymity, and rebellion. The presence of the mask, along with the text ""UNITY THROUGH FAITH"" on a banner, suggests a context of societal unrest or a call for unity and faith in a time of turmoil. The setting appears to be a dimly lit, possibly underground location, which adds to the atmosphere of secrecy and resistance.",5140,281260,0.0183,5488,28,15000,0,64,1
tt0434409,Describe the transition from oppression to a quest for freedom.,"Evey moves from fear to active resistance, embodying hope for change.","The video begins with a scene of oppression, where a person is seen in a dark, medieval-like setting, suggesting a time of darkness and control. The scene transitions to a modern setting where a person is seen in a dimly lit room with a poster that reads ""UNITY THROUGH FAITH,"" indicating a call for unity and faith in a time of struggle.The video then shows a person in a mask, symbolizing anonymity and resistance, standing in front of a cityscape, suggesting a call to action or a vision for a better future. The scene shifts to a person in a suit, possibly a figure of authority or leadership, with a serious expression, indicating a moment of decision or confrontation.The video continues to show a person in a mask, this time in a room with a poster that reads ""THE STRUGGLE OF THE PEOPLE,"" emphasizing the ongoing struggle for freedom and equality. The scene transitions to a person in a suit, possibly a figure of authority or leadership, with a determined expression, suggesting a moment of resolve or determination.The video then shows a person in a mask, this time in a room with a poster that reads ""UNITY THROUGH FAITH,"" indicating a call for unity and faith in a time of struggle. The scene shifts to a person in",5140,281260,0.0183,5488,28,15000,0,64,1
tt0434409,Does the video conclude with a resolution to the conflict?,"No, it ends with themes of ongoing resistance and hope.","The video concludes with a scene that suggests a resolution to the conflict. The character in the Guy Fawkes mask is seen in a room with a large fire burning, and the screen shows a news ticker with the words ""POLICE WITHDRAWAL"" and ""FIRE DEPARTMENT ARRIVAL."" This indicates that the conflict has been resolved, and the situation is being managed by the authorities.",5140,281260,0.0183,5488,28,15000,0,64,1
tt0434409,Do we see the garden scene before the interrogation?,No.,"No, the garden scene is not shown before the interrogation.",5140,281260,0.0183,5488,28,15000,0,64,1
tt0434409,How does the atmosphere of the interrogation room affect the scene?,It creates a feeling of coercion and isolation.,"The atmosphere of the interrogation room, with its dim lighting and stark, clinical environment, creates a tense and oppressive mood. The presence of the masked figure, who is the central focus, adds an element of mystery and menace. The room's design, with its cold, grey walls and the stark contrast between the figure's dark clothing and the lighter surroundings, emphasizes the isolation and vulnerability of the person being questioned. The scene is likely intended to evoke feelings of unease and suspense, highlighting the power dynamics at play in the interrogation process.",5373,298900,0.018,5880,30,15000,0,64,1
tt0434409,Does the video depict a physical escape from confinement?,No.,"Yes, the video shows a person climbing out of a window, suggesting a physical escape from confinement.",5373,298900,0.018,5880,30,15000,0,64,1
tt0434409,Does the scene in the rain occur before the discovery of the Shadow Gallery?,No.,"No, the scene in the rain occurs after the discovery of the Shadow Gallery.",5373,298900,0.018,5880,30,15000,0,64,1
tt0434409,Is the handshake between characters shown before the comforting embrace?,Yes.,"No, the handshake is shown before the comforting embrace.",5373,298900,0.018,5880,30,15000,0,64,1
tt0434409,What occurs immediately before the intense conversation in the dimly lit room?,Two characters prepare to engage in a serious conversation.,"A person is seen in a dimly lit room with a poster on the wall that reads ""UNITY THROUGH FAITH,"" suggesting a theme of unity and faith.",5373,298900,0.018,5880,30,15000,0,64,1
tt0434409,What takes place just before Evey stands in contemplation in the opulent room?,She experiences a transformation from a state of solemn reflection.,"A man in a suit is seen in a dimly lit room, looking at a television screen displaying a news broadcast.",5373,298900,0.018,5880,30,15000,0,64,1
tt0434409,What happens before the poignant exchange between characters in the ornate room?,A character extends a gloved hand toward another in a gesture of connection.,"Before the poignant exchange in the ornate room, there is a scene where a character is seen in a dimly lit room with a poster on the wall that reads ""UNITY THROUGH FAITH,"" suggesting a theme of unity and faith. The character is then shown in a different setting, possibly a television broadcast, with a news ticker at the bottom of the screen that reads ""POLICE EMERGENCY REPORTS WITH BIOLOGICAL HAZARD,"" indicating a serious and potentially dangerous situation. The scene transitions to a character in a dark room with a poster that says ""THE STRUGGLE OF THE PEOPLE,"" which could imply a theme of resistance or struggle. The character is then shown in a different setting, possibly a television broadcast, with a news ticker at the bottom of the screen that reads ""POLICE EMERGENCY REPORTS WITH BIOLOGICAL HAZARD,"" suggesting a continuation of the serious and potentially dangerous situation. The scene transitions to a character in a dark room with a poster that says ""THE STRUGGLE OF THE PEOPLE,"" which could imply a theme of resistance or struggle. The character is then shown in a different setting, possibly a television broadcast, with a news ticker at the bottom of the screen that reads ""POLICE EMERGENCY REPORTS WITH",5373,298900,0.018,5880,30,15000,0,64,1
tt0499549,What settings are depicted in the video?,"Futuristic interiors, lush forests, and floating mountains.","The video depicts a variety of settings, including:1. A dark, possibly futuristic environment with a person in a wheelchair.2. A space station or spacecraft with a view of Earth in the background.3. A laboratory or medical facility with a person in a white coat.4. A lush, green forest with a blue-skinned character.5. A close-up of a blue-skinned character with a weapon.6. A scene with a blue-skinned character riding a creature.7. A futuristic corridor with a person in a wheelchair.8. A scene with a blue-skinned character and another character in a forest-like setting.9. A close-up of a blue-skinned character with a weapon.10. A scene with a blue-skinned character and another character in a forest-like setting.11. A futuristic corridor with a person in a wheelchair.12. A scene with a blue-skinned character and another character in a forest-like setting.These settings suggest a science fiction theme with advanced technology and possibly extraterrestrial life.",2152,212268,0.0101,2156,11,15000,0,64,1
tt0499549,What do the final frames suggest about the characters' state in a futuristic setting?,A character collapsing and receiving aid in a dimly lit room.,"The final frames suggest that the characters are in a state of contemplation or decision-making within a futuristic setting. The character in the foreground appears to be in a moment of reflection or concern, possibly contemplating a situation or making a strategic decision. The character in the background, who is also in a contemplative pose, seems to be considering something important, perhaps related to the environment or the situation at hand. The futuristic setting, with its advanced technology and design, implies that the characters are in a high-tech world where their actions have significant consequences. The overall mood conveyed by these frames is one of seriousness and thoughtfulness, indicating that the characters are engaged in a critical moment within their narrative.",2152,212268,0.0101,2156,11,15000,0,64,1
tt0499549,Does the environment predominantly feature bioluminescent flora?,Yes.,"Yes, the environment predominantly features bioluminescent flora.",2152,212268,0.0101,2156,11,15000,0,64,1
tt0499549,Does the exploration of the floating mountains precede the learning to ride a terrestrial creature?,No.,"Yes, the exploration of the floating mountains precedes the learning to ride a terrestrial creature.",2152,212268,0.0101,2156,11,15000,0,64,1
tt0499549,Does the ceremonial preparation happen before the leap across the chasm?,Yes.,"Yes, the ceremonial preparation happens before the leap across the chasm.",2152,212268,0.0101,2156,11,15000,0,64,1
tt0499549,What precedes the dialogue in a technologically advanced setting?,Examination and interaction with scientific equipment.,"A scene of a person in a futuristic setting, possibly a spaceship or a high-tech facility, with a view of Earth from space.",2152,212268,0.0101,2156,11,15000,0,64,1
tt0499549,What is depicted in the video's overall theme?,Human bonding with a banshee and flying through Pandora.,"The video appears to be a montage of scenes from a science fiction or fantasy film, showcasing various characters and settings. The scenes include:1. A person in a wheelchair at a bar, suggesting a social or casual setting.2. A character in a space environment, possibly a spaceship, with a view of Earth in the background, indicating a space exploration theme.3. A character in a futuristic setting, possibly a laboratory or medical facility, with a focus on technology and possibly medical procedures.4. A character with blue skin and tail, which is a common trait in fantasy or science fiction to denote non-human species, interacting with others in a lush, green environment that could be a forest or jungle.5. A character in a futuristic setting, possibly a spaceship or a high-tech facility, with a focus on technology and possibly communication or interaction with others.6. A character in a futuristic setting, possibly a spaceship or a high-tech facility, with a focus on technology and possibly interaction with others.7. A character in a futuristic setting, possibly a spaceship or a high-tech facility, with a focus on technology and possibly interaction with others.8. A character in a futuristic setting, possibly a spaceship or a high-tech facility, with a focus on technology and possibly",2362,238924,0.0099,2548,13,15000,0,64,1
tt0499549,What environment underscores the final scenes of mastery?,"Lush landscapes, floating islands, and mountainous terrain.","The final scenes of mastery underscore an environment that is a blend of natural and technological elements. The setting appears to be a lush, green forest with towering trees and a misty atmosphere, suggesting a connection to nature. There are also hints of advanced technology, such as holographic displays and futuristic machinery, indicating a high-tech civilization. The characters are seen engaging with each other and the environment in a way that suggests a deep understanding and mastery of their surroundings, possibly hinting at a harmonious coexistence with nature and technology.",2362,238924,0.0099,2548,13,15000,0,64,1
tt0499549,Describe the sequence of actions leading to the flight.,"Initial confrontation, attempts at control, to successful flight.","The sequence of actions leading to the flight involves a person in a wheelchair being pushed by another individual. The wheelchair is equipped with a propulsion system that allows it to move on its own. As the person in the wheelchair is pushed, the propulsion system gains momentum, and the wheelchair begins to move forward. The person in the wheelchair then stands up and uses their legs to propel themselves forward, transitioning from the wheelchair to a running motion. This sequence of actions culminates in the person achieving flight by using their legs to propel themselves through the air, demonstrating a remarkable ability to defy gravity.",2362,238924,0.0099,2548,13,15000,0,64,1
tt0499549,What key moment signifies the bonding process?,The successful mounting and inaugural flight.,"The key moment that signifies the bonding process is when the Na’vi character, Neytiri, is seen riding a flying creature, a Pteradactyl, and is being guided by the human character, Jake Sully. This moment highlights the connection between the two characters as they share a sense of adventure and exploration in the lush, vibrant world of Pandora.",2362,238924,0.0099,2548,13,15000,0,64,1
tt0499549,How is the character's transformation depicted?,From hesitant attempts to confident flying.,"The transformation of the character is depicted through a series of images showing a gradual change in appearance. The character starts with a normal human appearance and then begins to change, with skin color shifting to a bluish hue, eyes changing to a glowing blue, and facial features evolving to resemble those of a Na'vi, a fictional species from the ""Avatar"" universe. The transformation is shown in a step-by-step manner, highlighting the changes in skin texture, eye shape, and overall facial structure as the character becomes more Na'vi-like.",2362,238924,0.0099,2548,13,15000,0,64,1
tt0499549,Detail the interaction between character and banshee in flight.,"Symbiotic, as they maneuver through challenging landscapes.","In the scene, a character is seen riding a flying creature known as a banshee. The character appears to be in control, holding onto the creature's harness or saddle. The banshee is depicted with a sleek, dark body and large wings, and it is flying through a lush, green forest. The character and the banshee seem to be moving in unison, suggesting a level of trust and familiarity between them. The environment around them is vibrant and full of life, with dense foliage and a canopy of trees that create a canopy effect. The lighting suggests it might be daytime, with natural light filtering through the leaves. The interaction between the character and the banshee is one of harmony and partnership, as they navigate the forest together.",2362,238924,0.0099,2548,13,15000,0,64,1
tt0499549,Describe the ultimate flight achievement shown.,Flying through narrow passages and by waterfalls.,"The video showcases a sequence of scenes from a science fiction movie, featuring a character with blue skin and distinct facial markings, which are characteristic of the Na'vi from the ""Avatar"" franchise. The scenes depict various moments of the character's journey, including:1. A close-up of the character's face, displaying a calm and focused expression.2. The character in a futuristic setting, possibly a spacecraft, with a view of Earth through a window, suggesting a journey through space.3. The character in a laboratory environment, interacting with a holographic interface, indicating advanced technology and research.4. The character in a lush, green forest, engaging with a large, winged creature that resembles a Pteradactyl, showcasing a connection with nature and a sense of adventure.5. The character riding the winged creature through the forest, emphasizing the bond and the thrill of the flight.6. The character in a futuristic setting, possibly a control room or command center, with a view of a holographic interface, suggesting strategic planning or navigation.7. The character in a close-up, with a contemplative expression, possibly reflecting on the journey or the experiences encountered.The ultimate flight achievement shown is the character riding the winged creature through the forest,",2362,238924,0.0099,2548,13,15000,0,64,1
tt0499549,Is there an indication of failure in the bonding process?,No.,"The images you've provided appear to be from the movie ""Avatar,"" which is known for its science fiction and fantasy elements. The images show various scenes from the film, including characters in futuristic and alien environments, as well as some characters in distress or conflict.However, without specific context or a clear indication of the ""bonding process"" you're referring to, it's difficult to determine if there's an indication of failure in the bonding process. The images show characters in different situations, some of which might suggest challenges or conflicts, but without more information, it's not possible to draw a definitive conclusion about the bonding process in the context of the movie. If you could provide more details or clarify what you mean by ""bonding process,"" I might be able to offer a more precise analysis.",2362,238924,0.0099,2548,13,15000,0,64,1
tt0499549,Are the flying creatures shown flying in formation at any point?,Yes.,"Yes, the flying creatures are shown flying in formation at one point in the video.",2362,238924,0.0099,2548,13,15000,0,64,1
tt0499549,Does the character appear to lose control at any point during flight?,Yes.,"The images provided do not show the character losing control during flight. The character is depicted in various stages of flight, but all images show the character maintaining control and navigating through the environment.",2362,238924,0.0099,2548,13,15000,0,64,1
tt0499549,Is the flight through fog and past waterfalls successful without incident?,Yes.,"The image sequence you've provided appears to be from the movie ""Avatar,"" which features a character named Jake Sully who is transformed into a Na'vi, a humanoid species native to the planet of Pandora. In the sequence, we see Jake riding a flying creature called a Toruk, which is a significant part of the film's narrative.The images show Jake on the back of the Toruk, navigating through a foggy and forested landscape with waterfalls. The environment is lush and vibrant, with a rich blue and green color palette that is characteristic of Pandora. The sequence suggests that the flight is taking place in a natural, possibly sacred, area of the planet.However, without the full context of the scene, it's not possible to determine if the flight is entirely successful without incident. The images do not show any immediate signs of danger or mishap, but the environment itself can be treacherous, and the flight could potentially have unforeseen challenges. The success of the flight would depend on the actions of the characters and the capabilities of the Toruk, which are not fully depicted in these still images.",2362,238924,0.0099,2548,13,15000,0,64,1
tt0499549,Is the flight through rocky terrain shown before the bonding process?,No.,No.,2362,238924,0.0099,2548,13,15000,0,64,1
tt0499549,Does the bonding ritual occur after the first successful flight?,No.,"The images provided do not show a clear sequence of events, but they do depict various scenes from what appears to be a science fiction setting. The first image shows a person in a bar, which does not seem to be related to the bonding ritual you mentioned. The subsequent images show a variety of scenes, including a person in a spaceship, a character in a futuristic environment, and what appears to be a character in a blue-skinned, humanoid form engaging in activities that could be part of a bonding ritual.The last image shows a character in a blue-skinned, humanoid form engaging in an activity that could be part of a bonding ritual, but it is not clear if this is after the first successful flight. The images do not provide enough context to determine the exact sequence of events or the nature of the bonding ritual. If you are referring to a specific scene or event from a movie or series, providing more context or details would help in giving a more accurate answer.",2362,238924,0.0099,2548,13,15000,0,64,1
tt0499549,Is the character navigating through tight rock formations shown before flying in formation with others?,Yes.,"No, the character navigating through tight rock formations is not shown before flying in formation with others.",2362,238924,0.0099,2548,13,15000,0,64,1
tt0499549,What occurs just before the character mounts the banshee for the first time?,A moment of cautious approach.,"The character is shown in a futuristic setting, possibly a spacecraft or a high-tech facility, with a holographic display and various controls around them.",2362,238924,0.0099,2548,13,15000,0,64,1
tt0499549,"Before bonding physically, what do we see happening?",Attempted control and overcoming resistance.,"In the sequence of images you've provided, it appears to be from a science fiction film or series. The images depict various scenes with characters in futuristic or otherworldly environments. The characters are shown in different settings, some in spaceships or spacecraft, others in what looks like a forest or jungle-like environment, and some in what could be a laboratory or command center. The characters are interacting with each other and their surroundings, suggesting a narrative that involves exploration, discovery, and possibly conflict or cooperation. The images do not show any explicit physical bonding between characters; instead, they show moments of interaction, conversation, and observation.",2362,238924,0.0099,2548,13,15000,0,64,1
tt0499549,What happens just before the flight through narrow passages?,Mastering basic flight control.,"In the sequence of images provided, it appears that the characters are preparing for a flight through narrow passages. The setting suggests a futuristic or science fiction environment, possibly aboard a spacecraft or in a high-tech facility. The characters are equipped with advanced technology, and the environment is filled with screens, controls, and other high-tech elements. The flight through narrow passages could be a part of a mission or an escape sequence, where the characters are navigating through tight spaces to reach a destination or avoid danger. The anticipation and readiness of the characters are evident as they prepare for the flight.",2362,238924,0.0099,2548,13,15000,0,64,1
tt0499549,"Prior to flying by the waterfalls, what achievement is demonstrated?",Confidence in aerial maneuvering.,"The achievement demonstrated prior to flying by the waterfalls is the ability to ride a flying creature, showcasing the characters' mastery over this unique mode of transportation.",2362,238924,0.0099,2548,13,15000,0,64,1
tt0499549,"Before the group flight, what individual accomplishment is highlighted?",Solo flight mastery.,"The individual accomplishment highlighted before the group flight is the successful completion of a task or mission, as indicated by the text ""RDA CLEAR"" on the screen.",2362,238924,0.0099,2548,13,15000,0,64,1
tt0499549,What occurs just before showcasing the flight through misty valleys?,Gaining agility and speed in navigation.,"The scene transitions to a character in a futuristic setting, possibly a spacecraft or a high-tech facility, where they are interacting with a holographic interface. The character appears to be engaged in a conversation or receiving information, as indicated by their gestures and the presence of other individuals in the background. The environment is illuminated with blue and purple hues, suggesting a cool, advanced technology atmosphere.",2362,238924,0.0099,2548,13,15000,0,64,1
tt0499549,"Prior to navigating through the treacherous terrain, what is depicted?",Initial mastery over the banshee in simpler landscapes.,"The image shows a character in a futuristic setting, possibly a spacecraft or a high-tech facility, with a focus on a control panel or interface. The character appears to be preparing for or in the midst of an action that involves the use of technology, possibly for navigation or communication. The environment suggests a science fiction context with advanced technology and possibly a mission or exploration theme.",2362,238924,0.0099,2548,13,15000,0,64,1
tt0499549,How is the environment depicted during the chase?,"As lush and vibrant, teeming with forest life.","The environment during the chase is depicted as a lush, green forest with dense foliage and a waterfall in the background. The chase is fast-paced and intense, with the characters running through the forest, surrounded by the vibrant greenery. The lighting is natural, with sunlight filtering through the trees, creating a dynamic and thrilling atmosphere.",2453,255388,0.0096,2744,14,15000,0,64,1
tt0499549,Are any evasive actions specifically highlighted during the chase?,"Yes, skillful steering and sharp turns are showcased.","Yes, the chase scene highlights evasive actions as the characters dodge and weave through the forest, showcasing agility and quick reflexes.",2453,255388,0.0096,2744,14,15000,0,64,1
tt0499549,Can the tension and fear be felt during the chase?,"Yes, the chase is filled with tension and peril.","The images you've provided appear to be from the movie ""Avatar,"" which is known for its stunning visual effects and immersive storytelling. The scenes depict characters in various intense situations, which are likely to evoke tension and fear in the viewer. The characters are shown in action-packed scenarios, such as running through a forest, engaging in combat, and navigating through a treacherous landscape. The use of vibrant colors, dynamic camera angles, and the portrayal of the characters' expressions and body language all contribute to the sense of tension and fear that can be felt during these chase scenes.",2453,255388,0.0096,2744,14,15000,0,64,1
tt0499549,Is there any moment where the characters take refuge in the forest?,No.,"Yes, there is a moment in the video where characters take refuge in the forest. One of the scenes shows a character in a blue environment, possibly a spaceship or a futuristic setting, looking out of a window at a forested area. The character appears to be in a contemplative or cautious state, suggesting they might be seeking safety or shelter. Another scene shows a character in a blue environment, possibly a spaceship or a futuristic setting, looking out of a window at a forested area. The character appears to be in a contemplative or cautious state, suggesting they might be seeking safety or shelter.",2453,255388,0.0096,2744,14,15000,0,64,1
tt0499549,Are the banshees injured during the chase?,No.,"The image you've provided appears to be a montage of scenes from the movie ""Avatar,"" which features a fictional species known as the Na'vi. The Na'vi are humanoid in shape but have distinct blue skin and are often seen in various states of activity within the film's environment.In the context of the movie, the Na'vi are not typically depicted as being injured during a chase. The chase scenes in ""Avatar"" often involve the Na'vi characters engaging in combat with the human characters, particularly in the early part of the film when the humans are trying to extract resources from the planet Pandora. The Na'vi are shown to be skilled warriors and are able to defend themselves against the humans.However, without specific scenes from the movie, it's not possible to provide a detailed account of the chase scenes or the injuries that might occur. The chase scenes are dynamic and action-packed, with both sides suffering losses, but the exact nature of the injuries is not clearly depicted in still images.",2453,255388,0.0096,2744,14,15000,0,64,1
tt0499549,Does the chase end with the protagonists successfully hiding?,Unclear.,"The image you've provided appears to be a montage of scenes from a science fiction film, showcasing various characters and settings. The scenes depict characters in futuristic environments, some in spacesuits, and others in more natural, possibly alien, landscapes. The chase you're referring to seems to be a part of the narrative where the protagonists are trying to evade or hide from some adversaries.However, the specific outcome of the chase, whether the protagonists successfully hide or not, cannot be determined from these still images alone. The images show moments of action, tension, and confrontation, but without additional context or the ability to see the entire sequence, it's not possible to conclude the chase's outcome.",2453,255388,0.0096,2744,14,15000,0,64,1
tt0499549,Is the lush environment instrumental in their evasion tactics?,Yes.,"Yes, the lush environment is instrumental in their evasion tactics.",2453,255388,0.0096,2744,14,15000,0,64,1
tt0499549,Are evasive maneuvers utilized before combat tactics?,Yes.,"The images you've provided appear to be from the movie ""Avatar,"" directed by James Cameron. In the context of the film, the Na'vi, the indigenous people of the planet Pandora, do indeed use evasive maneuvers before engaging in combat tactics. They are skilled warriors who often use stealth and quick reflexes to avoid confrontation when possible. When combat is necessary, they employ a variety of tactics, including using their bows and arrows, as well as their knowledge of the environment to their advantage. The Na'vi's connection to nature and their understanding of the forest and its creatures also play a significant role in their combat strategies.",2453,255388,0.0096,2744,14,15000,0,64,1
tt0499549,Is the chase initiated before Neytiri shares the history of the toruk?,No.,"No, the chase is not initiated before Neytiri shares the history of the toruk.",2453,255388,0.0096,2744,14,15000,0,64,1
tt0499549,What is the initial setting of the video?,A high-tech medical room.,"The initial setting of the video is a dark room with a single light source on the right side, creating a silhouette effect.",2506,259308,0.0097,2940,15,15000,0,64,1
tt0499549,How does the man's condition change throughout the video?,He adjusts to life in a wheelchair and engages in significant discussions.,"The video begins with a black screen, suggesting a transition or the start of a new scene. The man is shown in a bar setting, seemingly in distress or discomfort, with a blurred background indicating movement or a focus on the man. The scene then shifts to a futuristic environment where the man is in a space station or similar setting, with a calm and composed demeanor. The color palette is cool, with blues and grays dominating the scene, which contrasts with the earlier warm tones of the bar scene.As the video progresses, the man is seen in a more dynamic and active setting, possibly a forest or jungle environment, where he is interacting with a creature or engaging in some sort of activity. The color palette here is more vibrant, with greens and purples, suggesting a different environment or time of day. The man appears to be in a state of alertness or readiness, which could indicate a change in his condition from the earlier scenes.The final scenes show the man in a more serene and contemplative state, possibly reflecting on his experiences or emotions. The color palette returns to cooler tones, and the setting appears to be a more controlled environment, possibly a spaceship or a laboratory, with a focus on technology and machinery. The man's expression is one of intros",2506,259308,0.0097,2940,15,15000,0,64,1
tt0499549,What kind of interactions does the man have throughout?,He has serious conversations with military personnel and others.,"The images you've provided appear to be from the movie ""Avatar,"" directed by James Cameron. Throughout the movie, the character played by Sam Worthington (Jake Sully) has various interactions with the Na'vi, the indigenous people of the planet Pandora. These interactions include:1. **Learning and Adaptation**: Jake learns to communicate with the Na'vi through the use of the Avatar Program, which allows him to control an Na'vi body. He adapts to Na'vi culture and learns their language.2. **Friendship and Alliance**: He forms a close bond with Neytiri, a Na'vi warrior, and becomes an ally to the Na'vi in their struggle against the corporate interests of the humans.3. **Cultural Immersion**: Jake fully integrates into Na'vi society, participating in their rituals and ceremonies, and showing respect for their traditions and way of life.4. **Conflict and Defense**: He engages in battles against the humans, particularly the military, to protect the Na'vi and their home, the Hometree.5. **Spiritual Connection**: Jake experiences a deep spiritual connection with the Na'vi and the planet, which is central to the movie's themes of environmentalism and the clash between",2506,259308,0.0097,2940,15,15000,0,64,1
tt0499549,Where do the serious discussions take place?,In dimly lit rooms.,"The serious discussions take place in a futuristic setting, likely a spaceship or a high-tech facility. The environment is characterized by sleek, metallic surfaces, advanced technology, and a sterile, clinical atmosphere. The characters are engaged in deep conversations, possibly strategizing or discussing important matters related to their mission or situation.",2506,259308,0.0097,2940,15,15000,0,64,1
tt0499549,What is the man's interaction with technology?,He is connected to devices and later shown near technology suggesting adaptation.,"The images you've provided appear to be from the movie ""Avatar,"" directed by James Cameron. In the context of the film, the man's interaction with technology is primarily with the Na'vi, the indigenous species of the planet Pandora, and the advanced technology developed by the humans to interact with and inhabit Pandora.The man, who is the protagonist, Jake Sully, is a paraplegic who is able to control a Na'vi avatar through a neural interface. This interface allows him to experience the world of Pandora as a Na'vi, complete with Na'vi physical characteristics and abilities. He uses this technology to communicate with the Na'vi, to explore the planet, and to participate in the Na'vi's culture and society.The technology also includes the use of flying vehicles, known as banshees, which are controlled by the Na'vi and can be ridden by humans through the use of the avatars. Additionally, there are various forms of technology that the humans have developed to mine the planet for its valuable resources, such as the mining rigs and the processing facilities.In summary, the man's interaction with technology in ""Avatar"" is centered around the use of avatars and the ability to control them, as well as the use of",2506,259308,0.0097,2940,15,15000,0,64,1
tt0499549,What are the themes addressed in the discussions?,"Negotiation, adaptation, and possibly integration or acceptance.","The images you've provided appear to be from various scenes of a science fiction movie or series. The themes addressed in these discussions could include:1. **Exploration and Discovery**: The scenes with characters in spacesuits and futuristic environments suggest themes of exploration and discovery in a sci-fi context.2. **Human Interaction and Relationships**: The close-up shots of characters interacting with each other might indicate themes of human relationships, communication, and possibly conflict or cooperation.3. **Technology and Science**: The presence of advanced technology, such as the futuristic spacesuits and the high-tech environment, points to themes of technology and science in a speculative future.4. **Adventure and Action**: The action-packed scenes with characters in dynamic poses and the use of weapons suggest themes of adventure and action.5. **Alien Encounters**: The appearance of non-human characters with distinct physical features might indicate themes of alien encounters and the exploration of extraterrestrial life.6. **Environmental Themes**: The scenes set in lush, green environments could touch on themes of nature, ecology, and the impact of human or alien activities on the environment.7. **Conflict and Resolution**: The dramatic poses and intense expressions of the characters might suggest themes of conflict and the resolution of issues or conflicts.These themes are",2506,259308,0.0097,2940,15,15000,0,64,1
tt0499549,What role does the military figure play in the narrative?,Appears to support or facilitate the man's transition or negotiations.,"The military figure, identifiable by the uniform and helmet, appears to be in a position of authority or expertise, possibly overseeing or coordinating the activities of the characters in the scene. The presence of the military figure suggests a narrative involving conflict, authority, or a structured operation within the environment depicted.",2506,259308,0.0097,2940,15,15000,0,64,1
tt0499549,How does the video begin?,With a man waking up in a medical room.,"The video begins with a black screen that transitions to a scene where a person is sitting in a wheelchair, holding a cup, and looking at a screen.",2506,259308,0.0097,2940,15,15000,0,64,1
tt0499549,What symbolizes the man's adjustment process?,His use of a wheelchair and engagement with advanced equipment.,"The man's adjustment process is symbolized by him sitting in a wheelchair, which represents his adaptation to a new physical reality.",2506,259308,0.0097,2940,15,15000,0,64,1
tt0499549,What actions accompany the serious discussions?,Gesturing for emphasis and listening intently.,"The images provided seem to be from a science fiction movie or series, featuring characters in various futuristic and alien-like settings. The actions accompanying the serious discussions are not explicitly shown in the images, but based on the context, one might infer that the characters are engaged in strategic planning, problem-solving, or possibly receiving instructions or updates. The environments suggest a high-tech, possibly extraterrestrial or space-faring setting, which could imply that the discussions are related to missions, operations, or the exploration of new worlds. The characters' expressions and body language suggest a level of intensity and focus, which is typical for scenes involving critical decision-making or planning.",2506,259308,0.0097,2940,15,15000,0,64,1
tt0499549,How is the man's engagement with technology portrayed?,Through his interaction with devices and screens.,"The man's engagement with technology is portrayed as a blend of human interaction and futuristic elements. He is seen using a device that appears to be a form of communication or control interface, suggesting a high-tech environment. The setting includes advanced machinery and screens, indicating a sophisticated technological context. The man's focused expression and the way he interacts with the device imply a level of expertise or familiarity with the technology.",2506,259308,0.0097,2940,15,15000,0,64,1
tt0499549,Is the dialogue one-sided or mutual in the conversations?,It appears more one-sided with the standing characters often leading.,"The images provided do not show any dialogue or conversation between characters. They are still images from a movie or television show, and without context, it's not possible to determine the nature of the interactions between characters. The images show characters in various settings, but there is no visible dialogue or mutual conversation depicted in these stills.",2506,259308,0.0097,2940,15,15000,0,64,1
tt0499549,What mood is conveyed in the dialogues?,A tense and serious atmosphere.,"The images you've provided appear to be from various scenes of a science fiction movie or series, featuring characters in different settings and situations. The mood conveyed in these dialogues is not explicitly stated, but based on the visual cues and the context of the scenes, we can infer some general moods:1. The first image shows a character in a dark room, which might suggest a mood of mystery or suspense.2. The second image shows a character in a futuristic setting, possibly indicating a mood of exploration or discovery.3. The third image shows a character in a space environment, which could imply a mood of adventure or danger.4. The fourth image shows a character in a lush, green environment, which might suggest a mood of tranquility or harmony.5. The fifth image shows a character in a futuristic setting, possibly indicating a mood of contemplation or introspection.6. The sixth image shows a character in a futuristic setting, which could imply a mood of urgency or action.7. The seventh image shows a character in a futuristic setting, possibly indicating a mood of curiosity or discovery.8. The eighth image shows a character in a futuristic setting, which might suggest a mood of excitement or anticipation.9. The ninth image shows a character in a",2506,259308,0.0097,2940,15,15000,0,64,1
tt0499549,How do the surroundings impact the narrative?,The dim lighting and high-tech settings underscore the serious nature of the discussions.,"The surroundings in the images significantly impact the narrative by providing context and setting the tone for the scenes depicted. Here's a breakdown of how each setting contributes to the story:1. **Bar Scene**: The dimly lit bar with patrons and a bartender creates a casual, social atmosphere. This setting suggests a moment of relaxation or social interaction, possibly before or after a significant event.2. **Space Station or Spacecraft Interior**: The futuristic design with control panels and screens indicates a high-tech environment, likely a spacecraft or space station. This setting implies advanced technology and possibly a narrative involving space travel or exploration.3. **Forest or Jungle**: The lush greenery and the presence of a large, leafy creature suggest a natural, possibly alien environment. This setting could be part of a story involving exploration of a new planet or encountering alien life forms.4. **Underwater Scene**: The aquatic setting with a large, glowing creature and a person in a diving suit implies a narrative involving underwater exploration or a submerged civilization.5. **Forest or Jungle with a Creature**: The presence of a large, winged creature in a forest setting suggests a narrative involving mythical or fantastical creatures, possibly in a story set in a dense, natural environment.6. **Forest or Jungle",2506,259308,0.0097,2940,15,15000,0,64,1
tt0499549,Does the man initially appear in a medical setting?,Yes.,"Yes, the man initially appears in a medical setting.",2506,259308,0.0097,2940,15,15000,0,64,1
tt0499549,Is there any physical contact in the discussions?,No.,"Yes, there is physical contact in the discussions. In one of the images, two characters are seen holding hands, suggesting a moment of connection or support.",2506,259308,0.0097,2940,15,15000,0,64,1
tt0499549,Does the man leave the cafeteria during the video?,No.,"Yes, the man leaves the cafeteria and walks through a forest.",2506,259308,0.0097,2940,15,15000,0,64,1
tt0499549,Is technology prominently featured in the clip?,Yes.,"Yes, technology is prominently featured in the clip.",2506,259308,0.0097,2940,15,15000,0,64,1
tt0499549,Is the interaction between the man and the military figure friendly?,No.,"The image you've provided shows a scene from a movie where a man is interacting with a military figure. The interaction appears to be friendly, as the man is smiling and the military figure is looking at him with a neutral expression. The setting seems to be a casual, possibly celebratory environment, indicated by the presence of a bar and people in the background.",2506,259308,0.0097,2940,15,15000,0,64,1
tt0499549,Does the conversation in the dimly lit room occur before the cafeteria scene?,Yes.,"No, the conversation in the dimly lit room occurs after the cafeteria scene.",2506,259308,0.0097,2940,15,15000,0,64,1
tt0499549,Does the man wake up before engaging in intense discussions?,Yes.,"The images provided seem to be from a science fiction movie, and they depict various scenes with characters in different settings. The first image shows a person in a dark room, which could be a part of a narrative where the character is in a state of rest or contemplation. The subsequent images show characters in what appears to be a futuristic or alien environment, suggesting that the narrative involves advanced technology and possibly extraterrestrial life.The images do not provide enough context to determine if the man wakes up before engaging in intense discussions. However, based on the visual cues, it seems that the characters are involved in a storyline that includes exploration, interaction with advanced technology, and possibly encounters with non-human entities. The intense discussions could be a part of the plot where characters are strategizing, debating, or sharing critical information.If you have a specific question about the images or the context of the movie, please provide more details so I can assist you better.",2506,259308,0.0097,2940,15,15000,0,64,1
tt0499549,Does the military figure appear before the serious discussions take place?,Yes.,"No, the military figure appears after the serious discussions take place.",2506,259308,0.0097,2940,15,15000,0,64,1
tt0499549,Are crutches presented before the detailed technological interaction?,No.,"Yes, crutches are presented before the detailed technological interaction.",2506,259308,0.0097,2940,15,15000,0,64,1
tt0499549,Does the opening of the man's eyes precede his wheelchair use?,Yes.,"No, the opening of the man's eyes does not precede his wheelchair use. The images provided do not show any direct relationship between the man opening his eyes and his wheelchair use. The images seem to depict different scenes or moments, and there is no clear connection between them.",2506,259308,0.0097,2940,15,15000,0,64,1
tt0499549,What happens before the man engages with technology?,He wakes up in a medical room.,"The video begins with a black screen, suggesting a transition or the start of a new segment. It then shows a person in a wheelchair at a bar, indicating a social or public setting. The scene shifts to a person in a space suit, suggesting a science fiction or space exploration theme. The video continues with a character in a futuristic setting, possibly a spaceship or a high-tech facility, with a focus on a holographic display and a person in a blue uniform. The narrative progresses to a character in a lush, green environment, possibly a forest or jungle, with a sense of action or exploration. The video then shows a character in a futuristic setting, possibly a spaceship or a high-tech facility, with a focus on a holographic display and a person in a blue uniform. The video continues with a character in a futuristic setting, possibly a spaceship or a high-tech facility, with a focus on a holographic display and a person in a blue uniform. The video concludes with a character in a futuristic setting, possibly a spaceship or a high-tech facility, with a focus on a holographic display and a person in a blue uniform.",2506,259308,0.0097,2940,15,15000,0,64,1
tt0499549,What occurs just before the cafeteria scene?,The man is seen adapting to wheelchair use in a high-tech setting.,"A person in a wheelchair is shown in a dimly lit room with a large screen in the background, suggesting a futuristic setting.",2506,259308,0.0097,2940,15,15000,0,64,1
tt0499549,What leads to the intense discussions in dimly lit rooms?,The man's initial adjustment and interaction with military personnel.,"The intense discussions in dimly lit rooms are likely related to the complex and high-stakes nature of the events unfolding in the video. The scenes depict characters in various states of distress, conflict, and urgency, suggesting that the discussions are about critical matters that require careful consideration and strategic planning. The dim lighting and serious expressions of the characters imply that the topics of discussion are of a serious and possibly dangerous nature.",2506,259308,0.0097,2940,15,15000,0,64,1
tt0499549,What precedes the man receiving crutches?,The military figure approaches him in the cafeteria.,"The man receiving crutches is shown in a bar setting, where he is being approached by a person in a wheelchair. The scene transitions to the man in the wheelchair handing over a crutch to the man.",2506,259308,0.0097,2940,15,15000,0,64,1
tt0499549,What event happens before the moment of silent contemplation?,A serious discussion or gesture of emphasis in the conversation.,"The moment of silent contemplation is preceded by a scene where a character is seen in a futuristic setting, possibly a spacecraft or a high-tech facility, with a calm and reflective demeanor.",2506,259308,0.0097,2940,15,15000,0,64,1
tt0499549,Before what event is technology prominently featured?,Intense discussions and negotiations.,The 20th Century Fox logo,2506,259308,0.0097,2940,15,15000,0,64,1
tt0499549,What occurs just before the man's interaction with the military figure?,His adjustment to living in a wheelchair and use of advanced technology.,"The man is seen in a futuristic setting, possibly a spaceship or a high-tech facility, with a holographic display in front of him.",2506,259308,0.0097,2940,15,15000,0,64,1
tt0824747,What is the central theme of the movie?,The quest of a mother to reunite with her missing son.,The central theme of the movie is the exploration of the human condition through the lens of a complex and multifaceted narrative.,838,55272,0.0152,980,5,15000,0,64,1
tt0824747,How does the movie portray the era it is set in?,"Through period attire, transport, and a bustling train station scene.","The movie portrays the era it is set in through its use of period-appropriate clothing, settings, and technology. The characters are dressed in 1920s fashion, with women wearing flapper dresses and men in suits and hats. The settings include a train station, a telephone switchboard room, and a church, which are all designed to reflect the architecture and design of the 1920s. The technology used in the movie, such as the telephone switchboard and the train, are also consistent with the era. The color palette of the movie is muted, with a lot of earth tones and pastels, which adds to the overall atmosphere of the time period.",838,55272,0.0152,980,5,15000,0,64,1
tt0824747,What role does the media play in the story?,It intensifies the public spectacle around the boy's return.,The media plays a significant role in the story by providing information and context to the characters and the audience.,838,55272,0.0152,980,5,15000,0,64,1
tt0824747,What is the significance of the train station in the movie?,"It serves as the backdrop for the reunion, symbolizing arrivals, departures, and moments of transition.","The train station is a pivotal location in the movie, serving as a backdrop for significant events and character interactions.",838,55272,0.0152,980,5,15000,0,64,1
tt0824747,What does the train station's hustle signify in the movie?,The chaos of public life and the personal turmoil of the characters.,"The train station's hustle signifies the busy and dynamic nature of the setting, likely in the early 20th century.",838,55272,0.0152,980,5,15000,0,64,1
tt0824747,Is the entire movie set at the train station?,No.,"No, the movie is not set entirely at the train station. While the train station is a significant location in the film, the story also takes place in other settings such as a telephone exchange, a police station, and various streets and alleys. The train station serves as a central hub for the characters' interactions and plot developments, but the narrative spans multiple environments.",838,55272,0.0152,980,5,15000,0,64,1
tt0824747,Is the boy portrayed as eager and happy during the reunion?,No.,"No, the boy is not portrayed as eager and happy during the reunion.",838,55272,0.0152,980,5,15000,0,64,1
tt0824747,Does the movie provide a definitive answer to the boy's identity?,No.,"No, the movie does not provide a definitive answer to the boy's identity.",838,55272,0.0152,980,5,15000,0,64,1
tt0824747,Does the story take place in modern times?,No.,No.,838,55272,0.0152,980,5,15000,0,64,1
tt0824747,Is the emotional climax of the reunion followed by public scrutiny?,No.,"Yes, the emotional climax of the reunion is followed by public scrutiny.",838,55272,0.0152,980,5,15000,0,64,1
tt0824747,Does the story reveal the boy's true identity before the reunion with Christine?,No.,"No, the story does not reveal the boy's true identity before the reunion with Christine.",838,55272,0.0152,980,5,15000,0,64,1
tt0824747,What scene occurs before the train station becomes crowded with reporters?,Officials preparing for the publicized reunion.,"The scene before the train station becomes crowded with reporters shows a woman in a green dress and a man in a suit and hat standing in front of a train. The woman is speaking to the man, who is holding a briefcase. The train station is empty, and there are no other people visible in the scene.",838,55272,0.0152,980,5,15000,0,64,1
tt0824747,"Before the emotional climax, what is shown in the movie?",The mounting tension and the formal proceedings involving the boy.,"The movie shows a scene where a woman is standing in a room with a vintage telephone switchboard, surrounded by numerous telephone operators. She appears to be in a moment of contemplation or concern. The setting suggests a historical context, possibly the early to mid-20th century, given the style of clothing and the design of the telephone equipment. The woman is wearing a hat and a light-colored blouse, and her expression is one of worry or deep thought. The room is dimly lit, with the primary light source coming from the switchboard and the windows, which adds to the dramatic atmosphere.",838,55272,0.0152,980,5,15000,0,64,1
tt0824747,What event starts the mother's suspicion about the boy's identity?,Meals and bath times reveal unsettling discoveries.,The event that starts the mother's suspicion about the boy's identity is the boy's arrival at the house.,1006,68012,0.0148,1176,6,15000,0,64,1
tt0824747,How does the mother attempt to verify her suspicions?,She measures the boy's height against marked doorways.,The mother attempts to verify her suspicions by confronting the father.,1006,68012,0.0148,1176,6,15000,0,64,1
tt0824747,Where does the mother seek help for her doubts?,She interacts with law enforcement and authority figures.,The mother seeks help for her doubts at the Pacific Telephone Co.,1006,68012,0.0148,1176,6,15000,0,64,1
tt0824747,What emotions are portrayed by the mother throughout the investigation?,"Distress, determination, and concern.","Throughout the investigation, the mother's emotions range from concern and worry to determination and resolve. She is seen in various states of distress, such as covering her mouth with her hand, looking worried, and showing signs of distress. However, as the investigation progresses, she also demonstrates a strong and determined demeanor, suggesting a resolve to uncover the truth.",1006,68012,0.0148,1176,6,15000,0,64,1
tt0824747,What illustrates the mother's care despite her suspicions?,She hugs the boy affectionately after measuring him.,"The mother's care is illustrated by her protective and concerned demeanor as she watches over her child, despite her suspicions.",1006,68012,0.0148,1176,6,15000,0,64,1
tt0824747,What objects play a significant role in this story?,A marked doorway for measuring height and files in formal discussions.,"The objects that play a significant role in this story include:1. A clock: This object is visible in the background of one of the scenes, indicating the passage of time and possibly the urgency or importance of the events unfolding.2. A telephone: This object is used by the characters in the scenes, suggesting communication and coordination between different locations or individuals.3. A hat: The hat worn by the characters is a recurring element, possibly indicating a specific time period or a particular character trait.4. A uniform: The uniform worn by one of the characters suggests a professional or official role, which could be related to the story's plot.5. A map: The map visible in one of the scenes could be used for navigation or to convey information about a location or route.6. A train: The train is a significant object in the story, as it is the mode of transportation for the characters and could be central to the plot.7. A building: The building in the background of one of the scenes could be a significant location in the story, such as a workplace, home, or meeting place.8. A palm tree: The palm tree visible in one of the scenes could indicate a specific location or time period, such as a coastal or tropical",1006,68012,0.0148,1176,6,15000,0,64,1
tt0824747,What atmosphere is prevalent in these critical moments of the story?,A dimly lit and emotionally charged environment.,"The atmosphere prevalent in these critical moments of the story is one of tension and urgency. The characters are engaged in serious and intense interactions, with expressions of concern and determination. The setting is often dimly lit, which adds to the sense of drama and suspense. The scenes are filled with action and emotion, suggesting that the characters are facing significant challenges or conflicts.",1006,68012,0.0148,1176,6,15000,0,64,1
tt0824747,What actions does the mother take when she begins to doubt the boy's identity?,"She observes, measures, and confronts the boy.","The mother's actions include calling the boy by his name, asking him questions, and showing him a picture to confirm his identity.",1006,68012,0.0148,1176,6,15000,0,64,1
tt0824747,How is the mother's interaction with authorities depicted?,Through formal and tense discussions in office settings.,"The mother's interaction with authorities is depicted as a tense and emotional confrontation, as she is seen pleading with a police officer and is shown in a state of distress.",1006,68012,0.0148,1176,6,15000,0,64,1
tt0824747,What change occurs in the mother's demeanor towards the boy?,From caring to confrontational as her suspicions arise.,The mother's demeanor changes from being stern to being more affectionate and comforting towards the boy.,1006,68012,0.0148,1176,6,15000,0,64,1
tt0824747,What signifies the climax of the mother's investigation?,Her urgent interactions in a medical or institutional setting.,"The climax of the mother's investigation is signified by her standing in a doorway, looking determined and focused, with a sense of urgency in her posture and expression.",1006,68012,0.0148,1176,6,15000,0,64,1
tt0824747,How does the setting contribute to the story's mood?,The dim lighting and period-style offices add to the tension.,"The setting, with its dark and moody atmosphere, contributes to the story's mood by creating a sense of mystery and tension. The dim lighting and shadows add to the suspense, while the old-fashioned clothing and setting suggest a time period that is significant to the story. The presence of a clock in the background could also indicate the importance of time in the narrative.",1006,68012,0.0148,1176,6,15000,0,64,1
tt0824747,What detail highlights the mother's emotional turmoil?,Clutching a hat to her head in a moment of distress.,The mother's emotional turmoil is highlighted by her tears.,1006,68012,0.0148,1176,6,15000,0,64,1
tt0824747,How does the narrative convey the mother's relentless pursuit?,Through sequenced confrontations and urgent inquiries.,"The narrative conveys the mother's relentless pursuit through her actions and expressions. She is seen walking with determination, her eyes fixed on a destination, and her face set in a determined expression. She is also shown to be in a hurry, suggesting that she is on a mission to find something or someone. Additionally, the use of close-ups of her face and hands emphasizes her emotional state and the intensity of her search.",1006,68012,0.0148,1176,6,15000,0,64,1
tt0824747,What differs in the mother's interaction with the boy and authorities?,She shows care to the boy and confronts the authorities.,"The mother's interaction with the boy is a private, emotional moment, while her interaction with the authorities is a formal, public encounter.",1006,68012,0.0148,1176,6,15000,0,64,1
tt0824747,Is there an affectionate moment between the mother and the boy?,Yes.,"The image you've provided does not show any affectionate moment between the mother and the boy. It appears to be a scene from a movie or TV show with various characters in different settings, but without a clear context, it's difficult to determine the nature of the relationship or any specific moment of affection. If you have a specific image or scene in mind, please provide more details or a different image for a more accurate description.",1006,68012,0.0148,1176,6,15000,0,64,1
tt0824747,Does the mother confront an authority figure about her doubts?,Yes.,"Yes, the mother confronts an authority figure about her doubts.",1006,68012,0.0148,1176,6,15000,0,64,1
tt0824747,Do the formal discussions provide immediate answers to the mother?,No.,"No, the formal discussions do not provide immediate answers to the mother.",1006,68012,0.0148,1176,6,15000,0,64,1
tt0824747,Is the setting modern-day?,No.,No.,1006,68012,0.0148,1176,6,15000,0,64,1
tt0824747,Does the mother find conclusive evidence of the boy's true identity at home?,No.,"No, the mother does not find conclusive evidence of the boy's true identity at home.",1006,68012,0.0148,1176,6,15000,0,64,1
tt0824747,Is the mother depicted as aggressive towards the boy?,No.,"No, the mother is not depicted as aggressive towards the boy.",1006,68012,0.0148,1176,6,15000,0,64,1
tt0824747,Does a third person intervene during the mother's discussions with authorities?,No.,"Yes, a third person, a man in a uniform, appears to intervene or assist during the mother's discussions with authorities.",1006,68012,0.0148,1176,6,15000,0,64,1
tt0824747,Does the mother hug the boy before measuring him against the door?,No.,"No, the mother does not hug the boy before measuring him against the door.",1006,68012,0.0148,1176,6,15000,0,64,1
tt0824747,Is the confrontation with the authority figure before the medical inquiry scene?,Yes.,No.,1006,68012,0.0148,1176,6,15000,0,64,1
tt0824747,Does the woman hand over the folder before being escorted across the office?,Yes.,"No, the woman hands over the folder after being escorted across the office.",1006,68012,0.0148,1176,6,15000,0,64,1
tt0824747,Is the urgency in the woman's demeanor shown before discussing with the authority figure?,No.,"Yes, the urgency in the woman's demeanor is shown before discussing with the authority figure.",1006,68012,0.0148,1176,6,15000,0,64,1
tt0824747,"In the video, does the bath scene occur before the measurement against the wall chart?",Yes.,"No, the bath scene does not occur before the measurement against the wall chart.",1006,68012,0.0148,1176,6,15000,0,64,1
tt0824747,Does the woman enter the office before engaging in a negotiation with the man?,Yes.,"Yes, the woman enters the office before engaging in a negotiation with the man.",1006,68012,0.0148,1176,6,15000,0,64,1
tt0824747,Is the deep thought or reading scene before the tense conversation in the office?,Yes.,"No, the deep thought or reading scene is not before the tense conversation in the office.",1006,68012,0.0148,1176,6,15000,0,64,1
tt0824747,What happens just before the woman measures the boy?,She wraps him in a towel.,The woman is seen walking towards the boy with a concerned expression.,1006,68012,0.0148,1176,6,15000,0,64,1
tt0824747,What occurs just before the formal discussion in the office?,The woman hands over a folder to a man.,A man in a uniform approaches the woman.,1006,68012,0.0148,1176,6,15000,0,64,1
tt0824747,What do we see happening before the woman's urgent interaction in a medical setting?,A serious conversation with an unseen individual.,"The scene opens with a dark frame, suggesting a transition or a moment of suspense. It then cuts to a woman in a vintage setting, wearing a light-colored dress and a hat with a feather, standing in a room with a clock on the wall. She appears to be in a state of concern or urgency. The scene transitions to a man in a police uniform, who is also looking concerned or surprised. The setting appears to be a public space, possibly a train station or a similar location, with other people in the background. The man is holding a woman's hand, and they seem to be in a moment of distress or urgency. The scene then cuts to a woman in a vintage setting, wearing a green dress and a hat, standing in a room with a map on the wall. She appears to be in a state of concern or urgency. The scene transitions to a man in a police uniform, who is also looking concerned or surprised. The setting appears to be a public space, possibly a train station or a similar location, with other people in the background. The man is holding a woman's hand, and they seem to be in a moment of distress or urgency. The scene then cuts to a woman in a vintage setting, wearing a light-colored dress and",1006,68012,0.0148,1176,6,15000,0,64,1
tt0824747,"In the video sequence, what happens before the mother's confrontation with the authority figure?",She discovers discrepancies in the boy's height.,"Before the mother's confrontation with the authority figure, she is seen in a room with a vintage telephone switchboard, indicating her role as a switchboard operator. She is dressed in period attire, including a hat and a light-colored blouse, which suggests the setting is in the early 20th century. The room is dimly lit, with a single lamp providing light, and there are several telephone lines and switches visible on the switchboard. The mother appears to be focused on her work, but her expression changes to one of concern or worry as she looks at the clock on the wall, which reads 10:10. This could imply that she is running late or is concerned about the time. The scene then transitions to the mother walking down a street lined with palm trees, suggesting a warm climate. She is wearing a hat and a light-colored coat, and she appears to be in a hurry, looking around as she walks. The scene then cuts to a close-up of the mother's face, where she looks concerned or worried. The scene then transitions to a close-up of the mother's face again, where she looks surprised or shocked. The scene then cuts to a close-up of the mother's face again, where she looks angry or upset.",1006,68012,0.0148,1176,6,15000,0,64,1
tt0824747,What leads to the mother engaging in tense negotiations?,Her mounting suspicions and need for answers.,The mother is engaged in tense negotiations due to the situation with her son.,1006,68012,0.0148,1176,6,15000,0,64,1
tt0824747,What precedes the woman's moment of distress or shock clutching a hat?,A man in a study showing concern.,"The woman is seen walking down a street in a vintage setting, wearing a hat and a coat, and looking at a clock on a pole.",1006,68012,0.0148,1176,6,15000,0,64,1
tt0824747,"Before visiting the police station, what does the mother do?",Measures the boy’s height against a marked doorway.,She walks down a street.,1006,68012,0.0148,1176,6,15000,0,64,1
tt0824747,What event occurs directly before the emotional hug between the mother and the boy?,The mother appears troubled by her findings.,"The emotional hug between the mother and the boy occurs directly after the scene where the boy is sitting on a bench, looking down at a book.",1006,68012,0.0148,1176,6,15000,0,64,1
tt0824747,What themes are central to the interactions depicted in the video?,"Themes of conflict, mistrust, and the search for truth predominate.","The video depicts a series of interactions that suggest themes of urgency, secrecy, and possibly a narrative involving time-sensitive information or events. The characters are engaged in what appears to be a clandestine conversation, with one character seemingly in distress or urgency, as indicated by their body language and facial expressions. The setting, which includes a clock on the wall, may imply a sense of time pressure or the importance of the information being exchanged. The attire of the characters, including hats and formal clothing, suggests a period setting, possibly the early 20th century, which could add to the historical or dramatic context of the scene.",1251,90552,0.0138,1568,8,15000,0,64,1
tt0824747,How does the narrative progression impact the atmosphere?,The narrative deepens the sense of suspense and emotional turmoil.,The narrative progression impacts the atmosphere by creating a sense of continuity and flow.,1251,90552,0.0138,1568,8,15000,0,64,1
tt0824747,What is the significance of the detailed settings?,Settings underscore the personal struggle amid broader societal and criminal machinations.,"The detailed settings in the video are significant because they provide context and atmosphere to the scenes. They help to establish the time period, location, and mood of the scenes, which can enhance the viewer's understanding and engagement with the content.",1251,90552,0.0138,1568,8,15000,0,64,1
tt0824747,How do the characters' behaviors contribute to the storyline?,"Behaviors reflect internal conflicts, societal pressure, and a determination for resolution.","The characters' behaviors contribute to the storyline by creating a sense of urgency and tension. The woman's actions suggest she is trying to communicate or warn someone, while the man's reactions indicate he is being pursued or is in a dangerous situation. The young boy's curiosity and the man's concern for him add a layer of innocence and vulnerability to the story. The woman's distress and the man's determination to protect her suggest a narrative of danger, survival, and possibly a larger conspiracy or threat.",1251,90552,0.0138,1568,8,15000,0,64,1
tt0824747,What role do law enforcement figures play?,"They add layers of complexity, authority, and potentially sinister motives.","Law enforcement figures are present in the scene, indicating a possible investigation or response to an incident.",1251,90552,0.0138,1568,8,15000,0,64,1
tt0824747,How are the woman and the boy portrayed throughout?,As central figures caught in a web of deceit and personal struggle.,"The woman and the boy are portrayed as central characters in the narrative, with the woman often appearing in scenes that suggest a sense of urgency or concern, while the boy is shown in various states of emotion, from surprise to contemplation. Their interactions and expressions suggest a significant relationship, possibly mother and son, and their presence in different settings indicates a storyline that spans various locations and times.",1251,90552,0.0138,1568,8,15000,0,64,1
tt0824747,What emotional tones are prevalent?,"Tones of distress, determination, and contemplation are prevalent.","The emotional tones prevalent in the images include concern, urgency, and a sense of impending doom or crisis. The characters' expressions and body language suggest they are in a state of distress or are reacting to a significant and possibly dire situation.",1251,90552,0.0138,1568,8,15000,0,64,1
tt0824747,Does the environment hint at specific historical settings?,"Yes, suggesting a mid-20th-century backdrop, possibly indicating deeper societal themes.","Yes, the environment hints at specific historical settings.",1251,90552,0.0138,1568,8,15000,0,64,1
tt0824747,Describe the main actions depicted in the scenes.,"Conversations, confrontations, reflective moments, and authoritative interactions.","The video begins with a black screen, which transitions to a scene of a woman wearing a beige hat and a light-colored dress, standing in a room with a vintage telephone switchboard. She appears to be speaking into a microphone or telephone. The scene then shifts to a man in a dark uniform with a hat, standing in a room with a vintage telephone switchboard, looking at a piece of paper. The next scene shows a woman in a green dress and a beige hat, standing in a room with a vintage telephone switchboard, looking at a piece of paper. The scene then transitions to a man in a dark uniform with a hat, standing in a room with a vintage telephone switchboard, looking at a piece of paper. The final scene shows a woman in a beige hat and a light-colored dress, standing in a room with a vintage telephone switchboard, looking at a piece of paper.",1251,90552,0.0138,1568,8,15000,0,64,1
tt0824747,How do the evening scenes contrast with those set in daylight?,"Evening scenes are tenser, while daylight brings mundane reality or clearer confrontations.","The evening scenes are darker and more subdued, with a focus on indoor settings and nighttime activities, while the daytime scenes are brighter and more vibrant, with outdoor settings and daytime activities.",1251,90552,0.0138,1568,8,15000,0,64,1
tt0824747,What is implied by the silent actions in some frames?,They imply deep emotional processing or moments of decision.,"The silent actions in some frames imply a moment of contemplation or a significant pause in the narrative, suggesting that the characters are either reflecting on what has just occurred or are waiting for something to happen.",1251,90552,0.0138,1568,8,15000,0,64,1
tt0824747,"How does the presence of objects, like a record player, influence a scene?","They alter dynamics, introducing elements of normalcy or historical context.","The presence of objects like a record player can influence a scene by adding a layer of context and atmosphere. It can suggest a time period, a mood, or a character's personality. For example, a vintage record player might indicate a setting from the early to mid-20th century, while its presence could also imply that the character has a taste for classic music or enjoys moments of leisure and relaxation.",1251,90552,0.0138,1568,8,15000,0,64,1
tt0824747,Is the movement between settings depicted smoothly?,"Yes, transitions suggest a fluid narrative, shifting focus among central themes.","Yes, the movement between settings is depicted smoothly, with the camera transitioning from one scene to another in a way that suggests continuity and flow.",1251,90552,0.0138,1568,8,15000,0,64,1
tt0824747,How is technology represented in the storyline?,"As tools for communication, potentially surveillance, or as period-appropriate elements.","The storyline features a character working at a switchboard in a room filled with numerous wires and switches, indicating a setting that relies heavily on technology.",1251,90552,0.0138,1568,8,15000,0,64,1
tt0824747,Are there moments of calm amid the tenseness?,"Yes, scenes depict reflective or subtly interactional moments.","Yes, there are moments of calm amid the tenseness.",1251,90552,0.0138,1568,8,15000,0,64,1
tt0824747,Do scenes involving the police convey a sense of safety or danger?,"They convey ambiguity, blending safety with undercurrents of danger or deceit.",Danger,1251,90552,0.0138,1568,8,15000,0,64,1
tt0824747,Does the video depict any direct violence?,Yes.,"No, the video does not depict any direct violence.",1251,90552,0.0138,1568,8,15000,0,64,1
tt0824747,Is there a demonstration of family unity?,No.,"Yes, there is a scene where a family is gathered together, suggesting a demonstration of family unity.",1251,90552,0.0138,1568,8,15000,0,64,1
tt0824747,Does the technology used indicate a modern setting?,No.,"No, the technology used in the video does not indicate a modern setting.",1251,90552,0.0138,1568,8,15000,0,64,1
tt0824747,Is there a physical altercation between the main characters?,No.,"No, there is no physical altercation between the main characters in the scenes provided.",1251,90552,0.0138,1568,8,15000,0,64,1
tt0824747,Does the woman's confrontation occur before the investigation scenes?,Yes.,"Yes, the woman's confrontation occurs before the investigation scenes.",1251,90552,0.0138,1568,8,15000,0,64,1
tt0824747,Is the boy seen alone before being interacted with by adults?,No.,"Yes, the boy is seen alone in a room before being interacted with by adults.",1251,90552,0.0138,1568,8,15000,0,64,1
tt0824747,Do scenes of tension precede the quieter moments of reflection?,Yes.,"Yes, scenes of tension precede the quieter moments of reflection.",1251,90552,0.0138,1568,8,15000,0,64,1
tt0824747,Is the police briefing shown before the domestic confrontations?,No.,"Yes, the police briefing is shown before the domestic confrontations.",1251,90552,0.0138,1568,8,15000,0,64,1
tt0824747,Does the nighttime altercation happen before the conversations about the boy's identity?,Yes.,"Yes, the nighttime altercation happens before the conversations about the boy's identity.",1251,90552,0.0138,1568,8,15000,0,64,1
tt0824747,Does the man in the suit appear before we see the woman's distress in the home setting?,Yes.,"No, the man in the suit appears after the woman's distress in the home setting.",1251,90552,0.0138,1568,8,15000,0,64,1
tt0824747,What occurs just before the climax of tension in the storyline?,A heated exchange or crucial revelation.,"The scene transitions to a man in a suit and hat, standing in a room with a clock on the wall, indicating a sense of urgency or time-sensitive situation.",1251,90552,0.0138,1568,8,15000,0,64,1
tt0824747,"In the video sequence, what do we see happening before the law enforcement's nighttime operation?",A briefing or planning session.,"The video sequence shows a woman in a vintage setting, a man in a police uniform, and a young boy in a room with a map on the wall.",1251,90552,0.0138,1568,8,15000,0,64,1
tt0824747,What happens before the woman engages in a troubled phone call?,She exhibits distress or receives troubling information.,The woman is seen walking down a hallway.,1251,90552,0.0138,1568,8,15000,0,64,1
tt0824747,What precedes the appearance of the record player in the scene?,A normal domestic routine or breakfast scene.,The appearance of the record player in the scene is preceded by a woman wearing a hat and a man wearing a hat and a suit.,1251,90552,0.0138,1568,8,15000,0,64,1
tt0824747,"Before the outdoor confrontation, what action is depicted?",A suspense-building indoor scenario or shift in focus to the characters involved.,"The image shows a person standing in a room with a vintage aesthetic, wearing a hat and a coat, and looking out of a window. The scene suggests a moment of contemplation or observation.",1251,90552,0.0138,1568,8,15000,0,64,1
tt0824747,"Before the tense conversation in the dim corridor, what do we see?",A buildup of suspense or a shift from a separate interaction.,A woman in a vintage-style outfit with a hat and a man in a uniform standing in a dimly lit corridor.,1251,90552,0.0138,1568,8,15000,0,64,1
tt0824747,How is the theme of identity explored in the movie?,"Through discrepancies in the boy’s dental records and knowledge, challenging his identity as Christine's son.","The theme of identity is explored through the character's transformation from a woman to a man, as seen in the scenes where the character is seen in a man's clothing and interacting with others in a masculine role.",1481,115640,0.0128,1960,10,15000,0,64,1
tt0824747,What visual cues indicate a time of historical context?,"The design of the classroom, attire of characters, and the exterior of buildings.","The visual cues indicating a time of historical context include the clothing style, such as the hats and dresses, and the setting, which includes a room with a vintage telephone and a map on the wall.",1481,115640,0.0128,1960,10,15000,0,64,1
tt0824747,How do interactions with medical professionals impact the narrative?,A dentist and medical staff in the asylum provide evidence and context to Christine's solitary fight.,"The interactions with medical professionals, such as the nurse and the doctor, suggest a progression of the story, possibly indicating a medical condition or treatment.",1481,115640,0.0128,1960,10,15000,0,64,1
tt0824747,Are scenes of public interest shown before the detailed discussions in official settings?,Yes.,"Yes, scenes of public interest are shown before the detailed discussions in official settings.",1481,115640,0.0128,1960,10,15000,0,64,1
tt0993846,How does the couple's relationship dynamic appear?,Conflict-ridden yet intimately connected.,"The images provided depict various scenes from the movie ""The Wolf of Wall Street,"" which centers around the life of stockbroker Jordan Belfort. The scenes show a mix of professional and personal interactions, with a focus on the character's relationships and the dynamics of his personal life.In the images, we see a range of emotions and interactions between characters. There are scenes that suggest a sense of camaraderie and friendship among colleagues, as well as moments that hint at romantic relationships. The expressions and body language of the characters convey a sense of intensity, passion, and sometimes chaos, which is characteristic of the film's portrayal of high-stakes finance and the excesses of the 1980s Wall Street culture.The couple's relationship dynamic appears to be central to the narrative, with scenes showing them in intimate moments, suggesting a close and possibly tumultuous relationship. The images capture the complexity of their interactions, with moments of affection and moments of tension.Please note that without the actual images, I can only describe the general context and the types of scenes that are typically associated with the movie. If you have specific images, I can provide a more detailed analysis based on those visuals.",3365,224224,0.015,3528,18,15000,0,64,1
tt0993846,How does the couple handle their disputes?,By eventually getting intimate.,"In the movie ""The Wolf of Wall Street,"" the couple's relationship is portrayed with a mix of humor and tension. They handle their disputes in a somewhat unconventional manner, often involving physical confrontations and playful arguments. The scenes depict a dynamic and sometimes chaotic relationship, with the couple's interactions ranging from heated exchanges to more lighthearted moments. The movie suggests that their relationship is passionate and intense, with both partners being quite expressive and sometimes aggressive in their communication.",3365,224224,0.015,3528,18,15000,0,64,1
tt0993846,Does the couple's relationship only involve arguments?,No.,"No, the couple's relationship involves both arguments and moments of affection.",3365,224224,0.015,3528,18,15000,0,64,1
tt0993846,"Before the couple gets intimate, what is usually depicted?",Their argument and conflict resolution.,"The scene before the couple gets intimate typically shows a moment of connection or a significant event that leads to the intimate moment. In the context of the images provided, it seems to depict a moment of celebration or a significant achievement, as indicated by the champagne toasts and the overall festive atmosphere. The characters are shown in various social and celebratory settings, suggesting that the intimate moment is a culmination of the events leading up to it.",3365,224224,0.015,3528,18,15000,0,64,1
tt0993846,What is the main theme depicted in the movie scenes?,Professional interactions and significant events in a corporate setting.,"The main theme depicted in the movie scenes is the fast-paced and high-stakes world of finance and stock trading. The scenes show characters in a trading room, with elements such as a clock indicating the time (9:32), a trading floor with multiple people, and a helicopter shot over a cityscape, suggesting the urgency and dynamism of the financial markets. The characters are dressed in business attire, and there are references to financial concepts like ""long"" and ""short"" positions, indicating a focus on investment strategies. The scenes also include moments of celebration and disappointment, reflecting the emotional highs and lows associated with trading and financial success.",3647,248920,0.0147,3920,20,15000,0,64,1
tt0993846,How do the employees react to the significant corporate event?,"With a mix of emotions, including enthusiasm, tension, and celebration.","The employees are shown celebrating the significant corporate event, with some raising their arms in triumph and others cheering.",3647,248920,0.0147,3920,20,15000,0,64,1
tt0993846,What significant action does a leader take to rally the team?,Gives an impassioned speech emphasizing success and wealth.,"The leader is seen holding a microphone and addressing a large crowd, likely rallying the team with a motivational speech.",3647,248920,0.0147,3920,20,15000,0,64,1
tt0993846,Are there any notably uncomfortable or humiliating moments depicted?,"Yes, a man is coerced into swallowing a goldfish.","Yes, there are several scenes in the video that depict notably uncomfortable or humiliating moments. These include a character being physically restrained, another character being in a state of distress or discomfort, and a scene where a character is shown in a vulnerable and potentially embarrassing situation. The video contains a range of emotional and physical situations that could be considered uncomfortable or humiliating for the characters involved.",3647,248920,0.0147,3920,20,15000,0,64,1
tt0993846,How does the professional setting contribute to the movie’s narrative?,It provides a backdrop for the blend of professional and personal dynamics.,"The professional setting in the movie contributes significantly to the narrative by establishing the characters' environments and roles within a corporate world. The scenes in the office, trading floor, and other professional spaces serve to highlight the characters' interactions, their professional attire, and the dynamics of their work environment. These settings often reflect the characters' personalities, their relationships with colleagues, and the challenges they face in their careers. The fast-paced and intense atmosphere of the trading floor, for instance, underscores the high stakes and competitive nature of the financial world, which is a central theme of the movie. The office settings, with their formal attire and structured environment, provide a backdrop for the characters' personal and professional interactions, adding depth to the story and the characters' development.",3647,248920,0.0147,3920,20,15000,0,64,1
tt0993846,Is there a shift in employee morale throughout the movie?,"Yes, shifting from tension and humiliation to motivation and celebration.","Yes, there is a shift in employee morale throughout the movie. Initially, the employees are shown in a state of panic and chaos, with one character shouting ""SELL! SELL! SELL!"" and others frantically trying to make trades. The scene is chaotic, with people running around and the environment is filled with urgency and panic.As the movie progresses, the employees' morale improves. They are shown celebrating, with one character raising his fist in triumph and others cheering. The environment is more relaxed, and the employees are seen smiling and enjoying themselves.The final scene shows the employees in a celebratory mood, with one character holding a trophy and others clapping and cheering. The overall atmosphere is one of joy and triumph, indicating a significant shift in employee morale from the beginning to the end of the movie.",3647,248920,0.0147,3920,20,15000,0,64,1
tt0993846,What key actions take place in the corporate setting?,"Meetings, presentations, and a significant speech by a leader.","In the corporate setting depicted in the images, several key actions take place:1. **Phone Calls**: A man is seen talking on a phone, indicating communication or receiving important information.2. **Business Meetings**: A group of people are gathered around a table, suggesting a meeting or discussion is taking place.3. **Celebratory Gesture**: A man is seen raising his fist, which could indicate a moment of triumph or celebration.4. **Dancing**: A man is dancing, which is an unusual and possibly celebratory action in a corporate environment.5. **Confidential Conversation**: A man is seen whispering to another man, indicating a private or confidential discussion.6. **Work Environment**: The setting includes typical office elements such as desks, chairs, and a clock, suggesting a regular workday scenario.7. **Social Interaction**: A man is seen talking to a woman, indicating social interaction or networking within the workplace.8. **Dress Code**: The attire of the individuals ranges from formal suits to more casual clothing, reflecting a mix of roles or a relaxed dress code.9. **Emotional Moments**: A man is seen with his hand on his chest, which could indicate a moment of emotional expression or reaction.10. **Business Strategy",3647,248920,0.0147,3920,20,15000,0,64,1
tt0993846,Describe the atmosphere during the significant speech.,Charged with enthusiasm and focus on future success.,"The atmosphere during the significant speech is one of intense focus and anticipation. The room is filled with a large crowd of people, many of whom are looking towards the speaker with expressions of interest and engagement. The lighting is bright, highlighting the speaker and the audience, and the setting appears to be a formal or professional environment, possibly a conference or a meeting. The speaker is holding a microphone, suggesting that they are addressing the crowd formally. The overall mood is one of importance and gravity, as the speaker seems to be delivering a message of significance to the audience.",3647,248920,0.0147,3920,20,15000,0,64,1
tt0993846,What actions reflect the movie’s culmination in a successful event?,"Celebratory gestures, applause, and scenes of jubilation.","The actions that reflect the movie's culmination in a successful event include the character in the suit raising his arms in a victorious gesture, the group of people celebrating with champagne, and the scene where the character in the suit is surrounded by a crowd of people cheering and clapping. These scenes suggest a moment of triumph and celebration, likely following a successful outcome of the events leading up to that point in the movie.",3647,248920,0.0147,3920,20,15000,0,64,1
tt0993846,Is there any moment of confrontation or reprimand in the office?,"Yes, including a public humiliation and heated exchanges.","Yes, there is a scene where a man in a suit is seen reprimanding another individual in the office.",3647,248920,0.0147,3920,20,15000,0,64,1
tt0993846,How do characters engage during intense business discussions?,With a mix of assertive and attentive behaviors.,"In the scenes from the movie ""The Wolf of Wall Street,"" characters engage in intense business discussions through various expressions and body language. They are often seen in office settings, on the phone, or in meetings, with expressions ranging from serious and focused to animated and passionate. The characters are dressed in business attire, which suggests a formal and professional environment. The discussions are often accompanied by gestures, such as pointing, raising hands, and leaning in, indicating a high level of engagement and possibly disagreement or debate. The scenes capture the fast-paced and often chaotic nature of high-stakes business dealings.",3647,248920,0.0147,3920,20,15000,0,64,1
tt0993846,What reactions are depicted during the humiliating goldfish scene?,Jeering and applause by onlookers.,The reactions depicted during the humiliating goldfish scene include a man in a suit looking shocked and another man in a suit looking concerned.,3647,248920,0.0147,3920,20,15000,0,64,1
tt0993846,How does office authority manifest in the movie?,Through public reprimand and leadership speeches.,"In the movie ""The Wolf of Wall Street,"" office authority is manifested through various scenes that depict the hierarchical structure and the dynamics of power within the financial world. Here are some key ways authority is portrayed:1. **Power Dynamics in Meetings**: Scenes show a man in a suit addressing a group of employees, suggesting he is in a position of authority. His gestures and the attention he commands from the audience indicate his role as a leader or someone with significant influence.2. **Business Transactions and Deals**: The movie highlights the financial transactions and deals that are central to the characters' lives. Authority figures are often seen making deals, negotiating, or overseeing these transactions, which are critical to the plot.3. **Dress Code and Appearance**: Characters who are in positions of authority often wear formal attire, such as suits and ties, which is a common symbol of professionalism and power in corporate settings.4. **Communication and Decision-Making**: Authority figures are often seen making decisions or giving instructions, as evidenced by scenes where characters are shown talking on the phone or giving presentations.5. **Physical Spaces and Decor**: The office environment is decorated in a way that reflects the status of the individuals within it. For example, the presence of a large American flag and the opulent",3647,248920,0.0147,3920,20,15000,0,64,1
tt0993846,Is there a scene depicting an uncomfortable act of swallowing a goldfish?,Yes.,"Yes, there is a scene depicting an uncomfortable act of swallowing a goldfish.",3647,248920,0.0147,3920,20,15000,0,64,1
tt0993846,Is a significant portion of the movie set outside the office environment?,No.,"Yes, the movie includes scenes set outside the office environment.",3647,248920,0.0147,3920,20,15000,0,64,1
tt0993846,Are technological devices heavily featured in the movie's scenes?,No.,"Yes, technological devices are heavily featured in the movie's scenes.",3647,248920,0.0147,3920,20,15000,0,64,1
tt0993846,Is there a scene where employees show disinterest or boredom during the speech?,No.,"Yes, there is a scene where employees show disinterest or boredom during the speech.",3647,248920,0.0147,3920,20,15000,0,64,1
tt0993846,Is physical violence a central theme in the workplace interactions?,No.,"No, physical violence is not a central theme in the workplace interactions shown in the images. The images depict a variety of scenes from a workplace setting, including meetings, discussions, and social interactions among colleagues. There is no depiction of physical violence in these images.",3647,248920,0.0147,3920,20,15000,0,64,1
tt0993846,"In the movie, does the man swallow the goldfish before the speech about wealth?",Yes.,"No, the man does not swallow the goldfish before the speech about wealth. The scene shows him holding the goldfish while speaking, but he does not consume it.",3647,248920,0.0147,3920,20,15000,0,64,1
tt0993846,"In the film, does the conflict resolution occur before the humiliating act?",No.,No.,3647,248920,0.0147,3920,20,15000,0,64,1
tt0993846,Does the movie depict team collaboration before scenes of individual achievement?,Yes.,"The images you've provided seem to depict various scenes from a movie, likely a scene where teamwork and individual achievement are central themes. The images show a group of people in a meeting room, a man in a suit talking on the phone, a scene with a person in a blue shirt, and a group of individuals in a room with a person in a suit holding a tablet. These scenes suggest a setting where collaboration and communication are key, leading up to moments of individual success or recognition. The presence of a tablet and a person in a suit could imply a business or corporate environment where teamwork and individual contributions are valued.",3647,248920,0.0147,3920,20,15000,0,64,1
tt0993846,Is the inspirational speech given before the scene of planning and strategizing?,No.,No.,3647,248920,0.0147,3920,20,15000,0,64,1
tt0993846,What happens before the man is coerced into swallowing a goldfish?,A moment of public reprimand.,"The man is shown in a crowded room, seemingly in a state of distress or surprise, with his mouth open as if he is about to speak or react to something.",3647,248920,0.0147,3920,20,15000,0,64,1
tt0993846,What precedes the scene of humiliation and public reprimand in the office?,Discussions and a mocking setup.,"The scene of humiliation and public reprimand in the office is preceded by a scene where a man is sitting at a desk, talking on the phone, with a concerned expression on his face.",3647,248920,0.0147,3920,20,15000,0,64,1
tt0993846,What happens right before the scene where the goldfish is thrown?,A confrontation and navigation through the office.,"The scene transitions to a man in a suit standing in a room with a large window, looking out at the cityscape. He is talking on a phone and appears to be in a conversation.",3647,248920,0.0147,3920,20,15000,0,64,1
tt0993846,What locations are featured in the video?,"An office, monitoring room, a shooting range, and an upscale restaurant.","The video features a variety of locations, including:1. A busy street scene with a large American flag and a building with the name ""WALL ST.""2. A crowded office environment with multiple people working at desks.3. A room with a large window showing a cityscape, where a man is talking on a phone.4. A scene with a man in a suit standing in a room with a large window and a view of a city.5. A room with a large window showing a cityscape, where a man is talking on a phone.6. A scene with a man in a suit standing in a room with a large window and a view of a city.7. A room with a large window showing a cityscape, where a man is talking on a phone.8. A scene with a man in a suit standing in a room with a large window and a view of a city.9. A room with a large window showing a cityscape, where a man is talking on a phone.10. A scene with a man in a suit standing in a room with a large window and a view of a city.11. A room with a large window showing a cityscape, where a man is talking on a phone",3703,255192,0.0145,4116,21,15000,0,64,1
tt0993846,How does the video transition between scenes?,From surveillance in office settings to secretive discussions in a restaurant.,"The video transitions between scenes with a black screen, indicating a change in location or time.",3703,255192,0.0145,4116,21,15000,0,64,1
tt0993846,What types of activities dominate the narrative?,"Surveilling, preparing for undisclosed activities, and serious conversations.",The narrative is dominated by activities related to finance and business.,3703,255192,0.0145,4116,21,15000,0,64,1
tt0993846,Describe the nature of the conversations shown.,"Tense, serious, possibly involving legal or clandestine topics.","The images from the movie ""The Wolf of Wall Street"" depict various scenes that suggest a fast-paced and intense environment, typical of high-stakes financial trading. Conversations shown in these images are likely to be about financial strategies, trades, and market analysis, given the setting of a trading floor. The expressions and body language of the characters indicate that the conversations are often urgent and high-energy, reflecting the fast-paced nature of the financial world.",3703,255192,0.0145,4116,21,15000,0,64,1
tt0993846,How many people are involved in the significant discussions?,Primarily two people in intense dialogues in the restaurant scenes.,two,3703,255192,0.0145,4116,21,15000,0,64,1
tt0993846,Is there a display of technological use in the video?,"Yes, surveillance monitoring and assembling of a gun.","Yes, there is a display of technological use in the video.",3703,255192,0.0145,4116,21,15000,0,64,1
tt0993846,Are the scenes more inclined towards public or private settings?,"Primarily private and controlled settings, including an exclusive restaurant.","The scenes in the images are a mix of both public and private settings. Some images show public settings such as a busy street, a crowded office, and a bustling restaurant, while others depict more private settings like a bedroom, a living room, and a personal office. The variety of settings suggests a narrative that includes both professional and personal aspects of the characters' lives.",3703,255192,0.0145,4116,21,15000,0,64,1
tt0993846,What mood is conveyed through the lighting and settings?,"A secretive, intense, and serious atmosphere.","The mood conveyed through the lighting and settings in the images is one of intensity and urgency. The dimly lit room with the American flag in the background suggests a serious and patriotic atmosphere, possibly indicating a high-stakes business environment. The crowded room with people standing and sitting, along with the clock showing 9:23, implies a sense of time pressure and the importance of the events taking place. The close-up of the man with the phone to his ear and the blurred background of a busy office further emphasizes the focus on the individual's actions and the importance of the conversation. The image of the man in the suit with the phone also suggests a professional setting, likely related to finance or business, given the context of the movie. The overall mood is one of high tension and importance, consistent with the themes of the movie.",3703,255192,0.0145,4116,21,15000,0,64,1
tt0993846,What actions are taken to prepare for surveillance?,"Assembling a handgun, setting up audio monitoring, and practicing at a shooting range.","The video shows a scene where a person is preparing for surveillance. They are seen wearing a suit and tie, which suggests a formal or professional setting. The individual is also seen using a phone, possibly to coordinate or communicate with others. The environment appears to be an office or a similar workspace, with desks and office equipment visible. The person is focused and seems to be in a state of readiness, indicating that they are preparing for a task that requires observation or monitoring.",3703,255192,0.0145,4116,21,15000,0,64,1
tt0993846,Describe any specific instructions shown in the video.,NO HEAD SHOTS engraved on a wooden surface during gun assembly.,"The video is a montage of scenes from a movie, featuring various characters in different settings. The scenes include:1. A close-up of a person's face, with a blurred background, suggesting a focus on the individual's expression.2. A scene with a person in a suit, standing in a room with a view of a cityscape through a window, indicating a high-rise office environment.3. A scene with a person in a suit, talking on a phone, with a blurred background, suggesting a focus on the conversation.4. A scene with a person in a suit, sitting at a desk with papers and a computer, indicating a work setting.5. A scene with a person in a suit, standing in a room with a view of a cityscape through a window, suggesting a high-rise office environment.6. A scene with a person in a suit, sitting at a desk with papers and a computer, indicating a work setting.7. A scene with a person in a suit, standing in a room with a view of a cityscape through a window, suggesting a high-rise office environment.8. A scene with a person in a suit, sitting at a desk with papers and a computer, indicating a work setting.9. A scene",3703,255192,0.0145,4116,21,15000,0,64,1
tt0993846,Are any safety precautions depicted?,Ear protection worn at the shooting range.,"The images you've provided appear to be stills from the movie ""The Wolf of Wall Street."" While the images themselves do not depict explicit safety precautions, the context of the movie involves high-stakes financial dealings, which can be risky and often require careful management to avoid legal and financial pitfalls. The characters in the movie are portrayed as taking significant risks in their pursuit of wealth and success, which can be seen as a form of risk management in the financial world. However, it's important to note that the movie is a dramatization and does not provide real-world advice on safety precautions.",3703,255192,0.0145,4116,21,15000,0,64,1
tt0993846,How is information exchanged in the discussions?,Through gestures and serious tones in a quiet restaurant setting.,"The images from the movie ""The Wolf of Wall Street"" depict various scenes where information is exchanged through different means. Here are some examples:1. **Phone Calls**: Characters are seen making phone calls, which suggests that information is being communicated over the phone.2. **In-Person Meetings**: There are scenes where characters are engaged in face-to-face conversations, likely discussing business matters or sharing information.3. **Written Notes**: One image shows a character holding a piece of paper, which could imply that information is being shared through written notes or documents.4. **Body Language and Gestures**: Characters are seen using hand gestures and body language to emphasize points during conversations, indicating that non-verbal cues are also a part of the information exchange.5. **Public Displays**: In one scene, a character is seen making a public display of information, possibly to attract attention or make a statement.6. **Digital Devices**: There are images of characters using digital devices, which could imply that information is being exchanged through emails, texts, or other digital means.7. **Public Announcements**: In one scene, a character is seen making a public announcement, which suggests that information is being shared with a wider audience.These methods of information exchange reflect the fast-paced and",3703,255192,0.0145,4116,21,15000,0,64,1
tt0993846,Is there any visible tension in the interactions?,"Yes, visible gestures and facial expressions convey seriousness.","The images you've provided appear to be from various scenes of a movie or TV show, and they depict a range of interactions among characters. While I can't provide specific details about the content of the scenes, I can describe the general atmosphere suggested by the images.In some images, the characters seem to be engaged in serious or intense conversations, which could indicate tension in their interactions. For example, one image shows a character with a stern expression, possibly indicating a disagreement or a confrontation. Another image shows a character looking concerned or upset, which could suggest a tense moment in the scene.However, without more context or a clearer view of the expressions and body language of the characters, it's difficult to definitively say if there is visible tension in all the interactions. Some images may show moments of calm or casual conversation, which would not necessarily indicate tension.If you have specific questions about certain scenes or characters, feel free to ask, and I can provide more detailed insights based on the available images.",3703,255192,0.0145,4116,21,15000,0,64,1
tt0993846,Do any outdoor elements influence the scene?,Rainy streets set a somber mood for the restaurant discussions.,"Yes, the scene is set outdoors with a clear sky and a few clouds.",3703,255192,0.0145,4116,21,15000,0,64,1
tt0993846,How does the environment affect the narrative?,Dim lighting and privacy emphasize the gravity of conversations.,"The environments in the images from the movie ""The Wolf of Wall Street"" play a significant role in the narrative by setting the tone and context for the characters' actions and interactions. Here's a breakdown of how each environment contributes to the story:1. **Wall Street Setting**: The bustling environment of Wall Street, with its crowded trading floors and financial district backdrop, underscores the fast-paced and high-stakes nature of the financial world. It sets the stage for the protagonist's rise to power and the subsequent chaos of his downfall.2. **Office and Trading Floor**: The office scenes show a typical corporate environment, with desks, computers, and financial data. This setting highlights the protagonist's work ethic and his ability to manipulate the market, as well as the cutthroat nature of the business world.3. **Helicopter and Car Chase**: The action-packed scenes involving a helicopter and car chase emphasize the protagonist's reckless behavior and the consequences of his actions. The high-speed, adrenaline-fueled sequences contrast with the more mundane office scenes, adding a layer of danger and excitement to the narrative.4. **Restaurant and Bar**: The scenes in restaurants and bars show the protagonist's excesses and the lifestyle of the wealthy elite. These settings are often associated with indulgence and",3703,255192,0.0145,4116,21,15000,0,64,1
tt0993846,Are there signs of conflict or disagreement?,"No physical conflict, but intense exchanges suggest serious disagreements.","The images you've provided appear to be from various scenes of a movie or television show, and they depict a range of interactions and settings. While I can't provide specific details about the content of the scenes without more context, I can describe what I see:1. A sign with ""WALL ST"" indicating a location, likely a financial district.2. A scene with a person in a suit, suggesting a professional or business setting.3. A person in a suit talking on a phone, which could imply a business call or negotiation.4. A scene with a person in a suit looking at a document, possibly reviewing financial data or a report.5. A person in a suit with a concerned or thoughtful expression, which might indicate a moment of decision-making or contemplation.6. A scene with a person in a suit looking at a document, which could be another moment of review or analysis.7. A person in a suit with a surprised or shocked expression, which might suggest an unexpected revelation or news.8. A scene with a person in a suit looking at a document, which could be another moment of review or analysis.9. A person in a suit with a concerned or thoughtful expression, which might indicate a moment of decision-making or contempl",3703,255192,0.0145,4116,21,15000,0,64,1
tt0993846,Does the video depict any violent actions?,No.,"No, the video does not depict any violent actions. It shows a series of scenes from a movie with various characters in different settings, including office environments, a restaurant, and a room with a bed. The scenes include characters engaged in conversations, one character holding a phone, and another character sitting at a table. The video does not show any violent actions.",3703,255192,0.0145,4116,21,15000,0,64,1
tt0993846,Are the individuals participating in a public gathering?,No.,"Yes, the individuals are participating in a public gathering.",3703,255192,0.0145,4116,21,15000,0,64,1
tt0993846,Do the discussions result in an evident resolution?,No.,"The images you've provided appear to be stills from the movie ""The Wolf of Wall Street."" While I can describe the scenes and the characters, I cannot provide a summary of the plot or the resolution of the discussions as that would require a detailed analysis of the entire movie's narrative. The discussions in the movie often revolve around financial dealings, business strategies, and personal relationships, and their outcomes are part of the film's storyline.",3703,255192,0.0145,4116,21,15000,0,64,1
tt0993846,Is the surveillance successful in capturing incriminating evidence?,Unclear.,"The image you've provided appears to be a collage of scenes from the movie ""The Wolf of Wall Street."" While it's not possible to determine the success of surveillance in capturing incriminating evidence based solely on these still images, we can infer that the movie's plot involves themes of financial fraud and illegal activities, which would typically require covert surveillance to gather evidence. The scenes depicted include characters in various settings, such as offices, restaurants, and private residences, which are common locations for such activities to take place. However, without specific context or knowledge of the movie's plot, we cannot conclude whether surveillance was successful in capturing evidence.",3703,255192,0.0145,4116,21,15000,0,64,1
tt0993846,Do the technological preparations indicate an immediate threat?,Unclear.,"The images provided do not show any direct indication of an immediate threat. They appear to be scenes from a movie or television show, depicting various characters in different settings, such as a trading floor, a car, a restaurant, and a room. The scenes do not show any signs of imminent danger or threat.",3703,255192,0.0145,4116,21,15000,0,64,1
tt0993846,Is the final conversation concluded in a peaceful manner?,Yes.,"The final image you've provided shows a scene where a person is speaking into a microphone, seemingly addressing a crowd in a room. The context of the conversation is not clear from this single image alone, but the person appears to be speaking in a calm and composed manner. However, without additional context or the ability to see the entire conversation, it's not possible to determine if the final conversation concluded in a peaceful manner.",3703,255192,0.0145,4116,21,15000,0,64,1
tt0993846,Does the restaurant discussion happen before the shooting range practice?,No.,"The images provided do not show a clear sequence of events, but they do depict various scenes from the movie. The restaurant discussion and the shooting range practice are two distinct scenes. The restaurant discussion appears to be a casual conversation between two individuals, while the shooting range practice is a more intense and focused activity. Without a specific image that connects these two scenes, it's not possible to determine if the restaurant discussion happens before the shooting range practice. The images provided do not show any direct connection between these two scenes.",3703,255192,0.0145,4116,21,15000,0,64,1
tt0993846,Does the assembling of the handgun occur after the confidential phone conversation?,Yes.,"Yes, the assembly of the handgun occurs after the confidential phone conversation.",3703,255192,0.0145,4116,21,15000,0,64,1
tt0993846,Is the rainy cityscape shown before the indoor restaurant conversation?,Yes.,No.,3703,255192,0.0145,4116,21,15000,0,64,1
tt0993846,Is the serious office conversation shown before the tense restaurant discussions?,Yes.,No.,3703,255192,0.0145,4116,21,15000,0,64,1
tt0993846,What happens before the assembling of the handgun?,A confidential phone conversation in an office setting.,"The scene transitions to a man in a suit standing in a room with a large window, overlooking a cityscape. He is holding a phone to his ear and appears to be engaged in a conversation. The room is filled with other individuals, some of whom are also on the phone. The man in the suit is then seen walking through a hallway, passing by a reception area with a desk and a person seated behind it. The scene continues with the man in the suit entering a room where a group of people are gathered around a table with a large, colorful object on it. The man in the suit is seen standing near the table, looking at the object with a focused expression. The scene then shifts to a different setting, where the man in the suit is standing in a room with a large window, overlooking a cityscape. He is holding a phone to his ear and appears to be engaged in a conversation. The room is filled with other individuals, some of whom are also on the phone. The man in the suit is then seen walking through a hallway, passing by a reception area with a desk and a person seated behind it. The scene continues with the man in the suit entering a room where a group of people are gathered around a table with a large, colorful",3703,255192,0.0145,4116,21,15000,0,64,1
tt0993846,What occurs just before the shooting range practice?,"A handgun is prepared, potentially checking the magazine.","A man is seen in a room with a clock showing 9:23, and he is talking on a phone.",3703,255192,0.0145,4116,21,15000,0,64,1
tt0993846,"Before wearing ear protection at the range, what does the individual do?",Prepares a handgun.,"The individual is seen wearing a headset, which is likely used for communication or to listen to instructions during a shooting session.",3703,255192,0.0145,4116,21,15000,0,64,1
tt0993846,What event precedes the serious restaurant conversations?,"Assembling a handgun signified by ""NO HEAD SHOTS"".","The event that precedes the serious restaurant conversations is a celebration at a bar, where a man is seen dancing and another is holding a trophy, indicating a celebratory atmosphere.",3703,255192,0.0145,4116,21,15000,0,64,1
tt0993846,"Before the indoor discussion, what setting is shown?",Streets outside a restaurant in a rainy night.,The setting shown before the indoor discussion is a helicopter.,3703,255192,0.0145,4116,21,15000,0,64,1
tt0993846,What is the primary setting of the narrative depicted in the video?,A luxurious yacht in a harbor.,"The primary setting of the narrative depicted in the video is a bustling financial district, with scenes set in a trading floor, a helicopter, and a luxurious apartment.",3898,274204,0.0142,4312,22,15000,0,64,1
tt0993846,How do the interactions between the two main characters generally conclude?,Without any significant resolution.,"The interactions between the two main characters in the movie generally conclude with moments of revelation, confrontation, or a significant turning point in their relationship. These moments are often marked by dramatic gestures, intense expressions, and pivotal dialogue that underscore the emotional stakes of their encounter.",3898,274204,0.0142,4312,22,15000,0,64,1
tt0993846,What kind of attire do the two main individuals wear?,Casual and formal wear.,"The two main individuals are dressed in business attire, with one wearing a suit and tie and the other in a suit with a red tie.",3898,274204,0.0142,4312,22,15000,0,64,1
tt0993846,Do the conversations appear to have legal or professional undertones?,"Yes, they often do.","Yes, the conversations appear to have legal or professional undertones.",3898,274204,0.0142,4312,22,15000,0,64,1
tt0993846,Is there a depiction of an escalating confrontation in the video?,"Yes, there is.","Yes, there is a depiction of an escalating confrontation in the video.",3898,274204,0.0142,4312,22,15000,0,64,1
tt0993846,How does the dynamic between the characters develop across the scenes?,It evolves from neutral to confrontational.,"The dynamic between the characters in the scenes from the movie ""The Wolf of Wall Street"" develops from a sense of camaraderie and celebration to a more serious and intense atmosphere. Initially, the characters are seen in a celebratory mood, with one character holding a trophy and others raising their arms in triumph, suggesting a successful event or achievement. The scene transitions to a more serious tone with characters engaged in intense phone calls, indicating a shift to a more critical or high-stakes situation. The dynamic further evolves as the characters are seen in various states of distress and confrontation, with one character appearing to be in a heated argument and another character looking distressed and possibly in a state of denial or shock. The final scenes depict a more somber and reflective mood, with characters in contemplative or somber states, suggesting a turning point or aftermath of the events that have transpired.",3898,274204,0.0142,4312,22,15000,0,64,1
tt0993846,Is the setting depicted as affluent or upscale?,"Yes, it is.","Yes, the setting is depicted as affluent or upscale.",3898,274204,0.0142,4312,22,15000,0,64,1
tt0993846,How do the men express disagreement in the video?,Through serious discussions and body language.,The men express disagreement by raising their hands and gesturing in a manner that suggests they are in the middle of a heated discussion or argument.,3898,274204,0.0142,4312,22,15000,0,64,1
tt0993846,What actions accompany the conversations on the yacht?,"Hand gestures, document exchanges, and object throwing.","The conversations on the yacht are accompanied by actions such as gesturing, pointing, and a man standing with his hands on his hips.",3898,274204,0.0142,4312,22,15000,0,64,1
tt0993846,Does the setting significantly change throughout the narrative?,"No, it remains consistent.","No, the setting does not significantly change throughout the narrative. The scenes are primarily set in an office environment, with the main character often seen in a suit, suggesting a professional setting. The color palette is consistent with the office theme, featuring neutral tones and occasional pops of color from clothing and office decor. The lighting is artificial, typical of indoor office spaces, and the camera angles are straightforward, focusing on the characters and their immediate surroundings.",3898,274204,0.0142,4312,22,15000,0,64,1
tt0993846,How is the atmosphere during the conversations depicted?,Usually serene but with underlying tension.,The atmosphere during the conversations is depicted as intense and high-stakes.,3898,274204,0.0142,4312,22,15000,0,64,1
tt0993846,Do bystanders play a significant role in the narrative?,They occasionally observe but do not play a main role.,"Yes, bystanders play a significant role in the narrative.",3898,274204,0.0142,4312,22,15000,0,64,1
tt0993846,What leads to the action of throwing an object?,An escalating confrontation.,"The action of throwing an object is not directly related to any specific image in the provided sequence. However, if we consider the context of the images, it seems that the individual in the second image, who is in a car, might be reacting to something off-screen or in response to a situation that is not depicted in the still images. The object being thrown could be a representation of frustration or a symbolic gesture related to the narrative of the scene. Without additional context, it's difficult to determine the exact cause of the action.",3898,274204,0.0142,4312,22,15000,0,64,1
tt0993846,Are any items exchanged during the meetings?,"Yes, documents are exchanged.","Yes, in one of the scenes, a piece of paper is being handed over, suggesting the exchange of information or documents.",3898,274204,0.0142,4312,22,15000,0,64,1
tt0993846,Does a physical altercation occur between the individuals?,No.,No physical altercation occurs between the individuals in the video.,3898,274204,0.0142,4312,22,15000,0,64,1
tt0993846,Is there a peaceful resolution shown between the confronting parties?,No.,"The image you've provided appears to be a montage of scenes from the movie ""The Wolf of Wall Street."" It shows various characters in different situations, including scenes of confrontation, celebration, and interaction. However, without specific context or the ability to analyze the dialogue and actions of the characters, it's not possible to definitively say if there's a peaceful resolution shown between the confronting parties. The montage does not provide enough information to determine the outcomes of the confrontations or the overall resolution of the storylines depicted.",3898,274204,0.0142,4312,22,15000,0,64,1
tt0993846,Is the conversation on the yacht always formal and tense?,Not always.,"No, the conversation on the yacht is not always formal and tense. The video shows a mix of formal and casual interactions, with some scenes depicting a more relaxed atmosphere.",3898,274204,0.0142,4312,22,15000,0,64,1
tt0993846,Does anyone fall into the water during the confrontations?,No.,"No, there are no scenes in the provided images where anyone falls into the water during confrontations. The images depict various scenes from a movie, including confrontations, but none of them involve someone falling into the water.",3898,274204,0.0142,4312,22,15000,0,64,1
tt0993846,Are emotions like regret or disdain visibly expressed by the characters?,Yes.,"Yes, the characters in the images exhibit a range of emotions, including what appears to be regret or disdain. For example, in one image, a character is seen with a hand on their forehead, which could suggest a gesture of frustration or disappointment. In another image, a character is shown with a stern expression, which might indicate disdain or a serious demeanor. These expressions are part of the emotional spectrum portrayed in the scenes depicted in the images.",3898,274204,0.0142,4312,22,15000,0,64,1
tt0993846,Is the American flag used as a backdrop in the scenes?,Yes.,Yes.,3898,274204,0.0142,4312,22,15000,0,64,1
tt0993846,"In the video, is the document exchanged before the confrontation escalates?",Yes.,"Yes, the document is exchanged before the confrontation escalates.",3898,274204,0.0142,4312,22,15000,0,64,1
tt0993846,Does the heated discussion precede the object being thrown?,Yes.,Yes,3898,274204,0.0142,4312,22,15000,0,64,1
tt0993846,Does the arrival of a third person occur after the initial disagreement?,Yes.,"Yes, the arrival of a third person occurs after the initial disagreement.",3898,274204,0.0142,4312,22,15000,0,64,1
tt0993846,Is the serious conversation held before the peaceful outcome is sought?,Yes.,Yes,3898,274204,0.0142,4312,22,15000,0,64,1
tt0993846,Are gestural explanations made before the document handover?,No.,"The image you've provided appears to be a collage of scenes from the movie ""The Wolf of Wall Street."" It includes various scenes with characters in different settings, such as a trading floor, a car, a restaurant, and a bedroom. The scenes depict characters engaging in conversations, making gestures, and reacting to different situations. However, without specific context or a particular scene in focus, it's challenging to provide a detailed gestural explanation. If you have a specific scene or moment from the movie you're interested in, I can provide a more detailed description or analysis of the gestures and actions shown in that context.",3898,274204,0.0142,4312,22,15000,0,64,1
tt0993846,What occurs just before the man mockingly throws an object?,A heated argument.,"A man is seen in a room with a large window, looking out at the cityscape.",3898,274204,0.0142,4312,22,15000,0,64,1
tt0993846,"Before the casual and formal attire individuals converse, what do we see?",The yacht's serene setting.,A scene with a person in a suit standing in front of a large window with a cityscape view.,3898,274204,0.0142,4312,22,15000,0,64,1
tt0993846,"Just before the third person joins the conversation, what is shown?",Two men in a serious discussion.,"A close-up of a person's face, looking contemplative or concerned.",3898,274204,0.0142,4312,22,15000,0,64,1
tt0993846,What do we see happening before the escalation of the confrontation?,A disagreement or misunderstanding.,"The video shows a series of scenes from a movie where a character is seen in various settings, including a crowded room with a large American flag, a helicopter, a car interior, a restaurant, and a room with a large window. The character is dressed in business attire, suggesting a professional or corporate environment. The scenes depict moments of conversation, contemplation, and interaction with others. The escalation of the confrontation is not directly shown in the still images provided, but the context suggests a buildup to a climactic moment involving the character in a tense situation.",3898,274204,0.0142,4312,22,15000,0,64,1
tt0993846,What activity is depicted just before the agents are seen leaving the yacht?,A contentious exchange or dismissive gestures.,The activity depicted just before the agents are seen leaving the yacht is a man playing pool.,3898,274204,0.0142,4312,22,15000,0,64,1
tt0993846,"Before the expression of disdain, what event transpires?",A provocative comment or action.,"The expression of disdain is preceded by a scene where a character is seen in a room with a large window, looking out at the cityscape. The scene transitions to a close-up of the character's face, displaying a look of disgust or disapproval.",3898,274204,0.0142,4312,22,15000,0,64,1
tt0993846,"Just before the discussions turn serious, what is initially depicted?",A casual or cordial interaction.,"The initial scenes depict a lively and bustling environment, likely a financial trading floor, with people engaged in various activities such as talking on phones, working at desks, and interacting with each other. The setting is filled with the energy of a busy workday, with a focus on the fast-paced nature of the financial world.",3898,274204,0.0142,4312,22,15000,0,64,1
tt1119646,What is the overall theme of the movie?,"Chaos, tension, and the pursuit of resolution amidst adversity.","The images provided do not give enough context to determine the overall theme of the movie. They appear to be a collection of scenes from different movies, each with its own distinct setting and characters. To understand the theme of a movie, one would typically need to watch the entire film or have a summary of the plot. If you can provide more context or a specific movie title, I might be able to help you better.",2840,159740,0.0178,2940,15,15000,0,64,1
tt1119646,How do the outdoor and vehicular scenes contribute to the storyline?,They drive the urgency and danger enveloping the characters’ journey.,"The outdoor and vehicular scenes contribute to the storyline by providing a sense of urgency and action. The outdoor scenes, such as the car chase and the man running through the parking lot, suggest that the characters are in a hurry or are trying to escape from something. The vehicular scenes, such as the man being pulled over by the police and the car driving down the highway, add to the sense of urgency and action. These scenes also provide a contrast to the indoor scenes, which are more static and focused on character interactions. Overall, the outdoor and vehicular scenes help to create a sense of movement and tension in the story.",2840,159740,0.0178,2940,15,15000,0,64,1
tt1119646,What role does the baby named Tyler play in the narrative?,The baby is central to the emotional and urgent motivations of the characters.,"The baby named Tyler plays a pivotal role in the narrative, serving as a catalyst for the events that unfold. Initially, the baby is seen in a car seat, suggesting a journey or a significant moment. As the narrative progresses, the baby's presence is linked to various scenes, including a moment where the baby is being held by a character in a public setting, indicating a connection to the broader plot. The baby's role seems to be central to the storyline, potentially driving the characters' actions and decisions throughout the film.",2840,159740,0.0178,2940,15,15000,0,64,1
tt1119646,What emotional states are prevalent among the characters?,"Distress, urgency, desperation, and moments of emotional reconciliation.","The emotional states of the characters in the images vary widely. Here's a breakdown:1. **Confusion and Disbelief**: One character is seen with a shocked expression, suggesting a moment of surprise or disbelief.2. **Joy and Happiness**: Several characters are smiling, indicating a positive emotional state.3. **Anxiety and Stress**: One character appears to be in a state of distress, possibly due to a stressful situation.4. **Confidence and Assertiveness**: A character is seen with a confident posture, suggesting a sense of assertiveness or self-assuredness.5. **Relaxation and Leisure**: Characters are seen in relaxed settings, such as a poolside, indicating a leisurely or relaxed emotional state.6. **Intense Focus**: A character is seen with a focused expression, possibly indicating concentration or determination.7. **Playfulness and Humor**: One character is seen with a playful expression, suggesting a light-hearted or humorous moment.8. **Seriousness and Determination**: Characters are seen in serious situations, such as in a police car, indicating a serious or determined emotional state.9. **Surprise and Alertness**: A character is seen with a surprised expression, suggesting a moment of unexpected revelation or alertness.",2840,159740,0.0178,2940,15,15000,0,64,1
tt1119646,How do confrontations with gangsters impact the storyline?,"They add danger and urgency, pushing the trio into further chaos.","The confrontations with gangsters in the movie add a layer of tension and danger to the storyline. They create a sense of urgency and risk, which can escalate the stakes for the characters involved. These confrontations often serve as pivotal moments that can reveal character traits, such as bravery or vulnerability, and can also advance the plot by driving the characters towards a resolution or a turning point in their journey. They can also provide a backdrop for action sequences or dramatic confrontations, which are common in many genres of film.",2840,159740,0.0178,2940,15,15000,0,64,1
tt1119646,Describe the impact of the domestic scenes on the narrative.,"They reveal personal stakes and emotional depths, adding layers to the crisis.","The domestic scenes in the video contribute to the narrative by providing a glimpse into the characters' personal lives and relationships. These scenes include a man and a woman in a bedroom, a man in a suit standing in a room with a woman, and a man and a woman in a kitchen. These interactions suggest a sense of intimacy and familiarity between the characters, indicating that they are likely close friends or family members. The domestic scenes also provide a contrast to the more public and adventurous scenes, highlighting the different aspects of the characters' lives and the relationships they have with each other. Overall, the domestic scenes add depth and complexity to the narrative by showing the characters in a more personal and vulnerable light.",2840,159740,0.0178,2940,15,15000,0,64,1
tt1119646,How does the movie conclude with regards to the trio and the baby?,"The movie culminates in resolving the immediate crises, focusing on safety and revelations.","The movie concludes with the trio, consisting of two men and a baby, in a moment of reconciliation and acceptance. The baby, who has been a central figure throughout the film, is being lovingly held by one of the men. The setting is a domestic environment, suggesting a return to normalcy and a sense of family. The two men appear to have come to terms with their situation, and the baby's presence brings a sense of warmth and resolution to the narrative. The film ends on a hopeful note, with the characters finding a way to move forward together.",2840,159740,0.0178,2940,15,15000,0,64,1
tt1119646,Describe the initial confrontation with the gangsters.,"Tense and threatening, leading to physical danger for the characters.","The initial confrontation with the gangsters takes place in a dimly lit room with a large window in the background. The room has a vintage feel, with a classic car parked outside and a neon sign that reads ""TACOMA"" visible through the window. The atmosphere is tense, with the gangsters dressed in dark clothing and armed with guns. The main character, a man with a beard and glasses, is in a defensive stance, holding a gun and preparing for a confrontation. The gangsters approach the man, and a tense standoff ensues. The scene is filled with tension and anticipation as the characters prepare for a potential shootout.",2840,159740,0.0178,2940,15,15000,0,64,1
tt1119646,What is depicted in the vehicular escape scenes?,"Urgent driving, evasion of threats, and attempts to escape danger.","The vehicular escape scenes depict a car chase with a vintage car being pursued by police. The car is seen speeding down a road with other vehicles in the background, and the driver is shown in a state of urgency and excitement. The scenes capture the thrill and danger of the chase, with the vintage car narrowly avoiding being caught by the police.",2840,159740,0.0178,2940,15,15000,0,64,1
tt1119646,How are phone conversations portrayed in the movie?,"They convey urgency, plot progression, and critical emotional moments.","Phone conversations in the movie are portrayed in various settings and contexts. In one scene, a character is seen talking on a phone while standing in a room with a large mirror, reflecting the image of another character. In another scene, a character is talking on a phone while sitting in a car, with a police officer in the background. In a third scene, a character is talking on a phone while standing in a room with a painting on the wall. In a fourth scene, a character is talking on a phone while sitting in a car, with a police officer in the background. In a fifth scene, a character is talking on a phone while standing in a room with a painting on the wall. In a sixth scene, a character is talking on a phone while sitting in a car, with a police officer in the background. In a seventh scene, a character is talking on a phone while standing in a room with a painting on the wall. In an eighth scene, a character is talking on a phone while sitting in a car, with a police officer in the background. In a ninth scene, a character is talking on a phone while standing in a room with a painting on the wall. In a tenth scene, a character is talking on a phone while sitting in",2840,159740,0.0178,2940,15,15000,0,64,1
tt1119646,What actions are taken during police confrontations?,"Attempts at negotiation, surrender, and evasion highlighting tension.","The image you've provided appears to be a collage of various scenes from a movie or television show, featuring different characters in various situations. It's not possible to provide a detailed description of actions taken during police confrontations without more context or specific images. However, I can tell you that in general, during police confrontations, actions might include:1. **Approach and Identification**: Police officers may approach individuals and ask for identification or to explain their presence in a particular area.2. **Searches**: If there is suspicion of illegal activity, police may conduct searches of people, vehicles, or property.3. **Detention**: Individuals may be detained for further questioning or to ensure their safety and the safety of others.4. **Use of Force**: In some cases, if there is a threat or resistance, police may use force, including handcuffing, pepper spray, or firearms.5. **Communication**: Police officers may communicate with individuals to de-escalate situations or to gather information.6. **Arrest**: If an individual is suspected of a crime, they may be arrested and taken into custody.7. **Documentation**: Police may document the encounter, including taking statements, collecting evidence, and recording the event.8. **Medical Assistance**:",2840,159740,0.0178,2940,15,15000,0,64,1
tt1119646,How are scenes involving the baby depicted?,"Emotional, frantic, and central to motivating character actions.","In the scenes involving the baby, the baby is seen in various contexts. In one scene, the baby is being held by a person in a room with a pool table, suggesting a casual, social setting. In another scene, the baby is in a car, being held by a person who appears to be driving, indicating a moment of travel or movement. The baby is also seen in a room with a person who seems to be interacting with the baby, possibly in a playful or caring manner. The scenes with the baby are generally depicted in a warm and domestic environment, with the baby being the focus of attention in each instance.",2840,159740,0.0178,2940,15,15000,0,64,1
tt1119646,Describe the group’s behavior in moments of crisis.,"Frantic efforts for resolution, marked by urgency and quick decision-making.","In the sequence of images from the movie, we see a group of characters in various scenes that suggest moments of crisis or high tension. Here's a summary of their behavior in those moments:1. In one image, a character is seen on a phone, possibly communicating with someone in a state of urgency or distress.2. Another image shows a character in a car, seemingly in a hurry or in a rush, which could indicate a sense of urgency or panic.3. A character is seen in a room with a concerned or anxious expression, which might suggest they are dealing with a stressful situation.4. In a scene with a group of characters, one is seen with a concerned look, possibly indicating a shared moment of worry or concern.5. A character is shown in a room with a contemplative or pensive expression, which could imply they are reflecting on a difficult situation.6. In a scene with a character in a car, they appear to be in a state of distress or shock, as indicated by their facial expression and body language.7. A character is seen in a room with a concerned or worried expression, suggesting they are dealing with a stressful or critical situation.8. In a scene with a group of characters, one is seen with a",2840,159740,0.0178,2940,15,15000,0,64,1
tt1119646,How do domestic tensions unfold in the movie?,"Through emotional discussions, revelations, and confrontations.","The image you've provided is a collage of various scenes from a movie, and it's not possible to provide a detailed analysis of the movie's plot or themes based on these still images alone. However, I can describe the scenes as they appear in the images:1. A woman is standing in a room with a large mirror, looking at her reflection while talking on the phone. The room has a modern decor with a couch and a large window.2. A man is standing in a room with a large window, looking out at a cityscape. He appears to be in a contemplative or thoughtful state.3. A man is sitting in a car, talking to someone off-screen. The car is parked in a lot with other cars in the background.4. A man is standing in a room with a large window, looking out at a cityscape. He appears to be in a contemplative or thoughtful state.5. A man is standing in a room with a large window, looking out at a cityscape. He appears to be in a contemplative or thoughtful state.6. A man is standing in a room with a large window, looking out at a cityscape. He appears to be in a contemplative or thoughtful state.7. A",2840,159740,0.0178,2940,15,15000,0,64,1
tt1119646,Is there a peaceful resolution after the initial confrontation with gangsters?,No.,"The image you've provided appears to be a collage of various scenes from a movie or television show. It shows a sequence of events that include characters in different situations, such as a man in a suit, a group of people in a room, a man in a car, and a man in a bar. However, without more context or a specific scene to focus on, it's difficult to determine if there is a peaceful resolution after an initial confrontation with gangsters.From the images provided, there are no clear indications of a peaceful resolution or an initial confrontation with gangsters. The scenes show characters in various states of activity, but without additional context or a specific scene to analyze, it's not possible to provide a detailed answer. If you have a specific scene or moment in mind, please provide more details so I can assist you better.",2840,159740,0.0178,2940,15,15000,0,64,1
tt1119646,Does the baby’s safety remain uncompromised throughout the movie?,Yes.,"Based on the images provided, the baby's safety does not remain uncompromised throughout the movie. In one of the images, the baby is shown in a car seat, which suggests a focus on safety. However, in another image, the baby is being held by an adult in a way that could be perceived as unsafe or reckless, given the context of the scene. This indicates that the baby's safety is a concern at certain points in the movie.",2840,159740,0.0178,2940,15,15000,0,64,1
tt1119646,Do urgent phone conversations contribute to plot progress?,Yes.,"The image you've provided appears to be a montage of scenes from a movie or television show, featuring various characters in different situations. While I can't provide a detailed analysis of the plot without context, I can comment on the role of urgent phone conversations in storytelling.Urgent phone conversations can indeed contribute to plot progress in several ways:1. **Revelation of Information**: They can reveal crucial information that changes the characters' understanding of the situation or their plans.2. **Character Development**: These conversations can reveal aspects of a character's personality, background, or motivations, which is essential for character development.3. **Conflict and Tension**: Urgent phone calls can create tension and conflict, especially if the conversation is stressful or if the information received is unexpected or alarming.4. **Plot Twists**: They can introduce plot twists or surprises that alter the direction of the story.5. **Emotional Impact**: Urgent phone calls can have a significant emotional impact on the characters, affecting their actions and decisions moving forward.6. **Interconnectedness**: They can highlight the interconnectedness of the characters and their stories, showing how different plot threads are linked.In the context of the scenes depicted in the image, the urgency of the phone conversations is not",2840,159740,0.0178,2940,15,15000,0,64,1
tt1119646,Is the baby ultimately found safe and sound?,Yes.,"Yes, the baby is ultimately found safe and sound.",2840,159740,0.0178,2940,15,15000,0,64,1
tt1119646,Is there a moment of emotional closure among the main characters?,Yes.,"In the image provided, there is a scene where the main characters are gathered in a room with a large window, overlooking a cityscape at night. The lighting is warm and the atmosphere appears to be intimate and reflective. The characters are engaged in a conversation, with one character looking out the window, seemingly lost in thought. This moment could be interpreted as a moment of emotional closure or introspection among the characters, as they seem to be reflecting on their experiences or the events that have transpired. The setting and the expressions on their faces suggest a sense of contemplation and connection.",2840,159740,0.0178,2940,15,15000,0,64,1
tt1119646,"In the movie, is the baby found before the final confrontation with the law?",Yes.,"Yes, the baby is found before the final confrontation with the law.",2840,159740,0.0178,2940,15,15000,0,64,1
tt1119646,Is the woman seen making a distressing phone call before the trio gets arrested?,Yes.,Yes.,2840,159740,0.0178,2940,15,15000,0,64,1
tt1119646,Is the tea or beverage poured into the glass before the emotional scene with the baby and woman?,Yes.,"No, the tea or beverage is poured into the glass after the emotional scene with the baby and woman.",2840,159740,0.0178,2940,15,15000,0,64,1
tt1119646,Do the trio attempt to navigate through traffic calmly before realizing they're being pursued?,No.,"Yes, the trio initially navigates through traffic calmly before realizing they are being pursued.",2840,159740,0.0178,2940,15,15000,0,64,1
tt1119646,What happens just before the group hastily departs from the premises?,An urgent conversation escalates.,A police officer approaches the group.,2840,159740,0.0178,2940,15,15000,0,64,1
tt1119646,"In the movie sequence, what leads up to the baby being carefully secured in the car seat?",The realization of the baby's immediate safety need.,"The sequence of images from the movie suggests a progression of events leading up to the baby being carefully secured in the car seat. Initially, we see a man in a white shirt and sunglasses driving a car, followed by a scene where he is seen from behind, driving on a highway. The next image shows the man in a white shirt and sunglasses talking on a phone while driving, indicating he is engaged in a conversation. Subsequently, the man is seen in a different setting, wearing a blue shirt and glasses, and appears to be in a conversation with someone off-camera. The final image shows the man in a white shirt and glasses, now with a baby in a car seat, suggesting that he is preparing for a journey with the baby. The careful securing of the baby in the car seat is the culmination of these events, indicating a shift from a casual conversation to a more serious and responsible action.",2840,159740,0.0178,2940,15,15000,0,64,1
tt1119646,What do we see happening before the high-stakes escape with the sports car?,The trio is confronted by a new threat.,"A man in a white shirt and sunglasses is seen driving a silver Mercedes convertible on a highway, with a woman in a green sweater standing beside him. They are both smiling and seem to be enjoying the drive.",2840,159740,0.0178,2940,15,15000,0,64,1
tt1119646,What event transpires just before the trio faces a confrontation with the gangsters?,They attempt to leave the scene unnoticed.,"The event that transpires just before the trio faces a confrontation with the gangsters is not explicitly shown in the images provided. However, based on the context of the images, it can be inferred that the trio is likely involved in some sort of misadventure or conflict that leads them to a confrontation with the gangsters. The images show the trio in various situations that suggest they are in trouble or facing challenges, such as being chased, being in a car chase, and being in a tense conversation. The final image shows the trio in a tense situation with a group of men, which suggests that they are facing a confrontation. However, the specific event that leads up to this confrontation is not depicted in the images provided.",2840,159740,0.0178,2940,15,15000,0,64,1
tt1119646,What leads up to the woman making an urgent phone call from the kitchen?,Discovering a serious problem or crisis.,"The scene transitions to a man in a white shirt and sunglasses driving a car, with a woman in a green sweater and glasses in the passenger seat. They are on a road with a clear sky and a few other cars in the background. The man is talking to the woman, and she is looking at him with a concerned expression. The scene then cuts to a man in a white shirt and glasses standing in a room with a large window, looking out at the cityscape at night.",2840,159740,0.0178,2940,15,15000,0,64,1
tt1119646,"Before the windshield is shattered, what tense situation unfolds?",A confrontation escalates outside the vehicle.,"The tense situation unfolds in a room where a group of people are gathered. One person is holding a gun, pointing it towards another individual who appears to be in a state of distress or confrontation. The atmosphere is tense, with the group's attention focused on the person with the gun, suggesting a potential conflict or standoff.",2840,159740,0.0178,2940,15,15000,0,64,1
tt1119646,What is the primary location of the movie?,The police station.,"The primary location of the movie is Las Vegas, as indicated by the neon sign ""TACITUS"" and the Las Vegas skyline in the background.",3156,185024,0.0171,3332,17,15000,0,64,1
tt1119646,Is the concept of responsibility towards one's actions explored?,"Yes, through their law enforcement interactions.","Yes, the concept of responsibility towards one's actions is explored.",3156,185024,0.0171,3332,17,15000,0,64,1
tt1119646,How do characters respond to police authority?,With varying degrees of discomfort and humor.,"In the sequence of images from the movie, characters respond to police authority in various ways. In one image, a character is seen being led away by police officers, indicating a possible arrest or detention. In another image, a character is seen in a classroom setting, seemingly in a state of distress or surprise, which could be a reaction to an unexpected encounter with police. The expressions and body language of the characters suggest a range of responses, from compliance to apparent resistance or confusion. The specific context of each scene would provide more insight into the nature of the interaction with the police authority.",3156,185024,0.0171,3332,17,15000,0,64,1
tt1119646,What mood is created during the interrogation scenes?,Tense and uncertain.,The mood created during the interrogation scenes is tense and serious.,3156,185024,0.0171,3332,17,15000,0,64,1
tt1119646,How is the atmosphere during the educational demonstration?,Educational yet filled with anticipation.,"The atmosphere during the educational demonstration appears to be lively and engaging. The setting is a classroom with students seated and attentive, suggesting an interactive learning environment. The teacher, who is the focus of the scene, is actively engaging with the students, likely explaining a concept or leading a discussion. The students' body language, with some looking at the teacher and others at their notes, indicates that they are actively participating in the lesson. The presence of a clock on the wall suggests that the class is time-bound, adding a sense of structure to the session. Overall, the atmosphere seems conducive to learning and interaction.",3156,185024,0.0171,3332,17,15000,0,64,1
tt1119646,Do the characters engage in physical confrontations?,No.,"No, the characters do not engage in physical confrontations.",3156,185024,0.0171,3332,17,15000,0,64,1
tt1119646,Is there a peaceful resolution to the conflicts?,Yes.,"The image you've provided appears to be a collage of various scenes from a movie or television show. It's difficult to determine if there's a peaceful resolution to the conflicts without more context, as the images show a variety of situations and characters. Some scenes show characters in tense or dramatic situations, while others seem more casual or everyday. To answer your question, I would need more information about the specific plot and the conflicts within the story.",3156,185024,0.0171,3332,17,15000,0,64,1
tt1119646,Is there any scene that involves a theft or crime?,No.,"Yes, there is a scene where a man is seen running away from a scene with a sense of urgency, which could imply a theft or crime.",3156,185024,0.0171,3332,17,15000,0,64,1
tt1119646,Is there a scene depicting the characters outside the police station?,No.,Yes.,3156,185024,0.0171,3332,17,15000,0,64,1
tt1119646,Do the officers show leniency towards the characters by the end?,Yes.,"The image provided does not show any direct interaction between the characters and the officers, so it's not possible to determine if the officers show leniency towards the characters by the end. The images show various scenes from the movie, but without a clear context of the characters' actions or the officers' reactions, we cannot answer this question based on the images alone.",3156,185024,0.0171,3332,17,15000,0,64,1
tt1119646,Is the phone call made after the poolside reflection?,Yes.,"Yes, the phone call is made after the poolside reflection.",3156,185024,0.0171,3332,17,15000,0,64,1
tt1119646,Are the characters handcuffed before participating in the classroom demonstration?,No.,"No, the characters are not handcuffed before participating in the classroom demonstration.",3156,185024,0.0171,3332,17,15000,0,64,1
tt1119646,Do the characters appear distressed before being taken into the interrogation room?,No.,"Yes, the characters appear distressed before being taken into the interrogation room.",3156,185024,0.0171,3332,17,15000,0,64,1
tt1119646,"In the movie sequence, what do we see happening before the intense interrogations?",Characters interacting with officers.,"The movie sequence begins with a black screen, followed by a title card that reads ""CASTING OF GIRLS"" with the names ""KEN WETNICK"" and ""LAWRENCE SHERMAN"" below it. This is followed by a scene of a man in a suit standing in front of a large mirror in a room with a woman in a red dress and another woman in a black dress. The man is talking on the phone. The scene then transitions to a man in a white shirt and glasses standing in a classroom with a chalkboard that reads ""DID YOU KNOW"" and a poster that says ""Las Vegas."" The man is looking at a woman in a green sweater who is sitting in a chair. The next scene shows a man in a white shirt and sunglasses driving a car with a woman in a blue shirt. The car is on a road with other cars and buildings in the background. The man is talking to the woman. The scene then transitions to a man in a white shirt and glasses standing in a room with a woman in a black dress. The man is talking to the woman. The next scene shows a man in a white shirt and glasses standing in a room with a woman in a black dress. The man is talking to the",3156,185024,0.0171,3332,17,15000,0,64,1
tt1119646,What event precedes the characters being taken to the interrogation room?,A misunderstanding or minor confrontation.,The characters are taken to the interrogation room after being apprehended by police officers.,3156,185024,0.0171,3332,17,15000,0,64,1
tt1119646,What happens right before the characters reflect by the poolside?,Conversations hinting at their predicament.,"The characters are in a room with a pool table, and one of them is holding a pool cue.",3156,185024,0.0171,3332,17,15000,0,64,1
tt1119646,"Before the officer throws a piece of paper on the table, what prevails?",A tense conversation.,"The scene shows a classroom setting with a teacher at the front, a student standing up, and other students seated. The teacher appears to be addressing the class, and the student standing up seems to be participating in the discussion or answering a question. The atmosphere suggests an educational environment where students are engaged in learning activities.",3156,185024,0.0171,3332,17,15000,0,64,1
tt1119646,"Before the group addresses the classroom, what activity is depicted?",The group being briefed or prepped.,"The group is depicted standing in a classroom, with one individual holding a book, suggesting they might be preparing to teach or discuss something.",3156,185024,0.0171,3332,17,15000,0,64,1
tt1119646,What unexpected event occurs during the trio's drive?,A man jumps out of the car's trunk.,"The trio's drive is interrupted by a police car, indicating a sudden and unexpected event.",3477,205016,0.017,3724,19,15000,0,64,1
tt1119646,What is the condition of the car when found?,It is in pristine condition.,The car is flipped over and damaged.,3477,205016,0.017,3724,19,15000,0,64,1
tt1119646,How does the car appear when they retrieve it?,Undamaged and clean.,The car appears to be in a state of disrepair when they retrieve it.,3477,205016,0.017,3724,19,15000,0,64,1
tt1119646,Does a naked man attack the trio with a crowbar?,Yes.,"No, the scene you've described does not involve a naked man attacking a trio with a crowbar. The images provided do not depict any such violent or aggressive actions. If you have any other questions or need information about the scenes shown in the images, feel free to ask!",3477,205016,0.017,3724,19,15000,0,64,1
tt1119646,Is the impounded car found damaged?,No.,no,3477,205016,0.017,3724,19,15000,0,64,1
tt1119646,Is their journey back to the hotel smooth and uneventful?,No.,"No, their journey back to the hotel is not smooth and uneventful.",3477,205016,0.017,3724,19,15000,0,64,1
tt1119646,Do the men drive the car out of the impound lot themselves?,Yes.,"No, the men do not drive the car out of the impound lot themselves.",3477,205016,0.017,3724,19,15000,0,64,1
tt1119646,Does the video show the actual drugging of the drinks?,No.,"No, the video does not show the actual drugging of the drinks. It only shows a person holding a drink and another person seemingly reacting to it, suggesting a possible drugging scenario.",3477,205016,0.017,3724,19,15000,0,64,1
tt1119646,What event precedes the trio's decision to return to the hotel?,Retrieving the car from the impound lot.,"The trio decides to return to the hotel after a night out, which is preceded by a scene where they are seen walking away from a hotel room, indicating they have spent the night there.",3477,205016,0.017,3724,19,15000,0,64,1
tt1119646,What's the overarching theme of the scenario?,"A series of cautious approaches, confrontations, and a plan involving a tiger.","The overarching theme of the scenario appears to be a series of events or scenes from a movie or television show, featuring a variety of characters in different settings. The images depict a range of activities and interactions, from a man talking on a phone to a group of people in a room, a man in a car, a man in a classroom, a man in a police car, a man in a room with a baby, a man in a room with a woman, a man in a room with a police officer, a man in a room with a woman and a police officer, a man in a room with a woman and a police officer, a man in a room with a woman and a police officer, a man in a room with a woman and a police officer, a man in a room with a woman and a police officer, a man in a room with a woman and a police officer, a man in a room with a woman and a police officer, a man in a room with a woman and a police officer, a man in a room with a woman and a police officer, a man in a room with a woman and a police officer, a man in a room with a woman and a police officer, a man in a room with a woman and",3694,221676,0.0167,4116,21,15000,0,64,1
tt1119646,What initiates the tension in the story?,The discovery of a tiger in a hotel room.,"The tension in the story is initiated by the character's actions and reactions, particularly when he is seen in a state of distress or surprise.",3694,221676,0.0167,4116,21,15000,0,64,1
tt1119646,How does the group plan to deal with the tiger situation?,By sedating the tiger with roofies in a steak for safe transport.,The group plans to deal with the tiger situation by using a tranquilizer gun to sedate the tiger.,3694,221676,0.0167,4116,21,15000,0,64,1
tt1119646,What's a notable shift in the atmosphere towards the end?,From tension to cautious execution of a plan involving the tiger.,"A notable shift in the atmosphere towards the end is the appearance of a police officer, which introduces a sense of urgency and potential danger.",3694,221676,0.0167,4116,21,15000,0,64,1
tt1119646,What measures are taken to address the tiger's presence?,Preparing a sedated steak to knock out the tiger for transport.,"The tiger is safely contained within a room with a large window, and a person is seen interacting with it, possibly trying to calm it down or assess the situation.",3694,221676,0.0167,4116,21,15000,0,64,1
tt1119646,How do unexpected discoveries affect the group?,Discoveries such as a child and chicken add surprise and caution.,"The group's reactions to unexpected discoveries vary. In one scene, a man is seen in a state of shock, suggesting a surprising revelation. In another scene, a man is laughing, indicating a positive and humorous reaction to an unexpected event. The group's responses to these discoveries seem to range from shock to amusement, reflecting the varied impacts of the unexpected events on their interactions and emotions.",3694,221676,0.0167,4116,21,15000,0,64,1
tt1119646,What pivotal actions escalate the story's tension?,Confrontations leading to a violent act and urgent discussions.,"The pivotal actions that escalate the story's tension include the character's phone call, which seems to be a critical moment, and the subsequent scene where the character is seen in a state of distress or urgency. The narrative also escalates with the character's actions in the classroom, where they are seen in a tense confrontation with another individual. The climax is further heightened by the character's reaction to a situation involving a police officer and a child, which suggests a turning point in the story's conflict.",3694,221676,0.0167,4116,21,15000,0,64,1
tt1119646,How does the group interact with their surroundings?,"With caution, sometimes hesitancy, in disheveled and tense situations.","The group interacts with their surroundings in various ways. In the first image, they are standing in a room with a large mirror, reflecting their surroundings. In the second image, they are in a classroom setting, with one person seated at a desk and another standing, suggesting a learning or teaching environment. In the third image, they are in a room with a pool table, indicating a recreational setting. In the fourth image, they are in a room with a bed and a person sitting on it, suggesting a private or domestic setting. In the fifth image, they are in a room with a pool table and a person standing, indicating a recreational setting. In the sixth image, they are in a room with a bed and a person sitting on it, suggesting a private or domestic setting. In the seventh image, they are in a room with a pool table and a person standing, indicating a recreational setting. In the eighth image, they are in a room with a bed and a person sitting on it, suggesting a private or domestic setting. In the ninth image, they are in a room with a pool table and a person standing, indicating a recreational setting. In the tenth image, they are in a room with a bed and a person sitting on it, suggesting a private",3694,221676,0.0167,4116,21,15000,0,64,1
tt1119646,What characterizes the final moments of the narrative?,"A mix of caution, relief, and apprehension as they execute their plan.","The final moments of the narrative are characterized by a sense of urgency and confrontation. The scene transitions to a tense moment where a character is seen running towards a police car, with a sense of urgency and confrontation. The character is then seen in a police station, where he is being questioned by a police officer. The atmosphere is tense and serious, with the character appearing to be in a difficult situation. The narrative culminates in a dramatic confrontation, with the character facing off against another character in a tense standoff. The final scene is intense and suspenseful, with the outcome hanging in the balance.",3694,221676,0.0167,4116,21,15000,0,64,1
tt1119646,Does the group initially know about the tiger in the room?,No.,"No, the group is initially unaware of the tiger in the room.",3694,221676,0.0167,4116,21,15000,0,64,1
tt1119646,Are the efforts to sedate the tiger shown to be successful?,Yes.,"The image provided does not show any efforts to sedate a tiger or any indication of whether those efforts were successful. It appears to be a scene from a movie or TV show, but without additional context or the ability to see the entire sequence of events, it's not possible to determine the outcome of any sedation attempts.",3694,221676,0.0167,4116,21,15000,0,64,1
tt1119646,Is there a resolution to the tiger's situation within the narrative?,Yes.,"No, the video does not provide a resolution to the tiger's situation.",3694,221676,0.0167,4116,21,15000,0,64,1
tt1119646,Do the group transport the tiger before confronting the chaos in the hotel room?,No.,"No, the group does not transport the tiger before confronting the chaos in the hotel room. The tiger is present in the hotel room when the chaos occurs.",3694,221676,0.0167,4116,21,15000,0,64,1
tt1119646,Does the planning to sedate the tiger happen before its successful transportation?,Yes.,"The image you've provided does not show any planning or action related to sedating a tiger. It appears to be a montage of scenes from a movie or TV show, featuring various characters in different settings. The scenes include a person in a room, a man talking on a phone, a classroom setting, a man in a car, a man in a room with a baby, a man in a room with a police officer, a man in a room with a woman, a man in a room with a police officer, a man in a room with a woman, a man in a room with a police officer, a man in a room with a woman, a man in a room with a police officer, a man in a room with a woman, a man in a room with a police officer, a man in a room with a woman, a man in a room with a police officer, a man in a room with a woman, a man in a room with a police officer, a man in a room with a woman, a man in a room with a police officer, a man in a room with a woman, a man in a room with a police officer, a man in a room with a woman, a man in a room with a police officer",3694,221676,0.0167,4116,21,15000,0,64,1
tt1119646,Is the discovery of the child before the group's cautious movement through the hotel?,No.,No.,3694,221676,0.0167,4116,21,15000,0,64,1
tt1119646,What leads to the group's cautious exploration of the hotel?,The need to navigate their plan covertly.,"The group's cautious exploration of the hotel is likely due to the presence of a police officer, as indicated by the badge visible in the scene.",3694,221676,0.0167,4116,21,15000,0,64,1
tt1119646,What happens before the discovery of the tiger in the bathroom?,The group cautiously enters the disheveled room.,"A man is seen in a bathroom, looking at his reflection in the mirror, with a towel over his shoulder.",3694,221676,0.0167,4116,21,15000,0,64,1
tt1119646,What precedes the group's transportation of the sedated tiger?,Sedating the tiger with a steak.,"The group's transportation of the sedated tiger precedes a scene where a man is seen in a police car, indicating a possible law enforcement involvement or pursuit.",3694,221676,0.0167,4116,21,15000,0,64,1
tt1119646,What occurs just before the unexpected discovery of a child in a room?,The group cautiously opens a door.,"A man is seen talking on a phone in a room with a large mirror, and another person is standing in the background.",3694,221676,0.0167,4116,21,15000,0,64,1
tt1119646,What do we see happening before the group uses a luggage cart for transportation?,Preparing the sedated tiger for movement.,"A man is seen standing in a room with a large window, looking out at a cityscape.",3694,221676,0.0167,4116,21,15000,0,64,1
tt1219289,What is the primary setting of the story?,An office environment.,"The primary setting of the story is a city environment, as indicated by the scenes of a city street, a crowded restaurant, and a view of the city skyline.",4052,224812,0.018,4116,21,15000,0,64,1
tt1219289,How does the narrative begin?,With a confrontation between two men.,"The narrative begins with a dark, empty room, setting a mysterious and somber tone.",4052,224812,0.018,4116,21,15000,0,64,1
tt1219289,What escalates the tension in the story?,The arrival of a mysterious package.,"The tension escalates as the character is shown in a dark alleyway, suggesting a confrontation or a dangerous situation.",4052,224812,0.018,4116,21,15000,0,64,1
tt1219289,How does one character react to the contents of the package?,With urgency and shock.,"The character reacts with a smile, indicating a positive reaction.",4052,224812,0.018,4116,21,15000,0,64,1
tt1219289,What does the package contain?,Severed hands of bodyguards.,"The image you've provided appears to be a series of stills from a movie or television show, and it's not possible to determine what the package contains based on these images alone. The packages are shown in various contexts, such as being held by characters, placed on a table, or being part of a scene in a room. Without additional context or a clearer view of the contents, it's not possible to provide a specific answer. If you have more information or a specific image from the series, I might be able to help you further.",4052,224812,0.018,4116,21,15000,0,64,1
tt1219289,What emotions are predominant in the characters?,"Distress, urgency, and agitation.","The emotions that are predominant in the characters across these images include contemplation, concern, and determination. The expressions range from thoughtful and pensive to serious and focused, suggesting that the characters are engaged in complex and possibly stressful situations.",4052,224812,0.018,4116,21,15000,0,64,1
tt1219289,What themes are explored in the narrative?,"Tension, mystery, and urgency.","The narrative explores themes of ambition, power, and the consequences of one's actions. It delves into the world of high-stakes finance and the personal costs that come with success. The characters are portrayed as individuals who are driven by their careers and the pursuit of wealth, often at the expense of their personal lives and relationships. The film also touches on the moral dilemmas faced by those in positions of power and the impact of their decisions on others.",4052,224812,0.018,4116,21,15000,0,64,1
tt1219289,Describe the interaction between the characters in the office.,A heated confrontation.,"In the office setting, there is a scene where a character is seen sitting at a desk, looking at a computer screen, and another character is standing nearby, seemingly engaged in a conversation. The standing character appears to be gesturing with their hands, possibly explaining or discussing something. The office environment is busy, with other individuals in the background, suggesting a dynamic and active workplace. The characters' expressions and body language indicate a serious or focused interaction, possibly related to work or a business matter.",4052,224812,0.018,4116,21,15000,0,64,1
tt1219289,How does the office environment contribute to the story?,It sets a backdrop of tension and urgency.,"The office environment contributes to the story by providing a setting that is central to the character's professional life. It is a place where the character interacts with colleagues, makes important decisions, and is involved in high-stakes negotiations. The office is depicted as a space where deals are made and where the character's professional persona is maintained, even in moments of personal struggle. The office environment also serves as a backdrop for the character's personal life, as seen through glimpses of his home life and personal relationships.",4052,224812,0.018,4116,21,15000,0,64,1
tt1219289,Does the confrontation directly lead to the discovery of the missing pills?,No.,"No, the confrontation does not directly lead to the discovery of the missing pills.",4052,224812,0.018,4116,21,15000,0,64,1
tt1219289,Is the tension resolved with the arrival of the package?,No.,"No, the tension is not resolved with the arrival of the package.",4052,224812,0.018,4116,21,15000,0,64,1
tt1219289,Is the entire story confined to a single room?,No.,No.,4052,224812,0.018,4116,21,15000,0,64,1
tt1219289,Is the missing pills discovered before receiving the package?,Yes.,No.,4052,224812,0.018,4116,21,15000,0,64,1
tt1219289,Does the confrontation happen after the discovery of the severed hands?,No.,"Yes, the confrontation happens after the discovery of the severed hands.",4052,224812,0.018,4116,21,15000,0,64,1
tt1219289,Does the panic in the bathroom occur before the urgent package's arrival?,Yes.,"Yes, the panic in the bathroom occurs before the urgent package's arrival.",4052,224812,0.018,4116,21,15000,0,64,1
tt1219289,What takes place right before the confrontation with the hand gesture?,A moment of dispute or disagreement.,A tense moment in a dimly lit room.,4052,224812,0.018,4116,21,15000,0,64,1
tt1219289,What action precedes the arrival of the mysterious package?,A series of tense interactions and agitations.,"The action that precedes the arrival of the mysterious package is a person sitting at a desk with a laptop, looking at a piece of paper, and then standing up.",4052,224812,0.018,4116,21,15000,0,64,1
tt1219289,What settings frame the movie's key events?,"Campaign office, urban streets, cars, upscale restaurant.","The movie's key events unfold in a variety of settings, including a dimly lit room with boxes, a city street with a yellow taxi, a dimly lit room with a piano, a room with a computer screen displaying stock information, a restaurant with a person in a black jacket, a room with a person in a white shirt, a street scene with a person in a black jacket, a room with a person in a black jacket, a room with a person in a black jacket, a room with a person in a black jacket, a room with a person in a black jacket, a room with a person in a black jacket, a room with a person in a black jacket, a room with a person in a black jacket, a room with a person in a black jacket, a room with a person in a black jacket, a room with a person in a black jacket, a room with a person in a black jacket, a room with a person in a black jacket, a room with a person in a black jacket, a room with a person in a black jacket, a room with a person in a black jacket, a room with a person in a black jacket, a room with a person in a black jacket, a room with a person in a",5303,290864,0.0182,5488,28,15000,0,64,1
tt1219289,What shifts in visual tone are observed throughout the movie?,"From intense confrontations to calmer, reconciliatory scenes.",The visual tone of the movie shifts from dark and moody to brighter and more vibrant scenes.,5303,290864,0.0182,5488,28,15000,0,64,1
tt1219289,Does the upscale restaurant scene imply a public or private moment?,A private moment of reconciliation and intimacy.,The upscale restaurant scene implies a private moment.,5303,290864,0.0182,5488,28,15000,0,64,1
tt1219289,Does the discussion in the car prelude to confrontations in the campaign office?,No.,"The images provided seem to depict a sequence of scenes from a movie or television show, showing various characters in different settings. The images suggest a storyline that involves a campaign office, confrontations, and possibly a prelude to a significant event or climax. However, without additional context or the ability to analyze the images in detail, it's not possible to confirm the exact nature of the discussion in the car or its relation to the confrontations in the campaign office. The images show a mix of indoor and outdoor scenes, with characters in different emotional states, which could indicate a tense or dramatic narrative.",5303,290864,0.0182,5488,28,15000,0,64,1
